Customer ID,Customer Name
CUST0001,Amanda Pugh
CUST0002,Amanda Wilcox
CUST0003,Kimberly Valenzuela
CUST0004,Sonia Ballard
CUST0005,Erika Russell
CUST0006,William Sanchez
CUST0007,Virginia Sanchez
CUST0008,David Martin
CUST0009,Molly Riley
CUST0010,Alex Chaney
CUST0011,Anna Silva
CUST0012,Christopher Flores
CUST0013,Gina Harris
CUST0014,Roy Williams
CUST0015,Marc Schroeder
CUST0016,Jennifer Bennett
CUST0017,Tina Lee
CUST0018,Jessica Nash
CUST0019,Kevin Farley
CUST0020,Jerome Stewart
CUST0021,Bobby Butler
CUST0022,Michelle Bruce
CUST0023,Steven Gibbs
CUST0024,Melissa Mcfarland
CUST0025,Mary Gordon
CUST0026,Shawn Mcguire
CUST0027,Victoria Greene
CUST0028,Kimberly Gonzalez
CUST0029,Diana Owens
CUST0030,Jane Gonzalez MD
CUST0031,Jasmine Cooper
CUST0032,Carla Munoz
CUST0033,Isaac Bolton
CUST0034,Heather Mcdowell
CUST0035,Paul Harris
CUST0036,Dr. Tammy Hinton
CUST0037,Andrew Martinez
CUST0038,Christina Berg
CUST0039,Carmen Carter
CUST0040,Robert Wright
CUST0041,Michael Bates
CUST0042,Sarah Nixon
CUST0043,Clayton Ibarra
CUST0044,Shelby Brown
CUST0045,Jessica Day
CUST0046,William Morrow
CUST0047,Alice Diaz
CUST0048,Kenneth Stevens
CUST0049,Lisa Chen
CUST0050,John Vega
CUST0051,Robert Sherman
CUST0052,Michael Barrett
CUST0053,Shelly Carter
CUST0054,Cynthia Watkins
CUST0055,Kenneth Rogers
CUST0056,Chad Wilson
CUST0057,Scott Clark
CUST0058,Mackenzie Black
CUST0059,William Munoz
CUST0060,Natasha Hurst
CUST0061,Tamara Cruz
CUST0062,Denise Williamson
CUST0063,Michael Reed
CUST0064,Stefanie Wilson
CUST0065,Daniel Ramirez
CUST0066,Amanda Mckenzie
CUST0067,Sarah Johnson
CUST0068,Daniel Ramos
CUST0069,Maria Wright
CUST0070,Holly Trujillo MD
CUST0071,Michael Martinez
CUST0072,Austin Bird
CUST0073,Sheila Hogan
CUST0074,Barbara White
CUST0075,Kevin Davis
CUST0076,Jessica Ponce
CUST0077,Michelle Wilson
CUST0078,Kenneth Brown
CUST0079,Sherri Brown
CUST0080,Jessica Young
CUST0081,Xavier Landry
CUST0082,Leslie Hernandez
CUST0083,Jonathan Thompson
CUST0084,Ann Carroll
CUST0085,Scott Guzman
CUST0086,Shelly Smith
CUST0087,Kevin Williams
CUST0088,Brittney Collins
CUST0089,Steven Grant
CUST0090,Alexandra Gutierrez
CUST0091,Robert Faulkner
CUST0092,Crystal Burke
CUST0093,Travis Diaz
CUST0094,Kevin Dawson
CUST0095,Joseph Burton
CUST0096,Christina Greer
CUST0097,Kevin Barnett
CUST0098,Margaret Vasquez
CUST0099,Jasmine Stephens
CUST0100,Stacy Pacheco
CUST0101,Alicia Sanders
CUST0102,Rachel Henry
CUST0103,Lisa Gilbert
CUST0104,Lisa Perez
CUST0105,Craig Schmidt
CUST0106,Madison Mathews
CUST0107,Stephen Mitchell
CUST0108,Lauren Pace
CUST0109,Jill Schmidt
CUST0110,Robert Hammond
CUST0111,Mr. James Stephens
CUST0112,Colleen Mullins
CUST0113,Beth Jimenez
CUST0114,Andre Berry
CUST0115,William Diaz
CUST0116,Charles Scott
CUST0117,Colleen Prince
CUST0118,Robert Holland DDS
CUST0119,Jennifer Mahoney
CUST0120,Amber Vasquez
CUST0121,Paul Skinner
CUST0122,Kelsey White
CUST0123,Michelle Smith
CUST0124,Keith Roman
CUST0125,Thomas Dunlap
CUST0126,Wesley Little
CUST0127,Louis Garner
CUST0128,Angel Morris
CUST0129,Elizabeth Carney
CUST0130,Cheryl Wong
CUST0131,Haley Day
CUST0132,Melissa Walton
CUST0133,Brandon Holloway
CUST0134,Michael Arnold
CUST0135,Patricia Cordova
CUST0136,Barbara Pierce
CUST0137,James Raymond
CUST0138,Ann Walsh
CUST0139,Tami Melendez
CUST0140,Gina Mcclure
CUST0141,Russell Garner
CUST0142,Michael Gaines
CUST0143,Elizabeth Hawkins
CUST0144,Michael Evans
CUST0145,Robin Walker
CUST0146,Monique Chandler
CUST0147,Michael Johnson
CUST0148,Tommy Scott
CUST0149,Felicia Henry
CUST0150,Dana Green
CUST0151,Annette Nolan
CUST0152,James Perez
CUST0153,Karen Clarke
CUST0154,Daniel Rodriguez
CUST0155,Eric Tate
CUST0156,Kendra Moore
CUST0157,Travis Williams
CUST0158,Steven Montgomery
CUST0159,Mark Parker
CUST0160,Jeanette Nelson
CUST0161,Christopher Stewart
CUST0162,Brandy Mullins
CUST0163,William Sutton
CUST0164,Michael Marsh
CUST0165,Wendy Wade
CUST0166,Luis Jacobs
CUST0167,Teresa Jones
CUST0168,Natasha Braun
CUST0169,Brandy Boyd
CUST0170,Anna Keller
CUST0171,Kaitlin Lamb
CUST0172,Rebecca Edwards
CUST0173,Marie Mccall
CUST0174,Anna Grimes
CUST0175,Joseph Flowers
CUST0176,Richard Lynn
CUST0177,Jesus Smith
CUST0178,Tamara Carlson
CUST0179,Steven James
CUST0180,Craig Baker
CUST0181,Mark Bridges
CUST0182,Richard Simmons
CUST0183,Kathleen Herrera
CUST0184,Chelsea Escobar
CUST0185,Lori Morales
CUST0186,Stephen Melendez
CUST0187,Erika Sanford
CUST0188,Melissa Davis
CUST0189,Roy Mclean
CUST0190,Brandon Wilkinson
CUST0191,Julie Rodriguez
CUST0192,Dr. Alison Byrd
CUST0193,Rebecca Buck
CUST0194,Robert Ortiz
CUST0195,Dr. Martin Harris DDS
CUST0196,Jennifer Tran
CUST0197,Kristi Mcintosh
CUST0198,Natasha Rogers
CUST0199,Jocelyn Hunter
CUST0200,Casey Small
CUST0201,Amy Johns
CUST0202,Austin Thomas
CUST0203,Mrs. Alicia Cox
CUST0204,Heather Thornton
CUST0205,Shane Romero
CUST0206,Matthew Davidson
CUST0207,John Fox
CUST0208,Amy Munoz
CUST0209,Daniel Jackson
CUST0210,Michaela Bell
CUST0211,Jonathan Ramirez
CUST0212,John Bennett
CUST0213,Sharon Yates
CUST0214,Kurt Hall
CUST0215,Jared Thompson
CUST0216,Mary Parsons
CUST0217,Austin Pennington
CUST0218,Colin Smith Jr.
CUST0219,Stephanie Dickerson
CUST0220,Lisa Morgan
CUST0221,Michael Myers
CUST0222,Thomas Owen
CUST0223,Susan White
CUST0224,Haley Norman
CUST0225,Jerry Skinner
CUST0226,Brian Ryan
CUST0227,Erin Estes
CUST0228,Roger Mcbride
CUST0229,Steven Stewart
CUST0230,Bryce Grimes
CUST0231,Nicholas Sloan
CUST0232,Dr. Michael West
CUST0233,Michael Torres
CUST0234,Christopher Edwards
CUST0235,Laura Lawson
CUST0236,Jacob Carter
CUST0237,Andrea Smith
CUST0238,John Phillips DDS
CUST0239,Robert Davis
CUST0240,Jeffrey Gallegos
CUST0241,Clifford Hicks
CUST0242,Alexis Smith
CUST0243,Monique Stone
CUST0244,Brian Collins
CUST0245,Valerie Clayton
CUST0246,Martha Miller
CUST0247,Michael Ray
CUST0248,Kevin Donaldson
CUST0249,Mark Medina
CUST0250,Elizabeth Stevens
CUST0251,Mario Barnett
CUST0252,Joanna Walker
CUST0253,Jason Rowe
CUST0254,Maria Gonzalez
CUST0255,Charles Long
CUST0256,Becky Davis
CUST0257,Harold Bell
CUST0258,Kyle Morales
CUST0259,Philip Lyons
CUST0260,James Morris
CUST0261,Dave Romero
CUST0262,Thomas Riddle
CUST0263,Adam Brooks
CUST0264,Emily Miles
CUST0265,Alicia Wagner
CUST0266,Amanda Brooks
CUST0267,Douglas Mayo
CUST0268,Stephen Stewart
CUST0269,Ashley Day
CUST0270,Joseph Garrett
CUST0271,Catherine Jordan
CUST0272,Rebecca Grant
CUST0273,Christopher Lee
CUST0274,George Parker
CUST0275,Jennifer Simmons
CUST0276,Jeffery Hernandez
CUST0277,Susan Spencer
CUST0278,Brian Pennington
CUST0279,Michelle Higgins
CUST0280,Lindsey Santos
CUST0281,Glenda Gross
CUST0282,Brandon Hart
CUST0283,Joshua Cochran
CUST0284,William Chase
CUST0285,Alyssa Ritter
CUST0286,Robin Parker
CUST0287,Kimberly Martinez
CUST0288,Gail Simmons
CUST0289,Jessica Garcia
CUST0290,Jose Ruiz
CUST0291,Audrey Mccarthy
CUST0292,Steven Dorsey
CUST0293,James Jordan
CUST0294,Jennifer Gray
CUST0295,Gary Bruce
CUST0296,Michael Walton
CUST0297,Matthew Pearson
CUST0298,Adam Watson
CUST0299,Lisa Hubbard
CUST0300,Raymond Rojas
CUST0301,Karla Roberts
CUST0302,Katelyn Garrett
CUST0303,Ryan Morrow
CUST0304,Ronald Lopez
CUST0305,John Wells
CUST0306,Ann Gonzalez
CUST0307,Johnny Smith
CUST0308,Melissa Chase
CUST0309,Sheila Adams
CUST0310,Jodi Hurley
CUST0311,Wendy Graham
CUST0312,Michelle Shaw
CUST0313,Elizabeth Williams
CUST0314,Maria Peterson
CUST0315,Katelyn Miller
CUST0316,Amy Gilbert
CUST0317,Amy Lawrence
CUST0318,Rachel Perez
CUST0319,Mark Harris
CUST0320,Scott Harris
CUST0321,Patricia Henderson
CUST0322,Erin Wilson
CUST0323,Lee Guzman
CUST0324,Jeremy Wells
CUST0325,Jerry Schroeder DDS
CUST0326,Connie Miller
CUST0327,Mr. Jesse Ali PhD
CUST0328,Christopher Ellis
CUST0329,Robert Harper
CUST0330,Cynthia Reynolds
CUST0331,Donald Hess DDS
CUST0332,Richard Robinson
CUST0333,Jessica Miller
CUST0334,Megan Nelson
CUST0335,William Young
CUST0336,Amy Bowman
CUST0337,Abigail Mccullough
CUST0338,Shawn Wright
CUST0339,Makayla Williams
CUST0340,Nicholas Martinez
CUST0341,Kevin Anderson
CUST0342,Felicia Ray
CUST0343,Eric Boone
CUST0344,Jerry Richardson
CUST0345,John Brown
CUST0346,Grace Bautista
CUST0347,Rebecca Santana
CUST0348,Olivia Carpenter
CUST0349,Christopher Williams
CUST0350,Jessica Gaines
CUST0351,Frederick Reed
CUST0352,Jeremiah Martin
CUST0353,Gerald Cooke
CUST0354,Sara Mcmillan
CUST0355,Elizabeth Wong
CUST0356,Shawn Moon
CUST0357,Antonio Bass
CUST0358,Jeffrey Booth
CUST0359,Kenneth Vazquez
CUST0360,Brenda Schmidt
CUST0361,Michael Waters
CUST0362,Dr. Willie Joyce
CUST0363,Steven Jones
CUST0364,Benjamin Fuller
CUST0365,Rodney Lawrence
CUST0366,Austin Jones
CUST0367,Shawna Sparks
CUST0368,Patrick Castro
CUST0369,Tonya Ford
CUST0370,Nicole Bennett
CUST0371,Steven Hall
CUST0372,Christy Stephenson
CUST0373,Danielle Warner
CUST0374,Colton Vazquez
CUST0375,William Cohen
CUST0376,Kelsey Wolfe
CUST0377,Linda Gutierrez
CUST0378,Stephen Burnett
CUST0379,Katherine Flores
CUST0380,Barbara Clayton
CUST0381,Tabitha Miles
CUST0382,James Williams
CUST0383,Melissa Cruz
CUST0384,Valerie Osborne
CUST0385,Laura Foley
CUST0386,Brittany Curry
CUST0387,Michael Leonard
CUST0388,Emily Santos
CUST0389,Connor Burke
CUST0390,Jeffery Green
CUST0391,Rebecca Mayer
CUST0392,Katherine Mclean
CUST0393,Angela Powell
CUST0394,David Martinez
CUST0395,Richard Bryant
CUST0396,Louis Chaney
CUST0397,Thomas Hall
CUST0398,Beth Parker
CUST0399,Anita Lopez
CUST0400,Leslie Young
CUST0401,Maureen Burke
CUST0402,Dylan Ortiz
CUST0403,Alice Dunlap
CUST0404,Tiffany Garcia
CUST0405,Erica Fernandez
CUST0406,Christopher Gibson
CUST0407,Jesus Moon
CUST0408,Erika Ramirez
CUST0409,Glenn Morrow DDS
CUST0410,Amanda Smith
CUST0411,Rebecca Wade
CUST0412,Karen Bowers
CUST0413,Christopher Roth
CUST0414,Ivan Sanders
CUST0415,Michelle Campbell
CUST0416,Larry Owens
CUST0417,Tanya Ramirez
CUST0418,Tammie Mclaughlin
CUST0419,Hailey Kaufman
CUST0420,Jeff Simpson
CUST0421,Thomas Porter
CUST0422,James Morton
CUST0423,Nathan Snow
CUST0424,Brett Martinez
CUST0425,Cody Nolan
CUST0426,Daniel Hayes
CUST0427,George Edwards
CUST0428,Yvonne Robinson
CUST0429,Shannon Hull
CUST0430,Tracy Johnson
CUST0431,Melissa Walsh
CUST0432,David James
CUST0433,Stephen Swanson
CUST0434,Anna Saunders
CUST0435,Eddie Mitchell
CUST0436,Crystal Dudley
CUST0437,Dr. Gerald Mueller
CUST0438,Brianna Williams
CUST0439,Michael Peterson
CUST0440,Taylor Williams
CUST0441,David Trujillo
CUST0442,Betty Buchanan
CUST0443,Christopher Ferrell
CUST0444,Janice Wolfe
CUST0445,Stanley Walker
CUST0446,Brian Allen
CUST0447,Morgan Kelly
CUST0448,Kathryn Morris
CUST0449,Diane Obrien
CUST0450,Steven Macdonald
CUST0451,Samantha Miller
CUST0452,Ernest Anderson
CUST0453,Gregory Nelson
CUST0454,Lance Miller
CUST0455,William Moore
CUST0456,John Hernandez
CUST0457,Brent Higgins
CUST0458,Edward Flynn
CUST0459,Edward Booth
CUST0460,Teresa Chapman
CUST0461,Tammy Cross
CUST0462,Christopher Moore
CUST0463,Christopher Clark
CUST0464,Amanda Johnson
CUST0465,Colin Bradley
CUST0466,Julie Ray MD
CUST0467,Brandi Austin
CUST0468,Anthony Thomas
CUST0469,Brandon Morse
CUST0470,Robert Bryant
CUST0471,Eric Curry
CUST0472,James Wells
CUST0473,Sarah Stewart
CUST0474,Kenneth Frazier
CUST0475,Cheryl Forbes
CUST0476,Sean Weber
CUST0477,Dean Murphy
CUST0478,Katherine Harvey
CUST0479,Nathan Herrera
CUST0480,Ricky Stewart
CUST0481,Nicole Lewis MD
CUST0482,Allen Rogers
CUST0483,Angela Cantu MD
CUST0484,Lisa Bennett
CUST0485,Samuel Russell
CUST0486,Rebecca Horton
CUST0487,Hannah Rhodes
CUST0488,Jessica Green
CUST0489,Jonathan Murphy
CUST0490,Jennifer Bruce
CUST0491,Xavier Garcia
CUST0492,James Flores
CUST0493,Eric Thompson
CUST0494,Brandy Solis
CUST0495,Dakota Hale
CUST0496,David Morris
CUST0497,Shelby Smith
CUST0498,Leonard Nguyen
CUST0499,Meagan Monroe
CUST0500,Hannah Lucero
CUST0501,Cassie Moore
CUST0502,Jeanette Miller
CUST0503,Jacob Velazquez
CUST0504,Wanda Knight
CUST0505,Thomas Boyd
CUST0506,Howard Rivera
CUST0507,Julie Forbes
CUST0508,Brian Scott
CUST0509,Kimberly Jones
CUST0510,Ethan Roy
CUST0511,Lindsey Martinez
CUST0512,Kimberly Barton
CUST0513,Rachel Wong
CUST0514,Michael Hancock
CUST0515,Larry Blair
CUST0516,Robert Moore
CUST0517,Valerie Craig
CUST0518,Rhonda Smith
CUST0519,Alyssa Woods
CUST0520,Rebecca Ortiz
CUST0521,Jasmine Johnson
CUST0522,Michael Gray
CUST0523,Julie Martin
CUST0524,Heather Long
CUST0525,Elizabeth Carroll
CUST0526,Daniel Perez
CUST0527,Tracy Graham
CUST0528,Matthew Roberson
CUST0529,Charles Kennedy
CUST0530,Nicole Barber
CUST0531,Christopher Hurst
CUST0532,Elizabeth Rios
CUST0533,Michelle Lowery
CUST0534,Michael Walker
CUST0535,Jeffrey Cook
CUST0536,Tracy Aguilar
CUST0537,Angela Mason
CUST0538,Danny Smith
CUST0539,Steven Mejia
CUST0540,Sharon Griffin
CUST0541,Chloe Arias
CUST0542,Steven Vasquez
CUST0543,Debbie Young
CUST0544,Natalie Fields
CUST0545,Melinda Butler
CUST0546,Anne Simmons
CUST0547,Daisy Richards
CUST0548,Charles Spencer
CUST0549,Rachel Smith
CUST0550,Jamie Johnston
CUST0551,Allen Weiss
CUST0552,James Evans
CUST0553,Timothy Spencer
CUST0554,Nicole Brown
CUST0555,Tonya Rios
CUST0556,Jennifer Davis
CUST0557,Thomas Banks
CUST0558,Amy Hayes
CUST0559,Brian Mcmillan
CUST0560,Angel Jenkins
CUST0561,Andre Briggs
CUST0562,Amanda Wolf
CUST0563,James Marsh
CUST0564,Corey Cohen
CUST0565,Michelle Fitzgerald
CUST0566,Daniel Wells
CUST0567,Melissa Snyder
CUST0568,Samuel Martinez
CUST0569,Jeffrey Rogers
CUST0570,Stephanie Beasley
CUST0571,Christopher Smith
CUST0572,Trevor Martinez
CUST0573,Thomas Little
CUST0574,Sheila Chavez
CUST0575,Nicholas Jacobs
CUST0576,Eric Phillips
CUST0577,Tracy Lopez
CUST0578,Richard Christensen
CUST0579,Joel White
CUST0580,Samuel Miller
CUST0581,Jennifer Anderson
CUST0582,Jessica Mendez
CUST0583,Tiffany Flowers
CUST0584,Summer Brown
CUST0585,Catherine Grimes
CUST0586,Robert Moss
CUST0587,James Sanchez
CUST0588,James Hernandez
CUST0589,Timothy Smith
CUST0590,Erika Warren
CUST0591,Vincent Matthews
CUST0592,Shawn Nixon
CUST0593,Melissa Padilla
CUST0594,William Flores
CUST0595,Robert Hamilton
CUST0596,Jesse Ortega
CUST0597,Colin Trujillo
CUST0598,Jane Perkins
CUST0599,Lori Gonzalez
CUST0600,Terri Bradley
CUST0601,Adam Ward
CUST0602,John Kennedy
CUST0603,Kristi Rice
CUST0604,Robin Gray
CUST0605,Kayla Smith
CUST0606,Marcus Fox
CUST0607,Gina Navarro
CUST0608,Andrew Barker
CUST0609,Keith King
CUST0610,Laurie Bridges
CUST0611,Catherine Sanders
CUST0612,Robert Martin
CUST0613,Bridget Barrett
CUST0614,David Monroe
CUST0615,Matthew Chase
CUST0616,Willie Downs
CUST0617,Joe Espinoza
CUST0618,Joseph Conrad
CUST0619,Francisco Lee
CUST0620,Kimberly Sullivan
CUST0621,Andrew Hill
CUST0622,Jacob Smith
CUST0623,Helen Serrano DDS
CUST0624,Jocelyn Rios
CUST0625,Steven Coleman
CUST0626,David Williams
CUST0627,Nicholas York
CUST0628,Angela Chapman
CUST0629,Ellen Davis
CUST0630,Ashley Martinez
CUST0631,Caroline Henderson
CUST0632,Denise Sanders
CUST0633,Kevin Mclaughlin
CUST0634,Brandon Brown
CUST0635,Cody Love
CUST0636,Jose Ford
CUST0637,Lisa Carter
CUST0638,Thomas Parks
CUST0639,Danny Larson
CUST0640,Thomas Ramos
CUST0641,Roberta Williams
CUST0642,John Cisneros
CUST0643,John Hudson
CUST0644,Susan Brown
CUST0645,Shannon Dickerson
CUST0646,Sean Long
CUST0647,Monica Nelson
CUST0648,Nathan Holt
CUST0649,Victoria Molina
CUST0650,Nicholas Collins
CUST0651,Megan Evans
CUST0652,Shannon Wilson
CUST0653,Donald Wilson
CUST0654,Derrick Boyer
CUST0655,Edward Bishop
CUST0656,Terri Robertson
CUST0657,Elizabeth Morgan
CUST0658,Tyler Wade
CUST0659,John Benson
CUST0660,Kathryn Lyons
CUST0661,Donald Medina
CUST0662,Holly Martinez DDS
CUST0663,Mr. Nathan Snyder
CUST0664,Jennifer Peterson
CUST0665,Jonathan Jackson
CUST0666,Jordan Hardy
CUST0667,Sara Lewis
CUST0668,Michael Roberts
CUST0669,Daniel Roberts
CUST0670,Alex Williams
CUST0671,Cheryl Warren
CUST0672,Philip Harper
CUST0673,Daniel Rhodes
CUST0674,Patrick Thomas
CUST0675,Juan Massey
CUST0676,Angela Hurley
CUST0677,Jonathan Kirk
CUST0678,Anthony Baker
CUST0679,Karen Clark
CUST0680,Scott Chavez
CUST0681,Mrs. Katie Bean MD
CUST0682,Connie Prince
CUST0683,Kendra Gonzales
CUST0684,Yolanda Baker
CUST0685,Nicole Ross
CUST0686,Katrina Daniels
CUST0687,Miss Amanda Howell
CUST0688,Ashley Gonzalez
CUST0689,Michael Merritt
CUST0690,Kristen Johnson
CUST0691,Erin Williams
CUST0692,Benjamin Lee
CUST0693,Shelia Smith
CUST0694,Jason Perkins
CUST0695,Kurt Taylor
CUST0696,Bobby Jackson
CUST0697,Richard Craig
CUST0698,Julie Francis
CUST0699,Brian Cruz
CUST0700,Brett Stone
CUST0701,Eric Harrell
CUST0702,Mark Herrera
CUST0703,Kevin Orozco
CUST0704,Zachary Butler
CUST0705,Mason Nelson
CUST0706,Isabel Baker
CUST0707,Jordan Galloway
CUST0708,Samuel Fernandez
CUST0709,Alyssa Glenn
CUST0710,Larry Powell
CUST0711,Kirk Neal
CUST0712,Sara Kelley
CUST0713,Daniel Campbell
CUST0714,Anthony Coleman
CUST0715,Gina Cruz
CUST0716,Kimberly Carlson
CUST0717,Ashley Hendrix
CUST0718,Amy Phillips
CUST0719,Savannah Carpenter
CUST0720,James Miller
CUST0721,Carl Torres
CUST0722,Aaron Manning
CUST0723,Joan Chaney
CUST0724,David Walters
CUST0725,Edward Gonzalez
CUST0726,James Morales
CUST0727,Victor Ross
CUST0728,Melissa Johnson
CUST0729,Thomas Morris
CUST0730,Kirsten Robinson
CUST0731,Robert Peterson
CUST0732,Alexis Robertson
CUST0733,Thomas Mills
CUST0734,Natalie Hart
CUST0735,Colin Bell
CUST0736,Carla Walters
CUST0737,Patrick Turner
CUST0738,Shawn Cruz
CUST0739,Ian Salazar
CUST0740,Scott Flores
CUST0741,Christine Mathews
CUST0742,Cody Anthony
CUST0743,Misty Hernandez
CUST0744,Christopher Carter
CUST0745,Elaine Evans
CUST0746,Stephen Green
CUST0747,Matthew Bartlett
CUST0748,Melinda Murray
CUST0749,Lisa Jordan
CUST0750,Tiffany Rich
CUST0751,Steven Armstrong
CUST0752,Michael Gonzales
CUST0753,Michael Martin
CUST0754,Lauren Anderson
CUST0755,David Ward
CUST0756,Maria Smith
CUST0757,Kristina Rivera
CUST0758,Dale Cole
CUST0759,Michelle Chandler
CUST0760,Robert Velez
CUST0761,Sara Wood
CUST0762,Victor Osborne
CUST0763,Bryan Williamson
CUST0764,Lisa Peterson
CUST0765,Ms. Hailey Hudson
CUST0766,Corey Morgan
CUST0767,Emily Bernard
CUST0768,James Welch
CUST0769,Erika Irwin
CUST0770,Daniel Hamilton
CUST0771,Kelly Gray
CUST0772,Martin Garza
CUST0773,Beth Price
CUST0774,Alison Cannon
CUST0775,Paul Hardy
CUST0776,Kelly Sosa
CUST0777,Ricky Warren
CUST0778,Amy White
CUST0779,Paige James
CUST0780,James Leonard
CUST0781,Douglas Taylor
CUST0782,Kelly Rogers
CUST0783,Dana Padilla
CUST0784,Kathy Dawson
CUST0785,Sarah Peterson
CUST0786,Whitney Robinson
CUST0787,Jason Green
CUST0788,Kimberly Brown
CUST0789,Ryan Weaver
CUST0790,Pamela Bailey
CUST0791,Ryan Crawford
CUST0792,Tammy Wolf DVM
CUST0793,Sierra Mcgrath
CUST0794,Lisa James
CUST0795,Patricia Zuniga
CUST0796,Lisa Thompson
CUST0797,Andrew Schaefer
CUST0798,Janice Harvey
CUST0799,Charles Peterson
CUST0800,Arthur Woods
CUST0801,David White
CUST0802,Kelly Perez
CUST0803,Christopher Hubbard
CUST0804,Tammy Stanley
CUST0805,Miss Kelly Garcia
CUST0806,Latoya Griffin
CUST0807,Erin Jacobs
CUST0808,Samantha Tanner
CUST0809,John Carr
CUST0810,David Morales
CUST0811,James Edwards
CUST0812,Marie Ortiz
CUST0813,William James
CUST0814,Sonya Hughes
CUST0815,Nicholas Golden
CUST0816,John Clark
CUST0817,Sarah Mcconnell
CUST0818,Amy Lewis
CUST0819,Joe Johnson
CUST0820,Colleen West
CUST0821,Cynthia Williamson
CUST0822,Scott Riggs
CUST0823,Sharon Brown
CUST0824,Jorge Oneal
CUST0825,Emma Patterson
CUST0826,Larry Cox
CUST0827,Kevin Park
CUST0828,Juan Allen
CUST0829,Paul Moran
CUST0830,Joshua Rios
CUST0831,Brenda Campbell
CUST0832,Courtney Booker
CUST0833,Annette Oconnor
CUST0834,Matthew Torres
CUST0835,Jim Gonzalez
CUST0836,Deborah Nelson
CUST0837,Jennifer Mejia
CUST0838,Johnathan Higgins
CUST0839,Shane Hernandez
CUST0840,Calvin Cline
CUST0841,Tanya Kennedy
CUST0842,Kyle Williams
CUST0843,Ernest Baker
CUST0844,Amy Ellison
CUST0845,Jennifer Mckee
CUST0846,Alicia Aguilar
CUST0847,Kevin Young
CUST0848,Cynthia Walker
CUST0849,Steven Patton
CUST0850,Scott Smith
CUST0851,Nancy Key
CUST0852,Martha Brown
CUST0853,Catherine Scott
CUST0854,Teresa Hurst
CUST0855,Thomas Fields
CUST0856,James Parker
CUST0857,Molly Conley
CUST0858,Linda Rhodes
CUST0859,Melanie Williamson
CUST0860,Jesus White
CUST0861,Lance Lewis
CUST0862,Robert Andrews
CUST0863,Destiny Guzman
CUST0864,Kathryn Dorsey
CUST0865,Jason Hodge
CUST0866,Craig Wong
CUST0867,Katie Brown
CUST0868,Megan Giles
CUST0869,Robert Mejia
CUST0870,James Farmer
CUST0871,Brenda Rodriguez
CUST0872,Julie Vaughn
CUST0873,Arthur Pearson
CUST0874,Jake Miller
CUST0875,Kelsey Soto
CUST0876,Todd King
CUST0877,Paul Kramer
CUST0878,Adam Kim
CUST0879,Alexandra Patel
CUST0880,Felicia Brennan
CUST0881,Gregory Schneider
CUST0882,Michael Cross
CUST0883,Kimberly Coleman
CUST0884,Christopher Larson
CUST0885,Regina Peterson
CUST0886,Cassandra Miller
CUST0887,Joshua Manning
CUST0888,Cynthia Wallace
CUST0889,Carol Gordon
CUST0890,Teresa Harris
CUST0891,Aaron Maxwell
CUST0892,Kyle Bennett
CUST0893,Thomas Anderson
CUST0894,Rose Shaw
CUST0895,John Davis
CUST0896,Jamie Williams
CUST0897,Paula Martin
CUST0898,Annette Serrano
CUST0899,Mary Washington
CUST0900,Mark Webb
CUST0901,Dr. Alicia Massey DDS
CUST0902,Melanie Deleon
CUST0903,Kevin Suarez
CUST0904,Shannon Love
CUST0905,Brian Pena
CUST0906,Lauren Skinner
CUST0907,Raymond Pena
CUST0908,Robin Floyd
CUST0909,Tracey Ramirez
CUST0910,Maria Pruitt
CUST0911,Janet Savage
CUST0912,Sheila Riggs
CUST0913,Jessica Cochran
CUST0914,Steven Avila
CUST0915,Natalie Oliver
CUST0916,Stephen Kelley
CUST0917,Daniel Hess
CUST0918,Natalie Gilbert
CUST0919,Bryan Hoffman
CUST0920,Laura Harris
CUST0921,Victoria Alexander
CUST0922,Crystal Williamson
CUST0923,Jason Miller
CUST0924,Eric Jones
CUST0925,David Walker
CUST0926,Mike Martinez
CUST0927,Kyle Craig
CUST0928,Brooke Johns
CUST0929,Jeremy Douglas
CUST0930,Patrick Valencia
CUST0931,Katherine Miller
CUST0932,Tara Nelson
CUST0933,Billy Howell
CUST0934,Danielle Mason
CUST0935,Amy Morgan
CUST0936,Richard Cruz
CUST0937,Hailey Reynolds
CUST0938,John Gilmore
CUST0939,Jeffrey Martinez
CUST0940,Joe Jones
CUST0941,Teresa Taylor
CUST0942,Janice Downs
CUST0943,Jose Kirk
CUST0944,Adam Morgan
CUST0945,Joshua Watson
CUST0946,Dylan Mora
CUST0947,Kathleen Hunt
CUST0948,Mariah Stanton
CUST0949,Jenna Stewart
CUST0950,Aaron Wilson
CUST0951,Christopher Diaz
CUST0952,Jacqueline Klein
CUST0953,Heather White DDS
CUST0954,Michelle Hernandez
CUST0955,Michele Ortiz
CUST0956,John Long
CUST0957,Tina Mejia
CUST0958,Erica Silva
CUST0959,Mr. Steven Davila
CUST0960,Robert Bailey
CUST0961,Deanna Baker
CUST0962,Duane Reese
CUST0963,Bryan Gordon
CUST0964,Chloe Jordan
CUST0965,Amanda Cox
CUST0966,Sarah Kirby
CUST0967,Jeffrey Collier
CUST0968,Mariah Lloyd
CUST0969,Julie Long DDS
CUST0970,Michelle Bell
CUST0971,Kenneth Perez
CUST0972,Dana Davis
CUST0973,James White
CUST0974,Claudia Morrison
CUST0975,Derrick Smith
CUST0976,Sara Wilson
CUST0977,Guy Quinn
CUST0978,David Mason
CUST0979,Joshua Stewart
CUST0980,Kimberly Gould
CUST0981,Robert Graham
CUST0982,Penny Hudson
CUST0983,Howard Pacheco
CUST0984,Dale Sanchez
CUST0985,Linda Hall
CUST0986,Jody Peterson
CUST0987,Dr. Stacy Roman
CUST0988,David Bradford
CUST0989,Morgan Martin
CUST0990,Henry Thompson
CUST0991,Jenna Rivera
CUST0992,Carla Brown
CUST0993,Brenda Roberson
CUST0994,Nichole Cooke
CUST0995,Javier Morris
CUST0996,Kristen Alvarez
CUST0997,Katie Taylor
CUST0998,Amy Edwards
CUST0999,Katherine Lee
CUST1000,Daniel Harrington
CUST1001,Lisa Steele
CUST1002,Natalie Scott
CUST1003,Dylan Baker
CUST1004,Amy Powell
CUST1005,Paul White
CUST1006,Melanie Castro
CUST1007,Leslie Ferguson
CUST1008,Angela Smith
CUST1009,Adam Howard
CUST1010,Joseph Lam
CUST1011,Tracey Jones
CUST1012,James Barker
CUST1013,Thomas Hale
CUST1014,Heather Braun
CUST1015,Molly Sanders
CUST1016,Tiffany Sampson
CUST1017,Alyssa Johnson
CUST1018,Ashley Hartman
CUST1019,Brandon Wyatt
CUST1020,Albert Ruiz
CUST1021,Tracy Conner
CUST1022,Teresa Lin
CUST1023,Eric Robinson
CUST1024,Derrick Hernandez
CUST1025,Samantha Anderson
CUST1026,Eric Rivera
CUST1027,Susan Watts
CUST1028,Bruce Taylor
CUST1029,Michael Garcia
CUST1030,Dawn Alvarado
CUST1031,Monica Hart
CUST1032,Alan Coleman
CUST1033,Kelly Chan
CUST1034,Erica Ponce
CUST1035,Charles Green
CUST1036,Meagan Aguilar
CUST1037,Edward Jones
CUST1038,Christine Tran
CUST1039,Jacob Adams
CUST1040,Lisa Schmidt
CUST1041,Samuel Cline
CUST1042,Cindy Crawford
CUST1043,Meghan Miles
CUST1044,Debra Mercado
CUST1045,Donna Powell
CUST1046,Julie Riley
CUST1047,Cynthia Proctor
CUST1048,Catherine Strickland
CUST1049,Anthony Cook
CUST1050,Jill Thomas
CUST1051,Monica Garza
CUST1052,Heather Horton
CUST1053,Sarah Nielsen
CUST1054,Gregory Montgomery
CUST1055,James Ellis
CUST1056,Jeffrey Cowan
CUST1057,Mitchell Love
CUST1058,Benjamin Wilkins
CUST1059,Natasha Cummings
CUST1060,Erin Harper
CUST1061,Mr. Sean Hoffman PhD
CUST1062,Paul Wheeler
CUST1063,Evelyn Shepherd
CUST1064,Lori Smith
CUST1065,Travis Gordon
CUST1066,Joseph Little
CUST1067,John Jackson
CUST1068,Amber Richard
CUST1069,Kara Lyons
CUST1070,Emily Lopez
CUST1071,William Thornton
CUST1072,Zachary Cline
CUST1073,Brian Smith
CUST1074,Carlos Cortez
CUST1075,Mark Duran
CUST1076,Lisa Huang
CUST1077,Marcus Eaton
CUST1078,Mary Peterson
CUST1079,Eric Singleton
CUST1080,Alexis Martinez
CUST1081,Robert Grant
CUST1082,Cameron Zimmerman
CUST1083,Tracey Hahn
CUST1084,Heather Miller
CUST1085,Michael Delgado
CUST1086,Sarah Anderson
CUST1087,Kevin Hughes
CUST1088,Mrs. Jessica Yu
CUST1089,Jamie Armstrong
CUST1090,Emily Johnson
CUST1091,Christopher Day
CUST1092,Cindy Obrien
CUST1093,Michael Orozco
CUST1094,Walter Hill
CUST1095,Sergio Randolph
CUST1096,Jeremy Bell
CUST1097,Thomas Church
CUST1098,Dustin Dunn
CUST1099,Michael Mccarthy
CUST1100,Brittany Morales
CUST1101,Frank Anderson
CUST1102,Jeremy Gilmore MD
CUST1103,Daisy Gonzalez
CUST1104,Adam Perez
CUST1105,Hailey Hunter
CUST1106,Brad Myers
CUST1107,Jacqueline James
CUST1108,Anna Hicks
CUST1109,Alison Williams
CUST1110,Rachel Johnson
CUST1111,Jason Owens
CUST1112,Paul Campbell
CUST1113,Travis Franklin
CUST1114,Latoya Thompson
CUST1115,Makayla Adams
CUST1116,Donald Avila
CUST1117,Keith Kim
CUST1118,Rebecca Cardenas
CUST1119,Mrs. Ashley Myers
CUST1120,Terry Price
CUST1121,Ross Smith
CUST1122,Nicholas Lawrence
CUST1123,Corey Watson
CUST1124,Susan Robinson
CUST1125,Jacqueline Townsend
CUST1126,Samantha Byrd
CUST1127,Jessica Bradley
CUST1128,Julie Griffin
CUST1129,Laura Byrd
CUST1130,Alexis Velazquez
CUST1131,Mark Ellis
CUST1132,Amber Love
CUST1133,Joshua Hall
CUST1134,Michelle Hughes
CUST1135,Terry Short
CUST1136,Javier Williams
CUST1137,Nathan Martin
CUST1138,Heidi Hernandez
CUST1139,Amy Rivera
CUST1140,Nicole Schneider
CUST1141,Ryan Palmer
CUST1142,Valerie Fisher
CUST1143,Molly Lopez
CUST1144,David Mendez
CUST1145,Mckenzie Harris
CUST1146,Courtney Powell
CUST1147,Nathaniel Lambert
CUST1148,Pamela Flowers
CUST1149,Karen Pratt
CUST1150,Carly Lee
CUST1151,Terry Mayer
CUST1152,Ashley Levine
CUST1153,Michael Conner
CUST1154,Justin Davis
CUST1155,Corey Massey
CUST1156,Jennifer Johns MD
CUST1157,Terry Robertson
CUST1158,Eric White
CUST1159,Jessica Smith
CUST1160,Sharon Madden
CUST1161,Valerie Martinez
CUST1162,Joseph Young
CUST1163,Sarah Smith
CUST1164,Patricia Fisher
CUST1165,Dylan Jones
CUST1166,Karen Ramos
CUST1167,John Moreno
CUST1168,Vickie Marquez
CUST1169,Toni Scott
CUST1170,Timothy Gonzalez
CUST1171,Daniel Lambert
CUST1172,Amy Williams
CUST1173,Douglas Wagner
CUST1174,Shannon Sutton
CUST1175,Lisa Powers
CUST1176,Jerry Guerrero
CUST1177,Tracy Mann MD
CUST1178,David Boyd
CUST1179,Jeffery Villarreal
CUST1180,Heather Johnson
CUST1181,Gina Thornton
CUST1182,Morgan Patterson
CUST1183,Heather Hansen
CUST1184,Jeff Riley
CUST1185,Nicholas Adams
CUST1186,Scott Jordan
CUST1187,Gloria Guerra
CUST1188,Nicholas Cross
CUST1189,Stephanie Medina
CUST1190,Matthew Ellis
CUST1191,Ashley Escobar
CUST1192,Rodney Alvarez
CUST1193,Jamie Mills
CUST1194,Eric Mendoza
CUST1195,Virginia Riley
CUST1196,Julia Marshall
CUST1197,Jason Griffin
CUST1198,Mark Walter
CUST1199,Gabriel Wolfe
CUST1200,James Bennett
CUST1201,James Frazier
CUST1202,Michael Gregory
CUST1203,Samantha Hernandez
CUST1204,Christina Smith
CUST1205,Cassandra Stanton
CUST1206,Chelsey Perez
CUST1207,Pamela Fitzgerald
CUST1208,Samuel Newton
CUST1209,Teresa Williams
CUST1210,Jared Ryan
CUST1211,Melody Clarke
CUST1212,Traci Melton
CUST1213,Susan Allen
CUST1214,Clifford Lowe
CUST1215,Cynthia Joseph
CUST1216,James Gregory
CUST1217,Kristen Black
CUST1218,Michael Jefferson
CUST1219,Glenn Thompson
CUST1220,Mr. Steven Knight
CUST1221,Brendan Palmer
CUST1222,Edward Grant
CUST1223,Kathy Collins
CUST1224,Christy Salas
CUST1225,Wendy Weiss
CUST1226,David Davis
CUST1227,Christopher Glover
CUST1228,Andrew Mathis Jr.
CUST1229,Christine Wright
CUST1230,Karen Martinez
CUST1231,Jamie Lowe
CUST1232,John Cook
CUST1233,Christina Lane
CUST1234,Jason Reynolds
CUST1235,Susan Cruz
CUST1236,Robert Hall MD
CUST1237,Shawn Chapman
CUST1238,Steven Smith MD
CUST1239,Anthony Knight
CUST1240,Jordan Turner
CUST1241,Michelle Johnson
CUST1242,Dennis Morton
CUST1243,Ivan Blackburn
CUST1244,Matthew Gutierrez
CUST1245,Olivia Watson
CUST1246,Jody Garrison
CUST1247,Robert Roberts
CUST1248,Casey Coleman
CUST1249,Joshua Small
CUST1250,Michael White
CUST1251,Katherine Castro
CUST1252,Amy Martin
CUST1253,Barbara Singleton
CUST1254,Tasha Richardson
CUST1255,Melissa Golden
CUST1256,Deanna Middleton
CUST1257,Lauren Lewis
CUST1258,Roberta Miller
CUST1259,David Murphy
CUST1260,Lee Lewis
CUST1261,Kelly Johnson
CUST1262,Ethan Leonard
CUST1263,Derek Schroeder
CUST1264,Julie Kelly
CUST1265,Cynthia Gonzales
CUST1266,Jaclyn Davies
CUST1267,Robert Alvarado
CUST1268,Jessica Wright DDS
CUST1269,Joshua Molina
CUST1270,Brian Evans
CUST1271,Nicole Parrish
CUST1272,Mrs. Angela Garrett
CUST1273,Alexis Thompson
CUST1274,Mary Mills
CUST1275,Rebecca Hudson
CUST1276,Shelly White
CUST1277,Barry Graham
CUST1278,Austin Williams
CUST1279,Adam Vega
CUST1280,Brian Williams
CUST1281,Marc Ward
CUST1282,Evan Powell
CUST1283,Joshua Evans
CUST1284,Todd Hinton
CUST1285,James Griffin
CUST1286,Terry Fox
CUST1287,Lori Moore DDS
CUST1288,Nancy Barrett
CUST1289,Francisco Wilson
CUST1290,James White MD
CUST1291,Heather Martinez
CUST1292,Jon Reed
CUST1293,Sharon Smith
CUST1294,Alexander George
CUST1295,Kyle Novak
CUST1296,Bradley Fox
CUST1297,Brent Hancock
CUST1298,Lauren Smith
CUST1299,Melanie Caldwell
CUST1300,John Downs
CUST1301,Shari Lawson
CUST1302,Thomas Hayden
CUST1303,Michael Wallace
CUST1304,Matthew Miller
CUST1305,David Perry
CUST1306,Robin Green
CUST1307,Melissa Mendez
CUST1308,Melissa Lopez
CUST1309,Jason Pollard
CUST1310,William Williams
CUST1311,Robert Lopez
CUST1312,Joseph Coleman
CUST1313,Kelsey Rasmussen
CUST1314,Shaun Mosley
CUST1315,Audrey Evans
CUST1316,Jared Patel
CUST1317,Thomas Roberson
CUST1318,Valerie Simon
CUST1319,Scott Johnston
CUST1320,Tonya Smith
CUST1321,Miranda Morales
CUST1322,Brent Jackson
CUST1323,Brittany Lawson
CUST1324,Stacy Caldwell
CUST1325,Nicholas Jackson
CUST1326,Edgar Simpson
CUST1327,George Tanner
CUST1328,Emily Lane
CUST1329,Stephen Burns
CUST1330,Philip Richard
CUST1331,Mr. Patrick Garza
CUST1332,Erin Cline
CUST1333,Lorraine Jones
CUST1334,Janet House
CUST1335,Christina Myers
CUST1336,Kerri Meyer
CUST1337,Brent Stanley
CUST1338,Jamie Jones
CUST1339,Sarah Stevens
CUST1340,Lauren Soto
CUST1341,Cindy Ruiz
CUST1342,Mrs. Lisa Wright
CUST1343,Brett Randall
CUST1344,Roger Kennedy
CUST1345,Travis Hall
CUST1346,Cynthia Jones
CUST1347,Whitney Frederick
CUST1348,Paul Alvarez
CUST1349,Thomas Carter
CUST1350,Harold Caldwell
CUST1351,Allison Hamilton
CUST1352,Lisa Campbell
CUST1353,Chris Williamson
CUST1354,Stephen Roberts
CUST1355,Melissa Parker
CUST1356,Olivia Cox
CUST1357,Darlene Edwards
CUST1358,Jennifer Watkins
CUST1359,Kyle Mendez
CUST1360,Danielle Williams
CUST1361,Eugene Long
CUST1362,Christina Long
CUST1363,Mary Krueger
CUST1364,Denise Brown
CUST1365,Christopher Rodriguez
CUST1366,Amanda Richardson
CUST1367,Patrick Valdez
CUST1368,Lisa Powell
CUST1369,Paul French
CUST1370,Manuel Miller
CUST1371,Ashley Bradley
CUST1372,Diana Foster
CUST1373,Elizabeth Todd
CUST1374,Christopher Johnson
CUST1375,Vanessa Cook
CUST1376,Peter Garcia
CUST1377,Brian Welch
CUST1378,Danielle Brown
CUST1379,Cassandra Blankenship
CUST1380,Larry Gonzales
CUST1381,Debra Washington
CUST1382,Anthony Powell
CUST1383,Isaiah Diaz
CUST1384,Taylor Henderson
CUST1385,Nicholas Rodriguez
CUST1386,Ian White III
CUST1387,Jay Jones
CUST1388,Kimberly Cameron
CUST1389,Nancy Brooks
CUST1390,Joseph Myers
CUST1391,Rachel Duffy
CUST1392,John Williams
CUST1393,Brian Graham
CUST1394,Richard Hubbard
CUST1395,Connie Pennington
CUST1396,Jose Jensen
CUST1397,Lisa Stephens
CUST1398,Jillian Green
CUST1399,Victor Barry
CUST1400,Jeffery Aguilar
CUST1401,Ashley Johnson
CUST1402,Charles Mann
CUST1403,Michele Taylor
CUST1404,Rebekah Ortiz
CUST1405,Douglas Gutierrez
CUST1406,Carol Johnson
CUST1407,Erin Gomez
CUST1408,Valerie Garner
CUST1409,Tiffany Kennedy
CUST1410,Dan Rojas
CUST1411,Maria Brandt
CUST1412,Alexander Turner
CUST1413,Barbara Myers
CUST1414,Jennifer Hughes
CUST1415,Christopher Woods
CUST1416,Andrew Kaufman
CUST1417,Amber Hogan
CUST1418,Lauren Conway
CUST1419,Tiffany Sandoval
CUST1420,Tiffany Conway
CUST1421,Mary Wolf
CUST1422,Benjamin Ward
CUST1423,Kevin Terry
CUST1424,Howard Russell
CUST1425,Holly Davis
CUST1426,Kristina Myers
CUST1427,Sean Crawford
CUST1428,Angel English
CUST1429,Joshua Warren
CUST1430,Kaitlin King
CUST1431,Bobby Green
CUST1432,Scott Hopkins
CUST1433,Emily Schneider
CUST1434,Charles Moore
CUST1435,Kevin Rivera
CUST1436,Arthur Beard
CUST1437,Madison Diaz
CUST1438,Richard Petersen
CUST1439,Jessica Owens
CUST1440,Mark Miller
CUST1441,Anthony Mercado
CUST1442,Daniel Kelly
CUST1443,Jon Garner MD
CUST1444,Thomas Cohen
CUST1445,Jason Joseph
CUST1446,Richard Ramirez
CUST1447,Ian Singh
CUST1448,Joseph Simon
CUST1449,Joel Blevins
CUST1450,Karl Weaver
CUST1451,Mark King
CUST1452,Gloria Mason
CUST1453,Amanda Edwards
CUST1454,Kendra Hernandez
CUST1455,Jesse Roberts
CUST1456,Heidi Black
CUST1457,James Campbell
CUST1458,Tyler Davenport
CUST1459,Jon Stafford
CUST1460,Jessica Hickman
CUST1461,Marcus Smith
CUST1462,Diana Castro
CUST1463,Glenn Warner
CUST1464,Rachel Bates
CUST1465,Megan Fisher
CUST1466,Melissa Proctor
CUST1467,Michael Yoder
CUST1468,Paul Mathis
CUST1469,Stacey Nelson
CUST1470,Dr. Valerie Howard MD
CUST1471,Taylor Cooper
CUST1472,Kristi Rogers
CUST1473,Douglas Padilla
CUST1474,Patricia Mccarthy
CUST1475,Gregory Mccann
CUST1476,Nicole Acosta
CUST1477,Maria Wang
CUST1478,Julie Peters
CUST1479,Charles Clark
CUST1480,Kimberly Thomas
CUST1481,Raven Garcia
CUST1482,Tammy Mitchell
CUST1483,Sheila Thomas
CUST1484,Patricia Ortiz
CUST1485,Alexander Park
CUST1486,Kevin Mccoy
CUST1487,Tammy Harris
CUST1488,Matthew Gonzalez
CUST1489,Curtis Dominguez
CUST1490,Anthony Henson
CUST1491,Christina Johnson
CUST1492,Timothy Patton
CUST1493,Jeffrey Harris
CUST1494,Jason Henderson
CUST1495,Wendy Silva
CUST1496,Eric Flores
CUST1497,Kelly Stephenson
CUST1498,Melissa Hendricks
CUST1499,Stanley Turner
CUST1500,Joy Landry
CUST1501,Connie Rubio
CUST1502,Jean Oliver
CUST1503,Monica Little
CUST1504,Michelle Bishop
CUST1505,Jessica Goodwin
CUST1506,Leah Ayala
CUST1507,Julie Benson MD
CUST1508,Daniel Anderson
CUST1509,Alan Gordon
CUST1510,Kathleen Mitchell
CUST1511,Nicole Sherman
CUST1512,Carlos Davis
CUST1513,Michael Rios
CUST1514,Steven Harding
CUST1515,Melissa Calderon
CUST1516,Julia Baxter
CUST1517,Emma Monroe
CUST1518,Edward Ramirez
CUST1519,Michael Erickson
CUST1520,Katelyn Kane
CUST1521,Lisa Lopez
CUST1522,Deborah Zamora
CUST1523,Matthew Duncan
CUST1524,James Thomas
CUST1525,Anthony Jones
CUST1526,Tamara Lin
CUST1527,Bradley Weiss
CUST1528,Jason Lewis
CUST1529,Alexandra Turner
CUST1530,Mary Erickson
CUST1531,Robert Greene
CUST1532,Rebecca Walsh
CUST1533,John Nelson
CUST1534,Felicia Johnson
CUST1535,Kenneth Hess
CUST1536,Ralph Wilson
CUST1537,James Huffman MD
CUST1538,Jennifer Scott
CUST1539,David Owens
CUST1540,Jacob Morales
CUST1541,Ryan Walton
CUST1542,Shane Valdez
CUST1543,Erika Hunt
CUST1544,Christopher Mitchell
CUST1545,Corey Garcia
CUST1546,Jonathan Foster
CUST1547,Marilyn Mcpherson
CUST1548,David Gray
CUST1549,Jason Thompson
CUST1550,Kelly Gutierrez
CUST1551,Thomas Burns
CUST1552,Linda Wheeler
CUST1553,Garrett Roberson
CUST1554,Patricia Gonzalez
CUST1555,Michael Rojas
CUST1556,Justin Stephens
CUST1557,Sara Williams
CUST1558,Hailey Taylor
CUST1559,Ellen Parrish
CUST1560,David Rios
CUST1561,Andrew Malone
CUST1562,Melissa Reeves
CUST1563,Richard Zimmerman
CUST1564,Ashley Smith
CUST1565,Andrea Patel
CUST1566,Devon Carter
CUST1567,Nancy Vasquez
CUST1568,Tyler Sanchez
CUST1569,Vanessa Romero
CUST1570,David Patterson
CUST1571,William Sexton
CUST1572,Alan Thomas
CUST1573,Ryan Kerr
CUST1574,Samantha Conley
CUST1575,Jennifer Jackson
CUST1576,Lauren Norman
CUST1577,Judith Brooks
CUST1578,Joshua Torres
CUST1579,Kyle Gonzalez
CUST1580,Alexis Russo
CUST1581,Sherry Rodriguez
CUST1582,Heather Cole
CUST1583,Shelby Gibson
CUST1584,Ashley Wiley MD
CUST1585,Sarah Robinson
CUST1586,Carol Snyder
CUST1587,Carol Lewis
CUST1588,Jennifer Johnson
CUST1589,Jeffrey Brown
CUST1590,Alexa Taylor MD
CUST1591,Mckenzie Williamson
CUST1592,Christopher Warren
CUST1593,Michelle Peck
CUST1594,Brett Gray
CUST1595,Sandra Bennett
CUST1596,Sheila Johnson
CUST1597,Melissa Sexton
CUST1598,Erika Hamilton
CUST1599,Kristen Williams
CUST1600,William Goodman
CUST1601,Angel Walker
CUST1602,Kimberly Conway
CUST1603,Jared Hess
CUST1604,Amanda Williams
CUST1605,Robert White
CUST1606,Jacqueline Gould
CUST1607,Frances Dixon
CUST1608,Ashley Duncan
CUST1609,Joshua Bennett
CUST1610,Denise Nichols
CUST1611,Austin Moore
CUST1612,Lisa Tanner
CUST1613,Sarah Howell
CUST1614,Jennifer Reilly
CUST1615,Kimberly Schneider
CUST1616,Andre Mcclain
CUST1617,Michael Clarke
CUST1618,Kevin Fisher
CUST1619,Zachary Ryan
CUST1620,Benjamin Brown
CUST1621,Megan Macdonald
CUST1622,Kayla Webb
CUST1623,Michael Valencia
CUST1624,Keith Brown
CUST1625,Jeffrey Hawkins
CUST1626,Kristina Hansen
CUST1627,Frederick Adams
CUST1628,Alex Gardner DDS
CUST1629,Christine Perkins
CUST1630,Nathan Gibson
CUST1631,Lisa Brooks
CUST1632,Maria Underwood
CUST1633,Luis Johnson
CUST1634,Joseph Cantu
CUST1635,Aaron Williams
CUST1636,Deborah Watkins
CUST1637,Karen Lopez
CUST1638,Taylor Hart
CUST1639,Phillip Harris
CUST1640,Steve Becker
CUST1641,Kathryn Reyes
CUST1642,Leslie Mccann
CUST1643,Jeffrey Walker
CUST1644,Alejandro Hayes
CUST1645,Wayne Beck
CUST1646,Michelle Curry
CUST1647,Patricia Adams
CUST1648,Rachel Davidson
CUST1649,Larry Edwards
CUST1650,Kelly Norman
CUST1651,Kathy Smith
CUST1652,Ariel Stevens
CUST1653,Rebecca Payne
CUST1654,Kelly Salazar
CUST1655,Joseph Herrera
CUST1656,Sara Hernandez
CUST1657,Isabella White
CUST1658,Theodore Keller
CUST1659,Jamie Campbell
CUST1660,Joshua Cruz
CUST1661,Dylan Perkins
CUST1662,Amy Ayala
CUST1663,William Walker
CUST1664,Johnathan Stout
CUST1665,Kristine Heath
CUST1666,Carrie Nichols
CUST1667,Ashley Clay
CUST1668,Dana Ramos
CUST1669,Andrea Stanley
CUST1670,Donald Odom
CUST1671,Kimberly Harris
CUST1672,Michelle Davis
CUST1673,Amanda Gibson
CUST1674,Cody Robinson
CUST1675,Michael Savage
CUST1676,Jon Riggs
CUST1677,Justin Keith
CUST1678,Paul Fitzgerald
CUST1679,Courtney Tran
CUST1680,Donna Bond
CUST1681,Mark Brown
CUST1682,Mrs. Rebecca Webster
CUST1683,Renee Schneider
CUST1684,Kimberly Carey
CUST1685,Brandi Walker
CUST1686,Vanessa Hall
CUST1687,Amanda Simon
CUST1688,Ashley Booker
CUST1689,Sara Montoya
CUST1690,Linda Gonzalez
CUST1691,Jill Collins
CUST1692,Jeffrey Gutierrez
CUST1693,Heather Lambert
CUST1694,Charles Watts
CUST1695,Joy Ward
CUST1696,Eric Carter
CUST1697,Corey Brown
CUST1698,Jordan Montgomery
CUST1699,Brittany Cohen
CUST1700,Brandon Phillips
CUST1701,Kristina Rodriguez
CUST1702,Hunter Lindsey
CUST1703,Cheryl Conrad
CUST1704,Logan Ellis
CUST1705,Marie Lowe
CUST1706,Scott Davis
CUST1707,Alexandra Rodriguez
CUST1708,Kevin Walter
CUST1709,Courtney Hinton
CUST1710,Jennifer Robles
CUST1711,Samantha Small
CUST1712,David Olson
CUST1713,Frank Ashley
CUST1714,Jason Williams
CUST1715,Jaime Robinson
CUST1716,Taylor Manning
CUST1717,Andrew Jackson
CUST1718,Nicole Conrad
CUST1719,Jennifer Grant
CUST1720,Jamie Jenkins
CUST1721,Theresa Garrett
CUST1722,Dr. Jonathan Quinn
CUST1723,Brandon Walker
CUST1724,Jacqueline Lopez
CUST1725,Nicole Santiago
CUST1726,Sarah Austin
CUST1727,Jennifer Stein
CUST1728,David Fox
CUST1729,Robert Ruiz
CUST1730,Ashley Wood
CUST1731,Joshua Wise
CUST1732,Amy Graham
CUST1733,Jeremiah Castaneda
CUST1734,Joseph Ferguson
CUST1735,Mary Nunez
CUST1736,Edwin Allen
CUST1737,Diane Villanueva
CUST1738,Randall Brown
CUST1739,Katie Friedman
CUST1740,Ricky Williams
CUST1741,Matthew Lewis
CUST1742,Jessica Flores
CUST1743,Sandra Martinez
CUST1744,Samuel Hull
CUST1745,Christine Osborn
CUST1746,Dawn Thompson
CUST1747,Daniel Smith
CUST1748,Maria Mendoza
CUST1749,Kathryn Hale
CUST1750,Lauren Lloyd
CUST1751,Alexander Rowland
CUST1752,Kelly Jackson
CUST1753,Kenneth Powell
CUST1754,Darrell Bowers
CUST1755,Julie Chavez
CUST1756,Dr. Jose Huang
CUST1757,Paul Perez
CUST1758,Nancy Cole
CUST1759,Melanie Stokes
CUST1760,Kevin Lopez
CUST1761,Shelby Peters
CUST1762,Luke Moon
CUST1763,Natalie Clark
CUST1764,Connie Espinoza
CUST1765,Danielle Harris
CUST1766,James Long II
CUST1767,Paula Hill
CUST1768,Seth Reilly
CUST1769,Robert Walker
CUST1770,Matthew Patton
CUST1771,Rebecca Patton
CUST1772,Gregory Horton
CUST1773,Michael Ortiz
CUST1774,Holly Holden
CUST1775,Rebecca Wood
CUST1776,Karen Hart
CUST1777,Patrick Black
CUST1778,Anthony Hunter
CUST1779,Brandi Liu
CUST1780,Amber Jordan
CUST1781,Carol Yates
CUST1782,Thomas Bell
CUST1783,Melissa Holmes DDS
CUST1784,Amber Cabrera
CUST1785,Stephanie Gardner
CUST1786,David Smith
CUST1787,Kimberly Stanley
CUST1788,Frank Beltran
CUST1789,John Park
CUST1790,Curtis Thomas
CUST1791,Paul Owens
CUST1792,William Guzman
CUST1793,Kathryn Dixon
CUST1794,Erin Adams
CUST1795,Heather Cortez
CUST1796,Haley Walters
CUST1797,Michael Lee
CUST1798,Walter Meyer
CUST1799,Toni Bass MD
CUST1800,Ann Gates
CUST1801,Brenda Gallagher
CUST1802,Stephanie Jones
CUST1803,Sharon Butler
CUST1804,Alicia Owen
CUST1805,Nicholas Rhodes
CUST1806,Michael Rasmussen
CUST1807,Randy Henry
CUST1808,Miss Erin Wright
CUST1809,Christian Nichols
CUST1810,Catherine Ayala
CUST1811,Nicholas Cannon
CUST1812,Kyle Kaiser
CUST1813,Russell Carter
CUST1814,Deborah Hunt
CUST1815,Kiara Arnold
CUST1816,William Smith
CUST1817,Debra Blair
CUST1818,Jill Davis
CUST1819,Amanda Anderson
CUST1820,Jill Thornton
CUST1821,Aaron Howard
CUST1822,Jean Smith
CUST1823,Jennifer Turner
CUST1824,Alicia Solis
CUST1825,Keith Thompson
CUST1826,Douglas Stewart
CUST1827,Laurie White
CUST1828,Michaela Harvey
CUST1829,Craig Cooper
CUST1830,John Wilson
CUST1831,Zachary Rice
CUST1832,Benjamin Murphy
CUST1833,Donald Knight
CUST1834,Michelle Harris
CUST1835,Doris Wright
CUST1836,Joel Lopez
CUST1837,Daniel Brown
CUST1838,Douglas Parks
CUST1839,Angela Guerra
CUST1840,Stanley Curtis
CUST1841,Michael Kent
CUST1842,Duane Clark
CUST1843,Lisa Romero
CUST1844,Zachary Harrison
CUST1845,Stephen Freeman
CUST1846,Brian Sanders
CUST1847,Michelle Owens
CUST1848,Mary Jackson
CUST1849,Joel Cobb
CUST1850,Paul Parker
CUST1851,Kimberly Lewis
CUST1852,Jennifer Martinez
CUST1853,Ralph Richards
CUST1854,Tiffany Woods
CUST1855,Dustin Hicks
CUST1856,Rachel Thompson
CUST1857,Kenneth Griffith
CUST1858,Christina Gates
CUST1859,Benjamin Villegas
CUST1860,Cory Calderon
CUST1861,Jonathan Warner
CUST1862,John Pacheco
CUST1863,Gregory Miles
CUST1864,Lauren Parker
CUST1865,Valerie Anderson
CUST1866,Mrs. Caroline Cannon
CUST1867,Brittany Vazquez
CUST1868,Austin Acosta
CUST1869,Christopher Scott
CUST1870,Jessica Johnson
CUST1871,Jennifer Moore
CUST1872,Mark Johnson
CUST1873,Steven Berg
CUST1874,Heather Davis
CUST1875,Karina Riley
CUST1876,Andrea Johnson
CUST1877,Megan Duran
CUST1878,Angela Sexton
CUST1879,Brittany Anderson
CUST1880,William Phillips
CUST1881,Lisa Barnes
CUST1882,Sierra Ramos
CUST1883,Angela Montoya
CUST1884,Allison Bridges
CUST1885,Kelli Jones
CUST1886,Kirk Green
CUST1887,Christopher Duncan
CUST1888,Dylan Fields
CUST1889,Lori Grimes
CUST1890,Ryan Anderson
CUST1891,Shawn Salinas
CUST1892,Debbie Porter
CUST1893,Tommy Turner
CUST1894,Brian Cox
CUST1895,Nicholas Brown
CUST1896,Laura Farmer
CUST1897,Robert Collins
CUST1898,Michael Ortega
CUST1899,Christopher Olson
CUST1900,Maria Collins
CUST1901,Katie Mcknight
CUST1902,Richard Wise
CUST1903,Angela Gross
CUST1904,Carla Tran
CUST1905,Kristin Aguilar
CUST1906,Chelsea Browning
CUST1907,Kenneth Mcconnell
CUST1908,Dennis Compton
CUST1909,Bill Torres
CUST1910,Victor Hayes
CUST1911,Andrew Douglas
CUST1912,Laura Washington
CUST1913,Samantha Thompson
CUST1914,John Campbell
CUST1915,Jack Duncan Jr.
CUST1916,Melissa Cunningham
CUST1917,Cameron Hall
CUST1918,Lisa Downs
CUST1919,Shannon Wiggins
CUST1920,Luis Long
CUST1921,Deanna Johnson
CUST1922,Valerie Taylor
CUST1923,Holly Wilson
CUST1924,Jason Gregory
CUST1925,Cynthia Hartman
CUST1926,Melvin Campbell
CUST1927,Laura Williams
CUST1928,Jennifer Thomas
CUST1929,Carrie Williams
CUST1930,Christopher Carey
CUST1931,Jared Weaver
CUST1932,Kenneth Mcdaniel
CUST1933,Mary Newman
CUST1934,Michael Little
CUST1935,Mark Knight
CUST1936,Krystal Howard
CUST1937,Justin Patterson
CUST1938,Julie Thompson
CUST1939,Chelsea Allen
CUST1940,Ronald Rice
CUST1941,Thomas Smith
CUST1942,Jeremy Mason
CUST1943,Heidi Johnson
CUST1944,Jeremy Wood
CUST1945,Kelsey Solis
CUST1946,Carolyn Wagner
CUST1947,Benjamin Thompson
CUST1948,James Graham
CUST1949,Kevin Duncan
CUST1950,Connie Rice
CUST1951,Nicole Huang
CUST1952,Robert Young
CUST1953,Lindsey Roberts
CUST1954,Brittany Hendrix
CUST1955,Rachel Kline
CUST1956,Ronald Stein
CUST1957,James Harris
CUST1958,Margaret Perry
CUST1959,Jon Russell
CUST1960,Jessica Robinson
CUST1961,Andrew Mueller
CUST1962,Carolyn Farrell
CUST1963,Ryan Hill
CUST1964,Madeline Lewis
CUST1965,Kristin Castillo
CUST1966,Dylan Hernandez
CUST1967,Christine Floyd
CUST1968,Matthew Stanley
CUST1969,Gabrielle Yang
CUST1970,Michael Bray
CUST1971,Madison Good
CUST1972,Connie Myers
CUST1973,Sara Baker
CUST1974,Cassandra Daniels
CUST1975,Isabella Mullen
CUST1976,Evan Greer
CUST1977,Thomas Nelson
CUST1978,Rebecca Anderson
CUST1979,Thomas Taylor
CUST1980,Peter Barry
CUST1981,Carlos Wilson
CUST1982,Leslie Fisher
CUST1983,Wendy Porter
CUST1984,Theodore Rodgers
CUST1985,Brittany Burke
CUST1986,John Smith
CUST1987,Rebecca Harris
CUST1988,Erin Gray
CUST1989,Olivia Lane DDS
CUST1990,Austin Taylor
CUST1991,Paul Robinson
CUST1992,Robert Miller
CUST1993,Ashley Phillips
CUST1994,Kimberly Myers
CUST1995,Stephanie Morgan
CUST1996,Christina Fletcher
CUST1997,Thomas Rodriguez
CUST1998,James Hamilton
CUST1999,Ashley Moody
CUST2000,Lisa Brown
CUST2001,Eric Bennett
CUST2002,Gabriela Perez
CUST2003,Nicole Smith
CUST2004,Patricia Maldonado
CUST2005,Catherine Yates
CUST2006,Kelly White
CUST2007,Jeremy Wagner
CUST2008,Susan Wright
CUST2009,Eugene Smith
CUST2010,Jordan Mitchell
CUST2011,Kathleen Kelley
CUST2012,Marvin Crawford
CUST2013,Michael Colon
CUST2014,Derek Gibson
CUST2015,Brandon Rodriguez
CUST2016,Eric Wright DDS
CUST2017,Latoya Drake
CUST2018,Rachel Vaughn
CUST2019,Tiffany Gonzalez
CUST2020,Jacqueline Williams
CUST2021,Darryl Lopez
CUST2022,Cindy Berry
CUST2023,Brian Taylor
CUST2024,Todd Fowler
CUST2025,Christopher Whitaker
CUST2026,Ian Meadows
CUST2027,Kevin Austin
CUST2028,James Adkins
CUST2029,Robert Huffman
CUST2030,Jeanette Brown
CUST2031,Roger Williams
CUST2032,Madison Hampton
CUST2033,Kenneth Holloway
CUST2034,Adam Meyers
CUST2035,Anthony Franklin
CUST2036,Ronnie Owens
CUST2037,Keith Murillo
CUST2038,Sara Doyle
CUST2039,David Cardenas
CUST2040,Douglas Rivera
CUST2041,Marc Coleman
CUST2042,James Freeman
CUST2043,Robert Watson
CUST2044,Keith Henderson
CUST2045,Suzanne Doyle
CUST2046,Deborah Weaver
CUST2047,Adam Lewis
CUST2048,Hannah Garner
CUST2049,Jermaine Wolfe
CUST2050,Daniel Logan
CUST2051,Danielle Rowland
CUST2052,Megan Torres
CUST2053,Jimmy Franklin
CUST2054,Billy Avery
CUST2055,Angela Rivera
CUST2056,Alisha Berg
CUST2057,Michael Montoya
CUST2058,Jared Robinson
CUST2059,Jeremiah Reid
CUST2060,Jeffrey Fernandez
CUST2061,Erika Bowman MD
CUST2062,Tammy Hernandez
CUST2063,Emily Murphy
CUST2064,Troy Kerr
CUST2065,Ms. Brittany Romero
CUST2066,Jennifer Chapman
CUST2067,Krystal Pittman
CUST2068,Charles Harris
CUST2069,Jesus Gordon
CUST2070,Barry Hunter
CUST2071,Kayla Mitchell
CUST2072,Bryan Jimenez DDS
CUST2073,Joe Fisher
CUST2074,Cody Heath
CUST2075,Adam Harris
CUST2076,Vincent Wilson
CUST2077,Misty Walters
CUST2078,Daniel Bradshaw
CUST2079,Jennifer Deleon
CUST2080,Stephanie Smith
CUST2081,Kenneth Bennett
CUST2082,Amy Smith
CUST2083,Jacqueline Bishop
CUST2084,Eric Rodriguez
CUST2085,Tanya Rivera
CUST2086,Emily Diaz
CUST2087,Isaiah Anthony
CUST2088,Timothy Boyd
CUST2089,Steven Guerrero
CUST2090,Jennifer Hutchinson
CUST2091,Carol Kemp
CUST2092,Ian Schmitt
CUST2093,Stephen Hall
CUST2094,Robert Nelson
CUST2095,April Fry
CUST2096,Ms. Laura Williams
CUST2097,Jeremy Martin
CUST2098,Jennifer Smith
CUST2099,Karen Williams
CUST2100,John Jones
CUST2101,Brittany Ortega
CUST2102,Robert Marsh Jr.
CUST2103,Steven Richardson
CUST2104,Susan Harmon
CUST2105,Steven Matthews
CUST2106,William Evans
CUST2107,Deborah Smith
CUST2108,James Moore
CUST2109,Brandon Collins
CUST2110,Dylan Taylor
CUST2111,Anthony Jackson
CUST2112,Kyle Hansen
CUST2113,Paige Gross
CUST2114,Isaac Aguirre
CUST2115,Brendan Wright
CUST2116,Vincent Fitzpatrick
CUST2117,Anthony Wood
CUST2118,Melanie Jarvis
CUST2119,Martin Hall
CUST2120,Kelsey Green
CUST2121,Virginia Carlson
CUST2122,Sergio Rojas
CUST2123,Rodney Miller
CUST2124,Alyssa Valencia
CUST2125,Matthew Cooper
CUST2126,Nicholas Silva
CUST2127,Gail Todd
CUST2128,Dr. Heather Burns MD
CUST2129,Brett Nunez
CUST2130,Thomas Underwood
CUST2131,Derek Dunlap
CUST2132,Kevin Riley
CUST2133,Christopher Benitez
CUST2134,Christina Harper
CUST2135,Adrian Robinson
CUST2136,Timothy Burke
CUST2137,Kevin Jenkins
CUST2138,Ryan Hampton
CUST2139,Rebecca Calhoun
CUST2140,Erin Smith
CUST2141,Mallory Edwards
CUST2142,Laura Smith
CUST2143,Kristy Alexander
CUST2144,Annette Wilcox
CUST2145,Mr. Ethan Stark
CUST2146,Melissa Walker
CUST2147,Jason Larson
CUST2148,Virginia James
CUST2149,Miss Melissa Smith
CUST2150,Amanda Snyder
CUST2151,Dr. Erin Manning
CUST2152,Matthew Odonnell
CUST2153,Nicole Lawson
CUST2154,Alexis Wright
CUST2155,Susan Rice
CUST2156,Mary Townsend
CUST2157,Kimberly Holt
CUST2158,Stephanie Burch
CUST2159,Raymond Miller
CUST2160,Jaime Barker
CUST2161,Jon Williams
CUST2162,Pam Bell
CUST2163,Lauren Santos
CUST2164,Latoya Carey
CUST2165,Logan Singleton
CUST2166,Belinda Nichols
CUST2167,Omar Cox
CUST2168,Sean Wallace
CUST2169,Amy Cohen
CUST2170,Edward Soto
CUST2171,Jeremy Hubbard
CUST2172,Matthew Allen
CUST2173,Richard Lin
CUST2174,George James
CUST2175,Ian Armstrong
CUST2176,Joshua Boone
CUST2177,Heather Walker
CUST2178,Joshua Richardson
CUST2179,Kevin Hernandez
CUST2180,Timothy Wright
CUST2181,Matthew Wood
CUST2182,Craig Davis
CUST2183,Anthony Baird
CUST2184,Regina Bright
CUST2185,Victoria Johnson
CUST2186,Megan Mack
CUST2187,Lori Williams
CUST2188,Dr. Robert Carpenter Jr.
CUST2189,Cassandra Hall
CUST2190,Jackie Rich
CUST2191,Carlos Bowman
CUST2192,Beverly Farley
CUST2193,Garrett Johnson
CUST2194,John Kelly
CUST2195,Kathryn Nelson
CUST2196,April Zuniga
CUST2197,Keith Gray
CUST2198,Jessica Shepherd
CUST2199,Austin Griffin
CUST2200,Anthony Johnson
CUST2201,Jeremy Garcia
CUST2202,Timothy Dennis
CUST2203,Betty Kane
CUST2204,Nicholas Johnson
CUST2205,Elizabeth Sanders
CUST2206,Thomas Whitehead
CUST2207,Kelly Mason
CUST2208,Joan Carlson
CUST2209,Michelle Valdez
CUST2210,David Lane
CUST2211,Daniel Jenkins
CUST2212,Elizabeth Hill
CUST2213,Brittany Jenkins
CUST2214,Christine Baird
CUST2215,Michelle Hopkins
CUST2216,Valerie Boyd
CUST2217,Amber Chapman
CUST2218,Lisa Wilson
CUST2219,Cynthia Glass
CUST2220,Tonya Morgan
CUST2221,Emily Rogers
CUST2222,Connie Lee
CUST2223,Scott Hinton
CUST2224,William Dawson
CUST2225,Tyler Whitaker
CUST2226,Andrew Collins
CUST2227,Kristi Ellis
CUST2228,Allison Abbott
CUST2229,Gregg Smith
CUST2230,Samantha Morales
CUST2231,Benjamin Smith
CUST2232,Lisa Ayers
CUST2233,Michael Dominguez
CUST2234,Andrew Rubio
CUST2235,Lori Hurst
CUST2236,Cody James
CUST2237,Andrea Taylor
CUST2238,Maria Martinez
CUST2239,Denise Gomez
CUST2240,Casey Howell
CUST2241,Suzanne Holland
CUST2242,Jeffery Stewart
CUST2243,Margaret Ibarra
CUST2244,Dustin Gonzalez
CUST2245,Megan Garza
CUST2246,Joseph Hill
CUST2247,Emily Martinez
CUST2248,Anthony Lopez
CUST2249,Brian Grant
CUST2250,Adriana Saunders
CUST2251,James Stanton
CUST2252,Gina Jones
CUST2253,Jeffery Hoffman
CUST2254,Faith Moore
CUST2255,George Glenn
CUST2256,Jonathan Taylor
CUST2257,Alexander Wilson
CUST2258,Matthew Booth
CUST2259,Renee Luna
CUST2260,Patricia Fuller
CUST2261,Melissa Mueller
CUST2262,Michelle Bernard
CUST2263,Austin Mccormick
CUST2264,Phillip Erickson
CUST2265,Janet Morales
CUST2266,Fernando Torres
CUST2267,Allison Durham
CUST2268,Zachary White
CUST2269,Maria Mathews
CUST2270,David Payne Jr.
CUST2271,Casey Byrd
CUST2272,David Larson
CUST2273,Steven Burgess
CUST2274,Calvin Mitchell
CUST2275,Nancy Salazar
CUST2276,Robin Hall
CUST2277,Julia Sanchez
CUST2278,Alexandria Mcmahon
CUST2279,David Garcia
CUST2280,Anthony Serrano
CUST2281,Aaron Middleton
CUST2282,Andrew Shaw
CUST2283,Janice Rios
CUST2284,Zachary Hubbard
CUST2285,Rebecca Brown
CUST2286,Jason Murillo
CUST2287,Mark Carney
CUST2288,Arthur Castro
CUST2289,Mark Jones
CUST2290,Martin Stephens
CUST2291,Bryan White
CUST2292,Daniel Duarte
CUST2293,Alyssa Ruiz
CUST2294,Noah Downs
CUST2295,Amanda White
CUST2296,Kimberly Campbell
CUST2297,Shawn Schneider
CUST2298,Jose Schroeder
CUST2299,Tiffany Ellison
CUST2300,Elizabeth Welch
CUST2301,Angela Arnold
CUST2302,Jennifer Wallace
CUST2303,Christine Walls
CUST2304,Veronica Evans
CUST2305,Kimberly Lloyd
CUST2306,Erica Hubbard
CUST2307,Jay Johnson
CUST2308,Clinton Rich
CUST2309,Maria Washington
CUST2310,Julian Foster
CUST2311,Michael Hernandez
CUST2312,Arthur Miller
CUST2313,Megan Hall MD
CUST2314,Heather Guerrero
CUST2315,Tamara Garcia
CUST2316,Amy Rogers
CUST2317,Jessica Jordan
CUST2318,Gina Glover
CUST2319,Russell Wolfe
CUST2320,Joshua Fleming
CUST2321,Justin Todd
CUST2322,Adam Schultz
CUST2323,Micheal Mcneil
CUST2324,Nicholas Carter
CUST2325,Kim Dillon
CUST2326,Randall Anderson
CUST2327,Kerri Shelton
CUST2328,James Edwards PhD
CUST2329,Kelly Lee
CUST2330,Peter Holloway
CUST2331,Douglas Munoz
CUST2332,Donna Lin
CUST2333,Christopher Perez
CUST2334,Nathaniel Ward
CUST2335,Bryan Hudson DVM
CUST2336,Peter Hernandez
CUST2337,Mitchell Campbell
CUST2338,Steven Frederick
CUST2339,Phillip Cole
CUST2340,Bradley Soto
CUST2341,David Deleon
CUST2342,Mr. Joshua Rose
CUST2343,Kara Andersen
CUST2344,Cynthia Ochoa
CUST2345,Christopher Baker
CUST2346,Joseph Greer
CUST2347,James Young
CUST2348,Michelle Gonzalez
CUST2349,Trevor Lopez
CUST2350,Mr. Gregory Chandler PhD
CUST2351,Alison Roberts
CUST2352,Amanda Powell
CUST2353,Jennifer Hayes
CUST2354,Amber Lang
CUST2355,Curtis Ayala
CUST2356,Ms. Patricia Graham
CUST2357,Cynthia Stevens
CUST2358,Casey Mcneil
CUST2359,Stephanie Larson
CUST2360,Ellen Solomon
CUST2361,Robin Martinez
CUST2362,Paul Delgado
CUST2363,Daniel Cook
CUST2364,David Hughes
CUST2365,Ryan Jordan
CUST2366,Donald Johnson
CUST2367,James Brady
CUST2368,Patricia Chavez MD
CUST2369,Samantha Peterson
CUST2370,Alicia Ramirez
CUST2371,Cassie Reed
CUST2372,Shawn Allen
CUST2373,Christopher Allen
CUST2374,Donald Wood
CUST2375,Brooke Moreno
CUST2376,Stephanie Cooper
CUST2377,Jessica Baker
CUST2378,Christopher Sandoval
CUST2379,Michelle Perry
CUST2380,Jack Martinez
CUST2381,Anthony Reed
CUST2382,Angela Huang
CUST2383,Christopher Mercado
CUST2384,Andres Simon
CUST2385,Lance Chambers
CUST2386,John Hill
CUST2387,Connor Edwards
CUST2388,Sara Turner
CUST2389,Michael Mitchell
CUST2390,Jose Thomas
CUST2391,Susan Ross
CUST2392,Craig Stout
CUST2393,Lisa Hill
CUST2394,Kelly Cole
CUST2395,Lori Sanders
CUST2396,William Johnson
CUST2397,Ryan Schultz
CUST2398,Paula Duncan
CUST2399,Elizabeth Clay
CUST2400,Michael Henry
CUST2401,Michael King
CUST2402,James Carson
CUST2403,Jessica Ingram
CUST2404,Tyler Oliver
CUST2405,Haley Hill
CUST2406,Jillian Duke
CUST2407,Richard Hunter
CUST2408,Taylor English
CUST2409,Frances Robinson
CUST2410,Thomas Colon
CUST2411,Beth Thomas
CUST2412,Amy Gonzalez
CUST2413,Brittany Romero
CUST2414,Kathleen Schroeder
CUST2415,Lawrence Murray
CUST2416,Catherine Williams
CUST2417,Clayton Rodriguez
CUST2418,Brandy Harris
CUST2419,Michelle Dixon
CUST2420,Rachel Butler
CUST2421,Thomas Davis
CUST2422,Phillip Wilson
CUST2423,Melissa Cole
CUST2424,Michael Lewis
CUST2425,Kimberly Mcbride
CUST2426,Jordan Hanna
CUST2427,Sophia Reed
CUST2428,Richard Hayes
CUST2429,Michael Garza
CUST2430,Jeffery Waller
CUST2431,Thomas Trevino
CUST2432,David Sullivan
CUST2433,Miguel Browning
CUST2434,Michael Graham
CUST2435,Cody Spencer
CUST2436,Caroline May
CUST2437,Sarah Parsons
CUST2438,Jenny Carroll
CUST2439,Amanda Summers
CUST2440,Ashley Peterson
CUST2441,Sergio Davis
CUST2442,Sherri Gregory MD
CUST2443,Emily Durham
CUST2444,Kimberly Mitchell
CUST2445,Michelle Harrell
CUST2446,Danny Delgado
CUST2447,Gerald Owens
CUST2448,David Ford
CUST2449,Andrew Scott
CUST2450,Brittany Rowland
CUST2451,Nancy Brown
CUST2452,Kelly Combs
CUST2453,James Cantu
CUST2454,Elizabeth Farmer
CUST2455,Jessica Grant
CUST2456,Cole Johnson
CUST2457,Yvette Arellano
CUST2458,Sharon Farmer
CUST2459,Kelsey Gill
CUST2460,Karen Little
CUST2461,Richard Cross
CUST2462,Michael Phillips
CUST2463,Jacob Jones
CUST2464,Joseph Wright
CUST2465,Caroline Herman
CUST2466,Marisa Kelly
CUST2467,Bradley Reid
CUST2468,John James
CUST2469,Alan Wright
CUST2470,Michael Harrison
CUST2471,Dr. Barry Fuller
CUST2472,Kenneth Parks
CUST2473,Kimberly Watson
CUST2474,Tammy Simpson
CUST2475,Brianna Johnson
CUST2476,Taylor Morgan
CUST2477,Christopher Evans
CUST2478,Lisa Aguilar
CUST2479,Stephanie Williams
CUST2480,Dr. Jacob Vasquez
CUST2481,Janet Sanchez
CUST2482,Gina Thomas
CUST2483,Samantha Fritz
CUST2484,Cathy Stewart
CUST2485,Devon Hopkins
CUST2486,Stephanie Simmons
CUST2487,David King DDS
CUST2488,Jonathan Martinez
CUST2489,Stephanie Howell
CUST2490,Jennifer Wade
CUST2491,Jessica Weaver
CUST2492,Casey Anderson
CUST2493,Angela Kaufman
CUST2494,Jennifer Baker
CUST2495,Felicia Williams
CUST2496,Ana Miller
CUST2497,Anna Wilson
CUST2498,Wayne Hawkins
CUST2499,Todd Hamilton
CUST2500,Justin Stevens
CUST2501,Victoria Lane
CUST2502,Amber Stephens
CUST2503,Jeffrey Flowers
CUST2504,Courtney Little
CUST2505,Zachary Jones
CUST2506,Kimberly Anderson
CUST2507,Mark Turner
CUST2508,Keith Green
CUST2509,Sherry Miller
CUST2510,Tammy Baird
CUST2511,Dustin Bell
CUST2512,Chase George
CUST2513,Amanda Banks
CUST2514,Amy Rodriguez
CUST2515,Brian Phillips
CUST2516,James Fisher
CUST2517,Brandon Roth
CUST2518,Mark Lewis
CUST2519,Danielle Cunningham
CUST2520,Adrian Vasquez
CUST2521,Scott Krause
CUST2522,Alyssa Jimenez
CUST2523,Crystal Garcia
CUST2524,Curtis Howard
CUST2525,Michael Taylor
CUST2526,Nicholas Stephens
CUST2527,Brandi Waller
CUST2528,Andrew Moore
CUST2529,James Davis
CUST2530,Kristen Brown
CUST2531,Brianna Robertson
CUST2532,Joshua Smith
CUST2533,Craig Perez
CUST2534,Steve Brown
CUST2535,Robert Mccormick
CUST2536,John Thomas
CUST2537,Ms. Anne Colon
CUST2538,Shelby Martin
CUST2539,Ricky Robertson
CUST2540,Maureen Mcbride
CUST2541,Andrew Phillips
CUST2542,Sabrina Baird
CUST2543,Amanda Fritz
CUST2544,Rachel Gonzalez
CUST2545,Jacqueline Lewis
CUST2546,Taylor Walker
CUST2547,Leslie Moore
CUST2548,Angela Henderson
CUST2549,Danielle Wood
CUST2550,Vicki Thomas
CUST2551,Mr. William Bell
CUST2552,Megan Silva
CUST2553,Kristin Harmon
CUST2554,Rachel Diaz
CUST2555,Robert Dixon
CUST2556,Deborah Marsh
CUST2557,Andrew Gomez
CUST2558,Melissa Patterson
CUST2559,Anthony Crane
CUST2560,Keith Donaldson
CUST2561,Steven Monroe
CUST2562,Amanda Webster
CUST2563,Lori Armstrong
CUST2564,Anne Vincent
CUST2565,Joseph Daugherty
CUST2566,Nancy Lopez
CUST2567,Richard Mullen
CUST2568,Craig Richards
CUST2569,Miguel Johnson
CUST2570,Kristen Lindsey
CUST2571,Anne Thomas
CUST2572,Joshua Saunders PhD
CUST2573,Kathryn Goodman
CUST2574,Taylor Bryant
CUST2575,Ana Salazar
CUST2576,David Neal
CUST2577,Erik Larsen
CUST2578,Amy Anderson
CUST2579,Jesse Williams
CUST2580,Angel Allen
CUST2581,Jennifer Brooks
CUST2582,Sarah Valenzuela
CUST2583,Jeremy Sandoval
CUST2584,Jimmy Cooper
CUST2585,David Blevins
CUST2586,Lisa Hopkins
CUST2587,Beverly Smith
CUST2588,Jason Phelps
CUST2589,Brittany Moore
CUST2590,Dana Wagner MD
CUST2591,Becky Mitchell
CUST2592,Ryan Johnson
CUST2593,Lisa Clark
CUST2594,Joseph Chan
CUST2595,Cody Ramirez
CUST2596,Mark Thompson
CUST2597,Steven Russo
CUST2598,Jennifer Espinoza
CUST2599,Dylan Lamb
CUST2600,Melinda Martinez
CUST2601,Joshua Taylor
CUST2602,Stephen Cooper
CUST2603,Kimberly Newton
CUST2604,Emily Fisher
CUST2605,Gina Moss
CUST2606,James Sherman
CUST2607,Michael Becker
CUST2608,Kaitlyn Williamson
CUST2609,Jennifer Bird DDS
CUST2610,Jacqueline Johnston
CUST2611,Brittney Martin
CUST2612,James Cabrera
CUST2613,Laura Schmidt
CUST2614,Larry Hughes DDS
CUST2615,Patricia Mays
CUST2616,Christina King
CUST2617,Lauren Marshall
CUST2618,Robert Carter
CUST2619,Scott Manning
CUST2620,Rebecca Jimenez
CUST2621,Patrick Dominguez
CUST2622,Walter Carlson
CUST2623,Troy Brady
CUST2624,George Wallace
CUST2625,Clinton Gallegos
CUST2626,Samantha Alvarez
CUST2627,Kathleen Jones
CUST2628,Nancy Wise
CUST2629,Zachary Terry
CUST2630,Jeremy Simmons
CUST2631,Kyle Dawson
CUST2632,Heather Garcia MD
CUST2633,Earl Robinson
CUST2634,Amy Morse
CUST2635,Angela Ryan
CUST2636,Arthur Davis
CUST2637,Jeffrey James
CUST2638,Megan Morgan
CUST2639,Benjamin Hooper
CUST2640,Heather Smith
CUST2641,Natasha Tucker
CUST2642,Pamela Butler
CUST2643,Austin Yates
CUST2644,Sandra Holloway
CUST2645,Dylan Carter
CUST2646,Erica Davis
CUST2647,Brian Miller
CUST2648,Sarah Harris
CUST2649,Daniel Spencer
CUST2650,Timothy James
CUST2651,Bradley Roberson
CUST2652,Anthony Sanchez
CUST2653,Christine Harvey
CUST2654,Donna Arnold
CUST2655,Brian Parrish
CUST2656,Mary Davis
CUST2657,Tyrone Jimenez
CUST2658,Jessica Williams
CUST2659,Thomas Salas
CUST2660,Emily Smith
CUST2661,Darren Thomas
CUST2662,Mia Arnold
CUST2663,Nathan Gordon
CUST2664,Cathy Bennett
CUST2665,Charles Callahan
CUST2666,Sabrina Jenkins
CUST2667,Kevin Perez
CUST2668,Michael Adams
CUST2669,David Conner
CUST2670,Jasmine Bradley
CUST2671,Michael Patton
CUST2672,Kathleen Johnson
CUST2673,Lee Caldwell
CUST2674,Deborah Buchanan
CUST2675,Dawn Best
CUST2676,Joshua Maynard
CUST2677,Taylor Farmer
CUST2678,Ryan Wilson
CUST2679,Jill Yates
CUST2680,Kristina Gamble
CUST2681,Cody Davis
CUST2682,Michael Thomas
CUST2683,Eric Moore
CUST2684,Megan Harmon
CUST2685,Brenda Smith
CUST2686,Devin Ferguson
CUST2687,Megan Lewis
CUST2688,Mary Marsh
CUST2689,Michael Smith
CUST2690,Nathan Thomas
CUST2691,Richard Perez
CUST2692,Derrick Cardenas
CUST2693,Joshua Trevino
CUST2694,John Callahan
CUST2695,Thomas Stone
CUST2696,Robert Pena
CUST2697,Bobby Neal
CUST2698,Brenda Oneal
CUST2699,Tiffany Taylor
CUST2700,Joshua Black
CUST2701,William Fleming
CUST2702,Robert Martinez
CUST2703,Mary Mendez
CUST2704,Zachary Christensen
CUST2705,Brian Gonzalez
CUST2706,Zachary Meyer
CUST2707,Matthew Scott
CUST2708,Jonathan Gallagher
CUST2709,Deborah Johnson
CUST2710,Taylor Rhodes
CUST2711,Amber Tate
CUST2712,James Fernandez
CUST2713,Daniel Miller
CUST2714,Andre Taylor
CUST2715,Donald Richardson
CUST2716,Linda Wilkinson PhD
CUST2717,Miranda Adams
CUST2718,Joshua Barnes
CUST2719,Anthony Anderson
CUST2720,Robert Mullins
CUST2721,Jose Vaughan
CUST2722,Travis Anderson
CUST2723,Jennifer Barber
CUST2724,Donald Tucker
CUST2725,William Mcdowell
CUST2726,Jason Peterson
CUST2727,Briana Swanson MD
CUST2728,Laura Oconnell
CUST2729,Michael Mendoza
CUST2730,Mike Burns
CUST2731,Justin Harris
CUST2732,Brandon Oliver
CUST2733,Tiffany Reynolds
CUST2734,Timothy Molina
CUST2735,Daniel Saunders
CUST2736,Lisa Calderon
CUST2737,Mrs. Jessica Cooper MD
CUST2738,Gabrielle Porter
CUST2739,Lisa Smith
CUST2740,Andre Reeves
CUST2741,William Ward
CUST2742,Christina Jones
CUST2743,Madison Taylor
CUST2744,Heather Perez
CUST2745,Stacey Garcia
CUST2746,Donna Coleman
CUST2747,Jesse Wilson PhD
CUST2748,Brian Hale
CUST2749,Richard Mendoza
CUST2750,Diane Taylor
CUST2751,Douglas Johnson
CUST2752,Daniel White DDS
CUST2753,Robert Johnson
CUST2754,Jason Smith
CUST2755,Roy Collins
CUST2756,Courtney Moore
CUST2757,Tonya Schneider DDS
CUST2758,Scott Meadows
CUST2759,Patrick Phillips
CUST2760,Carrie Olsen
CUST2761,Paula Jones MD
CUST2762,Olivia Vaughn
CUST2763,Benjamin Munoz
CUST2764,Joanna Mcmahon
CUST2765,Wendy Richardson
CUST2766,Sarah Jacobs
CUST2767,Jeffrey Nelson
CUST2768,Daniel Stone
CUST2769,Brett Ramos
CUST2770,Bobby Rodriguez
CUST2771,Julie Stevens
CUST2772,David Walsh
CUST2773,Natalie Turner
CUST2774,Nancy Davis
CUST2775,Bradley Hughes
CUST2776,Alexis Kent
CUST2777,Patrick Lawson
CUST2778,John Smith MD
CUST2779,Michael Gould
CUST2780,Bridget Gilbert
CUST2781,Amanda Stewart
CUST2782,Matthew Smith
CUST2783,Jeffrey Morris
CUST2784,Theresa Hutchinson
CUST2785,Anne Moore
CUST2786,Nicole Wilson
CUST2787,Richard Schmidt
CUST2788,Jose Wilson
CUST2789,Destiny Moon
CUST2790,Melissa Watson
CUST2791,Tina Gonzalez
CUST2792,Peter Rivera
CUST2793,Jessica Hernandez
CUST2794,Tammy Fischer
CUST2795,Mr. Nicholas Mitchell PhD
CUST2796,Tammy Cortez
CUST2797,Nathaniel Kirk
CUST2798,Angela Allen
CUST2799,Jessica Parks
CUST2800,Gary Franco
CUST2801,Jose Delacruz
CUST2802,Edward Smith
CUST2803,Nicole Patel
CUST2804,Travis Osborn
CUST2805,William Bentley
CUST2806,Jacob Wright
CUST2807,Lucas Smith
CUST2808,Dustin Bradley
CUST2809,Jennifer Martin
CUST2810,Angel Hernandez
CUST2811,Michelle Hart
CUST2812,Kristin Osborne
CUST2813,Sandra Gonzales
CUST2814,Peter Walker
CUST2815,Don Merritt
CUST2816,Megan Garcia
CUST2817,Steven White
CUST2818,Karen Thornton
CUST2819,Mario Huber
CUST2820,Kristen Reyes
CUST2821,Andre Henson
CUST2822,Angelica Long
CUST2823,Amanda Warren
CUST2824,Fernando Sutton
CUST2825,Sara Graham
CUST2826,Paul Jones
CUST2827,Kristin Coleman
CUST2828,Eric Holland
CUST2829,Michelle Jenkins
CUST2830,Deanna Obrien
CUST2831,Sara Carlson
CUST2832,Diane Strickland
CUST2833,Kristopher Ortiz
CUST2834,Jeffrey Adams
CUST2835,Kristen Thompson
CUST2836,Debbie Meyer
CUST2837,Jeffrey Rivera
CUST2838,Mark Alexander
CUST2839,Holly Cooper
CUST2840,Timothy Miles
CUST2841,Carol Wright
CUST2842,Dennis Spears
CUST2843,Glenn Lopez
CUST2844,Shelia Sloan
CUST2845,Matthew Mueller
CUST2846,Gavin Johnson
CUST2847,Troy Wright
CUST2848,Kerri Riley
CUST2849,Hailey Leonard
CUST2850,John Valentine
CUST2851,Anthony Dixon
CUST2852,Hayley Brown
CUST2853,Tracy Anderson
CUST2854,Tamara Jackson
CUST2855,Andre Harvey
CUST2856,Carlos Wagner
CUST2857,Richard Wilson
CUST2858,Carolyn Murray
CUST2859,Clayton Scott
CUST2860,Holly Moss
CUST2861,John Goodwin
CUST2862,Curtis Jackson
CUST2863,Hannah Brown
CUST2864,Carrie Fields
CUST2865,James Callahan
CUST2866,Erin Stevens
CUST2867,Robert Chavez
CUST2868,Erica Hansen
CUST2869,Michael Cobb
CUST2870,Richard Webb
CUST2871,Scott Howell
CUST2872,John May
CUST2873,John Parker
CUST2874,Erica Carpenter
CUST2875,Henry Smith
CUST2876,Sally Ward
CUST2877,Patricia Wall
CUST2878,Rick Moran
CUST2879,Jennifer Fernandez
CUST2880,Lauren Williams
CUST2881,Sabrina Gibbs
CUST2882,Jay Leonard
CUST2883,Crystal Evans
CUST2884,Christopher Duran
CUST2885,Rebecca Mahoney
CUST2886,Elizabeth Johnson
CUST2887,Shawn Thompson
CUST2888,Renee Clark
CUST2889,Kara Clark
CUST2890,Theresa Torres
CUST2891,April Copeland
CUST2892,Christopher Berry
CUST2893,Rachel Anderson
CUST2894,Spencer Davis
CUST2895,James Holloway
CUST2896,Zachary Shaffer
CUST2897,Joel Rose
CUST2898,Nicholas Hale
CUST2899,Michael Owens
CUST2900,Ashley Rogers
CUST2901,Blake Lynn
CUST2902,Natalie Shaw
CUST2903,Jessica Walker
CUST2904,Zachary Hamilton Jr.
CUST2905,Colleen Mitchell
CUST2906,Brent Hernandez
CUST2907,Kristi Castro
CUST2908,Glenda Reese
CUST2909,Kristen Marquez
CUST2910,Linda Reyes
CUST2911,Nicole Hartman
CUST2912,Nicholas Poole
CUST2913,Olivia Clark
CUST2914,Henry Reese
CUST2915,Evan West
CUST2916,Veronica Murray
CUST2917,Thomas Romero
CUST2918,Jessica Durham
CUST2919,Ronald Smith
CUST2920,Terry Wolfe
CUST2921,Amanda Knox
CUST2922,Joshua Davis
CUST2923,John Graves
CUST2924,Stephanie Hughes
CUST2925,Haley Green
CUST2926,Tracey Wilson
CUST2927,Eric Chan
CUST2928,Cameron Patrick DVM
CUST2929,Jordan Copeland
CUST2930,Katherine Robinson
CUST2931,Richard Watson
CUST2932,Patricia Brown
CUST2933,Matthew Owens
CUST2934,Lisa Howard
CUST2935,Charlene Proctor
CUST2936,Joseph Ortiz
CUST2937,Gina Drake
CUST2938,Richard Fuller
CUST2939,Michael Perry
CUST2940,Angelica Patterson
CUST2941,Susan Bradley
CUST2942,April Gonzalez
CUST2943,Brian Wilson
CUST2944,Mr. Matthew Daniels Jr.
CUST2945,Ernest Gibson
CUST2946,Jaime Morgan
CUST2947,Jacob Fisher
CUST2948,Harry King
CUST2949,Martha Mcgee
CUST2950,Angie Velez MD
CUST2951,Leah Cooper
CUST2952,Victor Pierce
CUST2953,Thomas Gray
CUST2954,Richard Wright
CUST2955,Lisa Price
CUST2956,Susan Banks
CUST2957,Andrea Chen
CUST2958,Richard Roberts
CUST2959,Dominique Taylor
CUST2960,Jonathan Hardy
CUST2961,Kristina Williams
CUST2962,Louis Patel
CUST2963,Thomas Butler
CUST2964,Michael Malone
CUST2965,Nathan Jones
CUST2966,James Gray
CUST2967,Matthew Stewart
CUST2968,Justin Edwards
CUST2969,Sheila Buck
CUST2970,Lauren Compton
CUST2971,Michelle Jennings
CUST2972,Jonathan Barajas
CUST2973,Amy Matthews
CUST2974,David Jones
CUST2975,Sherri Maddox
CUST2976,Kelly Valdez
CUST2977,Anthony Reynolds
CUST2978,Paula Ramirez
CUST2979,Benjamin Martinez
CUST2980,Brittany Schwartz
CUST2981,Rachel Byrd
CUST2982,Lindsey Romero
CUST2983,Sean Lee
CUST2984,Randall Bell
CUST2985,Daisy Ross
CUST2986,Logan Guzman
CUST2987,Rebecca Conrad
CUST2988,Ryan Schroeder
CUST2989,Scott Cox
CUST2990,Tiffany Flores
CUST2991,Brian Brown
CUST2992,Timothy Arellano
CUST2993,Patrick Larson
CUST2994,Cynthia Perkins
CUST2995,Kristi Ewing
CUST2996,Tiffany Richards
CUST2997,Angela Roberts
CUST2998,Alexis Serrano
CUST2999,Janet Boyd
CUST3000,Keith Glenn
CUST3001,Tammy Shields
CUST3002,Heather Chavez
CUST3003,Diane Wiggins
CUST3004,Charles Maxwell
CUST3005,Peter Brown
CUST3006,Linda Watkins
CUST3007,Craig Powers
CUST3008,Catherine Ashley
CUST3009,Carol Sparks
CUST3010,Xavier Robles
CUST3011,Antonio Mitchell
CUST3012,Alison Sanchez
CUST3013,Katelyn Dougherty
CUST3014,Kara Pitts
CUST3015,Joseph Yu
CUST3016,Alan Horne
CUST3017,Sherry Sexton
CUST3018,Patricia Pearson
CUST3019,Chad Gordon
CUST3020,Mary Ramirez
CUST3021,Jeffrey Rodriguez
CUST3022,Ernest Ward
CUST3023,Bonnie Peterson
CUST3024,Amber Wong
CUST3025,Patrick Lee
CUST3026,Brandi Gordon
CUST3027,Daniel Frazier
CUST3028,Amber Smith
CUST3029,Jeffrey Johnson
CUST3030,Karen Mccarthy
CUST3031,Christopher Hernandez
CUST3032,David Hayden
CUST3033,Heidi Valencia
CUST3034,Jessica Jarvis
CUST3035,Ryan Barrett
CUST3036,Raymond Gray
CUST3037,Jamie Daniels
CUST3038,Margaret Davidson
CUST3039,William Gutierrez
CUST3040,Shelley Brown
CUST3041,Jessica Thompson
CUST3042,Nicole Robinson
CUST3043,Mr. Mark Baker
CUST3044,John Parrish
CUST3045,Jacqueline Riley
CUST3046,Kevin Deleon
CUST3047,Brandon Alvarez
CUST3048,Jonathon Nguyen
CUST3049,Adam Peterson
CUST3050,Scott Campbell
CUST3051,Kimberly Huerta
CUST3052,Joshua Mason
CUST3053,Edward Stephenson
CUST3054,Christine Jackson
CUST3055,Mark Mcbride
CUST3056,Walter Orr
CUST3057,Linda Wilson
CUST3058,Donna Murray
CUST3059,Meghan Jacobs
CUST3060,Alejandro Bailey
CUST3061,Dr. Stephanie Clarke
CUST3062,Christopher Fisher
CUST3063,Claire Jones
CUST3064,Breanna Parsons
CUST3065,Derrick Weeks
CUST3066,Susan Brooks
CUST3067,Linda Johnson
CUST3068,Daniel Navarro
CUST3069,Donald Perez
CUST3070,Jonathan Cain
CUST3071,Pamela Deleon
CUST3072,Travis Mcknight
CUST3073,Lisa Turner
CUST3074,Julia Steele
CUST3075,Jennifer Davenport
CUST3076,Susan Young
CUST3077,Aaron Anderson
CUST3078,Monique Garner
CUST3079,Amanda Wallace
CUST3080,Shawn Evans
CUST3081,Edward Mason
CUST3082,Patrick Barnett
CUST3083,Steven Mcmillan
CUST3084,Angela Brown
CUST3085,Nathan Hartman
CUST3086,Harold Ramirez
CUST3087,Elizabeth Baker
CUST3088,Diane Benson
CUST3089,Gary Gilbert
CUST3090,Robin Castro
CUST3091,Amanda Henry
CUST3092,Susan Oneal
CUST3093,April Parker
CUST3094,Brent Ortiz
CUST3095,Courtney Johnson
CUST3096,Cynthia Clark
CUST3097,Robert Lee
CUST3098,Amanda Henson
CUST3099,Douglas Powell
CUST3100,Colleen Price
CUST3101,Vernon Smith
CUST3102,Lori Howard
CUST3103,Stephen Lang
CUST3104,Samantha Wade
CUST3105,Christopher Little
CUST3106,Brittany Sanders
CUST3107,Brian Martin
CUST3108,Monique Navarro MD
CUST3109,Ricky Coleman
CUST3110,Katelyn Jimenez
CUST3111,Gerald Hill
CUST3112,James Bailey
CUST3113,Clayton Craig
CUST3114,Heather Garcia
CUST3115,Kevin Shields
CUST3116,Amanda Jenkins
CUST3117,Karen Macias
CUST3118,Sharon Flores
CUST3119,Bryan Manning
CUST3120,Sydney Smith
CUST3121,Katherine Benitez
CUST3122,Tyler Rodriguez
CUST3123,Laura Mitchell
CUST3124,Cory Miller
CUST3125,Jonathan Duncan
CUST3126,John Hogan
CUST3127,Albert Oneal
CUST3128,Melissa Price
CUST3129,Michael Moore
CUST3130,Richard Smith
CUST3131,James Sutton
CUST3132,Amanda Avila
CUST3133,Theresa Wright
CUST3134,Renee Clayton
CUST3135,Dawn Stanton
CUST3136,Jessica Gallegos
CUST3137,Marie Christian
CUST3138,Mr. David Dominguez
CUST3139,Dr. Taylor Green
CUST3140,Jessica Fritz
CUST3141,Edward Robinson
CUST3142,Rebecca Dillon
CUST3143,Melanie Armstrong
CUST3144,Gloria Rush
CUST3145,Sara Nelson
CUST3146,Cathy Bullock
CUST3147,Jamie Harris
CUST3148,Bethany Chandler
CUST3149,Nichole Jennings
CUST3150,Andrew Peterson
CUST3151,Jose Ross
CUST3152,Monica Merritt
CUST3153,Joshua Lopez
CUST3154,David Chandler
CUST3155,Nathaniel Murphy
CUST3156,Catherine Bates
CUST3157,Billy Olson
CUST3158,Mr. Thomas Johnson
CUST3159,Larry Johnson
CUST3160,Mr. William Warren
CUST3161,Dawn Roberts
CUST3162,Christopher Malone
CUST3163,Caitlyn Gill
CUST3164,Kenneth Clark
CUST3165,Robert Garcia
CUST3166,Kyle Palmer
CUST3167,Carla Thompson
CUST3168,Phillip Jones
CUST3169,Dr. Jennifer Castillo MD
CUST3170,Melissa Martinez
CUST3171,Casey Richards
CUST3172,Amanda Cole MD
CUST3173,Sandra Hall
CUST3174,Scott Thomas
CUST3175,Justin Miranda
CUST3176,Amanda Kelley
CUST3177,Roy Smith
CUST3178,Misty Robles
CUST3179,David Brooks
CUST3180,Joseph Mullen
CUST3181,Jill Green
CUST3182,Carol Hebert
CUST3183,Alexander Whitaker
CUST3184,Joshua Cervantes
CUST3185,Kyle Moore
CUST3186,Vanessa Williams
CUST3187,Christian Holmes
CUST3188,Cynthia Dunn
CUST3189,Christopher Martin
CUST3190,Clifford Hoover
CUST3191,Ashley Schwartz
CUST3192,Frances Hayes
CUST3193,William Beck
CUST3194,Michelle Chambers
CUST3195,Susan Sanders
CUST3196,John Reyes
CUST3197,Madison Thompson
CUST3198,William Jackson
CUST3199,Stephanie Martin
CUST3200,Joanna Nguyen
CUST3201,Katherine Sullivan
CUST3202,Stephen Ortega
CUST3203,Tina Barrera MD
CUST3204,Joshua Werner
CUST3205,Stacy Kelly
CUST3206,Kathleen Thompson
CUST3207,Christopher Lamb
CUST3208,Tonya King
CUST3209,Kirk Gonzalez
CUST3210,Aaron Moore
CUST3211,Thomas Evans
CUST3212,Derek Booker
CUST3213,Anthony Thompson
CUST3214,Shawn Sullivan
CUST3215,Christopher Mendoza
CUST3216,Mr. Jesse Eaton
CUST3217,Billy Hill
CUST3218,Richard Griffith
CUST3219,David Carter
CUST3220,William Santana
CUST3221,Karina Martinez
CUST3222,Jennifer Rios
CUST3223,Dawn Bowman
CUST3224,Matthew Sanchez
CUST3225,Robert Ramirez
CUST3226,Brandon Montes
CUST3227,John Edwards
CUST3228,Joan Bernard
CUST3229,Susan Johnson
CUST3230,Henry Clark
CUST3231,Kerry Thompson
CUST3232,Melanie Howell
CUST3233,Stacy Edwards
CUST3234,William Lee
CUST3235,Andrew Wilcox
CUST3236,Cody Fowler
CUST3237,Yolanda Watson
CUST3238,Frederick Bowman
CUST3239,Toni Noble
CUST3240,Edward Walters
CUST3241,Denise Fitzgerald
CUST3242,Dr. Matthew Baker
CUST3243,Alexandria Forbes
CUST3244,Cheryl Diaz
CUST3245,Natalie Simmons
CUST3246,Thomas Mata
CUST3247,Adam Sutton
CUST3248,Tyler Berger
CUST3249,Alicia Green
CUST3250,Jonathan Sampson
CUST3251,Patricia Gutierrez
CUST3252,Andrea Armstrong
CUST3253,Eric Parrish
CUST3254,Laura Richardson
CUST3255,Michael Greer
CUST3256,Melissa Powell
CUST3257,Lisa Sullivan
CUST3258,Shannon Swanson
CUST3259,Shawn Ashley
CUST3260,Melanie Thomas
CUST3261,Kelly Curry
CUST3262,Jeanne Clark MD
CUST3263,Bobby Galloway
CUST3264,Steven Michael
CUST3265,Pamela Jones
CUST3266,Patrick Russell
CUST3267,Sara Lam
CUST3268,Jocelyn Gray
CUST3269,Matthew Waters
CUST3270,Barry Jefferson
CUST3271,Christopher Copeland
CUST3272,Joseph Beck
CUST3273,Erik Phillips
CUST3274,Derek Johnson IV
CUST3275,Ashley Fox
CUST3276,Justin Rodriguez
CUST3277,Lisa Shaw
CUST3278,Shannon Garcia
CUST3279,Molly Ramos
CUST3280,Roger Wiggins
CUST3281,Kiara Brown
CUST3282,David Irwin
CUST3283,Sean Becker
CUST3284,Andrew Irwin
CUST3285,Brian Cook
CUST3286,Paul Brown
CUST3287,Tyler Nguyen
CUST3288,Ashlee Martinez
CUST3289,Michael Livingston
CUST3290,Marie Jackson
CUST3291,Daniel Rogers
CUST3292,Maxwell Bridges
CUST3293,Ryan Briggs
CUST3294,George Nelson
CUST3295,Joshua Hamilton
CUST3296,Kristen Vincent
CUST3297,Jonathan Maldonado
CUST3298,Austin Black
CUST3299,Greg Martin
CUST3300,Rachel Harris
CUST3301,Lynn Odonnell
CUST3302,Mark Nelson
CUST3303,Jeffrey Martin
CUST3304,Robert Oconnor
CUST3305,Kelly Scott
CUST3306,Paula Alvarez
CUST3307,Brandy Stone
CUST3308,Mary Green
CUST3309,Angela Velazquez
CUST3310,Alicia Thornton
CUST3311,Joseph Shaw
CUST3312,Danielle Leonard
CUST3313,Diane Stokes
CUST3314,Sharon Woods
CUST3315,Kristen Arroyo
CUST3316,Alisha Butler
CUST3317,Megan Lee
CUST3318,Paul Clark
CUST3319,Laura Bailey
CUST3320,Peggy Owens
CUST3321,Cheryl Callahan
CUST3322,Heather Brennan
CUST3323,Isaac Murphy
CUST3324,Alison Harris
CUST3325,Jamie Edwards
CUST3326,Robert Allen
CUST3327,Sandra Robertson
CUST3328,Crystal Ashley
CUST3329,Jeremy Nelson
CUST3330,William Garcia
CUST3331,Tristan Jones
CUST3332,Catherine Thompson
CUST3333,William Bryan
CUST3334,Susan Beltran
CUST3335,Linda Haas
CUST3336,Shannon King
CUST3337,Shawn Davidson
CUST3338,Jennifer Ryan
CUST3339,Ryan Horton
CUST3340,Evelyn Brown
CUST3341,Lance Mccarthy
CUST3342,Jason Dalton
CUST3343,Michelle Dickerson
CUST3344,Sarah Copeland
CUST3345,Chase Torres
CUST3346,Carol Scott
CUST3347,Anthony Campos
CUST3348,Jeffery Branch
CUST3349,Christian Wright
CUST3350,Heather Simpson
CUST3351,Lance Moreno
CUST3352,Tanya Martin
CUST3353,Monica Kennedy
CUST3354,Kari Taylor
CUST3355,Samuel Johnson
CUST3356,Lori Roberts
CUST3357,Brad Hanson
CUST3358,Melissa Pitts
CUST3359,Jeffrey Skinner
CUST3360,Scott Gibbs
CUST3361,Tracy Lawrence
CUST3362,John Carlson
CUST3363,Sarah Calderon
CUST3364,Mark Branch
CUST3365,Chad Lane
CUST3366,Eric Garcia
CUST3367,Andrew Gates
CUST3368,Stacy Reyes
CUST3369,Kimberly Fisher
CUST3370,Margaret Brown
CUST3371,Donald Cook DDS
CUST3372,Donald Nunez
CUST3373,James Mason
CUST3374,Kevin Schmidt
CUST3375,Melissa Bennett
CUST3376,James Page
CUST3377,Kristen Nelson
CUST3378,Scott Flynn
CUST3379,Erika Moore
CUST3380,Ryan Gomez
CUST3381,Martin West
CUST3382,Ian Miller
CUST3383,Thomas Johnston
CUST3384,Heather Peterson
CUST3385,Lauren Miller
CUST3386,Jason Woods
CUST3387,Jordan Rodriguez
CUST3388,Lisa Burns
CUST3389,Jennifer Tapia
CUST3390,Jason Wilson
CUST3391,Ann Allen
CUST3392,Jennifer Riddle
CUST3393,Bryan Deleon
CUST3394,Meghan Goodwin
CUST3395,Jessica Gibbs
CUST3396,James Sanders
CUST3397,Christina Foster
CUST3398,Cody Smith
CUST3399,Alex Morales
CUST3400,Evan Meza
CUST3401,Katherine Huber
CUST3402,Alyssa Smith
CUST3403,Jonathan Leblanc
CUST3404,Christopher Conley
CUST3405,Tammy Harris MD
CUST3406,Brian Stanley
CUST3407,Allison Parker
CUST3408,Travis Robinson
CUST3409,Paula Flores
CUST3410,Shannon Lindsey
CUST3411,Rita Graham
CUST3412,Kimberly Wilson
CUST3413,Adam Gentry
CUST3414,Mrs. Ashley Moore
CUST3415,Joseph Farrell
CUST3416,Gary Davis
CUST3417,Scott Lawson MD
CUST3418,Bryan Madden
CUST3419,Teresa Dennis
CUST3420,John Torres
CUST3421,Troy Branch
CUST3422,Angela Li
CUST3423,Ronald Wheeler
CUST3424,Jennifer Garza
CUST3425,Richard Hill
CUST3426,Elizabeth Smith
CUST3427,Jacob Miles
CUST3428,Brenda Ross
CUST3429,Natasha Smith
CUST3430,Anne Rodriguez
CUST3431,Justin Howard
CUST3432,Emily Long
CUST3433,Robin Taylor
CUST3434,Jennifer Knight
CUST3435,Tiffany Dawson
CUST3436,Timothy Moore
CUST3437,Raymond Harris
CUST3438,Teresa Henderson
CUST3439,Rose Gallagher
CUST3440,Dylan Williams
CUST3441,Samantha Allen
CUST3442,Manuel Dillon
CUST3443,Scott Cook
CUST3444,Melvin Sexton
CUST3445,Rebecca King
CUST3446,Debra Duncan
CUST3447,Elizabeth Byrd
CUST3448,Daniel Erickson
CUST3449,Emily Brown
CUST3450,Abigail Rodriguez
CUST3451,Ryan Morgan
CUST3452,Dr. Maria Lynch
CUST3453,Jeffrey Barrera
CUST3454,Tonya Garcia
CUST3455,Brian Gardner
CUST3456,Teresa Kelly
CUST3457,Katherine Ramirez
CUST3458,Candace Patterson
CUST3459,Tiffany Joseph
CUST3460,Jason Swanson
CUST3461,Zachary Raymond
CUST3462,Jorge Russo
CUST3463,Jacob Evans
CUST3464,Jaime Massey
CUST3465,Nancy Rice
CUST3466,Crystal Cook DVM
CUST3467,Valerie Elliott
CUST3468,Bobby Fox
CUST3469,Jennifer Blanchard
CUST3470,Ronald Russell
CUST3471,Jesse Pollard
CUST3472,Jeff Barrett
CUST3473,Amanda Mccoy
CUST3474,Alexandra Shaffer
CUST3475,Derrick Valdez
CUST3476,Kristy Mckenzie
CUST3477,Samantha Figueroa
CUST3478,Renee Michael
CUST3479,Kimberly Jimenez
CUST3480,Michael Hill
CUST3481,James Green
CUST3482,Michael Petersen
CUST3483,Johnny Hale
CUST3484,David Howard
CUST3485,Joshua Becker
CUST3486,Rachel Parsons
CUST3487,Luis Armstrong
CUST3488,Savannah Lowery
CUST3489,Daniel Silva
CUST3490,Brady Sullivan
CUST3491,Mark Simmons
CUST3492,Michelle Wilkins
CUST3493,Ashley Marshall
CUST3494,Joshua Miller
CUST3495,Ryan Park
CUST3496,Katrina Zuniga
CUST3497,Bryan Brown DDS
CUST3498,David Richards
CUST3499,Alicia Mathews
CUST3500,Travis Harper
CUST3501,Robert Herman
CUST3502,Kim Dyer
CUST3503,Charles Patton
CUST3504,Regina Miller
CUST3505,Traci Adkins
CUST3506,Veronica Jones
CUST3507,Jade Johnson
CUST3508,Mary Johnson
CUST3509,Matthew Brooks
CUST3510,Jimmy Ponce
CUST3511,Bradley Garcia
CUST3512,Stacey Walls
CUST3513,Deanna Patrick
CUST3514,Michelle Butler
CUST3515,Michael Carter
CUST3516,Ruth Carroll
CUST3517,Roy Walker MD
CUST3518,Briana Jones
CUST3519,Anthony Douglas
CUST3520,Kenneth Johnston
CUST3521,Michelle Raymond
CUST3522,Andrea Howell
CUST3523,Michael Travis
CUST3524,Brandon Richardson
CUST3525,Emma Patton
CUST3526,Thomas Mccarthy
CUST3527,Joe Clements
CUST3528,Jesse Trujillo
CUST3529,Amy Brown
CUST3530,Jillian Grimes
CUST3531,Mike Gallegos
CUST3532,Terry Bullock
CUST3533,Jill Hubbard
CUST3534,Peter Guerrero
CUST3535,Jason Cameron
CUST3536,Jerome Patrick
CUST3537,Mr. Jeffrey Flores
CUST3538,Juan Bowen
CUST3539,Dr. Laura Montgomery
CUST3540,Miranda Olson
CUST3541,Jeffrey Gardner
CUST3542,Mark Francis
CUST3543,Krystal Weber
CUST3544,Robert Armstrong
CUST3545,Patrick Calderon
CUST3546,Cynthia Patrick
CUST3547,Eric Howard
CUST3548,Renee Duke
CUST3549,Samantha Rogers
CUST3550,Brenda Black
CUST3551,Joe Stanton
CUST3552,Dominique Marquez
CUST3553,Kimberly Edwards
CUST3554,Samantha Johnston
CUST3555,Phillip Cooper
CUST3556,Deborah Contreras
CUST3557,Cory Davis
CUST3558,Daniel Campos
CUST3559,Manuel Kim
CUST3560,Aaron Ramirez
CUST3561,Douglas Ruiz
CUST3562,Richard Luna
CUST3563,Linda Rivera
CUST3564,George Pineda
CUST3565,Roger Smith
CUST3566,Sandra Snyder
CUST3567,Cynthia Harrell
CUST3568,Carl Craig
CUST3569,David Patrick
CUST3570,Linda Walton
CUST3571,Thomas Dean
CUST3572,Kevin Bauer
CUST3573,Ryan Hughes
CUST3574,Susan Warren
CUST3575,David Hall
CUST3576,Diana Hart
CUST3577,Margaret Jennings
CUST3578,Joshua Hopkins
CUST3579,Mr. Christopher Robinson
CUST3580,Jerry Garcia
CUST3581,Cassandra Graves
CUST3582,Linda Martinez
CUST3583,Wesley Patterson
CUST3584,Susan Walker
CUST3585,Frederick Ray
CUST3586,Allison Bailey
CUST3587,Matthew Knapp
CUST3588,Nicole Mitchell
CUST3589,Jessica Valencia
CUST3590,Michele Moss
CUST3591,Sandra Trujillo
CUST3592,Cynthia Kelly
CUST3593,Diana Baker
CUST3594,Joshua Williamson
CUST3595,Rachel Martinez
CUST3596,Tiffany Hart
CUST3597,Gordon Medina
CUST3598,Dr. Jodi Smith DDS
CUST3599,Marie Galvan
CUST3600,David Horn
CUST3601,Melissa Thompson
CUST3602,Lee Mcpherson
CUST3603,Jessica Love
CUST3604,Kevin Bowman
CUST3605,James Jimenez
CUST3606,Donald Porter
CUST3607,Ashley Owens
CUST3608,Aaron Hicks
CUST3609,Todd Jones
CUST3610,Krista Murray
CUST3611,Randy Hebert
CUST3612,Nancy Newman
CUST3613,Matthew Parker
CUST3614,Melissa Ewing
CUST3615,Andrew Mendez
CUST3616,Michael Perez
CUST3617,Logan White
CUST3618,Caroline Smith
CUST3619,Thomas Jones MD
CUST3620,Crystal Taylor
CUST3621,Sharon Erickson
CUST3622,Sarah Morgan
CUST3623,Sarah Gray
CUST3624,James Henry
CUST3625,Marcus Garcia
CUST3626,Glenn Morris
CUST3627,Michael Long
CUST3628,Mercedes Weber
CUST3629,Joseph Parker
CUST3630,Sonya Preston
CUST3631,Jeffrey Wilkinson
CUST3632,Danielle West
CUST3633,Anthony Rice
CUST3634,Raymond Perez
CUST3635,Kristina Mitchell
CUST3636,Alyssa Jensen
CUST3637,Sylvia Parker
CUST3638,William Mcknight
CUST3639,David Rosario
CUST3640,Ruth Burton
CUST3641,Lisa Cobb
CUST3642,Kevin Mays
CUST3643,Holly Rodriguez
CUST3644,Samuel Douglas
CUST3645,Samantha Hughes
CUST3646,Samantha Yoder
CUST3647,Steven Robles
CUST3648,Ashley Brown
CUST3649,Lisa Arnold
CUST3650,Michael Davis
CUST3651,Daniel Scott
CUST3652,Emma Harding
CUST3653,Edward Turner
CUST3654,Andrea Gonzales
CUST3655,Cassandra Brown
CUST3656,Chris Guerrero
CUST3657,Tina Ortiz MD
CUST3658,Sean Klein
CUST3659,Jennifer Mccullough
CUST3660,Brian Powell
CUST3661,Alan Solis
CUST3662,Paula Gardner
CUST3663,David Bowman
CUST3664,Austin Long
CUST3665,Lisa Soto
CUST3666,Antonio Wright
CUST3667,Lindsay Wallace
CUST3668,Anna Francis
CUST3669,Anthony Ramirez
CUST3670,Courtney Snyder
CUST3671,Brandy Sutton
CUST3672,Andrew Harris
CUST3673,Elizabeth Peters
CUST3674,Tracy Houston
CUST3675,Catherine Rodriguez
CUST3676,Charles Price
CUST3677,Brandon Carson DDS
CUST3678,Kathryn Webb
CUST3679,Sandra Richards
CUST3680,Tina Buckley
CUST3681,Samantha Wilson
CUST3682,Maurice Ryan
CUST3683,Barry Yang
CUST3684,Tracey Bush
CUST3685,Donna Cooke
CUST3686,Katherine Webb
CUST3687,Mrs. Jacqueline Mathis
CUST3688,Ross Torres
CUST3689,Kenneth Carter
CUST3690,April Joseph
CUST3691,Matthew Kelley
CUST3692,Jessica Morales
CUST3693,Stacey Lawson
CUST3694,Lawrence Myers
CUST3695,Yesenia Sweeney
CUST3696,Richard Curtis
CUST3697,Tyler Washington
CUST3698,Felicia Jenkins
CUST3699,Lori Price
CUST3700,Bryan Matthews
CUST3701,Faith Dominguez
CUST3702,Michelle Moore
CUST3703,Jeremy Taylor
CUST3704,Tina Cox
CUST3705,Daniel Allen
CUST3706,Daniel Sanchez
CUST3707,Dylan Porter
CUST3708,Ian Goodwin
CUST3709,Emily Torres
CUST3710,Dustin Potter
CUST3711,Angel Rice
CUST3712,Nancy Anderson
CUST3713,Jonathan Rodriguez
CUST3714,Deborah Welch
CUST3715,Tracey Chandler
CUST3716,Brandon Jackson
CUST3717,Mrs. Lauren Leach
CUST3718,Edward Cochran
CUST3719,Kristin Peterson
CUST3720,Tanya Alexander
CUST3721,Brett Murphy
CUST3722,Tracy Vazquez
CUST3723,Jeffery Maldonado
CUST3724,Tricia Lowe
CUST3725,Mark Hood
CUST3726,Mr. Jacob Lawrence
CUST3727,Craig Davenport
CUST3728,Danny Miller
CUST3729,Christopher Wheeler
CUST3730,James Duarte
CUST3731,David Chavez
CUST3732,Christine Murphy
CUST3733,Steven Alexander
CUST3734,Kristi Russell
CUST3735,Timothy Wall
CUST3736,Julie Morrison
CUST3737,Robert Salazar
CUST3738,Melissa Hopkins
CUST3739,Christopher Lewis
CUST3740,Kristen Lopez
CUST3741,Rachel Rogers
CUST3742,Seth Ferguson
CUST3743,Erin Moore
CUST3744,Michael Camacho
CUST3745,Sheri Campos
CUST3746,Gary Rodriguez
CUST3747,Craig Thomas
CUST3748,Steven Wright
CUST3749,Aaron Vaughn
CUST3750,Lori Meyer
CUST3751,Lori Jordan
CUST3752,Michael Marshall
CUST3753,Paul Molina
CUST3754,Michael Ware
CUST3755,Deborah Torres
CUST3756,Jerry Griffin
CUST3757,Courtney Salazar
CUST3758,Ricardo Neal
CUST3759,Joseph Fisher
CUST3760,Christine Mcclain
CUST3761,Jennifer Velez
CUST3762,Thomas Wilson
CUST3763,Christopher White
CUST3764,Jason Martin
CUST3765,Jessica Washington
CUST3766,Nicole Hayes
CUST3767,Monique Cunningham
CUST3768,Jeremiah Howell
CUST3769,Tina Jenkins
CUST3770,David Obrien
CUST3771,Cynthia Moore
CUST3772,Marissa Terrell
CUST3773,Paul Hamilton DDS
CUST3774,Nicole Matthews
CUST3775,Sharon Norris
CUST3776,Maria Wolfe
CUST3777,Sarah Fox
CUST3778,Austin Monroe
CUST3779,Jo Lang
CUST3780,Kimberly Weaver
CUST3781,Sabrina Conway
CUST3782,Timothy Patrick
CUST3783,Jennifer Green
CUST3784,Brenda Koch
CUST3785,Arthur Sullivan
CUST3786,Caitlin Hill
CUST3787,Tanya Hernandez
CUST3788,Danielle Kelly
CUST3789,Jeffrey Carr
CUST3790,Robert Russell
CUST3791,Angel Olson
CUST3792,Tracy Allen
CUST3793,Brian Fritz
CUST3794,Reginald Lopez
CUST3795,Vicki Hill
CUST3796,Jessica Gray
CUST3797,Mitchell Gibbs
CUST3798,Christopher Faulkner
CUST3799,Rose Harris
CUST3800,Michael Jones
CUST3801,Spencer Conley
CUST3802,Kristi Quinn
CUST3803,Tyler Davies
CUST3804,Dennis Scott
CUST3805,Chase Cummings
CUST3806,Colin Wong
CUST3807,Ryan Thomas
CUST3808,Victor Thompson
CUST3809,Mark Carter
CUST3810,Anthony Brown
CUST3811,Stephanie Taylor
CUST3812,Dylan Lewis
CUST3813,Bill Reynolds
CUST3814,Kristin Moore
CUST3815,Alexis Rhodes
CUST3816,Joseph Alvarez
CUST3817,Valerie Reed
CUST3818,Carolyn Romero
CUST3819,David Carr
CUST3820,Kelly Wallace
CUST3821,Cindy Williams
CUST3822,Sara Simon
CUST3823,Jeremy Yates
CUST3824,Michael Pitts
CUST3825,Maria Avery
CUST3826,Jennifer Henderson
CUST3827,Veronica Ellis
CUST3828,Daniel Henderson
CUST3829,Robin Stuart
CUST3830,Daniel Mcdowell
CUST3831,David Nelson
CUST3832,Richard Mitchell
CUST3833,Joshua Savage
CUST3834,Kayla Le
CUST3835,William Gardner
CUST3836,William Valenzuela
CUST3837,Joseph Montes
CUST3838,Penny Mitchell
CUST3839,Tammy Wilcox DDS
CUST3840,Rodney Watkins
CUST3841,Joshua Hill
CUST3842,Ruben Montoya
CUST3843,Trevor Campbell DDS
CUST3844,April Lopez
CUST3845,Omar Roberts
CUST3846,Raymond Williams
CUST3847,Vanessa Carpenter
CUST3848,Maria Cruz
CUST3849,Bobby Jones
CUST3850,Vanessa Flores
CUST3851,Linda White
CUST3852,Christine Bruce
CUST3853,Anna Russell
CUST3854,Chloe Bishop
CUST3855,David Sanders
CUST3856,Tiffany Castillo
CUST3857,Gary Esparza
CUST3858,Thomas Ford
CUST3859,Scott Wilson
CUST3860,Nicholas Tyler
CUST3861,Alicia Matthews
CUST3862,Anita Arnold
CUST3863,Rebecca Avila
CUST3864,Karen Mullins
CUST3865,Kayla Sanchez
CUST3866,Jonathan Hanna
CUST3867,Michelle Clark
CUST3868,Timothy Jones
CUST3869,Stanley English
CUST3870,Jessica Bowen
CUST3871,Heather Nguyen
CUST3872,David Lewis
CUST3873,Jeremy Thompson
CUST3874,Jessica Lewis
CUST3875,Nathan Cruz
CUST3876,Donna Choi
CUST3877,David Sloan
CUST3878,Calvin Martin
CUST3879,Joseph Patrick
CUST3880,Kristina Scott
CUST3881,Kristie Lopez
CUST3882,Jason Schmitt
CUST3883,Benjamin Medina
CUST3884,Donald Howell
CUST3885,Anita Benson
CUST3886,Curtis Jacobson
CUST3887,Joseph Matthews DDS
CUST3888,Todd Chang
CUST3889,Jason Zhang
CUST3890,Thomas Oliver
CUST3891,Joseph Jefferson DDS
CUST3892,Vernon Lara
CUST3893,Robert Mclaughlin
CUST3894,Michael Ayala
CUST3895,Henry Bray
CUST3896,Shannon Olson
CUST3897,Philip Johnson
CUST3898,Michelle Little
CUST3899,Randy Munoz
CUST3900,Todd Hancock
CUST3901,Lawrence Miller
CUST3902,Candice Hayes
CUST3903,Alyssa Morales
CUST3904,Michael Fox
CUST3905,Vincent Moore
CUST3906,Steven Robinson
CUST3907,Emily Hayes
CUST3908,Joyce Welch
CUST3909,Denise Fox
CUST3910,Wesley Griffin
CUST3911,Mary Ward
CUST3912,Carolyn Martin
CUST3913,Laura Perez
CUST3914,Aaron Mitchell
CUST3915,Richard Nunez
CUST3916,Thomas Johnson
CUST3917,Kimberly Evans
CUST3918,Lauren Martinez
CUST3919,Bonnie Myers
CUST3920,Stefanie Lane
CUST3921,Suzanne Maldonado
CUST3922,Jordan Jackson
CUST3923,Maria Trevino
CUST3924,Jose Moore
CUST3925,Joshua Ramos
CUST3926,Joseph Roy
CUST3927,Jonathan Simmons
CUST3928,Karen Taylor
CUST3929,Eddie Gill
CUST3930,Charles Moran
CUST3931,Steve Goodman
CUST3932,Brittany Livingston
CUST3933,Brian Larson DDS
CUST3934,Bobby Barnes
CUST3935,Mary Foster
CUST3936,Nicholas Watson
CUST3937,Laura Russell
CUST3938,Randy Swanson
CUST3939,Mr. Timothy Morris
CUST3940,Angela Owens
CUST3941,James Benson
CUST3942,Daniel Brooks
CUST3943,Tyler Snow
CUST3944,Kristen Harris
CUST3945,Denise Zamora
CUST3946,John Boyle
CUST3947,Derrick Chase
CUST3948,Susan Lee
CUST3949,Gregory Chavez
CUST3950,Stacey Miller
CUST3951,Gary Edwards
CUST3952,Victoria Wells
CUST3953,William Simmons
CUST3954,Crystal Martin
CUST3955,Gary Copeland
CUST3956,Raymond Klein
CUST3957,Lisa Scott
CUST3958,Timothy Robinson
CUST3959,Joseph York
CUST3960,Chad Baker
CUST3961,Shannon Reed
CUST3962,Isaiah Jackson
CUST3963,James Snyder
CUST3964,April Sanders
CUST3965,Brittany Miller
CUST3966,Travis Davis
CUST3967,Daniel Green
CUST3968,Randy Hammond
CUST3969,Amy Riley
CUST3970,Laura Little
CUST3971,Gregory Gardner
CUST3972,Cassidy Smith
CUST3973,Jared Conley MD
CUST3974,Sara Calderon
CUST3975,Linda Cardenas
CUST3976,Candice Johnson
CUST3977,Dawn Kelley
CUST3978,Denise Robertson
CUST3979,Anthony Bell
CUST3980,Casey Clark
CUST3981,Travis Reynolds
CUST3982,Kevin Roberts
CUST3983,Christopher Miles
CUST3984,Michael Choi
CUST3985,John Nunez
CUST3986,Ryan Avila
CUST3987,Rachel Rodriguez
CUST3988,Jeffrey Pratt
CUST3989,Theresa Mullins
CUST3990,Mark Garcia
CUST3991,Dylan Bailey
CUST3992,Peter Daugherty
CUST3993,Robyn Rice
CUST3994,James Gardner
CUST3995,Timothy Cox
CUST3996,Lori Duke
CUST3997,Leslie Lowe
CUST3998,Brenda Morris
CUST3999,Hannah Leon
CUST4000,Caroline Burgess
CUST4001,Kristin Jenkins
CUST4002,Heather Levy
CUST4003,Jennifer Mcgrath
CUST4004,Alex Sawyer
CUST4005,Daniel Sanford
CUST4006,Julie Carr
CUST4007,Joshua Williams
CUST4008,Amanda Palmer
CUST4009,Donna Carson
CUST4010,Jonathon Hill
CUST4011,Patricia Stafford
CUST4012,Alexis Weber
CUST4013,Wendy Mccarthy
CUST4014,Joshua Wright
CUST4015,Katrina White
CUST4016,Anthony White
CUST4017,Adam Wilson
CUST4018,Jim Davis
CUST4019,Benjamin Santos
CUST4020,Thomas Martinez
CUST4021,Clarence Brown
CUST4022,Chad Alvarado
CUST4023,Mr. David Berry
CUST4024,Susan Bond
CUST4025,Gloria Nelson
CUST4026,Cheryl Gonzalez
CUST4027,Jacob Bennett
CUST4028,Hannah Ward
CUST4029,Holly Roberts
CUST4030,Mr. Matthew Brooks DDS
CUST4031,Misty Austin
CUST4032,Tyler Collier
CUST4033,Jill Mejia
CUST4034,Zachary Davis
CUST4035,Daniel Burns
CUST4036,Mary Francis
CUST4037,Charles Cooke
CUST4038,Rebecca Bennett
CUST4039,Cynthia Pena
CUST4040,Joseph Martin
CUST4041,Sharon Foster
CUST4042,Christopher Walters
CUST4043,Kayla Gonzalez
CUST4044,Susan Vasquez
CUST4045,Cheryl Wells
CUST4046,Micheal Jones
CUST4047,Ryan Woods
CUST4048,Rebecca Wells
CUST4049,Ashley Rice
CUST4050,Chad Weaver
CUST4051,Elizabeth Singh
CUST4052,Laura Robinson
CUST4053,Sarah Myers
CUST4054,John Robinson
CUST4055,Gregory Garcia
CUST4056,Margaret Scott
CUST4057,Cory Smith
CUST4058,Jesse Bass
CUST4059,Christina Ramsey
CUST4060,Stephanie Sanchez DDS
CUST4061,Judith Wilson
CUST4062,Kenneth Mitchell
CUST4063,Nancy Ryan
CUST4064,Jill Ellis
CUST4065,Joel Walker
CUST4066,Curtis Wilson
CUST4067,Jill Miller
CUST4068,Samuel Weber
CUST4069,Dana Rhodes
CUST4070,Brian Baker
CUST4071,Marisa White
CUST4072,Amanda Watkins
CUST4073,Angela Thomas
CUST4074,Bonnie York
CUST4075,Barbara Holder
CUST4076,Sarah Mcintyre
CUST4077,Amanda Hill
CUST4078,Michael Morris
CUST4079,Christopher Richards
CUST4080,Jennifer Chavez
CUST4081,Gregg Bailey
CUST4082,Curtis Brown
CUST4083,Caroline Miller
CUST4084,Mr. Michael Oliver
CUST4085,Leslie Livingston
CUST4086,Brian Diaz
CUST4087,Terry King
CUST4088,Michael Dickson
CUST4089,Sarah Diaz
CUST4090,Pamela Lee
CUST4091,John Roberts
CUST4092,Natasha Edwards
CUST4093,Joanna Dunn
CUST4094,Maria Anderson
CUST4095,Barbara Colon
CUST4096,Angela Martin
CUST4097,John Cannon
CUST4098,Sherry Lynn
CUST4099,Adrian Nguyen
CUST4100,Nicholas Diaz
CUST4101,Glenda Reynolds
CUST4102,Sandra Armstrong
CUST4103,Erica Taylor
CUST4104,Nicholas Gonzalez
CUST4105,Jennifer Ingram
CUST4106,Renee Ibarra
CUST4107,Ashley Vaughn
CUST4108,Dawn Jones
CUST4109,Candace Hogan
CUST4110,Laura Merritt
CUST4111,James Daniels
CUST4112,Thomas Velazquez
CUST4113,Stephanie Randall
CUST4114,Robert Price
CUST4115,Nathaniel Sanchez
CUST4116,Alex Frye
CUST4117,Brandon Nelson
CUST4118,Shannon Harmon
CUST4119,Justin Golden
CUST4120,Brandon Roberts
CUST4121,Jake Osborne
CUST4122,Gabrielle Rodriguez DDS
CUST4123,Maurice Mckay
CUST4124,Andrew Thomas
CUST4125,Dr. Daniel Adkins
CUST4126,Carrie Johnson
CUST4127,Wayne Pierce
CUST4128,Kayla Clark
CUST4129,Katrina Campbell
CUST4130,April Vaughn
CUST4131,Stephen James
CUST4132,Mary Hughes
CUST4133,Shannon Romero
CUST4134,Scott Thompson
CUST4135,Charles Austin
CUST4136,Linda Santana
CUST4137,Brad George
CUST4138,Darlene Boyd
CUST4139,Rebecca Lindsey
CUST4140,Dennis Hawkins
CUST4141,Scott Bernard
CUST4142,Alexa Johnson
CUST4143,Brenda Chen
CUST4144,Thomas Wright
CUST4145,Ashley Tucker
CUST4146,Rose Williams
CUST4147,Lisa Gonzales
CUST4148,Gregory Phillips
CUST4149,Nathan Richards
CUST4150,Jacob Brooks
CUST4151,Alisha Hammond
CUST4152,Christopher Parker
CUST4153,Derek Harris
CUST4154,Daniel Welch
CUST4155,Jennifer Adams
CUST4156,Leslie Jones
CUST4157,Ashley Osborn
CUST4158,Meagan Douglas
CUST4159,Heather Hernandez
CUST4160,Nichole Dominguez
CUST4161,Brittany Espinoza
CUST4162,James Adams
CUST4163,Timothy Sims
CUST4164,William Herman
CUST4165,Shawn Lynch
CUST4166,Jason Gross
CUST4167,Cathy Brown
CUST4168,Janet Crawford
CUST4169,Nicole Barton
CUST4170,Christopher Wright
CUST4171,Jennifer White
CUST4172,Dalton Gill
CUST4173,David Lloyd
CUST4174,Jody Hayden
CUST4175,Matthew Wright
CUST4176,Christina Lopez
CUST4177,Angela Hill
CUST4178,Oscar Cortez
CUST4179,Charles Doyle
CUST4180,Leslie Thompson
CUST4181,Michelle Miller
CUST4182,Meagan Boone
CUST4183,Russell Acevedo
CUST4184,Traci Campbell
CUST4185,James Jones
CUST4186,Leslie Clark
CUST4187,Jack Smith
CUST4188,Evan Johnson
CUST4189,Mrs. Laura Gross
CUST4190,Justin Thomas
CUST4191,Brian Bowman
CUST4192,Isaac Bryant
CUST4193,Vincent Porter
CUST4194,Christine Woods
CUST4195,Penny Grimes
CUST4196,Brandy Rivera
CUST4197,Kelsey Hernandez
CUST4198,Mr. Christopher Thomas
CUST4199,Melanie Saunders
CUST4200,Charles Hall
CUST4201,Andrea Jordan
CUST4202,Ethan Phillips
CUST4203,Jackie Jackson
CUST4204,Brenda Mcintyre
CUST4205,Stacy Thomas
CUST4206,Patricia Carr
CUST4207,Henry Mckinney
CUST4208,Joann Owens
CUST4209,Paula Gordon
CUST4210,Tiffany Coleman
CUST4211,Kristen Martinez
CUST4212,Denise Long
CUST4213,Michele Peterson
CUST4214,Andrew Craig
CUST4215,Craig Howard
CUST4216,John Good
CUST4217,Oscar Vang
CUST4218,Barry Larson
CUST4219,Denise Arellano
CUST4220,William Russo
CUST4221,Stacy Richard
CUST4222,Jennifer Robinson
CUST4223,Carrie Small
CUST4224,Kimberly Manning
CUST4225,Angela Klein
CUST4226,Holly Brown
CUST4227,Teresa Blake
CUST4228,Scott Shah
CUST4229,Mr. Gerald Whitney III
CUST4230,Scott Nichols
CUST4231,Jennifer Hartman
CUST4232,Joseph Miller
CUST4233,Louis Brown DVM
CUST4234,Holly Hancock
CUST4235,Patricia Greer
CUST4236,Jason Marks
CUST4237,Brandy Fields
CUST4238,Ian Martinez
CUST4239,Sydney Cohen
CUST4240,Laura Carlson MD
CUST4241,Robert Hughes
CUST4242,Eric Montgomery
CUST4243,Annette Hernandez
CUST4244,Renee Taylor
CUST4245,Mary Spencer
CUST4246,David Johnson
CUST4247,Julian Gray
CUST4248,Martha Dyer
CUST4249,Katie Murphy
CUST4250,Lisa Summers
CUST4251,Jessica Olson
CUST4252,William Charles
CUST4253,Kurt Barr
CUST4254,Paul Rose
CUST4255,Sandra Church
CUST4256,Jose Hammond
CUST4257,Julia Macias
CUST4258,Eric Cook
CUST4259,Michael Oliver
CUST4260,Cynthia Farmer MD
CUST4261,Veronica Phillips
CUST4262,Bailey Carter
CUST4263,Ashley Beck
CUST4264,William Mills
CUST4265,Ricardo Carlson
CUST4266,Erica Mack
CUST4267,David Cox
CUST4268,David Huff
CUST4269,Kim Phelps
CUST4270,Kevin Rogers
CUST4271,Michael Pierce
CUST4272,Scott Lopez
CUST4273,John Sandoval
CUST4274,Carol Lane
CUST4275,Kelly Thompson
CUST4276,Matthew Mckay
CUST4277,Connie Gates
CUST4278,Alyssa Jackson
CUST4279,Sarah Ramirez
CUST4280,Kathleen Solis
CUST4281,Ashley King
CUST4282,Darrell Hernandez
CUST4283,Andrew Davis
CUST4284,Julie Lewis
CUST4285,Hector Watkins
CUST4286,Crystal Boyd
CUST4287,Monica King
CUST4288,Susan Hudson
CUST4289,Michael Brown
CUST4290,Benjamin Andersen
CUST4291,Eric Marks
CUST4292,John Sanders
CUST4293,Tara Jones
CUST4294,Lindsay Nguyen
CUST4295,Sarah Moore
CUST4296,Andre Vega
CUST4297,Andrea Durham
CUST4298,Colleen Myers
CUST4299,Donald Wagner
CUST4300,Timothy Williams
CUST4301,Jennifer Hill
CUST4302,Bradley Snyder
CUST4303,Jeremiah Watkins
CUST4304,Brandon Stewart
CUST4305,Sierra Adams
CUST4306,Rebekah Carter
CUST4307,Jennifer Waters
CUST4308,Joseph Decker
CUST4309,Thomas Clark
CUST4310,Aaron Villa
CUST4311,Luis Scott
CUST4312,Allison Morrison
CUST4313,Daisy Nunez
CUST4314,Michael Mendez
CUST4315,Cynthia Lee
CUST4316,Jamie Frazier
CUST4317,Luke Martin
CUST4318,Michael Ward
CUST4319,Steven Hunt
CUST4320,Laura Farley
CUST4321,Angela Gonzalez
CUST4322,Andrea Robertson
CUST4323,Sandra Watts
CUST4324,Philip Huynh
CUST4325,Troy Patton
CUST4326,Erika Cannon
CUST4327,Jamie Kirk
CUST4328,Elizabeth Bruce
CUST4329,Stephanie Howard
CUST4330,Susan Garner
CUST4331,Sarah Shaw
CUST4332,Alan Arnold
CUST4333,Donald Mullins
CUST4334,Preston Foster
CUST4335,Ashley Garcia
CUST4336,Laura Good
CUST4337,Maureen Tran
CUST4338,Brittany Griffin
CUST4339,Robert Anderson
CUST4340,Lawrence Davis
CUST4341,John Martin
CUST4342,William Brown
CUST4343,Kyle Bray
CUST4344,Charles Carrillo
CUST4345,Jeffrey Paul
CUST4346,Tracy Rodriguez
CUST4347,Sue Ford
CUST4348,Patricia Howell
CUST4349,Joshua Stone
CUST4350,Steven Hoover
CUST4351,Vicki Moses
CUST4352,Rodney Hensley
CUST4353,Kenneth Hill
CUST4354,Scott Brown
CUST4355,Jim Miller
CUST4356,Melanie Huerta
CUST4357,Suzanne Green
CUST4358,Grace Adams
CUST4359,Rhonda Carr
CUST4360,Steven Murray
CUST4361,Kristen Sawyer
CUST4362,Cindy Bryant
CUST4363,Samantha Fisher
CUST4364,Sophia Allen
CUST4365,Kyle Leach PhD
CUST4366,Chris Wright
CUST4367,Jacqueline Simmons
CUST4368,Amber Brown
CUST4369,Michael Baker
CUST4370,Mrs. Jessica Browning PhD
CUST4371,John Scott
CUST4372,Morgan Cummings
CUST4373,Amy Moore
CUST4374,Adam Hardy
CUST4375,Scott Carpenter
CUST4376,Joshua Collins
CUST4377,Cynthia Vargas
CUST4378,Paula Schneider
CUST4379,James Castillo
CUST4380,Mrs. Mary Snyder
CUST4381,Anthony Wheeler
CUST4382,Shannon Robertson
CUST4383,Angela Davis
CUST4384,Tonya Page
CUST4385,Keith Richardson
CUST4386,Jeremy Randall
CUST4387,Jason Johnson
CUST4388,Jeffrey Lee
CUST4389,Sheena Hill
CUST4390,Jillian Smith
CUST4391,David Strickland
CUST4392,Kelly Sanchez
CUST4393,Sandra Mcguire
CUST4394,Brian Cochran
CUST4395,Frank Williams
CUST4396,Lauren Chan
CUST4397,Matthew Weiss
CUST4398,Kaitlin Morgan
CUST4399,Miss Victoria Anderson DVM
CUST4400,Alexander Reese
CUST4401,Charles Mendoza
CUST4402,Patrick Douglas
CUST4403,Noah Adkins
CUST4404,Regina Rodgers
CUST4405,Andrew Williams
CUST4406,Robert Taylor
CUST4407,Cynthia Randall
CUST4408,Dustin Griffin
CUST4409,Cody Acevedo
CUST4410,Gabrielle Gardner
CUST4411,Steve Parker
CUST4412,Anthony Martin
CUST4413,Lisa Johnson
CUST4414,Scott Hoover
CUST4415,Matthew Ramirez
CUST4416,Justin Madden
CUST4417,Mrs. Cheryl Lee
CUST4418,Patricia Perez
CUST4419,Andrew Bailey
CUST4420,Mrs. Angelica Stephens
CUST4421,Jacqueline Willis
CUST4422,Elizabeth Contreras
CUST4423,Kyle Harrington
CUST4424,Laura Summers
CUST4425,Kayla Elliott
CUST4426,Melissa Romero
CUST4427,Melanie Greene
CUST4428,Allen Newman
CUST4429,Bradley Roberts
CUST4430,Jeanette Taylor
CUST4431,Christopher Shelton
CUST4432,Nicholas Baker
CUST4433,Aaron Garcia
CUST4434,Toni Cook
CUST4435,Shane Myers
CUST4436,Louis Hamilton
CUST4437,Tyler Hill
CUST4438,Melissa King
CUST4439,Robert Spencer
CUST4440,Lori Stanley
CUST4441,Jeffrey Collins
CUST4442,Justin Wilson
CUST4443,James Sexton
CUST4444,Sheri Johnson
CUST4445,Edward Atkinson
CUST4446,Alexander Gomez
CUST4447,Lauren Sullivan
CUST4448,Jean Warren
CUST4449,John King
CUST4450,Jacob King
CUST4451,Benjamin Patterson
CUST4452,Sarah Snow
CUST4453,Nathaniel Hicks
CUST4454,Veronica Russell
CUST4455,Sheila Mcdaniel
CUST4456,Michelle Alvarez
CUST4457,William Gaines
CUST4458,Austin Montoya
CUST4459,Nicholas Hopkins
CUST4460,Tanya Schmidt MD
CUST4461,Reginald Smith
CUST4462,Matthew Dominguez
CUST4463,John Barrera
CUST4464,Emily Bennett
CUST4465,Ana Gaines
CUST4466,Mr. Erik Page
CUST4467,George Sloan
CUST4468,David Brown
CUST4469,Elizabeth Kelley
CUST4470,Casey Bennett
CUST4471,Shari Marshall
CUST4472,Richard Johnson
CUST4473,Richard Moore
CUST4474,Daryl Hopkins
CUST4475,David Ponce
CUST4476,Bailey Johnson
CUST4477,Mary Rogers
CUST4478,John Terry
CUST4479,Michelle Lopez
CUST4480,Michelle Parks
CUST4481,Brian Green
CUST4482,Alejandra Collins
CUST4483,Matthew Garcia
CUST4484,Susan Palmer
CUST4485,Natasha Gibson
CUST4486,Kristy Heath
CUST4487,Billy Garcia
CUST4488,Nicholas Spencer
CUST4489,Christopher Frank
CUST4490,Nicholas Phillips
CUST4491,Mary Little
CUST4492,Damon Payne
CUST4493,Beth Warren
CUST4494,Christopher Fuller
CUST4495,Gregory Thompson
CUST4496,Teresa Gaines
CUST4497,Amy Roberts
CUST4498,Christine Sosa
CUST4499,Michael Allen
CUST4500,Nathan Bradley
CUST4501,Janet Gonzales
CUST4502,Albert Moyer
CUST4503,Samuel Farley
CUST4504,Kelly Stephens
CUST4505,Ashley Mendoza
CUST4506,Melissa Bailey
CUST4507,Bobby Rivera
CUST4508,Sandra Hernandez
CUST4509,Michael Robinson
CUST4510,Shawn Mcdonald
CUST4511,Jeremiah Lloyd
CUST4512,Amanda Mueller
CUST4513,Jeffrey Hernandez
CUST4514,Christina Morrison
CUST4515,Nancy Thomas
CUST4516,James Taylor
CUST4517,Yolanda Crawford
CUST4518,Jennifer West
CUST4519,Sharon Wang
CUST4520,Wesley Fischer
CUST4521,Samantha Boyd
CUST4522,David Yoder
CUST4523,Madeline Hampton
CUST4524,Zachary Miller
CUST4525,Crystal Collier
CUST4526,Carl Harrell
CUST4527,Ethan Fuller
CUST4528,Tiffany Parker
CUST4529,Cheyenne Martin
CUST4530,William Martin
CUST4531,Amber Davis
CUST4532,Thomas Jackson
CUST4533,Jacob Schwartz
CUST4534,Amanda Lewis
CUST4535,Scott Cochran
CUST4536,Henry Mills
CUST4537,Sarah Lopez
CUST4538,Ryan James
CUST4539,Sabrina Graham
CUST4540,Michelle Avila
CUST4541,Cassandra Gray
CUST4542,Scott Oneill
CUST4543,Randall Rush
CUST4544,Matthew Bishop
CUST4545,Paul Reed
CUST4546,Jennifer Perry
CUST4547,Sean Parker
CUST4548,Donna Browning
CUST4549,Martin Perez
CUST4550,Misty Friedman
CUST4551,Tammy Aguirre
CUST4552,Kimberly James
CUST4553,Sarah Nicholson
CUST4554,Samantha Wolfe
CUST4555,Lynn Vincent
CUST4556,Kimberly Ramirez
CUST4557,Courtney Weber
CUST4558,Mr. Benjamin Martinez
CUST4559,Ashley Rose
CUST4560,Brittany Allen
CUST4561,Brian Moyer
CUST4562,Walter Cain
CUST4563,Joshua Mccullough
CUST4564,James Moran
CUST4565,Sarah Lewis
CUST4566,Tina Ortiz
CUST4567,Kimberly Shelton
CUST4568,Tricia Lee
CUST4569,Jeffrey Parker
CUST4570,Christine Davis
CUST4571,Bailey Bowman
CUST4572,Maureen Rivera
CUST4573,Robert Cooper
CUST4574,Maureen Flores
CUST4575,Robert Turner
CUST4576,Kevin Sanchez
CUST4577,Robert Sanchez
CUST4578,Adriana Jordan
CUST4579,James Glass
CUST4580,Jeffrey Clayton
CUST4581,Jaime Palmer
CUST4582,Eric Harper
CUST4583,Danielle Wright
CUST4584,Helen Davis
CUST4585,Jared Ferguson DDS
CUST4586,Andrew Stone
CUST4587,Stephanie Flores
CUST4588,Billy Delacruz
CUST4589,Isaac Dean
CUST4590,Brianna Weaver
CUST4591,James Nelson
CUST4592,Jerry Wood
CUST4593,Garrett Pierce
CUST4594,Rick Caldwell
CUST4595,Jason Burns
CUST4596,Jay Gutierrez
CUST4597,Ryan White
CUST4598,Gary Ortega
CUST4599,Christina Dunn
CUST4600,Dr. Susan Hill
CUST4601,Edward Pace
CUST4602,Joann Kim
CUST4603,Nicholas Sanford
CUST4604,Sean Pierce
CUST4605,Gregory Morris
CUST4606,Shannon Smith
CUST4607,Zachary Phelps
CUST4608,Lisa Young
CUST4609,Kelly Bentley
CUST4610,Roger Nelson
CUST4611,Tommy Jordan
CUST4612,Anita May
CUST4613,Paul Moreno
CUST4614,Rhonda Forbes
CUST4615,Kenneth Stewart Jr.
CUST4616,Mackenzie Stein
CUST4617,Anthony Sullivan
CUST4618,Kayla Woods
CUST4619,Karina George
CUST4620,Norman Jones
CUST4621,Brandi Reyes
CUST4622,Steven English
CUST4623,Jim Alvarez
CUST4624,Arthur Peterson
CUST4625,Nicole Bell
CUST4626,Jose Turner
CUST4627,Joshua Mullins
CUST4628,Christopher Harrison
CUST4629,Melissa Gomez
CUST4630,Eugene Nelson
CUST4631,Alex Brown
CUST4632,Nicole Morris
CUST4633,Rebecca Welch
CUST4634,Aaron Smith
CUST4635,Casey Young
CUST4636,Donald Mcgee
CUST4637,Rose Smith
CUST4638,John Ortega
CUST4639,Jose Hicks
CUST4640,Jeremy Wilcox
CUST4641,Ashlee Barber
CUST4642,Connie Montoya
CUST4643,Jesse Bates
CUST4644,Dakota Maldonado
CUST4645,John Nguyen
CUST4646,Mrs. Amy Lynch
CUST4647,Michael Mercer
CUST4648,Carrie Mann
CUST4649,John Andrade
CUST4650,Lauren Simpson
CUST4651,Elizabeth Little
CUST4652,Derek Richardson
CUST4653,Christopher Hart
CUST4654,Lisa Bell
CUST4655,Paula Smith
CUST4656,Mary Mason
CUST4657,Robert Riggs
CUST4658,Catherine Flores
CUST4659,Kelsey Harris
CUST4660,Lisa Wilkerson
CUST4661,Dylan Fisher
CUST4662,Michael Barnes MD
CUST4663,Jeremiah Ross
CUST4664,Lawrence Brown
CUST4665,Laurie Martinez
CUST4666,Michael Stevenson
CUST4667,Anita Dudley
CUST4668,Brittany Owens
CUST4669,Steven Nelson
CUST4670,Rachel Trevino
CUST4671,Thomas French
CUST4672,Richard Yu
CUST4673,Stacy Strong
CUST4674,Kathryn Nguyen
CUST4675,Jessica Wright
CUST4676,Christina Valencia
CUST4677,Paul Caldwell
CUST4678,Amber Sutton
CUST4679,William Berry
CUST4680,Laura Miller
CUST4681,Kelly Todd
CUST4682,Shirley Moreno
CUST4683,Amy Huang
CUST4684,Shari Scott
CUST4685,Daniel Foster
CUST4686,Alison Boyle
CUST4687,Kristin Howard
CUST4688,Rhonda Briggs
CUST4689,Mr. Daniel Lloyd MD
CUST4690,David Singh
CUST4691,Gary Barnes
CUST4692,Lacey Thomas
CUST4693,Daniel Wilson
CUST4694,Jessica Leonard
CUST4695,Tonya Elliott
CUST4696,Traci Robinson
CUST4697,Jodi Davis
CUST4698,Jason Whitehead
CUST4699,Laurie Tucker
CUST4700,Blake Mitchell
CUST4701,Edward Rivera
CUST4702,Sandra Hanson
CUST4703,Steve Myers
CUST4704,Mary Ramos
CUST4705,Julia Anderson
CUST4706,Jonathan Ferguson
CUST4707,Jessica Foley
CUST4708,Christopher Young
CUST4709,Kenneth Gonzalez
CUST4710,Kathy Sanchez
CUST4711,Allen Smith
CUST4712,Patrick Johnson
CUST4713,James Caldwell
CUST4714,Stanley Walls
CUST4715,Samuel Harrison
CUST4716,Earl Johns
CUST4717,Melody Atkins
CUST4718,Laura Frazier
CUST4719,Kayla Young
CUST4720,Meghan Norris
CUST4721,Kristen Terry
CUST4722,Wendy Palmer
CUST4723,Cheyenne Patel
CUST4724,Daniel Neal
CUST4725,Tammy Carpenter
CUST4726,Kevin Evans
CUST4727,Ashley Shah
CUST4728,Deanna Medina
CUST4729,Gary Mullins
CUST4730,Joshua Allen
CUST4731,Thomas Shea
CUST4732,Chase Skinner
CUST4733,Mary Ellison
CUST4734,Tiffany Norton
CUST4735,Margaret Lopez
CUST4736,Tyler Martinez
CUST4737,Deanna Hinton
CUST4738,Randy Porter
CUST4739,Rita Jones
CUST4740,Nicole Davidson
CUST4741,Michelle Hayes MD
CUST4742,Edward Mitchell
CUST4743,Victor Duncan
CUST4744,Dustin Bryant
CUST4745,Jordan Anderson
CUST4746,Carmen Miller
CUST4747,Leslie Finley
CUST4748,Linda Webb
CUST4749,Paul Shaffer
CUST4750,Scott Hamilton
CUST4751,Katherine Stevens
CUST4752,Connor Hernandez Jr.
CUST4753,Richard Robles
CUST4754,Daniel Jones
CUST4755,Charles Newman
CUST4756,Javier Wallace
CUST4757,Charles Shields
CUST4758,Jeffrey Schneider
CUST4759,Christine West
CUST4760,Ashley Bennett
CUST4761,William Adams
CUST4762,Joel Wallace
CUST4763,Cody Gomez
CUST4764,Karen Barr
CUST4765,Haley Carpenter
CUST4766,Tamara Beard
CUST4767,Joseph Jacobson
CUST4768,George Romero
CUST4769,Anna Coleman
CUST4770,Dylan Hanson
CUST4771,William Madden
CUST4772,Stephen Harvey
CUST4773,Courtney Lara
CUST4774,Desiree Hunter
CUST4775,Jennifer Brown
CUST4776,Edward Bowers
CUST4777,Mary Cummings
CUST4778,Michael Solis
CUST4779,Janice Martinez
CUST4780,Edward Mckee
CUST4781,Courtney Haney
CUST4782,Gregory Collier
CUST4783,Erica Buckley
CUST4784,Justin Lopez
CUST4785,Raymond Gonzales
CUST4786,Ronald Chambers
CUST4787,William Torres
CUST4788,Janet Leach
CUST4789,Jennifer Calhoun
CUST4790,Emily Brown DDS
CUST4791,Barbara Miller
CUST4792,Daniel Powell
CUST4793,Heather Chung
CUST4794,Nicholas Thompson
CUST4795,Jeffrey Cox
CUST4796,Amber Turner
CUST4797,Scott Ramos
CUST4798,Kimberly Davis
CUST4799,Gloria Peters
CUST4800,Erika Watkins
CUST4801,Robert Mcclure
CUST4802,John Hebert
CUST4803,Darren Mccarty
CUST4804,Tony Salas
CUST4805,Daniel Hansen
CUST4806,Angela Adams
CUST4807,Nathan Keith
CUST4808,Tyrone Stephens
CUST4809,Kelly Whitaker
CUST4810,Samantha Rodriguez
CUST4811,Amy Cole
CUST4812,Michelle Foster
CUST4813,Michael Davila
CUST4814,Jose Mclaughlin
CUST4815,Samantha Rowe
CUST4816,Stacy Spencer
CUST4817,Gina Aguirre
CUST4818,Terrance Welch
CUST4819,Alexandra Wilson
CUST4820,Tammy Evans
CUST4821,Eileen Smith
CUST4822,Emily Thomas
CUST4823,Paula Fleming
CUST4824,Kevin Perkins
CUST4825,Cynthia Rivera
CUST4826,Natasha Carroll
CUST4827,Joseph Rich
CUST4828,Raymond Peters
CUST4829,Mark Allen
CUST4830,Bruce Hernandez
CUST4831,Chris Foster
CUST4832,Michael Wright
CUST4833,Dawn Boyd
CUST4834,Bryce Hayes
CUST4835,Dennis Williams
CUST4836,Adam Scott
CUST4837,Jonathan Whitaker Jr.
CUST4838,Matthew Cantu
CUST4839,Zachary Gutierrez
CUST4840,Ryan Martin
CUST4841,Darryl Collins
CUST4842,Kevin Gonzalez
CUST4843,Michael Williams
CUST4844,Nicole Zuniga
CUST4845,David Estrada
CUST4846,Jason Rodriguez
CUST4847,Joanne Bailey
CUST4848,Philip Brooks
CUST4849,Zachary Adkins
CUST4850,Chad Morris
CUST4851,Sharon Nunez
CUST4852,Dawn Richardson
CUST4853,Carolyn Franco
CUST4854,Tracy Gibbs
CUST4855,Natalie Stewart
CUST4856,Tyler Todd
CUST4857,Shelly Payne
CUST4858,Anna Grant
CUST4859,Heather Martin
CUST4860,Nathan Lewis
CUST4861,Chelsea Hale
CUST4862,Luke Phillips
CUST4863,Shannon Sullivan
CUST4864,Amy Jones
CUST4865,Anne Cook DVM
CUST4866,Andrea Young
CUST4867,Michele Thompson
CUST4868,Joyce Brooks
CUST4869,Christina Conner
CUST4870,Courtney Ellis
CUST4871,Devin Cooper
CUST4872,Danielle Thomas
CUST4873,Dustin Forbes
CUST4874,Andrea Hughes
CUST4875,Jacob Ramirez
CUST4876,Megan Ortega
CUST4877,Brady Zuniga
CUST4878,Sara Davis
CUST4879,Daniel French
CUST4880,Cathy Keller
CUST4881,Marcus Ross
CUST4882,Deborah Hunter
CUST4883,Johnathan Church
CUST4884,Jacqueline Schneider
CUST4885,Thomas Ferguson
CUST4886,Mary Wallace
CUST4887,Sharon Holland
CUST4888,Roberta Green
CUST4889,Kevin Sullivan
CUST4890,Richard Scott
CUST4891,Tracy Macias
CUST4892,Michelle Salazar
CUST4893,Xavier Page
CUST4894,Megan Holland
CUST4895,Heather Ritter
CUST4896,Thomas Jacobs
CUST4897,Kristin Ferrell
CUST4898,Cynthia French
CUST4899,Carrie Hunter
CUST4900,Stacy Hicks
CUST4901,Edward Nicholson
CUST4902,April Banks
CUST4903,Kelsey James
CUST4904,Richard Rice
CUST4905,Allen Silva
CUST4906,Jeremy Jones
CUST4907,Thomas Ware
CUST4908,Molly Koch
CUST4909,Steven Webb
CUST4910,Amanda Cooke
CUST4911,Brandon Fleming
CUST4912,Michael Rodriguez
CUST4913,George Taylor
CUST4914,Michele Cooper
CUST4915,Stacey Diaz
CUST4916,Dr. Kenneth Griffin
CUST4917,Brandon Ruiz
CUST4918,Brittany White
CUST4919,Charles Navarro
CUST4920,Suzanne Weaver
CUST4921,Ashley Flores
CUST4922,Matthew Henderson
CUST4923,Donald Moore
CUST4924,Zachary Stewart
CUST4925,Teresa Johns
CUST4926,Evan Brown MD
CUST4927,Brittany Greer
CUST4928,Fred Gutierrez
CUST4929,Mr. Christopher Fowler DVM
CUST4930,Sarah Cabrera
CUST4931,Tyler Gibson
CUST4932,Michelle Warner
CUST4933,Ryan Evans
CUST4934,Lori Perez
CUST4935,Dennis Alvarado
CUST4936,Jose Cummings
CUST4937,Donna Marsh
CUST4938,Robert Mendez
CUST4939,Jennifer Washington
CUST4940,Brandi Walters
CUST4941,Taylor Burton
CUST4942,Sean Brown
CUST4943,Robert West
CUST4944,Ashley Rodriguez
CUST4945,Bobby Payne
CUST4946,Mrs. Taylor Robles
CUST4947,Christopher Burke
CUST4948,Ann Fritz
CUST4949,Brent Pena
CUST4950,Paul Ramirez
CUST4951,Katherine Sanchez
CUST4952,Tina Singh
CUST4953,Kirk Robinson
CUST4954,Tyrone Phillips
CUST4955,Anita Montes
CUST4956,Jessica Warner
CUST4957,Kimberly Ross
CUST4958,Victoria Allen
CUST4959,Susan Best
CUST4960,William Thomas
CUST4961,Nicolas Gutierrez
CUST4962,Lisa Villanueva
CUST4963,Carla Bennett
CUST4964,Max Cunningham
CUST4965,Ryan Brown
CUST4966,Victoria Olson
CUST4967,Carl Herrera
CUST4968,Andrew Kim
CUST4969,Christopher Miller
CUST4970,Katie Chambers
CUST4971,Heather Reed
CUST4972,Nicholas Smith
CUST4973,Matthew Taylor
CUST4974,Jared Kelley
CUST4975,Ryan Rocha
CUST4976,Elizabeth Coleman
CUST4977,Jacob Ferguson
CUST4978,Bryan Adams
CUST4979,Anthony Henderson
CUST4980,Carol Olson
CUST4981,Patrick Higgins
CUST4982,Colin Clark
CUST4983,Andrew Miller
CUST4984,Michelle Peterson
CUST4985,Deborah Jones
CUST4986,Tony King
CUST4987,Jennifer Maddox
CUST4988,Frank Glenn
CUST4989,Donald Haynes
CUST4990,Eric Day
CUST4991,Lisa Rodriguez MD
CUST4992,Ashley Allen
CUST4993,Felicia Townsend
CUST4994,Sarah Richardson
CUST4995,Brenda Torres
CUST4996,Tonya Brown
CUST4997,Debbie Smith
CUST4998,Cindy Gillespie
CUST4999,Zachary Burton
CUST5000,Marisa Miller
CUST5001,Jaclyn Burns
CUST5002,Jason Gonzalez
CUST5003,Keith Hughes
CUST5004,Michael Murphy
CUST5005,Alexander Hall
CUST5006,Stacy Pollard MD
CUST5007,Ashley Thomas
CUST5008,Rebecca Bowers
CUST5009,Mr. John Torres MD
CUST5010,Veronica Williams
CUST5011,Eric Hernandez
CUST5012,Bruce Morris
CUST5013,David Wall
CUST5014,Shawna Ortiz
CUST5015,Emma Silva
CUST5016,Megan Spencer
CUST5017,George Novak DDS
CUST5018,Janet Martin
CUST5019,Jacqueline Johnson
CUST5020,Tina Jordan
CUST5021,Nicole Davis
CUST5022,Mr. Matthew Sweeney
CUST5023,Jeff Jones
CUST5024,Melissa Sutton
CUST5025,Rose Clark
CUST5026,William Decker
CUST5027,Nicholas Robbins
CUST5028,Tyrone Reed
CUST5029,Katherine Contreras
CUST5030,Logan Lopez
CUST5031,Kevin Woodward
CUST5032,Justin Ramos
CUST5033,Jonathan Simon
CUST5034,Robert Swanson
CUST5035,Brooke Bennett
CUST5036,Mrs. Karen Cantu
CUST5037,John Schwartz
CUST5038,Michelle Lin
CUST5039,Jesus Robbins
CUST5040,Michael Cohen
CUST5041,Nicole Reed
CUST5042,Evan Jones
CUST5043,Melvin Baldwin
CUST5044,Bonnie Wells
CUST5045,Sherri Lopez
CUST5046,James Beard
CUST5047,Ashley Holland
CUST5048,Christopher Trujillo
CUST5049,Natalie Byrd
CUST5050,Michael Scott
CUST5051,Adam Johnson
CUST5052,Tina Hardin
CUST5053,Hannah Ryan
CUST5054,Rhonda Gibson
CUST5055,Jeffery Tyler
CUST5056,Jasmine Reynolds
CUST5057,Jacob Rivera
CUST5058,Kevin Vasquez
CUST5059,Vincent Pena
CUST5060,Victor Yates
CUST5061,Raven Johnson
CUST5062,James Hill
CUST5063,Debra Norton
CUST5064,Jessica Bates
CUST5065,Gabriel Wheeler
CUST5066,Robin Wells
CUST5067,Rachel Salazar
CUST5068,Laura Wilson
CUST5069,Brandon Carter
CUST5070,Jeffrey Wood
CUST5071,Lori Romero
CUST5072,Jason Mitchell
CUST5073,Jared Cook
CUST5074,Jennifer Howell
CUST5075,Kristen Blankenship
CUST5076,Samantha Nelson
CUST5077,Larry Smith
CUST5078,Vanessa Goodwin
CUST5079,Molly Hunt
CUST5080,Michael Perkins
CUST5081,Madeline Young
CUST5082,Mary Perez
CUST5083,Troy Williams
CUST5084,Timothy Holland
CUST5085,Travis Fields
CUST5086,Rita Nelson
CUST5087,Kara Coffey
CUST5088,Gregory Jones
CUST5089,Jeffery Walton
CUST5090,Laura Gentry
CUST5091,Clifford Boyd DDS
CUST5092,Caleb Lopez
CUST5093,Donald Archer
CUST5094,Cheryl Jefferson
CUST5095,Stacy Smith
CUST5096,Sara Shea
CUST5097,Brian Andrews
CUST5098,Angelica Garrett
CUST5099,Jeffrey Robinson
CUST5100,Craig Nunez
CUST5101,Lauren Kramer
CUST5102,William Perry
CUST5103,Amanda Roberts
CUST5104,Elizabeth Marshall
CUST5105,Meghan King
CUST5106,Vanessa Davis
CUST5107,Dustin Nunez
CUST5108,Rodney Evans
CUST5109,Jacob Padilla
CUST5110,Christopher Wagner
CUST5111,Ralph Johnson
CUST5112,Joseph Reynolds
CUST5113,Joy Beltran
CUST5114,Mr. Joseph Santiago
CUST5115,Meghan Jones
CUST5116,Ryan Jones
CUST5117,Bethany Sexton
CUST5118,Danielle Morgan
CUST5119,Erica Evans
CUST5120,Sandra Smith
CUST5121,Carl Jones
CUST5122,Taylor Warren
CUST5123,Paula Wright
CUST5124,Jennifer Frazier
CUST5125,Dana Gomez
CUST5126,Christopher Jackson
CUST5127,Jennifer Hernandez
CUST5128,Craig Reeves
CUST5129,Dr. Jeremy Phillips III
CUST5130,Alicia Hood
CUST5131,Amanda Roth
CUST5132,Troy Jordan
CUST5133,Tracy Harris
CUST5134,Stephen Finley
CUST5135,Rebecca Mora
CUST5136,Todd Perez
CUST5137,Ryan Parrish
CUST5138,Jonathan Rhodes
CUST5139,Tracy Roberts
CUST5140,Nicolas Snow
CUST5141,Victor Martinez
CUST5142,Stephen Lewis
CUST5143,Rebecca Garcia
CUST5144,Austin Martinez
CUST5145,Jason Brown
CUST5146,Lucas Phillips
CUST5147,Jeffrey Becker
CUST5148,Jake Warren
CUST5149,Kylie Warren
CUST5150,Anthony Heath
CUST5151,Jacqueline Patton
CUST5152,Brandi Hernandez
CUST5153,Scott Mueller
CUST5154,Briana Evans
CUST5155,Sonya Kelly
CUST5156,Timothy Harvey
CUST5157,Francisco Kramer
CUST5158,Mrs. Anna Davis
CUST5159,Alan Ford
CUST5160,Annette Taylor
CUST5161,Hailey Perkins
CUST5162,Alan Lee
CUST5163,Richard Rogers DDS
CUST5164,Robert Foster
CUST5165,Michael Stephens
CUST5166,Monica Gallegos
CUST5167,Edward Clarke
CUST5168,Joshua Flynn
CUST5169,Steven Summers
CUST5170,Kristie Baker
CUST5171,Mary Navarro
CUST5172,Michelle Henderson
CUST5173,Bobby Potter
CUST5174,Taylor Thompson
CUST5175,Kristin Miller
CUST5176,Kristen Ramirez
CUST5177,Michael Ho
CUST5178,Scott Walsh
CUST5179,Gregory Sanchez
CUST5180,Erik Jackson
CUST5181,Donna Perez
CUST5182,Tracey Meyer
CUST5183,Crystal Rodriguez
CUST5184,Jessica Hall
CUST5185,Lori Levy
CUST5186,Jason Newman
CUST5187,Heather Matthews
CUST5188,Stephen Allen
CUST5189,Julie Nguyen
CUST5190,Jesse Young
CUST5191,Kevin Peterson
CUST5192,Brittany Wall
CUST5193,Courtney Andrews
CUST5194,Timothy Bennett
CUST5195,Julie Mcgee
CUST5196,Kayla Miller
CUST5197,John Coleman
CUST5198,Kerry Sanchez
CUST5199,Eric Watson
CUST5200,Dr. Janet Valdez
CUST5201,Mr. Tanner Liu Jr.
CUST5202,Tammy Murillo
CUST5203,Kimberly Mata
CUST5204,Melanie Oconnor
CUST5205,Bradley Rogers
CUST5206,Jason Hudson
CUST5207,Emily Brock
CUST5208,James Roberts
CUST5209,Lisa Simmons
CUST5210,Erika Griffin
CUST5211,Brianna Mcfarland
CUST5212,Kristine Tapia
CUST5213,Eric Neal
CUST5214,Krystal Stevens
CUST5215,Alexis Schmidt
CUST5216,Amy Greer
CUST5217,Thomas Duncan
CUST5218,Tara Chandler
CUST5219,Sandra Burton
CUST5220,Robert Brown
CUST5221,Brandy Singh
CUST5222,Seth Wilson
CUST5223,Stephen Anderson
CUST5224,Tiffany Rodriguez
CUST5225,Cynthia Morris
CUST5226,Philip Howard
CUST5227,Robin Lee
CUST5228,Rebekah Gaines
CUST5229,Christopher Austin
CUST5230,Richard Anderson
CUST5231,Anthony Hale
CUST5232,Sarah Harrington
CUST5233,Christine Gross
CUST5234,Michele Romero
CUST5235,Michael Parker
CUST5236,Jason Sexton
CUST5237,Michael Landry
CUST5238,Samantha Vazquez
CUST5239,Yolanda Thompson
CUST5240,Christopher Brown
CUST5241,Patrick Rivers MD
CUST5242,Lynn Flores
CUST5243,Stephen Rodriguez
CUST5244,Rachel Garrison
CUST5245,Lisa Parker
CUST5246,Kelly Fletcher
CUST5247,Kathleen Morales
CUST5248,Kenneth Aguilar
CUST5249,Jorge Clark
CUST5250,Jeremy Anderson
CUST5251,Dawn Mcguire
CUST5252,Manuel Maxwell
CUST5253,Aaron Wright
CUST5254,Dawn Ibarra
CUST5255,Matthew Romero
CUST5256,Cassandra Brooks
CUST5257,Daniel Woodard Jr.
CUST5258,Gary Jarvis
CUST5259,Gary Morales
CUST5260,Maria Mendez
CUST5261,Karen Rosario MD
CUST5262,Mr. David Fletcher
CUST5263,Samantha Cole
CUST5264,Jennifer Vega
CUST5265,Michael Andersen
CUST5266,Sandra Long
CUST5267,Andrew Fox
CUST5268,Marissa Hernandez
CUST5269,Rebecca Robbins
CUST5270,Angela Montgomery
CUST5271,Charles Taylor
CUST5272,Elizabeth Davis
CUST5273,Christina Grimes
CUST5274,Paul Patterson MD
CUST5275,Vincent Patterson
CUST5276,Elizabeth Bell
CUST5277,Xavier Watts
CUST5278,William Schmitt
CUST5279,Robert Diaz
CUST5280,Randall Reid
CUST5281,John Harris
CUST5282,Sharon Anthony
CUST5283,Jennifer Carlson DVM
CUST5284,Karen Cruz
CUST5285,Joshua Hammond
CUST5286,Gina Sosa
CUST5287,Miss Sarah Howard DVM
CUST5288,Alyssa Gray
CUST5289,Alexander Vaughan
CUST5290,Shaun Martinez
CUST5291,Lindsey Green
CUST5292,Thomas Henderson
CUST5293,Karen Harris
CUST5294,Gina Solis
CUST5295,Joshua Munoz
CUST5296,Brandi Rodriguez
CUST5297,Michael Henderson
CUST5298,Wanda Dixon
CUST5299,Edward Carter
CUST5300,Kristopher Villanueva
CUST5301,Jean Fisher
CUST5302,Leah Weaver
CUST5303,Antonio Bush
CUST5304,Barbara Davenport
CUST5305,Barbara Meza
CUST5306,Eric Harmon
CUST5307,Rebecca Hill
CUST5308,Jimmy Flowers
CUST5309,Timothy Swanson
CUST5310,Mary Clark
CUST5311,Caroline White
CUST5312,Keith Warner
CUST5313,Ann Perez
CUST5314,Scott Flowers
CUST5315,Sarah Knight
CUST5316,Brittany Jackson
CUST5317,Mark Jimenez
CUST5318,Rick Olson
CUST5319,Patricia Hill
CUST5320,Ariel Ramirez
CUST5321,Ryan Murphy
CUST5322,Cody Moore
CUST5323,Kristin Williams
CUST5324,Carlos Nguyen
CUST5325,Brooke Potts
CUST5326,Patricia Walker
CUST5327,Stephanie Phillips
CUST5328,Nancy Stephens
CUST5329,Pamela Ortega
CUST5330,Anna Mendez
CUST5331,Laura Phillips
CUST5332,Eric House
CUST5333,Kelly Stone
CUST5334,Linda Huynh
CUST5335,Margaret Rogers
CUST5336,Tanner Coleman
CUST5337,Jesus Woods
CUST5338,William Lucas
CUST5339,Frank Robinson
CUST5340,Abigail Wall
CUST5341,Nicole Robertson
CUST5342,Elizabeth Lamb
CUST5343,Kayla Kim
CUST5344,Caleb Jones
CUST5345,Amanda Tucker
CUST5346,Dustin Smith
CUST5347,Kristina Curtis
CUST5348,James Beltran
CUST5349,Donna Evans
CUST5350,Kathleen Ross
CUST5351,Thomas Callahan
CUST5352,Mary Summers
CUST5353,Chelsey Gates
CUST5354,Kathryn Stewart
CUST5355,Courtney Foster
CUST5356,Jonathan Miller
CUST5357,Tony Roberson
CUST5358,Kimberly Guzman
CUST5359,Travis Merritt
CUST5360,Michael Bryan
CUST5361,Kenneth Jackson
CUST5362,George Keller
CUST5363,Adam Adams
CUST5364,Andrea Bailey
CUST5365,Elizabeth Dalton
CUST5366,Susan Martinez
CUST5367,Christopher Wolf
CUST5368,Laura Hale
CUST5369,Mary Grimes
CUST5370,Angela Rojas
CUST5371,Beverly Duncan
CUST5372,Luke Callahan
CUST5373,Shannon Watts
CUST5374,Lisa Barker
CUST5375,Karen Young
CUST5376,Carmen Gonzalez
CUST5377,Clayton Reyes
CUST5378,Jason Cox
CUST5379,William Scott
CUST5380,Sarah Medina
CUST5381,Jose Small
CUST5382,Margaret Pitts
CUST5383,Vicki Garner
CUST5384,Denise Jones DDS
CUST5385,Holly Patrick
CUST5386,Brenda Nguyen
CUST5387,Micheal Ross
CUST5388,Jodi Saunders
CUST5389,Benjamin Brandt MD
CUST5390,Laura Wiley
CUST5391,Evan Adams
CUST5392,Kayla Collins
CUST5393,Diane Harris
CUST5394,Robert Burns
CUST5395,Brian Shields
CUST5396,Carrie Rodriguez
CUST5397,Shannon Dunn
CUST5398,Brittany Lopez
CUST5399,Jesus Bennett
CUST5400,Lori Carter
CUST5401,Jennifer Cordova
CUST5402,Daniel Esparza
CUST5403,Julia Willis
CUST5404,Michael Stewart
CUST5405,Catherine Collins
CUST5406,Patrick Ware
CUST5407,Donna Duran
CUST5408,Toni Weaver
CUST5409,Laurie Edwards
CUST5410,Patrick Ball
CUST5411,Travis Baldwin
CUST5412,Andrew Potter
CUST5413,Patricia Miller
CUST5414,Olivia Davis
CUST5415,James Smith
CUST5416,David Fitzgerald
CUST5417,Eric Cox
CUST5418,Tracy Thomas
CUST5419,Charles Gilbert
CUST5420,Brittany Osborne
CUST5421,Robert Gardner
CUST5422,Amanda Dickson
CUST5423,Vincent Reid
CUST5424,Jacob Washington
CUST5425,Katelyn Mccarthy DVM
CUST5426,Jodi White
CUST5427,Katherine Patel
CUST5428,Elizabeth Green
CUST5429,Emily Page
CUST5430,Bradley Carpenter
CUST5431,Andrew Sanchez
CUST5432,Robert Williams
CUST5433,Ashlee Wright
CUST5434,Betty Lewis
CUST5435,Johnny Kline
CUST5436,Michael Leon
CUST5437,Denise Williams
CUST5438,Cassandra Vasquez
CUST5439,Patrick Mcdowell
CUST5440,Jenny Byrd
CUST5441,Brittney Daniels
CUST5442,Tamara Spears
CUST5443,Thomas Williams
CUST5444,Debbie Bailey
CUST5445,Keith Mills
CUST5446,Maria Young
CUST5447,James Henderson
CUST5448,Timothy Powell
CUST5449,Michael Montgomery
CUST5450,Colleen Wade
CUST5451,Ashley Fisher
CUST5452,Cristina Moore
CUST5453,Evan Hurley MD
CUST5454,Stephen Harris
CUST5455,Erika Anderson
CUST5456,William Wheeler
CUST5457,Joseph Norton
CUST5458,Eileen Harris MD
CUST5459,Lisa Elliott
CUST5460,Sean Mcintyre
CUST5461,Maria Valdez
CUST5462,Daniel King
CUST5463,Michelle Bowen
CUST5464,Mary Webb
CUST5465,Derrick Gray
CUST5466,William Holt
CUST5467,Joshua Carter
CUST5468,Tiffany Davis
CUST5469,Matthew Schultz
CUST5470,Katherine Anderson
CUST5471,Holly Hill
CUST5472,Fred Patel
CUST5473,Amanda Strickland
CUST5474,Victoria Price
CUST5475,Aaron Young
CUST5476,Sierra Williams
CUST5477,Christine Carpenter
CUST5478,Daniel Hodge Jr.
CUST5479,Sarah Barr
CUST5480,Elizabeth Jones
CUST5481,Donald Robinson
CUST5482,Dr. Scott Adams
CUST5483,Denise Alvarado
CUST5484,Erin Marquez
CUST5485,Dominic Robinson
CUST5486,Timothy Buchanan
CUST5487,Christine Rogers
CUST5488,Heidi Washington
CUST5489,Joseph Peterson
CUST5490,Jacqueline Herman
CUST5491,Jennifer Huber
CUST5492,Jessica Waters
CUST5493,Robert Fry
CUST5494,Luke Thompson
CUST5495,Patrick Miller MD
CUST5496,Gary Thomas
CUST5497,Kathryn Matthews
CUST5498,Paula Morales MD
CUST5499,Ashley Reid
CUST5500,William Nelson
CUST5501,Hannah Sherman
CUST5502,Jill Gonzalez
CUST5503,Gerald Raymond
CUST5504,James Cox
CUST5505,Sheri Acosta
CUST5506,Ashley Ferrell
CUST5507,Melissa Allen
CUST5508,Joshua Coleman
CUST5509,Paige Vazquez
CUST5510,James Peterson
CUST5511,Carrie Wilson
CUST5512,Brian Rose
CUST5513,Douglas Browning
CUST5514,Taylor Stevens
CUST5515,Kayla Martin
CUST5516,Sean Dominguez
CUST5517,Lisa Nichols
CUST5518,Michelle Gamble
CUST5519,Larry Williams
CUST5520,Peter Woodward DDS
CUST5521,Angela Stewart
CUST5522,Amy Miles
CUST5523,Kelly Hughes
CUST5524,Janet Thomas
CUST5525,Rebecca Ford
CUST5526,Courtney Robertson
CUST5527,Amanda Dunn
CUST5528,Daniel Perkins V
CUST5529,Sandra Peterson
CUST5530,Charlene Garcia
CUST5531,Fernando Stewart
CUST5532,Katherine Herman
CUST5533,Christopher Myers
CUST5534,Brian Austin
CUST5535,Zachary Brown
CUST5536,Samantha Chambers
CUST5537,Mary Bell
CUST5538,John Mendoza
CUST5539,David Rivera
CUST5540,Emily Russell
CUST5541,Devon Galvan
CUST5542,Dean Velez
CUST5543,Jacqueline Swanson
CUST5544,Jacob Chen
CUST5545,Courtney Ramirez
CUST5546,Edward Freeman
CUST5547,James Russell
CUST5548,Carmen Stewart
CUST5549,John Simpson
CUST5550,Victor Patterson
CUST5551,Abigail Schroeder
CUST5552,Carla Rhodes
CUST5553,Jorge Jackson
CUST5554,Jack Fox
CUST5555,Bill Davis
CUST5556,Megan Williams
CUST5557,Monica Clark
CUST5558,William Miller
CUST5559,John Hawkins
CUST5560,Dr. Justin Hernandez
CUST5561,Erica Banks
CUST5562,Andrea Lynch
CUST5563,Mark Green
CUST5564,Christopher Phillips
CUST5565,Erika Molina
CUST5566,Lawrence Lawson
CUST5567,Michael Larsen
CUST5568,Christopher Ross
CUST5569,Jeremy Gilbert
CUST5570,Jody Reyes
CUST5571,Jennifer Craig
CUST5572,Kathleen Barnett
CUST5573,Casey Russell
CUST5574,Bobby Adams
CUST5575,Michelle Francis
CUST5576,Rebecca Williams
CUST5577,Joseph Jackson
CUST5578,Sylvia Perez
CUST5579,Vincent Cisneros
CUST5580,Jessica Hawkins
CUST5581,Ryan Wu
CUST5582,Adam Thompson
CUST5583,Michael Fletcher
CUST5584,Madison Dorsey
CUST5585,Craig Bowers
CUST5586,Kevin Copeland
CUST5587,Ashley Martin
CUST5588,Kaylee Boyle
CUST5589,Emily Pineda
CUST5590,Walter Huffman
CUST5591,Leslie Malone
CUST5592,Paul Roberts
CUST5593,Erica Hendrix
CUST5594,Tyler Donovan
CUST5595,Stephen Delgado
CUST5596,James Dominguez
CUST5597,Matthew Jones
CUST5598,Martha Richardson
CUST5599,Chad Lynch
CUST5600,Candace Gentry
CUST5601,Donald Solis
CUST5602,Brian Mora
CUST5603,Joshua Brown
CUST5604,Henry Wallace
CUST5605,Jessica Brewer
CUST5606,Daryl Garcia
CUST5607,Danielle Miller
CUST5608,Meredith Williams
CUST5609,Brandon Valenzuela
CUST5610,Amanda Wise
CUST5611,Kelly Wright
CUST5612,Jill Elliott
CUST5613,Clinton Ryan
CUST5614,Vanessa Sparks
CUST5615,Leroy Schmidt
CUST5616,Amanda Miller
CUST5617,Tonya Collins
CUST5618,Denise Martinez
CUST5619,Chelsea David
CUST5620,Brooke Mccall
CUST5621,Lindsey Boyer
CUST5622,Brian Wright
CUST5623,Kevin Jones
CUST5624,Nicholas Hines
CUST5625,Hector Burke
CUST5626,Alexis Fisher
CUST5627,Michael Morgan
CUST5628,William Davis
CUST5629,Joel Kelly
CUST5630,Erika Alvarez
CUST5631,Kimberly Ritter
CUST5632,Shannon Horton
CUST5633,Ricardo Wilson
CUST5634,Tiffany Farmer
CUST5635,Ann Campbell
CUST5636,Tammy Watson
CUST5637,Adam Gordon
CUST5638,Emily Gentry
CUST5639,Taylor Singleton
CUST5640,Emma Lynch MD
CUST5641,Walter Goodman
CUST5642,Erin Hebert
CUST5643,Scott Scott
CUST5644,Alyssa Torres
CUST5645,Lori Brown DDS
CUST5646,Henry Rowe
CUST5647,Curtis Knapp
CUST5648,Sheri Cunningham
CUST5649,Shannon Jacobs
CUST5650,Alexis Camacho
CUST5651,Shannon Mooney
CUST5652,Bryan Petty
CUST5653,Kimberly Koch
CUST5654,Lindsey Jones
CUST5655,Billy Deleon
CUST5656,Russell Todd
CUST5657,Sandra Wallace
CUST5658,Eugene Richmond
CUST5659,Kathleen Jenkins
CUST5660,Sabrina Berry
CUST5661,Michael Kaiser
CUST5662,Victoria Smith
CUST5663,Theodore Donaldson
CUST5664,Bryan Kelly
CUST5665,Whitney Reed DDS
CUST5666,Tina Salazar
CUST5667,Frances Thompson
CUST5668,Jessica Hodges
CUST5669,Justin Donovan
CUST5670,Ashley Valencia
CUST5671,Lisa Singh
CUST5672,Matthew Peters
CUST5673,Carl Hicks
CUST5674,Sonia Mccormick
CUST5675,Katelyn Taylor
CUST5676,Jessica Wolfe
CUST5677,Sean Bailey
CUST5678,Joseph Smith
CUST5679,Alexander Wood
CUST5680,Desiree Burgess
CUST5681,Judith King
CUST5682,Sarah Fernandez
CUST5683,Mary Mcmillan
CUST5684,Melinda Moore
CUST5685,Angela Ford
CUST5686,Benjamin Martin
CUST5687,Rebecca Smith
CUST5688,Matthew Morris
CUST5689,William Bryant
CUST5690,Evan Wade
CUST5691,Nicole Spencer
CUST5692,Patrick Jimenez
CUST5693,Sarah Murray
CUST5694,Samuel Cooper
CUST5695,Daryl Cooper
CUST5696,Joshua Malone
CUST5697,Austin Smith
CUST5698,Cindy Washington
CUST5699,Cheryl Davis
CUST5700,Don Barry
CUST5701,Elizabeth Herring
CUST5702,Dr. Colin Green
CUST5703,Christopher Odom
CUST5704,Richard Baxter
CUST5705,Miranda Perez
CUST5706,Jordan Dunn
CUST5707,James Cochran
CUST5708,Brad Gonzales
CUST5709,Lisa Miller
CUST5710,Sean Ellis
CUST5711,Paige Rodriguez
CUST5712,Michelle Hess
CUST5713,Christina Rodgers
CUST5714,Daniel Weeks
CUST5715,Walter Ferguson
CUST5716,Kyle Butler
CUST5717,Brian Carey
CUST5718,Jamie Turner
CUST5719,Alexander Haney
CUST5720,Cynthia Newman
CUST5721,Amy Richards
CUST5722,Jenny Walsh
CUST5723,Andrea Diaz
CUST5724,Patrick Maddox
CUST5725,David Barnes
CUST5726,Anthony Schmitt
CUST5727,Mr. Alexander Cruz
CUST5728,Zachary Harding
CUST5729,Charlene Castillo
CUST5730,Ricky Keller
CUST5731,Karen Benitez
CUST5732,Xavier Rivera
CUST5733,Jeff Gonzalez
CUST5734,Yolanda Jones
CUST5735,Danielle Anderson
CUST5736,Nathan Jackson
CUST5737,Howard Campbell
CUST5738,William Lang
CUST5739,Mark Rodriguez
CUST5740,Wyatt Hancock
CUST5741,Jessica Silva
CUST5742,Sandra Mays
CUST5743,Tara Young
CUST5744,Jared Woodard
CUST5745,Leslie Munoz
CUST5746,Dustin Carson
CUST5747,Amanda Perez
CUST5748,Karen Potter
CUST5749,Jacob Boyd
CUST5750,Sarah Sharp
CUST5751,Latoya Buckley
CUST5752,James Nash
CUST5753,Joshua Reed
CUST5754,Stephanie Castro
CUST5755,David Le
CUST5756,Tracey Hopkins
CUST5757,Phillip Watson
CUST5758,Brian Hopkins
CUST5759,Valerie Oconnell
CUST5760,Joshua Wilson
CUST5761,Rebecca Walker
CUST5762,Alyssa Gill
CUST5763,Courtney Thompson
CUST5764,Shannon Terry
CUST5765,Catherine Powers
CUST5766,Michael Hart
CUST5767,Carlos Herrera
CUST5768,Lauren Reynolds
CUST5769,Catherine Odonnell
CUST5770,Sarah Reynolds
CUST5771,Sally Duran
CUST5772,Stacy Bryant
CUST5773,Dr. Brian Schmidt
CUST5774,Heather Munoz
CUST5775,Jeff Crawford
CUST5776,Donna Campbell
CUST5777,Jimmy Dominguez
CUST5778,Melissa Woodward DDS
CUST5779,Donna Watkins
CUST5780,Dalton Jones
CUST5781,Linda Medina
CUST5782,Keith Murphy
CUST5783,David Sharp
CUST5784,Nancy Smith
CUST5785,Brittany Ward
CUST5786,James Haas
CUST5787,Hayden Spears
CUST5788,Benjamin Davenport
CUST5789,Renee Hartman
CUST5790,Elizabeth Newman
CUST5791,Melissa Ellis
CUST5792,Jackie Adkins
CUST5793,James Jackson
CUST5794,Jeremy Lambert
CUST5795,Robert Smith
CUST5796,Marco Gonzales
CUST5797,Laurie Calderon
CUST5798,Mr. Collin Jefferson
CUST5799,Johnathan Swanson
CUST5800,Victoria Williams
CUST5801,Glen Williams
CUST5802,Jonathan Wu
CUST5803,Nicole Sanders
CUST5804,Michael Bryant
CUST5805,Alex Jacobs
CUST5806,Larry Small
CUST5807,Melissa Bates
CUST5808,Amber Rodriguez
CUST5809,Karen Romero
CUST5810,Christopher Jones
CUST5811,Laura Lester
CUST5812,David Beck
CUST5813,Bernard Matthews
CUST5814,Douglas Foley
CUST5815,Nancy Gardner
CUST5816,Chelsea Singh
CUST5817,Jamie Bowman
CUST5818,Theresa Baxter MD
CUST5819,Joseph Baker
CUST5820,Diane Cole
CUST5821,Jill Moran
CUST5822,William Bailey
CUST5823,Michael Dougherty
CUST5824,Matthew Robinson
CUST5825,James Lynch
CUST5826,Lawrence Jones
CUST5827,Jimmy Pham
CUST5828,Megan Morse
CUST5829,Mrs. Tammy Valdez
CUST5830,Haley Smith
CUST5831,Jessica Elliott
CUST5832,Michelle Montgomery
CUST5833,Mark Wallace
CUST5834,Tyler Harper
CUST5835,Savannah Clark
CUST5836,Mr. Robert Lewis
CUST5837,Christy Jackson
CUST5838,Brenda Armstrong
CUST5839,Emily Fletcher
CUST5840,Katelyn Henson
CUST5841,Louis Taylor
CUST5842,Thomas Reynolds
CUST5843,Amy Miller
CUST5844,Ryan Lee
CUST5845,Samuel Hamilton
CUST5846,Ryan Morris
CUST5847,Tonya Garcia DDS
CUST5848,Julie Espinoza
CUST5849,Stephanie Garcia
CUST5850,Christian Morgan
CUST5851,Madison Ortiz
CUST5852,Joseph Stanton
CUST5853,Amy Hughes
CUST5854,Valerie Wyatt
CUST5855,Jay Vasquez
CUST5856,Nicole Alexander
CUST5857,Samantha Kane
CUST5858,Erica Reed
CUST5859,Travis Ritter
CUST5860,James Parsons
CUST5861,Michael Jackson
CUST5862,Hannah Lee
CUST5863,Kathleen Duncan
CUST5864,Dr. Cody Hopkins
CUST5865,Christina Schaefer
CUST5866,Erik Morales
CUST5867,Joseph Mcclain
CUST5868,Julie Parks
CUST5869,Jessica Gardner
CUST5870,Jeremy King
CUST5871,Roger Crawford
CUST5872,Karen Thomas
CUST5873,Anne Lin
CUST5874,Anthony Harris
CUST5875,Gerald Garrett
CUST5876,Kyle Johnson
CUST5877,Rebecca Garrison
CUST5878,Joseph Jones
CUST5879,William Jones
CUST5880,Curtis Smith
CUST5881,Jennifer Garcia
CUST5882,Carlos Trevino
CUST5883,Anthony Brady
CUST5884,Molly Jones
CUST5885,Mary Roy
CUST5886,Linda Mills
CUST5887,Alex Bell
CUST5888,Marcia Clark
CUST5889,Jermaine Johnson
CUST5890,Chris Sanchez
CUST5891,Jessica Atkinson
CUST5892,Lacey Shepherd
CUST5893,Matthew Green
CUST5894,Justin Dean DDS
CUST5895,Stephen Myers
CUST5896,Bonnie Carroll
CUST5897,Brittany Campbell
CUST5898,Barry Robertson
CUST5899,Sara Copeland
CUST5900,Tammie Smith
CUST5901,Rodney Rivera
CUST5902,Michael Coleman
CUST5903,Misty Ward
CUST5904,Sandy Cook
CUST5905,Nancy Preston
CUST5906,Mr. Larry Roach II
CUST5907,Amy Barron
CUST5908,Jonathan Alvarado
CUST5909,Stacey Harris
CUST5910,Cody Hernandez
CUST5911,Maria Carpenter
CUST5912,Joel Williams
CUST5913,Sydney Hall
CUST5914,Thomas Carlson
CUST5915,Sonia Smith
CUST5916,William Gallagher
CUST5917,Jeffrey Davis
CUST5918,Crystal Gordon
CUST5919,Christopher Willis
CUST5920,Alexandria Freeman
CUST5921,Anna Morales
CUST5922,Michael Sims
CUST5923,James Fletcher
CUST5924,Richard Blevins
CUST5925,Anne White
CUST5926,Cindy Jones
CUST5927,Jill Jennings
CUST5928,Jason Ware
CUST5929,Zachary Peterson
CUST5930,Laurie Brown
CUST5931,Matthew Craig
CUST5932,Cheryl Roach
CUST5933,Stephen Kennedy
CUST5934,Michelle Sellers
CUST5935,Daniel Vega
CUST5936,Justin Smith
CUST5937,Kelly Morse
CUST5938,Karen Collins
CUST5939,Debra Williams
CUST5940,Yvette Williams
CUST5941,Jeffrey Kim
CUST5942,Sarah Cantu
CUST5943,Eddie Lee
CUST5944,Robert Hill
CUST5945,Rodney Campbell
CUST5946,Katherine Daniel
CUST5947,Diana Walker
CUST5948,Patricia Kelly
CUST5949,Larry Montgomery
CUST5950,Diamond Rogers
CUST5951,Stephanie Bond
CUST5952,Anthony Ashley
CUST5953,Tina Phillips
CUST5954,Leonard Mercado
CUST5955,Kristen Frey
CUST5956,Angela Miller
CUST5957,Karen Schmidt
CUST5958,Stephanie Wells
CUST5959,Jessica Higgins MD
CUST5960,Cristian Johnson
CUST5961,Monica Owens
CUST5962,James Riley
CUST5963,Jeffrey Dixon
CUST5964,Daniel Robinson
CUST5965,Rebecca Mercado
CUST5966,Joseph Wilson
CUST5967,Shelly Rubio
CUST5968,Tracey Fleming
CUST5969,Robert Barrett
CUST5970,John Henderson
CUST5971,Roger Wolfe
CUST5972,Christina Morse
CUST5973,Crystal Greene
CUST5974,Steven Evans
CUST5975,Michaela Franklin
CUST5976,Kenneth Castro
CUST5977,Rhonda Mcdaniel
CUST5978,Jennifer Miller
CUST5979,Micheal Pope
CUST5980,Kenneth Rocha
CUST5981,Jonathan Allen
CUST5982,Chris Richardson
CUST5983,Timothy Manning
CUST5984,Elizabeth Boyer
CUST5985,Amy Neal
CUST5986,Dawn Page
CUST5987,Erica Hardy
CUST5988,Gregory Roberts
CUST5989,Scott Nguyen Jr.
CUST5990,Kimberly Waller
CUST5991,Nicole Sharp
CUST5992,Michael Ruiz
CUST5993,Anthony Walker
CUST5994,Jesse Hancock
CUST5995,Tiffany Murphy
CUST5996,Anna Wallace
CUST5997,Samantha Keller
CUST5998,Melissa Hernandez
CUST5999,Linda Chen
CUST6000,Craig Smith
CUST6001,Justin Johnson
CUST6002,Patricia Floyd
CUST6003,Heather Parsons
CUST6004,Brian Parker
CUST6005,Dawn Russell
CUST6006,Mrs. Anna Sanders
CUST6007,Sheila Lopez
CUST6008,Karen Johnson
CUST6009,Leonard Brown
CUST6010,Samantha White
CUST6011,Tommy Parrish
CUST6012,Karen Holt
CUST6013,Sandra Kelly
CUST6014,Sarah Stevenson
CUST6015,Damon Lowe
CUST6016,Ashley Hernandez MD
CUST6017,Tanner Rasmussen
CUST6018,Debra Hansen
CUST6019,Roger Chavez
CUST6020,Lindsay Sanchez
CUST6021,Daryl Perez
CUST6022,Sandra Mills
CUST6023,Brian Stewart Jr.
CUST6024,Tami Jackson
CUST6025,Anthony Cooper
CUST6026,Douglas Rogers
CUST6027,Julie Young
CUST6028,Taylor Burgess
CUST6029,Angela Brown DDS
CUST6030,Michael Lyons
CUST6031,Malik Fisher
CUST6032,Joshua Sims
CUST6033,Ryan Morales
CUST6034,Carol Gross
CUST6035,Christopher Cobb
CUST6036,Thomas Hill
CUST6037,James Hicks
CUST6038,James Walter
CUST6039,Albert Cochran
CUST6040,Kathleen Adams
CUST6041,Christine Hall
CUST6042,Jennifer Sanchez
CUST6043,Anthony Bishop
CUST6044,Janet Glenn
CUST6045,Emily Pope
CUST6046,Michael Flores
CUST6047,Tyler Lucas
CUST6048,Sarah Gomez
CUST6049,Angela Jackson
CUST6050,Monique Parker
CUST6051,Julia Clark
CUST6052,Dr. Edgar Wolfe
CUST6053,Steven Nash
CUST6054,Theresa Wilson
CUST6055,Brian Cannon
CUST6056,Mrs. Angel Wiley
CUST6057,Sara Torres
CUST6058,Gregg Cruz
CUST6059,Daniel Terry
CUST6060,Jill Diaz
CUST6061,Katrina Mitchell
CUST6062,Tiffany Cuevas
CUST6063,Mary Horton
CUST6064,Kimberly Warren
CUST6065,Roy Thompson
CUST6066,Rachel Hudson
CUST6067,Stephanie Duarte
CUST6068,James Mccarthy
CUST6069,Jerry Ball
CUST6070,Ms. Christie Jefferson
CUST6071,Christopher Garrett
CUST6072,Dennis Perez
CUST6073,Brandi Harris
CUST6074,Joseph Russell
CUST6075,Alicia Fox
CUST6076,Dillon Fritz
CUST6077,Jeffrey Woods
CUST6078,Michael Park
CUST6079,Michael Cohen MD
CUST6080,Bruce Butler
CUST6081,Paula Nunez
CUST6082,Rachel Macias
CUST6083,Lisa Lewis
CUST6084,Samuel Thomas
CUST6085,Amanda Herrera
CUST6086,Kaitlin Camacho
CUST6087,Taylor Harrell
CUST6088,Gail Russell
CUST6089,Travis Lozano
CUST6090,Anthony Crosby
CUST6091,Luis Booker
CUST6092,Marcia Barr
CUST6093,Juan Valdez
CUST6094,Sandra Fry
CUST6095,Anthony Allen
CUST6096,Kathryn Carter
CUST6097,Melissa Jones
CUST6098,Nancy Nelson
CUST6099,Melissa Taylor
CUST6100,Brent Smith
CUST6101,Brandon Riley
CUST6102,Cody Ward
CUST6103,Kelly Parker MD
CUST6104,Sabrina Daniels
CUST6105,Mr. Matthew Hogan
CUST6106,Christine Medina
CUST6107,Karina Mcintosh
CUST6108,Sandra Lee
CUST6109,Dakota Huang
CUST6110,Douglas Moore
CUST6111,Jason Jones
CUST6112,Richard Hardy
CUST6113,Pamela Adams
CUST6114,Catherine Moore
CUST6115,Kimberly Young
CUST6116,Christine Briggs
CUST6117,Victor Porter
CUST6118,Debra Patel
CUST6119,Stephanie Gordon
CUST6120,Rachel Moss
CUST6121,Brittany Fields
CUST6122,Jeffrey Thompson
CUST6123,Alison Adams
CUST6124,Christine Thomas
CUST6125,Jorge Ramos
CUST6126,Victoria Garza
CUST6127,Samuel Lyons
CUST6128,Brenda Lee
CUST6129,Kimberly Ortiz
CUST6130,Daniel Reyes
CUST6131,Craig Mendoza
CUST6132,Nicole Dominguez
CUST6133,Bridget King
CUST6134,Jasmine Nelson
CUST6135,Mary Mathis
CUST6136,Joshua Young
CUST6137,Ricky Vasquez
CUST6138,Martin Harrison
CUST6139,Jessica Davis
CUST6140,Mr. Eric Orozco
CUST6141,Sarah Conley
CUST6142,Caroline Woods
CUST6143,Dakota Carter
CUST6144,Christopher Walsh
CUST6145,Colleen Cervantes
CUST6146,Stephen Chavez
CUST6147,Jennifer Thompson
CUST6148,Douglas Mendoza
CUST6149,Elizabeth Wolfe
CUST6150,Amanda Clark
CUST6151,Kyle Booker
CUST6152,Robert Gentry
CUST6153,Brandi Holland
CUST6154,Joy Wright
CUST6155,Joann Hernandez
CUST6156,Christina Jordan
CUST6157,Mary Ford
CUST6158,Michele Wu
CUST6159,Paul Sampson
CUST6160,Dale Glass
CUST6161,Phillip Nguyen
CUST6162,Michael Patel
CUST6163,Lauren Mcfarland
CUST6164,Shawn Warner
CUST6165,Laurie Knight
CUST6166,Kathryn Shields
CUST6167,Christopher Francis
CUST6168,Kimberly Vega
CUST6169,Bradley Burns
CUST6170,Dominic Morris
CUST6171,Taylor Russell
CUST6172,Lauren Torres
CUST6173,Christopher Valdez
CUST6174,Taylor Reilly
CUST6175,Marissa Underwood
CUST6176,Tara Vasquez
CUST6177,Lindsey Weber
CUST6178,Matthew Silva
CUST6179,Erica Lewis PhD
CUST6180,David Simmons
CUST6181,Elizabeth Norris
CUST6182,Samuel Erickson
CUST6183,Ashley Wright
CUST6184,Mr. Vincent Parker Jr.
CUST6185,John Cole
CUST6186,Heather Nelson
CUST6187,Christine Jones
CUST6188,Dr. Dorothy Harris
CUST6189,Dustin Ryan
CUST6190,Anthony Stevens
CUST6191,Gregory Brown
CUST6192,Tanya Chambers
CUST6193,Diane Pena
CUST6194,Jeffrey Phillips
CUST6195,Tanner Underwood
CUST6196,Phillip Whitney
CUST6197,Brian Murray
CUST6198,Tara Mccoy
CUST6199,Deanna Gomez
CUST6200,Taylor Mcknight
CUST6201,Michelle Reed
CUST6202,Melissa Ayala
CUST6203,Caroline West
CUST6204,David Trevino
CUST6205,Dana Smith
CUST6206,Michael Russell
CUST6207,Megan Weaver
CUST6208,Juan Payne
CUST6209,Brittany Rosales
CUST6210,Dennis Reyes
CUST6211,Brian Powers
CUST6212,Elizabeth Oneill
CUST6213,Ryan Chapman
CUST6214,Tyler Atkins
CUST6215,Audrey Hill
CUST6216,Shaun Garza
CUST6217,Pamela Russell
CUST6218,Margaret Ramirez
CUST6219,Marissa Parks
CUST6220,Sara Byrd
CUST6221,Theresa Golden
CUST6222,Samuel Donaldson
CUST6223,Casey Brown
CUST6224,Holly Wagner
CUST6225,Keith Gonzalez
CUST6226,Amanda Roman
CUST6227,Laura Burton
CUST6228,Ian Morrison
CUST6229,Jennifer Roman
CUST6230,Margaret Gaines
CUST6231,Elizabeth Moore
CUST6232,Carly Knight
CUST6233,Stephen Lopez
CUST6234,Nicole Hall
CUST6235,Joseph Schmidt
CUST6236,Nancy Gomez
CUST6237,Heidi Mullins
CUST6238,Dennis Nguyen
CUST6239,Robert Little
CUST6240,Haley Stevenson
CUST6241,John Wright
CUST6242,Jeremy Mann
CUST6243,Sharon Perez
CUST6244,Joshua Martinez
CUST6245,Catherine Bowen
CUST6246,Craig Gonzalez
CUST6247,Brooke Perez
CUST6248,Gina Swanson
CUST6249,Tabitha Sampson DDS
CUST6250,Diane Ferrell
CUST6251,Adrienne Schroeder
CUST6252,Cassandra Williams
CUST6253,Jonathan Berry
CUST6254,Rachel Lang
CUST6255,Patrick Jenkins
CUST6256,Wendy Vang
CUST6257,Manuel Frazier
CUST6258,Annette Wheeler
CUST6259,Valerie Hodge
CUST6260,Abigail Hebert
CUST6261,Tamara Thompson
CUST6262,George Velasquez
CUST6263,Ashley Davis
CUST6264,Victoria Copeland
CUST6265,Scott Mitchell
CUST6266,Mary Payne
CUST6267,Kimberly Dawson
CUST6268,Sheri Snyder
CUST6269,Steve Choi
CUST6270,David Fisher
CUST6271,Mark Brewer
CUST6272,Barbara Graham
CUST6273,David Henderson DVM
CUST6274,Aaron Lewis
CUST6275,Joan Mccall
CUST6276,Lauren Madden
CUST6277,Janet Lopez
CUST6278,Laura Gonzalez
CUST6279,Daniel Gay
CUST6280,Yvette Hayes
CUST6281,Denise Hall
CUST6282,Charles Adams
CUST6283,Jessica Reynolds
CUST6284,Mr. Mark Walker
CUST6285,James Reid
CUST6286,Natalie Perez
CUST6287,Angel Henry
CUST6288,Kristen Ashley
CUST6289,Joel Thompson
CUST6290,Thomas Perez
CUST6291,Sandra Eaton
CUST6292,Jason Sutton
CUST6293,Christopher Garcia
CUST6294,Kenneth Rodriguez
CUST6295,Emily Goodwin
CUST6296,Christopher Adams
CUST6297,Kellie Rodriguez
CUST6298,Andrew White
CUST6299,Jessica Lindsey
CUST6300,Catherine King
CUST6301,Thomas Webster
CUST6302,Brandon Elliott
CUST6303,Randy Garcia
CUST6304,Nicholas Steele
CUST6305,Renee Weaver
CUST6306,Sarah Kelley
CUST6307,Jennifer Kennedy
CUST6308,Kaitlyn Lewis
CUST6309,Molly Miller
CUST6310,Amy Harris
CUST6311,Elizabeth Evans
CUST6312,Andrea Alexander
CUST6313,Beverly Higgins
CUST6314,Glenda Scott
CUST6315,James Rogers
CUST6316,Marc Avery
CUST6317,Jill Johnson
CUST6318,Grant Stanley
CUST6319,Kathryn Rose
CUST6320,Casey Spencer
CUST6321,Sherri Little
CUST6322,Frank Benitez
CUST6323,Vanessa Lee
CUST6324,Grace Morris
CUST6325,Drew Avery
CUST6326,Dr. Brandi Bernard DDS
CUST6327,Richard Frost
CUST6328,Julie Stafford
CUST6329,Jasmine Campbell
CUST6330,Emily Fitzgerald
CUST6331,Jackson Cole
CUST6332,Omar Wells
CUST6333,Christopher Harris
CUST6334,Courtney Harris
CUST6335,Joy Coleman
CUST6336,Travis Parrish
CUST6337,Dwayne Haynes
CUST6338,Alicia Charles
CUST6339,Kristen Goodman
CUST6340,Bethany Lara
CUST6341,Micheal Crawford
CUST6342,Jessica Rodriguez
CUST6343,Drew Thomas
CUST6344,Allison Martinez
CUST6345,Robert Gutierrez
CUST6346,Lisa Hull
CUST6347,Stacey Owens
CUST6348,Misty Parks
CUST6349,William Chapman
CUST6350,Lauren Lopez
CUST6351,Kayla Edwards
CUST6352,Emily Garcia
CUST6353,Jose Williams
CUST6354,Charles Turner
CUST6355,Corey Gillespie
CUST6356,Katie Ashley
CUST6357,Brenda Ramirez
CUST6358,Jason Phillips
CUST6359,Melissa Miller
CUST6360,Debra Cortez
CUST6361,David Carroll
CUST6362,Steven Hobbs
CUST6363,Danny Berger
CUST6364,Stephanie Stevens
CUST6365,Tiffany Archer
CUST6366,Kelly Hill
CUST6367,Robert Hoffman
CUST6368,Wendy Anderson
CUST6369,Maria Sims
CUST6370,Michael Mcintyre
CUST6371,Joy Brooks
CUST6372,Brandy Avery
CUST6373,Nicole Garcia
CUST6374,Matthew Salinas
CUST6375,Richard Reilly
CUST6376,Adriana Horton
CUST6377,Cheyenne Bailey
CUST6378,Mary Schneider
CUST6379,Sandra Castro
CUST6380,Tara Brown
CUST6381,Elizabeth Spence
CUST6382,Elizabeth Harvey
CUST6383,Victoria Klein
CUST6384,Aaron Baldwin
CUST6385,Thomas Hart DDS
CUST6386,Randy Dickson
CUST6387,Hailey Wyatt
CUST6388,Michael Hayes
CUST6389,Michael Hogan
CUST6390,Deborah Cunningham
CUST6391,Courtney Mendoza
CUST6392,James Nguyen
CUST6393,Marcus Ortiz
CUST6394,Mario Ferguson
CUST6395,John Perkins
CUST6396,Ashley Hopkins
CUST6397,Anthony Griffin
CUST6398,Dr. Felicia Bishop
CUST6399,Ashley Williams
CUST6400,Richard Clayton
CUST6401,Henry Bell
CUST6402,Daniel Sullivan
CUST6403,Timothy Travis
CUST6404,Renee Jackson
CUST6405,Karen Rodgers
CUST6406,Hector Valdez
CUST6407,Megan White
CUST6408,Raymond Norris
CUST6409,Wendy Spears
CUST6410,David Price
CUST6411,Noah Turner
CUST6412,Rose Murray
CUST6413,John Hines
CUST6414,Paul Bryant
CUST6415,Angela Perkins
CUST6416,Mr. Kenneth Wheeler
CUST6417,Sarah Garcia
CUST6418,Joseph House
CUST6419,Rachel Zavala
CUST6420,Jonathan Woods
CUST6421,Christopher Melendez
CUST6422,Jamie Butler
CUST6423,Cassandra Huff
CUST6424,Samuel Giles
CUST6425,Tina Hood
CUST6426,Jose Jackson
CUST6427,Olivia Kirby
CUST6428,Michael Harmon
CUST6429,Jeffrey Jensen
CUST6430,Eric Lynch
CUST6431,William Espinoza
CUST6432,Timothy Figueroa
CUST6433,Jason Little
CUST6434,Donald Alvarez
CUST6435,William Yoder
CUST6436,Angelica Lozano
CUST6437,Elizabeth Barber
CUST6438,Brian Burns
CUST6439,Andrew Dixon
CUST6440,Tammy Wells
CUST6441,Tiffany Simpson
CUST6442,Ashley Doyle
CUST6443,Joshua Cisneros
CUST6444,Mr. Charles Mcmahon
CUST6445,Julie Jackson
CUST6446,Misty Williams
CUST6447,Sonia Young
CUST6448,Peter Blevins
CUST6449,Diane Todd
CUST6450,Lisa Payne
CUST6451,Aaron Watson
CUST6452,Michael Trevino
CUST6453,Wendy Gallegos
CUST6454,Nathaniel Williams
CUST6455,Sheryl Everett
CUST6456,Audrey Proctor
CUST6457,Ryan Jenkins
CUST6458,Dawn Guerra
CUST6459,Brian Ballard
CUST6460,Megan Thomas
CUST6461,Alexis Richmond
CUST6462,Heather Lewis
CUST6463,Nicholas Le
CUST6464,Richard Alvarado
CUST6465,Mary Sparks
CUST6466,Mrs. Megan Smith
CUST6467,Maria Whitehead
CUST6468,Sean Delgado
CUST6469,Vicki Bell
CUST6470,Amanda Byrd
CUST6471,Clifford Daniels
CUST6472,Krista Anderson
CUST6473,Eric Smith
CUST6474,Alisha Briggs
CUST6475,Jacob Dixon
CUST6476,Carlos Parks
CUST6477,Alexis Jenkins
CUST6478,Alec Evans
CUST6479,Brandi Shaffer
CUST6480,Austin Harding
CUST6481,Shawn Hernandez
CUST6482,Steven Marquez
CUST6483,Jose Smith
CUST6484,Stephanie Castaneda
CUST6485,Krista Moore
CUST6486,Amanda Young
CUST6487,Wesley Kelley
CUST6488,Nathan Wilkinson
CUST6489,Christopher Carpenter
CUST6490,Diana Benton
CUST6491,Pedro Hudson
CUST6492,Sandy Rowe
CUST6493,Eric Brooks
CUST6494,Michael Powell
CUST6495,John Foley
CUST6496,Laura Hayes
CUST6497,Cody Parker
CUST6498,Dawn Phillips
CUST6499,Sara Andrews
CUST6500,Melissa Wells PhD
CUST6501,Alicia Atkins
CUST6502,Gerald Jackson
CUST6503,Cameron Crawford
CUST6504,Christopher Rose
CUST6505,Jason Fritz Jr.
CUST6506,Brett May DDS
CUST6507,Scott Aguilar
CUST6508,Gwendolyn Anderson
CUST6509,Jill Singleton
CUST6510,Amanda Patterson
CUST6511,Michael Lamb
CUST6512,Christine Riley
CUST6513,David Eaton
CUST6514,Troy Odom
CUST6515,Joan Finley
CUST6516,Linda Hensley
CUST6517,Curtis Serrano
CUST6518,Heather Snyder
CUST6519,Melissa Lara
CUST6520,Tanya Weeks
CUST6521,Aaron Johnson
CUST6522,Daniel Webster
CUST6523,Janet Ochoa
CUST6524,Kimberly Smith
CUST6525,Nicole Rogers
CUST6526,Martha Wallace
CUST6527,Scott Fisher
CUST6528,Thomas Livingston
CUST6529,Daniel Moore
CUST6530,Mitchell Caldwell
CUST6531,Stephanie Collier
CUST6532,Terry Lopez
CUST6533,Jessica Norton
CUST6534,Lucas Turner
CUST6535,Gina Ho
CUST6536,Richard Kelly
CUST6537,Monica Martinez
CUST6538,Joseph Collins
CUST6539,Terrance Smith
CUST6540,David Paul
CUST6541,Jill Crosby
CUST6542,Mr. Henry Greene
CUST6543,Corey Scott
CUST6544,Jason Wong
CUST6545,Brenda Lin
CUST6546,John Ramirez
CUST6547,Dana Elliott MD
CUST6548,Jennifer Mckinney
CUST6549,Fernando Robertson
CUST6550,Marvin Hughes
CUST6551,Jason Dennis
CUST6552,Tiffany Johnson
CUST6553,Grant Walker
CUST6554,Scott Walton
CUST6555,Donald Clark
CUST6556,Mr. Roy Sanchez
CUST6557,Ashley Fowler
CUST6558,Henry Harris
CUST6559,Nathan Olson
CUST6560,Taylor Gould
CUST6561,Johnny Foley
CUST6562,James Pearson
CUST6563,Mr. Adrian Nichols
CUST6564,Joseph Nichols
CUST6565,Richard Roach
CUST6566,Douglas Alexander
CUST6567,Alfred Lutz
CUST6568,Laura Jensen
CUST6569,Jodi Wolfe
CUST6570,Megan Lynch
CUST6571,Lisa Williams
CUST6572,Shannon Wagner
CUST6573,Clarence Ayala
CUST6574,Melissa Johnson MD
CUST6575,Caleb Watson
CUST6576,Jon Thomas
CUST6577,Howard Martin
CUST6578,Natalie Charles
CUST6579,Kenneth Andrews
CUST6580,Cody Hall
CUST6581,David Butler
CUST6582,Grant Cooper
CUST6583,Dr. Terry Bryant
CUST6584,Diana Mueller
CUST6585,Jo Curry
CUST6586,Joshua Bell
CUST6587,Spencer Walker
CUST6588,Diana Smith
CUST6589,Sydney Salazar
CUST6590,Scott Oliver
CUST6591,Megan Santos
CUST6592,Kyle Villegas
CUST6593,Kelly George
CUST6594,Janet Waller
CUST6595,Jason Morrison
CUST6596,Brooke Bradford
CUST6597,Sara Gill
CUST6598,Jessica Oneill
CUST6599,Laura Andrews
CUST6600,Joyce Nelson
CUST6601,Keith Bowen
CUST6602,Megan Butler
CUST6603,David Mccarthy
CUST6604,Jason Clark
CUST6605,Amy Wright
CUST6606,Erin Paul
CUST6607,Anna Schmitt
CUST6608,Kevin Lamb
CUST6609,Jacqueline Delgado
CUST6610,Lonnie Wheeler
CUST6611,Jeffrey Baker
CUST6612,Troy Johnson
CUST6613,Shane Bean
CUST6614,Scott Jackson
CUST6615,Corey Murray
CUST6616,Stacy Webster
CUST6617,Terry Nguyen
CUST6618,Dana Lamb
CUST6619,Theresa Peterson
CUST6620,Jonathan Lutz
CUST6621,Benjamin Sellers
CUST6622,Pamela Henderson
CUST6623,Austin Vargas
CUST6624,Derek Braun
CUST6625,Madeline Armstrong
CUST6626,Anna Banks
CUST6627,Patrick Chambers
CUST6628,Robert Crane
CUST6629,Robert Tran
CUST6630,Danny Butler
CUST6631,Haley Mcknight
CUST6632,Ronald Franco
CUST6633,Michael Mcguire
CUST6634,Catherine Aguilar
CUST6635,Ariel Martin
CUST6636,David Baker
CUST6637,Robin Pennington
CUST6638,Jorge Brown
CUST6639,Jeffrey Nguyen
CUST6640,Christine Hill
CUST6641,Dennis Ramirez
CUST6642,Lisa Robbins
CUST6643,Paul Hunter
CUST6644,Mary Thomas
CUST6645,Deanna Ortiz
CUST6646,Susan Phillips
CUST6647,Sarah Carlson
CUST6648,Tanner Thomas
CUST6649,Brian Gibson
CUST6650,Lauren Young
CUST6651,Paul Fields
CUST6652,Timothy Salazar
CUST6653,Lisa Conway
CUST6654,Penny Taylor
CUST6655,Michelle Boyd
CUST6656,Thomas Sampson
CUST6657,Kevin Porter
CUST6658,Karen Lozano
CUST6659,Kimberly Wade
CUST6660,Matthew Ramsey
CUST6661,Diane Cannon
CUST6662,Angela Velez
CUST6663,Chris Jacobson
CUST6664,Tyler Stephenson
CUST6665,Shawn Alvarado
CUST6666,Paul Fletcher
CUST6667,Mallory Romero MD
CUST6668,Natalie Baker
CUST6669,Alexis Young
CUST6670,Christopher Arnold
CUST6671,Shawn Mullins
CUST6672,Sarah Stephens
CUST6673,Jesse Jones
CUST6674,Joann Hebert
CUST6675,Brian Mitchell
CUST6676,David Perkins
CUST6677,George Webster
CUST6678,Lauren Zamora
CUST6679,Debra Armstrong
CUST6680,Gregory Mitchell
CUST6681,Nicholas Neal
CUST6682,Jeffrey Stewart
CUST6683,Luke Hernandez
CUST6684,Andre Hunt
CUST6685,Tamara King
CUST6686,Diane White
CUST6687,Kevin Thomas
CUST6688,Raymond Wilkins
CUST6689,William Sosa
CUST6690,Miss Sarah Hart DDS
CUST6691,Phillip Harrison
CUST6692,Christine Walters
CUST6693,Frank Andrews
CUST6694,Brenda Scott
CUST6695,Rachel Woods
CUST6696,Ryan Ramos
CUST6697,Gregory Daniels
CUST6698,Robert Marks
CUST6699,Adam Flores
CUST6700,Yvonne Smith
CUST6701,Francisco Johnson
CUST6702,Jacqueline Davidson
CUST6703,Steven Hayes
CUST6704,Victoria Wilson
CUST6705,Dana Rivera
CUST6706,Daniel Cox
CUST6707,Eileen Miller
CUST6708,Cynthia Woods
CUST6709,Ricardo Hill
CUST6710,Misty Smith
CUST6711,Ashley Michael
CUST6712,Susan Pittman
CUST6713,Pamela Brown
CUST6714,Jerry Adams
CUST6715,Todd Gibbs
CUST6716,Matthew Blair
CUST6717,Samuel Bray
CUST6718,Terri Keller
CUST6719,Connie Webb
CUST6720,Cynthia Garcia
CUST6721,Dawn Miller
CUST6722,Alan Daugherty
CUST6723,Colin Martinez
CUST6724,Tanya Reynolds
CUST6725,Jesse Gray
CUST6726,Diane Glass
CUST6727,Mark Sims
CUST6728,Michelle Carter
CUST6729,John Washington
CUST6730,Katherine Spencer
CUST6731,Tyler Cox
CUST6732,Jennifer Carroll
CUST6733,Heather Perkins
CUST6734,Marc Williams
CUST6735,Ronald Brennan
CUST6736,Joshua Hudson
CUST6737,Seth Morgan
CUST6738,Mr. Jonathan Gray
CUST6739,Ronald Newman
CUST6740,Erin Thompson
CUST6741,Krystal Mathews
CUST6742,Linda Hicks
CUST6743,Erica Allen
CUST6744,Shawn Wood
CUST6745,Andrea Wright
CUST6746,Gregory Simmons
CUST6747,Michele Wilkerson MD
CUST6748,Brian Bates
CUST6749,Patricia Love
CUST6750,Tara Howard
CUST6751,Matthew Schroeder
CUST6752,Joanne Johnson
CUST6753,Timothy Hanna
CUST6754,Christine Nguyen
CUST6755,Jason Spears
CUST6756,Brandon Parker
CUST6757,Melissa Wright
CUST6758,Mr. Roger Hughes
CUST6759,Andrew Taylor
CUST6760,Luis Luna
CUST6761,Ellen Lawson
CUST6762,Brittany Murphy
CUST6763,Melissa Higgins
CUST6764,Frederick Hopkins
CUST6765,Amber Arnold
CUST6766,Dr. Emily Harrell DDS
CUST6767,Paul Hunt
CUST6768,Sara Dawson
CUST6769,Cristina Mullen
CUST6770,Richard Matthews
CUST6771,Stacey Bryant
CUST6772,Ryan Golden
CUST6773,Tiffany Gray
CUST6774,Brittany Thompson
CUST6775,Rodney Martinez DVM
CUST6776,Jill Mcneil
CUST6777,Eduardo Padilla
CUST6778,Curtis Jordan
CUST6779,Francisco Jones
CUST6780,Julie Yates
CUST6781,Rebecca Washington
CUST6782,Carla Briggs
CUST6783,Matthew Colon
CUST6784,Glenn Smith
CUST6785,Jessica Rivera
CUST6786,Emily Baker
CUST6787,Kim Moore
CUST6788,Sheila Green
CUST6789,George White
CUST6790,Austin Bonilla
CUST6791,Kelsey Mcintosh
CUST6792,Lawrence Anderson
CUST6793,David Barrera
CUST6794,Ryan Miller
CUST6795,Luis Willis
CUST6796,Stephanie Cox
CUST6797,Casey Williams
CUST6798,Alicia Collins
CUST6799,Tonya Martinez
CUST6800,Nicholas Bailey
CUST6801,Jonathan Blanchard
CUST6802,Jacqueline Vang
CUST6803,James Daugherty
CUST6804,Cindy Benitez
CUST6805,Shane Gilbert
CUST6806,Seth Foley
CUST6807,Willie Carpenter
CUST6808,Tanya Todd
CUST6809,John Chung
CUST6810,Tammy Rice
CUST6811,Mark Navarro
CUST6812,Debbie Foster
CUST6813,Shannon Christensen
CUST6814,Brent Clark
CUST6815,Dr. Adam Frye
CUST6816,Michelle Norris
CUST6817,John Lane
CUST6818,Shane Jarvis
CUST6819,Janice Carter
CUST6820,Gregory Palmer
CUST6821,Roger Rogers
CUST6822,Collin Koch
CUST6823,Warren Fernandez
CUST6824,Julia Ortiz
CUST6825,Douglas Hill
CUST6826,Benjamin Harding
CUST6827,Jonathan Wheeler
CUST6828,James Delgado
CUST6829,Thomas Farrell
CUST6830,Richard Carpenter
CUST6831,Bryce Murphy
CUST6832,Dr. Cheyenne Johnson
CUST6833,Tammy Brown
CUST6834,Janice Shelton
CUST6835,Sarah Abbott
CUST6836,Mrs. Tonya Olson
CUST6837,Bethany King
CUST6838,Eric Coleman
CUST6839,Jacqueline Walters
CUST6840,Jason Bray
CUST6841,Tammy Castro
CUST6842,Colton Turner
CUST6843,William Caldwell
CUST6844,Andrew Ross
CUST6845,Christopher Williamson
CUST6846,Susan Kelly
CUST6847,Renee Friedman
CUST6848,Christopher Brown DDS
CUST6849,Manuel Johnson
CUST6850,Amber Thomas
CUST6851,Craig Nelson
CUST6852,Craig Harris
CUST6853,Ethan Adams
CUST6854,Jennifer Murray
CUST6855,Alexandra Mcdowell
CUST6856,Christopher Patel
CUST6857,Shannon Berry
CUST6858,Eric Ferguson
CUST6859,Marie Miller
CUST6860,Ashley Morris
CUST6861,Richard Fuentes
CUST6862,Alicia Myers
CUST6863,Natalie Martin
CUST6864,Eric Mitchell
CUST6865,David Bell
CUST6866,Shannon Ingram
CUST6867,Heather Kelly PhD
CUST6868,Victoria Reynolds
CUST6869,Ian Little
CUST6870,Thomas Sloan
CUST6871,Sarah Cervantes
CUST6872,Brittany Curtis
CUST6873,Terri Clark
CUST6874,Kelly Snow
CUST6875,Cynthia Williams
CUST6876,Sandra Evans
CUST6877,Shannon Ho
CUST6878,Michelle James
CUST6879,Tracey Hall
CUST6880,Timothy Duke
CUST6881,Larry Murphy
CUST6882,Megan Walker
CUST6883,William Gould
CUST6884,John Marks
CUST6885,Alyssa Haynes
CUST6886,Jeremy Foster
CUST6887,Eric Collins
CUST6888,William Wolf DDS
CUST6889,Todd Griffin
CUST6890,Patrick Gay
CUST6891,Jessica Spencer
CUST6892,Nicole Lopez
CUST6893,Valerie Ferguson
CUST6894,Laura Zimmerman
CUST6895,Shelly Allen
CUST6896,Brandon Arias
CUST6897,Laura Black
CUST6898,Taylor Lewis
CUST6899,Tony Hines
CUST6900,Sheila Smith
CUST6901,Brenda Barrett
CUST6902,Charles Lawrence
CUST6903,Keith Hubbard
CUST6904,Zachary Harper
CUST6905,Emma Morales
CUST6906,Anne Johnson DDS
CUST6907,Caitlin Mejia
CUST6908,Kenneth King
CUST6909,Juan Sanchez
CUST6910,Tina Mueller
CUST6911,Cassidy Jones
CUST6912,Norma Chen
CUST6913,Brian Lewis
CUST6914,Gregory Hatfield
CUST6915,Jose Meyers
CUST6916,Lisa Harris
CUST6917,Michele Smith
CUST6918,Danielle Garcia
CUST6919,Benjamin Foley
CUST6920,Maria Taylor
CUST6921,Hannah Roberson
CUST6922,Brenda Flores
CUST6923,Tina Cooper
CUST6924,Raymond Everett PhD
CUST6925,Tanner Jones
CUST6926,Joshua Archer
CUST6927,Marcus Duarte
CUST6928,Sarah Harper
CUST6929,Douglas Jimenez
CUST6930,Christopher Sanders
CUST6931,Steven Allen
CUST6932,Andrea Morris
CUST6933,Rachel Grant
CUST6934,Kimberly Welch
CUST6935,Tony Horne
CUST6936,Kevin Delacruz
CUST6937,Brittany Carter
CUST6938,Taylor Jackson
CUST6939,Brandon Wright
CUST6940,Anna Edwards
CUST6941,Megan Foster
CUST6942,Wesley Baxter
CUST6943,James Carlson
CUST6944,Lindsey Arroyo
CUST6945,Tonya Roberts
CUST6946,Tracy Branch
CUST6947,Nathan Goodwin
CUST6948,Jeffrey Booker
CUST6949,Debra Brennan
CUST6950,Elizabeth Soto
CUST6951,Kyle Smith
CUST6952,Jeffery Wilkinson
CUST6953,Troy Moore
CUST6954,Margaret Ross
CUST6955,Jim Simmons
CUST6956,Harold Barry
CUST6957,Alison Cook
CUST6958,Todd Hooper
CUST6959,Leroy Escobar
CUST6960,Tara Rosales
CUST6961,Beth Knox
CUST6962,Raymond Gibson
CUST6963,Todd Blake
CUST6964,Anna Jackson
CUST6965,Jasmine Andrews
CUST6966,Richard Rowe
CUST6967,Ronnie Gonzalez
CUST6968,Carol Dixon
CUST6969,Douglas Buck
CUST6970,Jose Rogers II
CUST6971,Laura Allen
CUST6972,Victoria Walter
CUST6973,Mary Bauer
CUST6974,Scott Miller
CUST6975,Taylor Rocha
CUST6976,Mary Sanders
CUST6977,Cindy Simmons
CUST6978,Sean Richardson
CUST6979,James Weiss II
CUST6980,Victoria Marks
CUST6981,Justin Merritt
CUST6982,Melanie Mooney
CUST6983,Ricky Miller
CUST6984,Dawn Nash
CUST6985,Matthew Lee
CUST6986,Hayley Flores
CUST6987,Angela Christensen
CUST6988,William Haney
CUST6989,Barry Ferguson
CUST6990,Matthew Chung
CUST6991,Clarence Phillips
CUST6992,Philip Dixon
CUST6993,Caroline Hensley
CUST6994,Natalie Ward
CUST6995,Regina Hale
CUST6996,Marie Patton
CUST6997,Angela Bishop
CUST6998,George Greene
CUST6999,Shannon Reynolds
CUST7000,Bobby Wong
CUST7001,Michael Fuller
CUST7002,Melissa Martinez DDS
CUST7003,Kendra Le
CUST7004,Larry Pierce MD
CUST7005,Jessica Walters DVM
CUST7006,Tina Martinez
CUST7007,Stephanie Roberts
CUST7008,Martin Hood PhD
CUST7009,Catherine Sheppard
CUST7010,Shannon Martinez
CUST7011,Nicholas Sullivan
CUST7012,Maureen Anderson
CUST7013,Mallory Reyes
CUST7014,Emily Roberson
CUST7015,Terry Barnes
CUST7016,Krista Paul
CUST7017,Edward Campbell
CUST7018,Patricia Smith
CUST7019,Derrick Stone
CUST7020,Sherry Hughes
CUST7021,Sonya Reyes
CUST7022,Angela Sullivan
CUST7023,Connie Stuart
CUST7024,Jose Parks
CUST7025,Cynthia Porter
CUST7026,Anna Harris
CUST7027,Jonathan Christian
CUST7028,Brenda Curtis
CUST7029,Anna Hall
CUST7030,Henry Booth
CUST7031,James Chapman
CUST7032,Faith Moss
CUST7033,Haley Griffin
CUST7034,Holly George
CUST7035,Angel Joseph
CUST7036,Patricia Morales
CUST7037,Travis Lee
CUST7038,Susan Keller
CUST7039,Jeffrey Ayala
CUST7040,Luke Cox
CUST7041,Michael Nielsen
CUST7042,Jonathan Crosby
CUST7043,Peter Washington
CUST7044,Kimberly Rollins
CUST7045,Janet Roberts
CUST7046,Nancy Monroe
CUST7047,Andres Campbell
CUST7048,Jeffrey Baird
CUST7049,Dana Fitzpatrick
CUST7050,Nathan Conner
CUST7051,Nancy Neal
CUST7052,Renee Goodman
CUST7053,Christopher Wang
CUST7054,Nancy Flores
CUST7055,Richard Lee
CUST7056,Robert Hickman
CUST7057,Grant Sweeney
CUST7058,Jesus Schultz
CUST7059,Janice Kirby
CUST7060,Kenneth Williams
CUST7061,Rhonda Roberts
CUST7062,Kathryn Acosta
CUST7063,Juan Escobar
CUST7064,Samuel Logan
CUST7065,Devon Paul
CUST7066,Oscar Berry
CUST7067,Emily Wallace
CUST7068,Joel Baker
CUST7069,Mandy Robinson
CUST7070,Lindsey Padilla
CUST7071,Matthew Rhodes
CUST7072,Heather Cook
CUST7073,Kelly Ellis
CUST7074,Rachel Fitzgerald
CUST7075,Holly Mckinney
CUST7076,James Winters
CUST7077,Carrie Reynolds
CUST7078,Jeffrey Livingston
CUST7079,Juan Carroll
CUST7080,Christopher Norton
CUST7081,Kenneth Ewing
CUST7082,Joseph Mckee
CUST7083,Jo Wilson
CUST7084,Bruce Rivera
CUST7085,Debra Ellis
CUST7086,April Massey
CUST7087,Mackenzie Norton
CUST7088,Todd Jenkins
CUST7089,Donna Cannon
CUST7090,Glenda Snyder
CUST7091,Michelle Calhoun
CUST7092,Jean Richardson
CUST7093,Shari Hutchinson
CUST7094,Shelly Lewis
CUST7095,Tom King
CUST7096,Kendra Marshall
CUST7097,Nicole Baird
CUST7098,Thomas Huff
CUST7099,Carl Baker
CUST7100,Craig Fields
CUST7101,Debra Frost
CUST7102,William Morris
CUST7103,Mr. Joshua Osborne
CUST7104,Anthony Fritz
CUST7105,Juan Cabrera
CUST7106,Ian Washington
CUST7107,Ronnie Cooper
CUST7108,Joshua Mcdaniel
CUST7109,Edward Farmer
CUST7110,Timothy Hurst
CUST7111,Sarah Brown
CUST7112,Tonya Manning
CUST7113,Jason Kim
CUST7114,Keith Black
CUST7115,Brenda Dennis
CUST7116,Rachel Peterson
CUST7117,Charles Gray
CUST7118,Tracy Andersen
CUST7119,Scott Gonzalez
CUST7120,Jennifer Jones
CUST7121,Megan Ford
CUST7122,Ashlee Rivers
CUST7123,Vanessa Johnson
CUST7124,Keith Powell
CUST7125,Stephen Miller
CUST7126,Zachary Sanders
CUST7127,Jared Ferrell
CUST7128,Cindy Thompson
CUST7129,Steve House
CUST7130,Edwin Campbell
CUST7131,John Whitney
CUST7132,Amber Carter
CUST7133,Andrea Rivera
CUST7134,Nicole Cummings
CUST7135,Patrick Diaz
CUST7136,Stacy Watts
CUST7137,Sara Garner
CUST7138,Daniel Parker
CUST7139,Teresa Haas
CUST7140,Jeffery Grant
CUST7141,Thomas Mcclure
CUST7142,Cheryl Roberts
CUST7143,Ryan Berry
CUST7144,Edward Cain
CUST7145,Brittany Moreno
CUST7146,Melissa Lindsey
CUST7147,Amanda Santiago
CUST7148,Mr. Randy Anderson
CUST7149,Robert Brewer
CUST7150,Marc Smith
CUST7151,Mrs. Casey Hawkins
CUST7152,James Mccoy
CUST7153,Christine Gentry
CUST7154,Desiree Hicks
CUST7155,Todd Bruce
CUST7156,Austin Barber
CUST7157,Tracey Manning
CUST7158,Tamara Peters
CUST7159,Scott Sawyer
CUST7160,Carolyn Gray
CUST7161,Jennifer Wilson
CUST7162,Dawn Singh
CUST7163,Kimberly Frank
CUST7164,Patrick Ward
CUST7165,Daniel Carlson
CUST7166,Shawn Golden
CUST7167,Miss Andrea Branch MD
CUST7168,Harold Bowers
CUST7169,Shannon Valentine
CUST7170,Melissa Lang
CUST7171,Bryan Wilson
CUST7172,Clayton Sullivan
CUST7173,Kelsey Smith
CUST7174,Maureen Donaldson
CUST7175,Tony Ray
CUST7176,Keith Lynch
CUST7177,Mark Orr
CUST7178,Stephanie Snyder
CUST7179,Daniel Santiago
CUST7180,Christy Patterson
CUST7181,Samuel Nichols
CUST7182,Elizabeth Mcfarland
CUST7183,Jermaine Jacobson
CUST7184,David Jordan
CUST7185,Susan Estrada
CUST7186,Wanda Mendoza
CUST7187,Ryan Harris
CUST7188,Rebekah Johnson
CUST7189,Ronald Johnson
CUST7190,Frederick Shepard
CUST7191,Denise Fowler
CUST7192,Allison Haynes
CUST7193,Maria Lopez
CUST7194,Darrell Anderson
CUST7195,Brandon Johnson
CUST7196,Nathan Bailey
CUST7197,Elizabeth Phillips
CUST7198,Francisco Parker
CUST7199,Beth Johnson
CUST7200,Mrs. Anna Gonzales MD
CUST7201,Cynthia Ramirez
CUST7202,Cathy Rojas
CUST7203,Willie Solis
CUST7204,Jessica Woods
CUST7205,Jorge Fox
CUST7206,Brenda Alexander
CUST7207,Bruce Clements
CUST7208,Monica Herrera
CUST7209,Daniel Rivera
CUST7210,Bradley Navarro
CUST7211,Mikayla Hernandez
CUST7212,Anthony Bernard
CUST7213,Kevin Brown
CUST7214,Ryan Smith
CUST7215,Bradley Ford
CUST7216,Robert Cruz
CUST7217,Theresa Lang
CUST7218,Jamie Evans
CUST7219,Peter Conner
CUST7220,Holly Williams
CUST7221,Michael Mccall
CUST7222,Susan Bush
CUST7223,Russell Bell
CUST7224,Grant Small
CUST7225,Alyssa Williams
CUST7226,Richard Jones
CUST7227,Katherine Richardson
CUST7228,Michelle Dunn
CUST7229,Anna Miller
CUST7230,Kayla Richmond
CUST7231,Frances Smith
CUST7232,Mary Carter
CUST7233,Nichole Mueller
CUST7234,Audrey Welch
CUST7235,Steven Keller
CUST7236,Natalie Young
CUST7237,Margaret Stanley
CUST7238,Sarah Moss
CUST7239,Mr. Reginald Pratt
CUST7240,Tonya Richard
CUST7241,Alfred Tanner
CUST7242,Timothy Patterson
CUST7243,Robert Bennett
CUST7244,Ariel Cannon
CUST7245,Dr. Sierra Archer
CUST7246,Kevin Rosales
CUST7247,Nicholas Robinson
CUST7248,Melissa Holland
CUST7249,William Long
CUST7250,Daniel Patterson
CUST7251,David Watts
CUST7252,Jeffrey Bruce
CUST7253,Kelsey Watson
CUST7254,Bryan Burns
CUST7255,Derek Smith
CUST7256,Lisa Patterson
CUST7257,Richard Pratt MD
CUST7258,Luis Tapia
CUST7259,Donald Burton
CUST7260,Thomas Joyce
CUST7261,Albert Mejia
CUST7262,Jacqueline Higgins
CUST7263,Daniel Davis
CUST7264,Christopher Byrd
CUST7265,Barbara Santos
CUST7266,Benjamin Reilly
CUST7267,Jamie Hubbard
CUST7268,Lisa Little
CUST7269,Nicole Obrien
CUST7270,Ralph Clark
CUST7271,Steven Sutton
CUST7272,Theresa Johnson
CUST7273,Cody Martin
CUST7274,Douglas Collier
CUST7275,Sara Madden
CUST7276,Bethany Kelly
CUST7277,Lynn Howard
CUST7278,Beverly Turner
CUST7279,Sharon Velez
CUST7280,Anthony Hood
CUST7281,Sandra Murphy
CUST7282,Leslie Miller
CUST7283,Brooke Brown
CUST7284,Danielle Jones
CUST7285,Jon Brown
CUST7286,Sheila Hernandez
CUST7287,Michael Thompson
CUST7288,Terry Gibson
CUST7289,Harold Gomez MD
CUST7290,Gregory Baker
CUST7291,Hannah Martin
CUST7292,Kimberly Thornton
CUST7293,Tony Williams
CUST7294,Mary Li
CUST7295,Sharon Wright
CUST7296,Steven Jennings III
CUST7297,Rebecca Cox
CUST7298,Tina Mckenzie
CUST7299,Aaron Schwartz
CUST7300,Jessica Hicks
CUST7301,Susan Sanchez
CUST7302,Wendy Cooper
CUST7303,Dr. Victoria Wright
CUST7304,Ricardo Hopkins
CUST7305,Diana Patton
CUST7306,Julie Jones
CUST7307,Michael Strickland
CUST7308,Kristen Gilmore
CUST7309,Kelsey Williams
CUST7310,Abigail Hayes
CUST7311,Karen Stephens
CUST7312,Deanna Shepard
CUST7313,Bryan Serrano
CUST7314,Luis Torres
CUST7315,Dr. Stephanie Wood
CUST7316,Breanna Rios
CUST7317,Robin Gill
CUST7318,Emma Valdez
CUST7319,Garrett Mejia
CUST7320,Leslie Hill
CUST7321,Paul Glover
CUST7322,Elizabeth Taylor MD
CUST7323,Amanda Castro
CUST7324,Leah Jackson
CUST7325,Taylor Holmes
CUST7326,Matthew Perry
CUST7327,Brandon Garza
CUST7328,Stacy Wilson
CUST7329,Monique Chang
CUST7330,Emily Wright
CUST7331,Jennifer Ruiz
CUST7332,John Campos MD
CUST7333,Regina Wilson
CUST7334,Joan Wright
CUST7335,Jennifer Foley
CUST7336,Tiffany Smith
CUST7337,Samantha Davis
CUST7338,Valerie Reeves
CUST7339,Heather Mitchell
CUST7340,Lisa Nguyen
CUST7341,Wanda Bass
CUST7342,Brian Arnold
CUST7343,Lisa Ross
CUST7344,Janet French
CUST7345,Albert Fisher
CUST7346,Robert Michael
CUST7347,Brandi Jones
CUST7348,Jennifer Lambert
CUST7349,Jeff Pierce
CUST7350,Molly Hansen
CUST7351,Andrew Morales
CUST7352,Melissa Rodriguez
CUST7353,April Rogers
CUST7354,Jessica Turner
CUST7355,Connie Jones
CUST7356,Brandon Diaz
CUST7357,Daniel Melton
CUST7358,Theresa Moore
CUST7359,Mary Thompson
CUST7360,Alejandro Jones
CUST7361,Michelle Santos
CUST7362,Robert Henry
CUST7363,Tracey Thomas
CUST7364,Andre Jackson
CUST7365,Erin Guzman
CUST7366,Mrs. Heather Bowman DDS
CUST7367,Eric James
CUST7368,Katherine Hanna
CUST7369,Jo Thornton
CUST7370,Andrew Robbins
CUST7371,Michael Sanchez
CUST7372,Katrina James
CUST7373,Paul Mcgrath
CUST7374,James Compton
CUST7375,Rachel Beasley
CUST7376,Steve Jenkins
CUST7377,Stacy Morgan
CUST7378,Douglas Castro
CUST7379,Shelia Jones
CUST7380,Paul Huynh
CUST7381,Robin Perez
CUST7382,Edward Henson
CUST7383,Dustin Lewis
CUST7384,Jacqueline Mccarthy
CUST7385,Kathleen Livingston
CUST7386,Cindy Fowler
CUST7387,Michael Delacruz
CUST7388,Richard Peck
CUST7389,Matthew Harmon
CUST7390,Bruce Rojas
CUST7391,Micheal Edwards
CUST7392,Miss Laura Roberts
CUST7393,Gary Garcia
CUST7394,Tiffany Lopez
CUST7395,Lisa Nixon
CUST7396,Laura Eaton
CUST7397,Margaret Hopkins
CUST7398,Billy Davis
CUST7399,Kyle Meyers
CUST7400,Edgar Stafford
CUST7401,Crystal Morgan
CUST7402,Samuel Duffy
CUST7403,Susan Williams
CUST7404,Tina King
CUST7405,Jane Hinton
CUST7406,Justin Rasmussen
CUST7407,Bethany Prince
CUST7408,Victoria Rodgers
CUST7409,Victoria Green
CUST7410,Claudia Vaughn
CUST7411,Jessica Combs
CUST7412,Tracy Leon
CUST7413,Norma Davis
CUST7414,Brandon Page
CUST7415,Richard Jackson
CUST7416,Frank Hall
CUST7417,Ronald Hall
CUST7418,Tina Ortega
CUST7419,Gerald Manning
CUST7420,James Bradley
CUST7421,Carolyn Rodriguez
CUST7422,Hector Sutton
CUST7423,Bryan Johnson
CUST7424,Mary David
CUST7425,Brian Martinez
CUST7426,Angela James
CUST7427,Travis Vaughan
CUST7428,Michael Cannon
CUST7429,Elizabeth Pennington
CUST7430,James Ortiz
CUST7431,Samantha Nichols
CUST7432,Susan Spears
CUST7433,Carlos Townsend
CUST7434,Gregory Howell
CUST7435,Kristen Cohen
CUST7436,Joshua Moore
CUST7437,Kristin Walker
CUST7438,Kathryn Fletcher
CUST7439,James Holland
CUST7440,Stephen Dixon
CUST7441,Madeline Paul
CUST7442,Molly Smith
CUST7443,Yvette Cannon
CUST7444,Bryan Colon
CUST7445,Marvin Ortiz
CUST7446,John Anderson
CUST7447,Sherry Gray
CUST7448,Sherry Ewing
CUST7449,Tyler Williams
CUST7450,Robert Jones
CUST7451,Mrs. Heidi Ayers MD
CUST7452,Vicki Patrick
CUST7453,Erik Miller Jr.
CUST7454,Kenneth Patterson
CUST7455,Joshua Cunningham
CUST7456,Gregory Smith
CUST7457,Peter Zavala
CUST7458,Charles Warner
CUST7459,Cole Garcia
CUST7460,Jessica Morgan
CUST7461,Judy Wilson
CUST7462,Christian Taylor
CUST7463,Jesse Cruz
CUST7464,Margaret Palmer
CUST7465,Tanner Richards
CUST7466,Robin Walls
CUST7467,Lee Martinez
CUST7468,Keith Armstrong
CUST7469,Michael Juarez
CUST7470,Joseph Lawrence
CUST7471,Ashley Newman
CUST7472,Richard Campbell
CUST7473,Molly Hodge
CUST7474,Kathleen Hayes
CUST7475,Heather Schmidt
CUST7476,Xavier Lee
CUST7477,Donald West
CUST7478,Deborah Phillips
CUST7479,Danny Brown
CUST7480,Phyllis Hicks
CUST7481,Raymond Sims
CUST7482,Jacob Meyer
CUST7483,Lauren Johnson
CUST7484,Jordan Schultz
CUST7485,Beth Nelson
CUST7486,Joann Burke
CUST7487,Ian Burgess
CUST7488,Zachary Parker
CUST7489,Alexandra Long
CUST7490,Stephanie Shaw
CUST7491,Joseph Bell
CUST7492,Robert Thomas
CUST7493,Scott Poole
CUST7494,Zachary Trujillo
CUST7495,Raymond Woods MD
CUST7496,Nichole Turner
CUST7497,Katie Kemp
CUST7498,Michael Graves
CUST7499,Sharon Tran
CUST7500,Scott Vaughan
CUST7501,Alexander Mcgee
CUST7502,Andrew Smith
CUST7503,Laura Sanchez
CUST7504,Mrs. Christine Diaz MD
CUST7505,Trevor Huff
CUST7506,Teresa Mcgee
CUST7507,Phillip Turner
CUST7508,James Macias
CUST7509,Robin Reynolds
CUST7510,Tina Russell
CUST7511,Jamie Tran
CUST7512,Sara Jones PhD
CUST7513,Jordan Jones
CUST7514,Kimberly Obrien
CUST7515,Tyler Olson
CUST7516,Anthony Mcmillan
CUST7517,David Hanson
CUST7518,Dr. Thomas Lane
CUST7519,Tammy Butler
CUST7520,Rebecca Munoz
CUST7521,Mark Hernandez
CUST7522,Luis Miles
CUST7523,Heather Lara
CUST7524,Alvin Gilbert
CUST7525,Ariel Wilson
CUST7526,Howard Jones
CUST7527,Kim Ramirez
CUST7528,Zachary Rich
CUST7529,Nicole Ortiz
CUST7530,Kimberly Conley
CUST7531,Mark Edwards
CUST7532,Shelly Cain
CUST7533,Christopher Wall
CUST7534,Jennifer Porter
CUST7535,Jerry Mullins
CUST7536,Norman Miller
CUST7537,Tyler Mitchell
CUST7538,Joseph Luna
CUST7539,Bryan Davis
CUST7540,Todd Brown
CUST7541,Craig Moreno
CUST7542,Todd Hall
CUST7543,Regina Smith
CUST7544,Corey Peterson
CUST7545,Evan Lewis
CUST7546,Mark Hurley
CUST7547,Mike Brown
CUST7548,Joel Jones
CUST7549,Stephanie Krause
CUST7550,Catherine Obrien
CUST7551,Devon Adams
CUST7552,Mr. Justin Skinner
CUST7553,Patricia Gomez
CUST7554,Terry Flores
CUST7555,Sandy Cooper
CUST7556,Roy Green
CUST7557,Kevin Figueroa
CUST7558,Melissa Watkins
CUST7559,Angela Krueger
CUST7560,James Proctor
CUST7561,Kurt Zavala
CUST7562,Alexandra Newton
CUST7563,Clifford Hubbard
CUST7564,Laura Scott
CUST7565,Michael Anderson
CUST7566,Jennifer Stevenson
CUST7567,Rebecca Vargas
CUST7568,Kevin Patrick
CUST7569,Patricia Caldwell
CUST7570,Angel Cortez
CUST7571,Christopher Reed
CUST7572,Juan Roberts
CUST7573,Kelly Glover
CUST7574,Paul Martinez
CUST7575,Patricia Cortez
CUST7576,Jordan Thomas
CUST7577,Mrs. Natalie Robinson
CUST7578,Emily Rivera
CUST7579,Stacy Lewis
CUST7580,Tara Davis
CUST7581,Christina Murray
CUST7582,Gail Wright
CUST7583,William Rowe
CUST7584,Christopher Bishop
CUST7585,Tony Wright Jr.
CUST7586,Christopher Tran
CUST7587,Marissa Riley
CUST7588,Timothy Mathews
CUST7589,Mrs. Caroline Hopkins
CUST7590,Douglas Smith
CUST7591,Mr. Zachary Morgan
CUST7592,Amanda Ellis
CUST7593,Donald Lee
CUST7594,Sean Harris
CUST7595,Brenda Nichols
CUST7596,Paul Woods
CUST7597,Robert Chen
CUST7598,Wendy Thomas
CUST7599,Katherine Robertson
CUST7600,Shane Anderson
CUST7601,Luke Schneider
CUST7602,Tina Grimes
CUST7603,Deborah Garner
CUST7604,Mrs. Elizabeth Vargas
CUST7605,Rachel Boyd
CUST7606,Olivia Duncan
CUST7607,Eric Fisher
CUST7608,Isaac Harris
CUST7609,Ashley Campbell
CUST7610,Katelyn Hicks
CUST7611,Joshua Sandoval
CUST7612,Stephen Wilson
CUST7613,Brittany George
CUST7614,Michael Duncan
CUST7615,Ryan Bennett
CUST7616,Hannah Miller
CUST7617,Tiffany Holmes
CUST7618,Ana Hicks
CUST7619,Melvin Hodge
CUST7620,Maria Ayala
CUST7621,Christopher Sutton
CUST7622,Mark Wiley
CUST7623,Jonathan Garcia
CUST7624,Brandon Moody
CUST7625,Brandy Thomas
CUST7626,Shelby Sutton
CUST7627,Jessica Taylor
CUST7628,Brett Adams
CUST7629,Christopher Lopez
CUST7630,Leslie Watson
CUST7631,Maria Hamilton
CUST7632,Aaron Brandt
CUST7633,Michele Cardenas
CUST7634,Mrs. Ashley Holloway
CUST7635,Natalie Hanson
CUST7636,Pamela Taylor
CUST7637,Susan Mathis
CUST7638,Lindsey Shaw
CUST7639,Anne Hart
CUST7640,Benjamin Pitts
CUST7641,William Banks
CUST7642,Martin Dennis
CUST7643,Brandon Thompson
CUST7644,Travis Wallace
CUST7645,Jason Campos
CUST7646,Ruth Owens DDS
CUST7647,Sarah Walls
CUST7648,Denise Jones MD
CUST7649,Stephen Spencer
CUST7650,Dr. Charles Kaufman
CUST7651,Susan Yates
CUST7652,Mr. Alexander Coffey
CUST7653,Brenda Pittman
CUST7654,Thomas Sullivan
CUST7655,Michelle Velez
CUST7656,Craig Brown
CUST7657,Lisa Marks
CUST7658,Patrick Gonzalez
CUST7659,Roberto Miller
CUST7660,Haley Steele
CUST7661,Erik Hubbard
CUST7662,Karen Sullivan
CUST7663,Casey Simpson
CUST7664,Christina Walker
CUST7665,Joseph Acevedo
CUST7666,Daniel Palmer
CUST7667,Julia Reese
CUST7668,Rebecca Lee
CUST7669,Jennifer Reyes
CUST7670,Charles Lane
CUST7671,Jill Howard
CUST7672,Brenda Moore
CUST7673,Kevin Thompson
CUST7674,Brianna Porter
CUST7675,Andrea Powell
CUST7676,Sean Evans
CUST7677,Omar Pitts
CUST7678,Tracy Melton
CUST7679,Lisa Ingram
CUST7680,Kristine Young
CUST7681,Patricia Rivas
CUST7682,Brian Daniel
CUST7683,Ashley Moore
CUST7684,Ronald Hudson
CUST7685,Andrea Jones
CUST7686,Michael Mejia
CUST7687,Tiffany Jones
CUST7688,Victor Smith
CUST7689,Cameron Conner
CUST7690,Jodi Bentley
CUST7691,Brianna Smith
CUST7692,Joshua Green
CUST7693,Benjamin Lopez
CUST7694,Bethany Davenport
CUST7695,Kaitlyn Kelley
CUST7696,Heather Woods
CUST7697,Mark Koch
CUST7698,Richard Ruiz
CUST7699,Charles Ray
CUST7700,Ashley Guzman
CUST7701,Alan Zimmerman
CUST7702,Charles Schultz
CUST7703,Cassandra Rollins
CUST7704,Dana Summers
CUST7705,Katherine Nichols
CUST7706,Jason Taylor
CUST7707,Kevin Baker
CUST7708,Ryan Schneider
CUST7709,Ashley Taylor
CUST7710,Ann Sosa
CUST7711,Chad Cooper
CUST7712,Janice Tucker
CUST7713,Brandon Barr
CUST7714,Gail Graham
CUST7715,Morgan Anderson MD
CUST7716,Faith Green
CUST7717,Hannah Wade
CUST7718,Julia Brown
CUST7719,Taylor Hensley
CUST7720,Courtney Phillips
CUST7721,Kristopher Holland
CUST7722,Deborah Mcgee
CUST7723,Terry Mason
CUST7724,Jonathan Campbell
CUST7725,Steven Montgomery II
CUST7726,Scott Gilbert
CUST7727,Deanna Rodriguez
CUST7728,Hannah Campbell
CUST7729,Sean Smith
CUST7730,Kevin Atkins
CUST7731,Paul Massey
CUST7732,Brenda Cervantes
CUST7733,Christopher Davis
CUST7734,Jeffrey Moore
CUST7735,Erik Roberts
CUST7736,Ebony Nichols
CUST7737,Joseph Richards
CUST7738,Lori Bennett
CUST7739,Diana Blevins
CUST7740,Alexandria Smith
CUST7741,Derek Orozco
CUST7742,Felicia Garner
CUST7743,Travis Hubbard
CUST7744,Jackie Bridges
CUST7745,Andrew Sosa
CUST7746,Steven Hunter
CUST7747,Sara Jackson
CUST7748,Gavin Sanders
CUST7749,Jessica Phillips
CUST7750,Pamela Smith
CUST7751,Sandra Diaz
CUST7752,Alejandro Adams
CUST7753,Bridget Stevenson
CUST7754,Jessica Diaz
CUST7755,Courtney Levine
CUST7756,Karen Garcia
CUST7757,Tony Zamora
CUST7758,Brian Stewart
CUST7759,Brian Armstrong
CUST7760,Seth Lee
CUST7761,Ashley Williamson
CUST7762,Theodore Cameron
CUST7763,Monica Perez
CUST7764,Ronald Oconnor
CUST7765,Jake Lozano
CUST7766,Mitchell Thomas
CUST7767,Darryl Alvarez
CUST7768,Jessica Reyes
CUST7769,Catherine House
CUST7770,David Ortiz
CUST7771,Gloria Jones
CUST7772,Amanda Marshall
CUST7773,Darlene Douglas
CUST7774,Kathy Cantu
CUST7775,Maxwell Burton
CUST7776,Tyrone Bradford
CUST7777,Rebecca Nash
CUST7778,Erin Salinas
CUST7779,Michelle Richardson
CUST7780,Mr. Kenneth Brewer
CUST7781,Robert Waters
CUST7782,Luis Valenzuela
CUST7783,John Knox
CUST7784,Jacqueline Walter
CUST7785,David Ingram
CUST7786,Jessica Castillo
CUST7787,Larry Tran
CUST7788,Ashley Howard DDS
CUST7789,Jason Cortez
CUST7790,Christina Johnston
CUST7791,Ernest Henson
CUST7792,Amber Gonzales
CUST7793,Becky Brown
CUST7794,Elizabeth Nguyen
CUST7795,Tyler Hines
CUST7796,Amanda Solomon
CUST7797,Meagan Nixon
CUST7798,Rachael Davis
CUST7799,Tracey Lester
CUST7800,Thomas Patel
CUST7801,Travis Fisher
CUST7802,Robin Fields
CUST7803,Justin Eaton
CUST7804,Mr. Ronald Watson
CUST7805,Amy Nguyen
CUST7806,Ronald Shaw
CUST7807,Evan Foster
CUST7808,Jeffrey Wells
CUST7809,John Austin
CUST7810,Laura Hernandez
CUST7811,Christian Nelson
CUST7812,Lindsay Evans
CUST7813,Jacob Wilson
CUST7814,David Cruz
CUST7815,Angel Tapia
CUST7816,Claudia Estrada
CUST7817,Wesley Webb
CUST7818,Susan Rose
CUST7819,Kristina Pearson
CUST7820,Ricky Hurley
CUST7821,William Greer
CUST7822,Rebecca Morgan
CUST7823,Walter Butler
CUST7824,Kimberly Kirby
CUST7825,Kimberly Simpson
CUST7826,Ryan Hardy
CUST7827,Charles Clayton
CUST7828,Christine Carr
CUST7829,Christina Lewis
CUST7830,Cristian Ochoa
CUST7831,Ryan Gonzalez
CUST7832,Joshua Hayes
CUST7833,Richard Walters
CUST7834,Jodi Mcclain
CUST7835,Michael Webb
CUST7836,Jessica White
CUST7837,Michael Cox
CUST7838,Melinda Webb
CUST7839,Deborah Martinez
CUST7840,Brittney Beck
CUST7841,Jeffrey Garcia
CUST7842,Ashley Nguyen
CUST7843,Kristen Hickman
CUST7844,Gavin Howell
CUST7845,Aaron Erickson
CUST7846,James Logan
CUST7847,Allison Hendricks DDS
CUST7848,Kelly Nguyen
CUST7849,Brenda Travis
CUST7850,Barry Flores
CUST7851,Keith Byrd
CUST7852,Ms. Taylor Vargas
CUST7853,Jeffery Jacobs
CUST7854,James Fox
CUST7855,Troy Smith
CUST7856,Connie Day
CUST7857,Brett Stanley
CUST7858,Kyle Logan
CUST7859,Deborah Moore
CUST7860,Christopher Lam
CUST7861,Mike Boyd
CUST7862,Angel Gregory
CUST7863,Benjamin Ortiz
CUST7864,Melissa Campbell
CUST7865,Brandon Lopez
CUST7866,Andrea Wallace
CUST7867,Brenda Jimenez
CUST7868,Sarah Wallace
CUST7869,Evan Williams
CUST7870,Jesse Harris
CUST7871,James Garza
CUST7872,Lee Walton
CUST7873,Nicholas Hall
CUST7874,Tina Foster
CUST7875,John Case
CUST7876,Cynthia Sanchez
CUST7877,Stephanie Miller
CUST7878,Nicholas Wong
CUST7879,Julia Diaz
CUST7880,Madison Sanchez
CUST7881,Justin Costa
CUST7882,Kevin Schwartz
CUST7883,Jason Nguyen
CUST7884,Anthony Perry
CUST7885,Beth Jackson
CUST7886,Patricia Bentley
CUST7887,Nicholas Velez
CUST7888,Jamie Pacheco
CUST7889,Valerie Sellers
CUST7890,Robyn Holden
CUST7891,David Taylor
CUST7892,Todd Lee
CUST7893,Andre Hansen
CUST7894,Jessica Zavala
CUST7895,Patrick Ellis
CUST7896,Johnny Cohen
CUST7897,Maria Jimenez
CUST7898,Darren Collins
CUST7899,Jennifer Beasley
CUST7900,Janet Liu
CUST7901,Jacqueline Powell
CUST7902,Peter Fox
CUST7903,Jody Garcia
CUST7904,Victoria Peterson
CUST7905,David Mercer
CUST7906,Caroline Frost
CUST7907,Mike Lewis
CUST7908,Travis Simpson
CUST7909,Patricia Holder
CUST7910,Christian Miller
CUST7911,Darryl Randall
CUST7912,Robert Carpenter
CUST7913,Ronald Luna
CUST7914,James Lam
CUST7915,Amber Brewer
CUST7916,Christopher Stevenson
CUST7917,Stephen Johnson
CUST7918,Tyrone Parks
CUST7919,Jamie Chapman
CUST7920,Natalie Snow
CUST7921,David Moss
CUST7922,Julie Armstrong
CUST7923,Michael Valdez
CUST7924,Jeanette Shelton
CUST7925,Tony Martinez
CUST7926,Don Moore
CUST7927,Danielle Mueller
CUST7928,Ryan Ortiz
CUST7929,Brandon Edwards
CUST7930,Lisa Bowen
CUST7931,Hannah Day
CUST7932,Aaron Cook
CUST7933,Katie Gentry
CUST7934,Selena Rivera
CUST7935,Brent Webster
CUST7936,Abigail Valencia
CUST7937,Keith Gonzales
CUST7938,Kristi Moyer
CUST7939,David Diaz
CUST7940,Sarah Lynch
CUST7941,Erica Lyons
CUST7942,Adrian Johnston
CUST7943,Elizabeth Harris
CUST7944,Tami Oconnell
CUST7945,Bernard Chen
CUST7946,Ashley Ross
CUST7947,Martin Perry
CUST7948,Toni Spencer
CUST7949,Hannah Barber
CUST7950,Austin Evans
CUST7951,Brian Bird
CUST7952,Gary Perry
CUST7953,Morgan Cabrera
CUST7954,Kristi Johnson
CUST7955,Mrs. Jennifer Cooper MD
CUST7956,Christopher Guerrero
CUST7957,Zachary Fisher
CUST7958,Eric Mathis
CUST7959,Colin Woods
CUST7960,Savannah Jones
CUST7961,Emily Olson MD
CUST7962,Rachel Moses
CUST7963,Meghan Alvarado
CUST7964,Anita Harmon
CUST7965,Michael Price
CUST7966,Sara Case
CUST7967,Samantha Baker
CUST7968,Jessica Collins
CUST7969,David Richardson
CUST7970,Wendy Allison
CUST7971,Donna Davis
CUST7972,Ms. Katherine Davis
CUST7973,Chad Parrish
CUST7974,Wendy Martin
CUST7975,Julie Butler
CUST7976,Justin Henry
CUST7977,Julie Robinson
CUST7978,Misty Aguilar
CUST7979,William Cruz
CUST7980,John Tapia
CUST7981,Garrett Cochran
CUST7982,Brady Griffith
CUST7983,James Kennedy
CUST7984,Rachel Sanchez
CUST7985,Denise Weaver
CUST7986,Kathy Rodriguez
CUST7987,Ashley Pope DDS
CUST7988,Michael Shelton
CUST7989,Robert Green
CUST7990,Jeffrey Garrett
CUST7991,Rachel Richardson
CUST7992,John Miller
CUST7993,Robert Watts
CUST7994,Michelle Howard
CUST7995,Anthony Hayes
CUST7996,Robert Huffman DDS
CUST7997,Alicia Thomas
CUST7998,Robert Hernandez
CUST7999,Maureen Lyons
CUST8000,Michael Gonzalez
CUST8001,Nathan Mcgrath
CUST8002,Erika Jimenez
CUST8003,Christopher Mckinney
CUST8004,George Butler
CUST8005,Katherine Williams
CUST8006,Desiree Richards
CUST8007,Jessica Ward
CUST8008,Carrie Oneal
CUST8009,Michelle Morgan
CUST8010,Scott Kim
CUST8011,Nathaniel Bryant
CUST8012,Geoffrey Hawkins
CUST8013,Alvin Yates
CUST8014,Mike Riddle
CUST8015,Jacob Ford
CUST8016,Brenda Pitts
CUST8017,Travis Wilson
CUST8018,Michael Padilla
CUST8019,Benjamin Huff
CUST8020,Cesar Reynolds
CUST8021,James Alexander
CUST8022,Alexandria Suarez
CUST8023,Gilbert Perez
CUST8024,Rodney Booth Jr.
CUST8025,Taylor Greer
CUST8026,Brandon Santiago
CUST8027,Alexis Kim
CUST8028,Brenda Santos
CUST8029,Chad Carter
CUST8030,Jo Flores
CUST8031,Joseph Burns
CUST8032,Ashley Cook
CUST8033,Felicia Morgan
CUST8034,Susan Smith MD
CUST8035,Linda Jones
CUST8036,Christine Dyer
CUST8037,Crystal May
CUST8038,Brenda Coleman
CUST8039,Kylie Galloway
CUST8040,Isaiah Branch
CUST8041,Jill Cannon
CUST8042,Sarah Brewer
CUST8043,Morgan Cole
CUST8044,Beth Brown
CUST8045,Barbara Moyer
CUST8046,Juan Johnson
CUST8047,Anthony Joyce
CUST8048,Jesus Ramirez
CUST8049,Desiree Shaffer
CUST8050,Isaac Mosley
CUST8051,Jared Adams
CUST8052,Shane King
CUST8053,Megan Pope
CUST8054,Kelsey Jones
CUST8055,Alex Harris
CUST8056,Lindsey Wells
CUST8057,Colleen Russell
CUST8058,Catherine Richardson
CUST8059,Kelly Chambers
CUST8060,Valerie Gilbert
CUST8061,Richard King
CUST8062,Robert Gray
CUST8063,Sarah Horn
CUST8064,Erin Wyatt
CUST8065,Tammy Nelson
CUST8066,David Ramirez
CUST8067,Isaac Martinez
CUST8068,Ashley Andrews
CUST8069,Maria Parrish
CUST8070,David Edwards
CUST8071,Lindsey Lane
CUST8072,Vicki Anderson
CUST8073,Gina Hernandez
CUST8074,Carla Thomas
CUST8075,Matthew Quinn
CUST8076,Charles Shaffer
CUST8077,Heidi Myers DDS
CUST8078,Dr. Ann Martinez DDS
CUST8079,Scott Chapman
CUST8080,Karen Elliott
CUST8081,Danielle Riley
CUST8082,Nicole Elliott
CUST8083,Jennifer Allen
CUST8084,Crystal Austin
CUST8085,Christopher Barnes
CUST8086,Jamie Carr PhD
CUST8087,Robert Hatfield
CUST8088,Christina Ross
CUST8089,Jorge Harvey
CUST8090,Hannah Frazier
CUST8091,Karen Hall
CUST8092,Michelle House
CUST8093,Terri Adkins
CUST8094,David Wright
CUST8095,Samuel Davis
CUST8096,Shawn Taylor
CUST8097,Andrew Reed
CUST8098,Dr. Ruth Stanley MD
CUST8099,Brianna Miller
CUST8100,Michele Vasquez
CUST8101,Donna Jenkins
CUST8102,Randall Collins
CUST8103,Diana White
CUST8104,Anthony Hess
CUST8105,Alison Santos
CUST8106,Felicia Robinson
CUST8107,Connie Malone
CUST8108,Jill Bernard
CUST8109,Justin Brown
CUST8110,Erika Walker
CUST8111,Yvette Roberts
CUST8112,Alyssa Herrera
CUST8113,Kristina Patel
CUST8114,Carl Woodward
CUST8115,Garrett Rowe
CUST8116,Dana Griffin
CUST8117,Christina Allen
CUST8118,Anna Jordan
CUST8119,Angela Sloan
CUST8120,Walter Wheeler
CUST8121,Austin Roberts
CUST8122,Jacqueline Haney
CUST8123,Erik Garcia
CUST8124,Janet Gonzalez PhD
CUST8125,Adam Davidson
CUST8126,James Robbins
CUST8127,Ronald Soto
CUST8128,Jessica Salazar
CUST8129,Hector Hoffman
CUST8130,Cody Hays
CUST8131,Corey Thornton
CUST8132,Kathleen Pierce
CUST8133,Lisa Robinson
CUST8134,Michelle Salas
CUST8135,Jonathon Espinoza
CUST8136,Eric Roberts
CUST8137,Nicole Morgan
CUST8138,Raymond Dean DDS
CUST8139,Jeffery Huynh
CUST8140,Jeremy Winters
CUST8141,Kathryn Williams
CUST8142,Jamie Morgan
CUST8143,Marcus Henderson
CUST8144,Angela Clark
CUST8145,Christina Davis
CUST8146,Allison Reeves
CUST8147,Eduardo Mitchell
CUST8148,Brenda Smith PhD
CUST8149,Valerie Robinson
CUST8150,Molly Ayala
CUST8151,Keith Jones
CUST8152,Maria Snyder
CUST8153,Tyler Brown MD
CUST8154,Tamara Black
CUST8155,Ms. Cynthia Wise
CUST8156,Joan Lee
CUST8157,Jessica Douglas
CUST8158,Sara Black
CUST8159,Edward Dean
CUST8160,Tara Whitehead MD
CUST8161,Eric Diaz
CUST8162,Jackie Buck
CUST8163,Jimmy Church
CUST8164,Jordan Gray
CUST8165,Tami Ramsey
CUST8166,Lauren Gonzalez
CUST8167,Danielle Mccoy
CUST8168,Brian Norris
CUST8169,Melissa Boyer
CUST8170,Samantha Price
CUST8171,Seth Morris
CUST8172,Steven Scott
CUST8173,Elijah Fernandez
CUST8174,Austin Nelson
CUST8175,Lauren Hill
CUST8176,Veronica Griffin
CUST8177,Brian Cross
CUST8178,Jasmine Rodriguez
CUST8179,Emily Tran
CUST8180,Jennifer Lee
CUST8181,Sean Jones
CUST8182,Rita Ochoa
CUST8183,Jill Munoz
CUST8184,Christina Vasquez
CUST8185,Jeffrey Sosa
CUST8186,John Kramer
CUST8187,Emily Gomez
CUST8188,Barbara Mosley
CUST8189,Todd Williams
CUST8190,Heidi Mathews
CUST8191,Tricia Nash
CUST8192,Theresa Drake
CUST8193,Karen Ortiz
CUST8194,Garrett Wilson
CUST8195,Troy Decker Jr.
CUST8196,Amy Schneider
CUST8197,Angela Baker
CUST8198,Sandra Cox
CUST8199,Kristie Mendoza
CUST8200,Stephen Lawson
CUST8201,David Velasquez
CUST8202,Julie Salazar
CUST8203,Kimberly Griffith
CUST8204,Gina Adkins
CUST8205,Shannon Gray
CUST8206,Heather Bryant
CUST8207,Jeff Walker
CUST8208,Jenny Houston
CUST8209,Cindy Rowland
CUST8210,Jacob Carroll
CUST8211,Tamara Krause
CUST8212,James Vasquez
CUST8213,Jennifer Hall
CUST8214,Sharon Chapman
CUST8215,Heather Frazier
CUST8216,Kim Rose
CUST8217,Stephanie Brown
CUST8218,Sandra Gardner
CUST8219,Anthony Hamilton
CUST8220,Michael Howard
CUST8221,John Hall Jr.
CUST8222,Lacey Mccarthy
CUST8223,Andrea Harrell
CUST8224,Bailey Dunn
CUST8225,Christopher Garner
CUST8226,Misty Jackson
CUST8227,Brian Roberson
CUST8228,Jerry Stone
CUST8229,James Sullivan
CUST8230,Tammy Zuniga
CUST8231,John Townsend
CUST8232,Lawrence Berry
CUST8233,Kyle Greene
CUST8234,Mr. Justin Farrell
CUST8235,Angel Rodriguez
CUST8236,Sabrina Lawson
CUST8237,Steven Lopez
CUST8238,Kristen Kaufman
CUST8239,Adam Smith
CUST8240,Sarah Goodman
CUST8241,Rhonda Davis
CUST8242,Tammy Maddox
CUST8243,Daniel Roth
CUST8244,Michael Gardner
CUST8245,Jeremy James
CUST8246,Patrick Perry
CUST8247,Douglas Waller
CUST8248,Antonio Stevens
CUST8249,Michael Hunt
CUST8250,Chad Oconnor
CUST8251,Samantha Wright
CUST8252,Kenneth Ramsey
CUST8253,Rebecca Gilmore
CUST8254,Jennifer Wiggins
CUST8255,Cynthia Bright
CUST8256,Terri Martin
CUST8257,Nancy Hale
CUST8258,Brian White
CUST8259,Wanda Allen
CUST8260,Lee Williams
CUST8261,Randall Thornton
CUST8262,Derrick Vaughn
CUST8263,Melissa Alexander
CUST8264,Crystal Newton
CUST8265,Dawn Roach
CUST8266,Aaron Miranda
CUST8267,Kristen Cobb
CUST8268,Cheryl Morse
CUST8269,Craig Chapman
CUST8270,Linda Anderson
CUST8271,Michael Dalton
CUST8272,Darren Allen MD
CUST8273,Christina Brown
CUST8274,Andrew Hernandez
CUST8275,David Jacobs
CUST8276,Daniel Hoffman
CUST8277,Jessica Jenkins
CUST8278,Andrew Edwards
CUST8279,Joel Perry
CUST8280,Brian Lambert
CUST8281,Felicia Torres
CUST8282,Willie Reyes
CUST8283,Nancy Richmond
CUST8284,Benjamin Patel
CUST8285,Judy Kirk
CUST8286,Michael Best
CUST8287,Andrea Patton
CUST8288,Nathan Wolf
CUST8289,Sarah Martin
CUST8290,Leroy Hughes
CUST8291,Jenna Diaz
CUST8292,Bill Lopez
CUST8293,Angel Jackson
CUST8294,Daniel Stein
CUST8295,Karen Wilson
CUST8296,Bonnie Le
CUST8297,Marie Johnson
CUST8298,Carla Davis
CUST8299,David Hendrix
CUST8300,Jerry Miller
CUST8301,Ruth Smith
CUST8302,Amber Cardenas
CUST8303,Lucas Stewart
CUST8304,Jonathan Smith
CUST8305,Eric Stout
CUST8306,Sierra Decker
CUST8307,Christopher Stout
CUST8308,Traci Holmes
CUST8309,Laura Tate
CUST8310,Cheryl Brown
CUST8311,Christine Archer
CUST8312,Kristen Ortega
CUST8313,Jessica Palmer
CUST8314,Laura Maynard
CUST8315,Troy Powell
CUST8316,Arthur Jones
CUST8317,Robert Alexander
CUST8318,Phillip Oneill
CUST8319,Elaine Wade
CUST8320,Susan Crawford
CUST8321,Edward Wolfe
CUST8322,Anthony Klein
CUST8323,Jonathan Fitzpatrick
CUST8324,Adrian Carey
CUST8325,Michael Bell
CUST8326,Nancy Myers
CUST8327,Ian Rhodes
CUST8328,Eric Dunlap
CUST8329,Michael Sweeney
CUST8330,Jennifer Dunn
CUST8331,Holly Thompson
CUST8332,Daniel Bates
CUST8333,Judy Bailey
CUST8334,Miss Kelly Cook
CUST8335,Bryan Jordan
CUST8336,Robert Walter
CUST8337,Allison Booker
CUST8338,Kim Henderson
CUST8339,Terry White
CUST8340,Brooke Roberts
CUST8341,Joshua Holt
CUST8342,Kelly Jenkins
CUST8343,James Brown
CUST8344,Alexander Washington
CUST8345,Kathleen Cole
CUST8346,Nancy Greer
CUST8347,Brian Wells
CUST8348,Nicole Alvarado
CUST8349,Philip Campbell
CUST8350,Randall Ross
CUST8351,Andrea Anderson
CUST8352,Keith Long
CUST8353,Patrick Hodge
CUST8354,Jeffrey Hill
CUST8355,Joseph Boyd
CUST8356,Alicia Perry
CUST8357,Rachel Brown
CUST8358,Seth Faulkner
CUST8359,Jose Gill
CUST8360,John Kelly II
CUST8361,Eric Gutierrez
CUST8362,Tammy Williamson
CUST8363,Corey Fox
CUST8364,Shelby Baker
CUST8365,Kevin Berger
CUST8366,Kristin Jimenez
CUST8367,Edward Aguirre
CUST8368,Brandon Lee
CUST8369,Jenna Nelson
CUST8370,Zachary Hunter
CUST8371,Michael Whitney
CUST8372,Jesus Curry
CUST8373,Bryan Callahan
CUST8374,Timothy Knight
CUST8375,Steven Martinez
CUST8376,Mary Garrett
CUST8377,Andrea Castro
CUST8378,Heather Gates
CUST8379,Anthony Wallace
CUST8380,Judith Duran
CUST8381,Marilyn King
CUST8382,Sophia Atkinson
CUST8383,Ashley Arnold
CUST8384,Taylor Terry
CUST8385,Christian Ramirez
CUST8386,Kara Briggs
CUST8387,Alex Evans
CUST8388,Sydney Alvarado
CUST8389,Candace Lewis
CUST8390,Michelle Harding
CUST8391,Mason Jones
CUST8392,Dominique Pruitt
CUST8393,Andrew Rodriguez
CUST8394,Bruce Franklin
CUST8395,Rachel Bauer
CUST8396,Dr. Lisa Olsen
CUST8397,Thomas Powell
CUST8398,Anthony Nguyen
CUST8399,Michele Parker
CUST8400,Maureen Cuevas
CUST8401,Craig Lozano
CUST8402,Nathan Greer
CUST8403,Rick Scott
CUST8404,Kaylee Mitchell
CUST8405,Erin Nolan
CUST8406,Anthony Ryan
CUST8407,Lance Rush
CUST8408,Chad Haynes
CUST8409,Tanya Coleman
CUST8410,Margaret Huynh
CUST8411,Tina Anderson
CUST8412,Eric Perkins
CUST8413,Eric Hicks
CUST8414,Shawn Conway
CUST8415,Brittany Savage
CUST8416,Kathleen Davidson
CUST8417,Katherine Walker
CUST8418,Thomas Lane
CUST8419,Maria Murphy
CUST8420,Dylan Burke
CUST8421,Sierra Reyes
CUST8422,Erin Jones
CUST8423,Victor George
CUST8424,Shannon Lyons
CUST8425,Amy Potter
CUST8426,Kyle Bonilla
CUST8427,Christopher Bullock
CUST8428,Ryan Rhodes
CUST8429,Jeff Stewart
CUST8430,Jerry Daugherty
CUST8431,Janet Thompson
CUST8432,Brian Obrien
CUST8433,Brittney Hunter
CUST8434,Michelle Simmons
CUST8435,Bradley Alexander
CUST8436,Isaac Reyes
CUST8437,Christopher Ramirez
CUST8438,Kelly Mckenzie
CUST8439,Tammy Perez
CUST8440,Susan Smith
CUST8441,Alyssa Davis
CUST8442,Suzanne Campbell
CUST8443,Stephanie Love
CUST8444,Samuel Wilson
CUST8445,Cameron Oneal
CUST8446,Christine Jenkins
CUST8447,Gregory Douglas
CUST8448,Jacob Rodriguez
CUST8449,Ethan Buck
CUST8450,Brittany Johnson
CUST8451,Eric Butler
CUST8452,Andrew Knight
CUST8453,Joseph Gordon
CUST8454,Steven Atkinson
CUST8455,Patricia Sampson
CUST8456,Christopher Saunders
CUST8457,Jeremy Hopkins
CUST8458,Zachary Hurst
CUST8459,Terry Delgado
CUST8460,Lisa Jackson
CUST8461,Elizabeth Sanchez
CUST8462,Caleb Taylor
CUST8463,Brittany Brooks
CUST8464,John Aguilar
CUST8465,Ms. Elizabeth Mendez DDS
CUST8466,Angela Ward
CUST8467,Michael Bush
CUST8468,Christina Gomez
CUST8469,Cesar Martin
CUST8470,Brett Myers
CUST8471,Lindsey Trevino
CUST8472,Brett Simmons
CUST8473,Yolanda Key
CUST8474,Lisa Joseph
CUST8475,Melissa Crawford
CUST8476,Peter Jones
CUST8477,Karen Shea
CUST8478,Steven Ferguson
CUST8479,Kimberly Gonzales
CUST8480,Stephen Wheeler
CUST8481,Lauren Wilson
CUST8482,Robert Richards
CUST8483,Janet Mcbride
CUST8484,Trevor Stone
CUST8485,Deborah Harris
CUST8486,Mary Pham
CUST8487,Daniel Winters
CUST8488,Michael Guerrero
CUST8489,Deanna Lester
CUST8490,Zachary Cummings
CUST8491,Dr. Nicole Hammond
CUST8492,Micheal Morton
CUST8493,Marcus Jacobs
CUST8494,William Lopez
CUST8495,Theodore Cortez
CUST8496,Patricia Clark
CUST8497,Lauren Garcia
CUST8498,Jeffrey Gibson
CUST8499,Carl Bush Jr.
CUST8500,Mary Meyers
CUST8501,Harry Williamson
CUST8502,Claudia Nguyen
CUST8503,Pamela Williams
CUST8504,Brooke Jackson
CUST8505,Kim Leblanc
CUST8506,Joann Curry
CUST8507,Jennifer Bond
CUST8508,Jessica Santana
CUST8509,Julie Gonzalez DDS
CUST8510,Lee Anderson
CUST8511,Willie White
CUST8512,Caroline Walker
CUST8513,Karen Smith
CUST8514,Vincent Munoz
CUST8515,Christopher Howard
CUST8516,Paul Mercado
CUST8517,Carly Daniels
CUST8518,Kirk Duncan
CUST8519,Julie Johnson
CUST8520,Craig Stevens
CUST8521,Nicole Becker
CUST8522,Maria Robinson
CUST8523,Tyler Henry
CUST8524,Allen Blackburn
CUST8525,Angela Torres
CUST8526,Russell Pace
CUST8527,Charles Rice
CUST8528,Taylor Reid
CUST8529,Natasha Howard
CUST8530,Tina Nelson
CUST8531,Mary Brewer
CUST8532,Deanna Barajas
CUST8533,Latoya Valdez
CUST8534,Joseph Jimenez
CUST8535,Carlos Mendez
CUST8536,Lisa Hogan
CUST8537,Dwayne Carpenter
CUST8538,William Robinson
CUST8539,Monica Barnett
CUST8540,Kelly Smith
CUST8541,Christina Mullins
CUST8542,Michael Cortez
CUST8543,Joel Davis
CUST8544,Lori Brown
CUST8545,Sydney Anderson
CUST8546,Jessica Sanford
CUST8547,Joseph Davis
CUST8548,Jenny Taylor
CUST8549,John Hall
CUST8550,Sara Miller
CUST8551,Maria King
CUST8552,Walter Miles
CUST8553,Travis Perez
CUST8554,Maurice Snyder
CUST8555,Matthew Perez
CUST8556,Michael Mcpherson
CUST8557,Vanessa Price
CUST8558,Wayne Clark
CUST8559,Melanie Edwards
CUST8560,Steven Berry
CUST8561,Joan Vasquez
CUST8562,Brandon Cohen
CUST8563,Lucas Stephens
CUST8564,Heather Fischer
CUST8565,Patrick Colon
CUST8566,Brianna Perry DDS
CUST8567,Jean Soto
CUST8568,Kristy Taylor
CUST8569,Connie Griffin
CUST8570,Marcus Haas
CUST8571,Amanda Lawrence
CUST8572,Lydia Russell
CUST8573,Kevin Stephens
CUST8574,Nicole Delgado
CUST8575,Tim Brown
CUST8576,Jeffrey Fuller
CUST8577,Mary Gross
CUST8578,Shelby Nichols
CUST8579,Eric Stone
CUST8580,Jessica House
CUST8581,John Sanchez
CUST8582,Joshua Bruce
CUST8583,Julie Wise
CUST8584,Kelly Powell
CUST8585,Lee Willis
CUST8586,Erica Welch MD
CUST8587,David Reeves
CUST8588,Audrey Hudson
CUST8589,Shannon Jackson
CUST8590,Derrick Parker
CUST8591,Kristine Fowler
CUST8592,David Oneill
CUST8593,Kerri Reid
CUST8594,David Jefferson
CUST8595,Pamela Mason
CUST8596,Arthur Wade
CUST8597,Andrew Gonzalez
CUST8598,Jamie Davis
CUST8599,David Johnston
CUST8600,Gabriel Buchanan
CUST8601,Larry Hood
CUST8602,Justin Kelley
CUST8603,Lisa Chavez MD
CUST8604,Colleen Garcia
CUST8605,Amy Price
CUST8606,Earl Padilla
CUST8607,Nicole Mata
CUST8608,Denise Jones
CUST8609,Lee Johnson
CUST8610,Anthony Mitchell
CUST8611,Mindy Brown
CUST8612,Adrian Pierce
CUST8613,Tiffany Mcdaniel
CUST8614,Sharon Williamson
CUST8615,Charles Solomon
CUST8616,Kimberly Dean
CUST8617,Alicia Young
CUST8618,William Hughes
CUST8619,Scott Bell
CUST8620,Richard Patton
CUST8621,Grace Griffin
CUST8622,Darryl Richardson
CUST8623,Heather Bowman
CUST8624,Tracie Mitchell
CUST8625,Emily Hendrix
CUST8626,Alexis Green
CUST8627,Mary Moore
CUST8628,Matthew Hamilton
CUST8629,Kristen White
CUST8630,Amber Thomas MD
CUST8631,Mrs. Rachel Gilbert
CUST8632,Andre Allen
CUST8633,Samantha Gross
CUST8634,Brandon Young
CUST8635,Aaron Coleman
CUST8636,Andrea Jenkins
CUST8637,Sarah Avery
CUST8638,Susan Peters
CUST8639,Christine Kennedy
CUST8640,James Lopez
CUST8641,Jennifer Cox
CUST8642,Derek Gilmore
CUST8643,Lisa Williamson
CUST8644,Laura Adkins
CUST8645,Anita Scott
CUST8646,Derrick Herrera
CUST8647,Brittany Shepard
CUST8648,Joan Calderon
CUST8649,James Fitzgerald
CUST8650,Kevin Ballard Jr.
CUST8651,Robert Baker
CUST8652,Donald Jones
CUST8653,Kayla Weeks
CUST8654,Jacob Fuller
CUST8655,Patricia Pollard
CUST8656,Katie Trevino
CUST8657,James Miles
CUST8658,Glen Lambert
CUST8659,Nathan Collins
CUST8660,Benjamin Clark
CUST8661,Jared Burnett
CUST8662,Duane Smith
CUST8663,Brittany Abbott
CUST8664,Robert Hunt
CUST8665,Emma Montes
CUST8666,Julie Lam
CUST8667,Richard Taylor
CUST8668,Amanda Villarreal
CUST8669,Amy Hamilton
CUST8670,Sandra Morales
CUST8671,Paul Woodward
CUST8672,Barbara Morgan
CUST8673,Kristin Kelly
CUST8674,Harry Myers
CUST8675,Michael Hoffman
CUST8676,Carla Adams
CUST8677,Joseph Reyes
CUST8678,Susan Campbell
CUST8679,Jaime Fritz
CUST8680,Emily Kirby
CUST8681,Stephanie Harrison
CUST8682,Ryan Gates
CUST8683,Michaela Norman
CUST8684,Michael Daniels
CUST8685,Adam White
CUST8686,Maurice Cardenas
CUST8687,Hannah Robinson
CUST8688,Ashley Jones
CUST8689,Mark Davis
CUST8690,Ashley Wilson MD
CUST8691,Katie Jackson
CUST8692,Alexis Miles
CUST8693,Clifford Smith
CUST8694,Margaret Rangel
CUST8695,George Price
CUST8696,Amanda Holmes
CUST8697,Benjamin Hardy
CUST8698,Kevin Martinez
CUST8699,Tristan Franklin
CUST8700,Maria Porter
CUST8701,Joshua Mcneil
CUST8702,Charles Rosales
CUST8703,Andrew Mitchell
CUST8704,Lindsay Stevenson
CUST8705,Patricia Ross
CUST8706,Elizabeth Blackburn
CUST8707,Theresa Foster
CUST8708,George Norris
CUST8709,Stephen Cortez
CUST8710,Scott Ruiz
CUST8711,James Nielsen
CUST8712,Travis Mckinney
CUST8713,Morgan Mason MD
CUST8714,Maurice Russo II
CUST8715,Dustin Tate
CUST8716,Rebekah Mcmahon
CUST8717,Michelle Rodriguez
CUST8718,Michael Ellis
CUST8719,Natalie Snyder
CUST8720,Jeremiah Avila
CUST8721,Wesley Houston
CUST8722,Cynthia Schaefer
CUST8723,Christopher Armstrong
CUST8724,Diana Moore
CUST8725,Lisa Watson
CUST8726,Maria Lucas
CUST8727,Emily Young
CUST8728,Angela Shelton
CUST8729,Mrs. Rachael Carlson
CUST8730,Brittany Roberts
CUST8731,Desiree Williams
CUST8732,Tracie Dudley
CUST8733,Zachary Robinson
CUST8734,Yvette Tate
CUST8735,Michelle Wise
CUST8736,Jamie Johnson
CUST8737,Bradley Cook
CUST8738,Dr. Summer Brown
CUST8739,Joseph Ward
CUST8740,Jeremy Duncan
CUST8741,Katie Payne
CUST8742,Clifford Jones
CUST8743,Eric Rubio
CUST8744,Kevin Garcia
CUST8745,Jennifer Kane
CUST8746,Katelyn Hernandez
CUST8747,Samantha Jones
CUST8748,Thomas Wood
CUST8749,Brianna Mcmahon
CUST8750,Michael Wagner
CUST8751,Joel Mitchell
CUST8752,Jeff Young
CUST8753,Virginia Hall
CUST8754,Susan Mays
CUST8755,Mary Nichols
CUST8756,David Wilson
CUST8757,Jason Stephens
CUST8758,Ronald Davenport
CUST8759,Nancy Navarro MD
CUST8760,Jessica Holden
CUST8761,Michael Vega
CUST8762,Cory Gardner
CUST8763,Christina Garcia
CUST8764,Travis Duffy
CUST8765,Victor Baker
CUST8766,John Solomon
CUST8767,Christopher Arellano
CUST8768,David Haley
CUST8769,Stephanie Estrada
CUST8770,Lorraine Johnson
CUST8771,Joseph Walls
CUST8772,Jeremy Henry
CUST8773,Judy French
CUST8774,Danielle Monroe
CUST8775,Mark Wagner
CUST8776,Megan Hall
CUST8777,Sandra Gray
CUST8778,Briana Bates
CUST8779,Dale Buck
CUST8780,Mary Vaughn
CUST8781,Brandi Wilson
CUST8782,Jamie Norton
CUST8783,James Rodriguez
CUST8784,Deanna Whitney
CUST8785,Jennifer Murphy
CUST8786,Deborah Bell
CUST8787,Andrew Aguirre
CUST8788,Valerie Thomas
CUST8789,Jamie James
CUST8790,Lance Durham
CUST8791,Jennifer Powell
CUST8792,Douglas Odonnell
CUST8793,Larry Simpson
CUST8794,Lauren Peterson
CUST8795,Gloria Blankenship
CUST8796,Keith Schroeder
CUST8797,Beverly Johnson
CUST8798,Maria Beasley
CUST8799,Alicia Harris
CUST8800,Tina Barron
CUST8801,Dustin Peterson
CUST8802,Donna Peterson
CUST8803,Michael Alexander
CUST8804,Brooke Ferguson
CUST8805,James Jackson Jr.
CUST8806,Richard Ryan
CUST8807,Ryan Nichols II
CUST8808,Tara Williams
CUST8809,Richard Parker
CUST8810,Amber Rivera
CUST8811,Jennifer Horne
CUST8812,Mark Roberson
CUST8813,Philip Singleton
CUST8814,Anthony Freeman
CUST8815,Logan Moore
CUST8816,Dana Ruiz
CUST8817,James Johnson
CUST8818,David Moore
CUST8819,Martin Kirk
CUST8820,Wendy Lewis
CUST8821,Danielle Lewis
CUST8822,Charles Brown
CUST8823,Rachel Morrison
CUST8824,Steven Wang Jr.
CUST8825,Michelle Martinez
CUST8826,Elizabeth Suarez
CUST8827,Brady Edwards
CUST8828,Katherine Ortega DDS
CUST8829,Cindy Hall
CUST8830,Troy Gay
CUST8831,David Mullen
CUST8832,Nicholas Caldwell
CUST8833,Alexander Lara
CUST8834,Anthony Bush
CUST8835,Amanda Taylor
CUST8836,Sarah Chambers
CUST8837,Nicholas Miller
CUST8838,Bradley Brown
CUST8839,Aaron Thomas
CUST8840,Patricia Knight
CUST8841,Louis Williams
CUST8842,Patricia Bryant
CUST8843,Sherry Schwartz
CUST8844,Erin Nicholson
CUST8845,Nicole Miller
CUST8846,Amber Robinson
CUST8847,Matthew Goodman
CUST8848,Holly Nguyen
CUST8849,Robert James
CUST8850,Adrienne Martinez
CUST8851,Leslie Alvarado
CUST8852,Robert Reed
CUST8853,Christopher Long
CUST8854,Michelle Castillo
CUST8855,Aaron Martinez
CUST8856,James Martin
CUST8857,Jessica Vazquez
CUST8858,Melissa Lambert
CUST8859,Jacqueline Gates
CUST8860,Sarah Thompson
CUST8861,Eric Santiago
CUST8862,Nicholas Duffy
CUST8863,Debra Collins
CUST8864,Juan Gibson
CUST8865,Susan Franklin
CUST8866,Jesse Brown
CUST8867,Ryan Wall
CUST8868,Kelly Prince
CUST8869,Kelli Chang
CUST8870,Jackson Nelson
CUST8871,Derek Mitchell
CUST8872,Mitchell Hernandez
CUST8873,Ashley Lee
CUST8874,Deborah Bender
CUST8875,Jorge Farmer
CUST8876,Deborah Reynolds
CUST8877,Steven Cooper
CUST8878,Pamela Nguyen
CUST8879,Joseph Hanson
CUST8880,Ashlee Patterson
CUST8881,Jeremy Johnson
CUST8882,Tyler Alvarado
CUST8883,Edward Johnson
CUST8884,Eric Hamilton
CUST8885,Alex Butler
CUST8886,Douglas Williams
CUST8887,Morgan Lewis
CUST8888,Tina Rasmussen
CUST8889,Kenneth Sims
CUST8890,David Schmidt
CUST8891,Nicole Hoover
CUST8892,Christopher Garcia MD
CUST8893,Jose Kim
CUST8894,Brandi Solis
CUST8895,Sherri Newman
CUST8896,Robert Dyer
CUST8897,Logan Taylor
CUST8898,David Shannon
CUST8899,Theresa Carey
CUST8900,Michelle Boone
CUST8901,Justin Gonzalez
CUST8902,George Morris
CUST8903,Anna Vargas MD
CUST8904,Lawrence Mayer
CUST8905,Sylvia Reyes
CUST8906,Nicholas Baldwin
CUST8907,Larry Huber
CUST8908,Corey Walker
CUST8909,James Walker
CUST8910,Amy Davis
CUST8911,Lauren Poole
CUST8912,Cindy Carlson
CUST8913,Sheri Oneal
CUST8914,Kyle Escobar
CUST8915,Mr. Nathan Clark
CUST8916,Brooke Sullivan DDS
CUST8917,Melanie Rodriguez
CUST8918,Jason Wilson PhD
CUST8919,Walter Bradford
CUST8920,Timothy Thompson
CUST8921,James Harmon
CUST8922,Cody Watson
CUST8923,Rebecca Wright
CUST8924,Joseph Ware
CUST8925,Sheila Young
CUST8926,Lisa Baxter
CUST8927,William Chan
CUST8928,Sara Ibarra
CUST8929,Hannah Bowen
CUST8930,Derek Morris
CUST8931,Rachel Moore
CUST8932,Amy Stewart
CUST8933,Virginia Jackson
CUST8934,Paul Price
CUST8935,Richard Johnston
CUST8936,Michelle Gomez
CUST8937,William Garrett
CUST8938,Tracy Young
CUST8939,Angela Hull
CUST8940,Anne Richardson
CUST8941,Patrick Bonilla
CUST8942,Jesse Hicks
CUST8943,Mark Watson
CUST8944,Marcus Duncan
CUST8945,Sarah Wade
CUST8946,Brian Hayes
CUST8947,Brian Mcintosh
CUST8948,Christian Lee
CUST8949,Jacqueline Dean
CUST8950,Tonya Perez
CUST8951,Michael Miller
CUST8952,Samantha Knapp
CUST8953,Tiffany Pittman
CUST8954,Kevin Sandoval
CUST8955,Bradley Garrett
CUST8956,Gabriella Dudley
CUST8957,Meghan Melton
CUST8958,Richard Stephens
CUST8959,Craig Smith Jr.
CUST8960,Eileen Ross
CUST8961,Sheri Guzman
CUST8962,Amanda Hernandez
CUST8963,Adam Vaughn
CUST8964,Joshua Howard
CUST8965,Alison Scott
CUST8966,Kevin Robinson
CUST8967,Barbara Hines
CUST8968,Amanda Lee
CUST8969,Bailey Andrews
CUST8970,Ariana Nichols
CUST8971,Richard Benson
CUST8972,Renee Baker
CUST8973,Christine Garner
CUST8974,Miguel Davis
CUST8975,Tracy Marshall
CUST8976,Marco Marshall
CUST8977,Ashley Bailey
CUST8978,Luis Hayes
CUST8979,Tyler Ashley
CUST8980,Jennifer Ramirez
CUST8981,Jenna Mayo
CUST8982,Claudia Munoz
CUST8983,Crystal Rose
CUST8984,Jane Miller
CUST8985,Keith Fisher
CUST8986,Christopher Collins
CUST8987,Kevin Castro
CUST8988,Cody Jones
CUST8989,Benjamin Figueroa
CUST8990,Yvonne Lewis
CUST8991,Gregory Blair
CUST8992,Tamara Sullivan
CUST8993,Michelle Carson
CUST8994,Dan Brown
CUST8995,Autumn Martin
CUST8996,Kathy Castillo
CUST8997,Laura Clark
CUST8998,Laura Powell
CUST8999,Carmen Donaldson
CUST9000,Julie Jefferson
CUST9001,Elizabeth Fisher
CUST9002,Isabella Duncan
CUST9003,Derek Spence
CUST9004,Susan Haynes
CUST9005,Alyssa Stephens
CUST9006,Samantha Harris
CUST9007,Brandon Williams
CUST9008,Thomas King
CUST9009,Eric Mooney
CUST9010,Charles Deleon
CUST9011,Cheryl Quinn
CUST9012,Emily Clark
CUST9013,Jacob Branch
CUST9014,Laura Livingston
CUST9015,Oscar Rodriguez
CUST9016,Brian Travis
CUST9017,Stephanie Zuniga
CUST9018,Catherine York
CUST9019,Larry Gross
CUST9020,Deborah Williams
CUST9021,Samantha Hardy
CUST9022,Joseph Bond
CUST9023,Amy Maldonado
CUST9024,Laura Dickerson
CUST9025,Patricia Patterson
CUST9026,Ryan Solis
CUST9027,Heather Holland
CUST9028,Nicholas Holmes PhD
CUST9029,Emily Martin
CUST9030,Matthew Gamble
CUST9031,Marissa Lyons
CUST9032,Hannah Holland
CUST9033,Gregory Schultz
CUST9034,Jeffrey Murphy
CUST9035,Bruce Glass
CUST9036,Jenna Bradley
CUST9037,Jessica Roach
CUST9038,Judy Taylor
CUST9039,Bryce Russell
CUST9040,Natalie Perry
CUST9041,Richard Aguilar
CUST9042,Joan York
CUST9043,Michael Reilly
CUST9044,Gabrielle Ford
CUST9045,Dr. Heidi Hammond MD
CUST9046,Danielle Bradshaw
CUST9047,Jake Rose
CUST9048,Raven Sanchez
CUST9049,John Russell
CUST9050,Joseph Martinez
CUST9051,Juan Price
CUST9052,Stefanie Monroe
CUST9053,Nicholas Herring
CUST9054,Joel Ward
CUST9055,Elizabeth Lopez
CUST9056,Matthew Ortiz
CUST9057,Tracy Wright
CUST9058,Christine Mason
CUST9059,Linda Obrien
CUST9060,Donald Hernandez
CUST9061,Jacob Parker
CUST9062,Dale Simpson
CUST9063,Erica Wade
CUST9064,Holly Cruz
CUST9065,Jacqueline Baker
CUST9066,Jeffrey Bailey
CUST9067,Kelly Freeman
CUST9068,Marie Murphy
CUST9069,Jennifer Collins
CUST9070,John Walker
CUST9071,Kathy Robinson
CUST9072,Jamie Escobar
CUST9073,Ryan Watson
CUST9074,Nicholas Schneider
CUST9075,George Gonzales
CUST9076,Katherine Chavez
CUST9077,Jeffrey Aguirre Jr.
CUST9078,Timothy Stafford
CUST9079,Christopher Sanchez
CUST9080,Lisa Oliver
CUST9081,Abigail Williams
CUST9082,Ana Walker
CUST9083,Matthew Gardner
CUST9084,Steven Byrd
CUST9085,Shannon Rodriguez
CUST9086,Reginald Campbell
CUST9087,Donald Martinez
CUST9088,Luke Gilbert
CUST9089,Nicole Howell
CUST9090,Catherine Molina
CUST9091,Terri Garrett
CUST9092,Robin Delgado
CUST9093,Donald Tyler
CUST9094,Christian Mckee
CUST9095,Tonya Conley
CUST9096,Daniel Wallace MD
CUST9097,Michelle Townsend
CUST9098,Dr. Brett Townsend
CUST9099,Tanya Hurst
CUST9100,Caroline Lin
CUST9101,James Walters
CUST9102,Calvin Phillips
CUST9103,Mrs. Carolyn Avila
CUST9104,Dr. Kenneth Shannon
CUST9105,Amy Lin
CUST9106,Jacob Allen
CUST9107,Teresa Garcia
CUST9108,Caleb Brown
CUST9109,Mr. Matthew Kirk
CUST9110,Christopher Wilson
CUST9111,Andrea Williams
CUST9112,Vanessa Cummings
CUST9113,Darrell Mccoy
CUST9114,Heather Hale
CUST9115,Pamela Chase
CUST9116,Danielle Murray
CUST9117,Jason Moran
CUST9118,Bradley Downs
CUST9119,Trevor Thompson
CUST9120,Melissa Elliott
CUST9121,Thomas Grant
CUST9122,Tracy Malone
CUST9123,Jordan Dyer
CUST9124,Christina Parker
CUST9125,Mark Ortiz
CUST9126,Rhonda Mcpherson
CUST9127,Jodi Daniel
CUST9128,Jennifer Mcdonald
CUST9129,Mrs. Cynthia Walker
CUST9130,Joyce Lyons
CUST9131,Melissa Becker
CUST9132,Brianna Mitchell
CUST9133,Hailey Bailey
CUST9134,Stacie Beard
CUST9135,Priscilla King
CUST9136,Amanda Bennett
CUST9137,Bryce Watts
CUST9138,Brenda Chan MD
CUST9139,Earl White
CUST9140,Timothy Esparza
CUST9141,Holly Johnson
CUST9142,Jacob Matthews
CUST9143,Jessica Sawyer
CUST9144,Sheena Edwards
CUST9145,Kathy Bentley
CUST9146,Monica Reese
CUST9147,Dillon Hurst
CUST9148,Bob Lambert
CUST9149,Debra Bryan
CUST9150,Dustin Lynn
CUST9151,Troy Henderson
CUST9152,Dale Mccoy
CUST9153,Stephanie King
CUST9154,Sara Larsen
CUST9155,Michelle Freeman
CUST9156,Victoria Graham
CUST9157,Thomas Stevens
CUST9158,Megan Cole
CUST9159,Jennifer Curry
CUST9160,Joshua Spence
CUST9161,David French
CUST9162,Robert Rodgers
CUST9163,Courtney Lucero DDS
CUST9164,Linda Flores
CUST9165,Roger Morrison
CUST9166,Crystal Hansen
CUST9167,Zachary Whitney
CUST9168,Daniel Garcia
CUST9169,Erika Wood
CUST9170,Ashley Burton
CUST9171,Paul Rasmussen
CUST9172,David Wood
CUST9173,Dominic Maldonado
CUST9174,Brooke Wallace
CUST9175,Jeffrey Medina
CUST9176,Jennifer Santos
CUST9177,Mark Guerrero
CUST9178,Diana Morales
CUST9179,Michael Roman
CUST9180,Adam Robles
CUST9181,Maria Tapia
CUST9182,Xavier Miller
CUST9183,Reginald Burns
CUST9184,Rebecca Scott
CUST9185,Jared Mosley
CUST9186,Todd Smith
CUST9187,Tammy Sanchez
CUST9188,Haley Neal
CUST9189,Victoria Fischer
CUST9190,Mark Berry
CUST9191,Claudia Thompson
CUST9192,Joshua Mathis
CUST9193,Michael Lowery
CUST9194,Veronica Collins
CUST9195,Jordan Harper
CUST9196,Julie Duncan
CUST9197,Amber Johnson
CUST9198,April Salas
CUST9199,Joseph Johnson
CUST9200,Ricardo Jones
CUST9201,Tonya Zuniga
CUST9202,Diana Robinson
CUST9203,Brittany Harris
CUST9204,Jo Butler
CUST9205,Patrick White
CUST9206,Brenda Ball
CUST9207,Lisa Good
CUST9208,Nicholas Pratt
CUST9209,Christopher Green
CUST9210,Michael Matthews
CUST9211,Dakota Berger
CUST9212,Javier King
CUST9213,Eduardo Vazquez
CUST9214,Monique Barry
CUST9215,William Schultz
CUST9216,Felicia Roman
CUST9217,Erin Sellers
CUST9218,Sarah Johnston
CUST9219,Derek Jones
CUST9220,Meredith Miles
CUST9221,Jasmine Hernandez
CUST9222,Autumn Romero
CUST9223,Catherine Palmer
CUST9224,Wendy Ramirez
CUST9225,William Reed
CUST9226,Amanda Carpenter
CUST9227,Allison Bell
CUST9228,Nicole Hutchinson
CUST9229,Joshua Curtis
CUST9230,Erin Lane
CUST9231,Ryan Vasquez
CUST9232,Virginia Smith
CUST9233,Kristin Anderson
CUST9234,Adrian Alvarez
CUST9235,Taylor Estrada
CUST9236,Thomas Pierce
CUST9237,Samantha Hoffman
CUST9238,Richard Caldwell
CUST9239,Karla Obrien
CUST9240,Jonathan Leonard
CUST9241,Scott Moreno
CUST9242,Sheri Robertson
CUST9243,Tara Torres
CUST9244,Steven Sanders
CUST9245,Karen Phillips
CUST9246,Katherine Smith
CUST9247,Andrea Gonzalez
CUST9248,Lisa Chase
CUST9249,Elizabeth Lucas
CUST9250,Amanda Jackson
CUST9251,Lori Warren
CUST9252,Dr. Dylan Castro
CUST9253,Jeremy Warren
CUST9254,Steven Smith
CUST9255,Shelly Benson
CUST9256,Kristen Perez
CUST9257,Kyle Cunningham
CUST9258,Christopher Daniels
CUST9259,Michelle Hanson
CUST9260,Matthew Wells
CUST9261,Scott Jones
CUST9262,Jennifer Glover
CUST9263,Stacey Bolton
CUST9264,Jon Garrison
CUST9265,Melissa Bond
CUST9266,Joseph Carr
CUST9267,Robin Henry
CUST9268,John Rios
CUST9269,Charles Blankenship
CUST9270,Ryan Chang
CUST9271,Kevin Smith
CUST9272,Alan Douglas
CUST9273,Danielle Brooks
CUST9274,Timothy Meadows
CUST9275,Molly Peterson
CUST9276,Jacob Leblanc
CUST9277,Brent Robinson
CUST9278,David Fuller
CUST9279,Madison Buchanan
CUST9280,Glen Garrett
CUST9281,Jared Berry
CUST9282,Jeremy Moss
CUST9283,Anthony Kennedy
CUST9284,James Baxter
CUST9285,Matthew Simmons
CUST9286,Carla Bruce
CUST9287,Jeffrey Perez
CUST9288,Dean Peterson
CUST9289,Hayden Washington
CUST9290,Ronald Reed
CUST9291,Courtney Ruiz
CUST9292,Alejandra Johnson
CUST9293,Anthony Wilson
CUST9294,Samantha Edwards
CUST9295,Scott Cain
CUST9296,Latoya Koch
CUST9297,April Rodriguez
CUST9298,William Hernandez
CUST9299,Melissa Reyes
CUST9300,Bonnie Lawrence
CUST9301,Sherry Holmes
CUST9302,James Carter
CUST9303,Judy Little
CUST9304,Russell Perez
CUST9305,Vincent Price
CUST9306,Lori Jimenez
CUST9307,Vanessa Cortez
CUST9308,Pamela Flores
CUST9309,Kimberly Wallace
CUST9310,Ann Johnson
CUST9311,Joshua Allison
CUST9312,Michael Rose
CUST9313,Robert Hall
CUST9314,Cathy Morris
CUST9315,Matthew Diaz
CUST9316,William Becker
CUST9317,Jackie Fields
CUST9318,Denise Snyder
CUST9319,Richard Davis
CUST9320,Lauren Weber
CUST9321,Nichole Stout
CUST9322,Kristen Wilkinson
CUST9323,Brian Sandoval
