Transaction ID,Account ID,Transaction Type,Transaction Amount
TRANS000001,ACC00001,Debit,2687.19
TRANS000002,ACC00002,Debit,3886.77
TRANS000003,ACC00003,Credit,2438.74
TRANS000004,ACC00004,Credit,2758.53
TRANS000005,ACC00005,Debit,3287.0
TRANS000006,ACC00006,Debit,143.5
TRANS000007,ACC00007,Debit,3048.44
TRANS000008,ACC00008,Debit,3157.34
TRANS000009,ACC00009,Debit,198.08
TRANS000010,ACC00010,Credit,983.58
TRANS000011,ACC00011,Debit,958.89
TRANS000012,ACC00012,Debit,4496.16
TRANS000013,ACC00013,Credit,3269.04
TRANS000014,ACC00014,Debit,563.04
TRANS000015,ACC00015,Credit,3855.88
TRANS000016,ACC00016,Debit,4620.5
TRANS000017,ACC00017,Debit,4269.35
TRANS000018,ACC00018,Debit,4260.07
TRANS000019,ACC00019,Debit,4350.95
TRANS000020,ACC00020,Credit,2563.52
TRANS000021,ACC00021,Debit,2104.23
TRANS000022,ACC00022,Credit,4846.84
TRANS000023,ACC00023,Debit,2031.96
TRANS000024,ACC00024,Credit,2538.52
TRANS000025,ACC00025,Debit,133.14
TRANS000026,ACC00026,Debit,4688.11
TRANS000027,ACC00027,Debit,1222.86
TRANS000028,ACC00028,Debit,3998.23
TRANS000029,ACC00029,Credit,4097.33
TRANS000030,ACC00030,Debit,2286.73
TRANS000031,ACC00031,Credit,3548.11
TRANS000032,ACC00032,Debit,2522.17
TRANS000033,ACC00033,Credit,1607.59
TRANS000034,ACC00034,Credit,1621.68
TRANS000035,ACC00035,Credit,3680.74
TRANS000036,ACC00036,Debit,113.71
TRANS000037,ACC00037,Credit,4162.99
TRANS000038,ACC00038,Debit,2846.12
TRANS000039,ACC00039,Debit,1878.25
TRANS000040,ACC00040,Credit,2068.21
TRANS000041,ACC00041,Credit,1996.17
TRANS000042,ACC00042,Debit,818.61
TRANS000043,ACC00043,Debit,3436.2
TRANS000044,ACC00044,Debit,4158.46
TRANS000045,ACC00045,Credit,4081.49
TRANS000046,ACC00046,Debit,985.14
TRANS000047,ACC00047,Credit,2925.16
TRANS000048,ACC00048,Credit,3486.73
TRANS000049,ACC00049,Debit,880.59
TRANS000050,ACC00050,Credit,2419.09
TRANS000051,ACC00051,Debit,4318.8
TRANS000052,ACC00052,Credit,1775.2
TRANS000053,ACC00053,Debit,3030.01
TRANS000054,ACC00054,Debit,181.47
TRANS000055,ACC00055,Credit,430.32
TRANS000056,ACC00056,Credit,580.06
TRANS000057,ACC00057,Debit,4654.88
TRANS000058,ACC00058,Debit,4623.08
TRANS000059,ACC00059,Credit,4806.54
TRANS000060,ACC00060,Debit,882.71
TRANS000061,ACC00061,Credit,2653.11
TRANS000062,ACC00062,Debit,3973.05
TRANS000063,ACC00063,Debit,4615.78
TRANS000064,ACC00064,Credit,4637.41
TRANS000065,ACC00065,Debit,1704.71
TRANS000066,ACC00066,Debit,3049.58
TRANS000067,ACC00067,Debit,3780.17
TRANS000068,ACC00068,Debit,596.72
TRANS000069,ACC00069,Credit,2065.18
TRANS000070,ACC00070,Credit,1754.78
TRANS000071,ACC00071,Credit,4692.0
TRANS000072,ACC00072,Credit,1671.08
TRANS000073,ACC00073,Credit,676.16
TRANS000074,ACC00074,Credit,691.55
TRANS000075,ACC00075,Debit,955.62
TRANS000076,ACC00076,Credit,568.67
TRANS000077,ACC00077,Credit,4547.39
TRANS000078,ACC00078,Debit,4595.13
TRANS000079,ACC00079,Credit,817.2
TRANS000080,ACC00080,Credit,1057.53
TRANS000081,ACC00081,Credit,65.81
TRANS000082,ACC00082,Debit,2763.82
TRANS000083,ACC00083,Debit,3471.37
TRANS000084,ACC00084,Debit,4861.87
TRANS000085,ACC00085,Debit,2253.64
TRANS000086,ACC00086,Debit,2751.27
TRANS000087,ACC00087,Credit,1506.13
TRANS000088,ACC00088,Credit,4398.37
TRANS000089,ACC00089,Debit,2455.79
TRANS000090,ACC00090,Debit,292.86
TRANS000091,ACC00091,Debit,4349.47
TRANS000092,ACC00092,Credit,1905.09
TRANS000093,ACC00093,Credit,1873.93
TRANS000094,ACC00094,Debit,720.93
TRANS000095,ACC00095,Debit,2531.24
TRANS000096,ACC00096,Debit,1822.42
TRANS000097,ACC00097,Debit,4236.17
TRANS000098,ACC00098,Debit,1438.73
TRANS000099,ACC00099,Credit,633.58
TRANS000100,ACC00100,Debit,2661.73
TRANS000101,ACC00101,Debit,527.86
TRANS000102,ACC00102,Credit,3011.55
TRANS000103,ACC00103,Debit,2335.61
TRANS000104,ACC00104,Debit,816.25
TRANS000105,ACC00105,Credit,268.34
TRANS000106,ACC00106,Debit,3909.87
TRANS000107,ACC00107,Debit,3040.32
TRANS000108,ACC00108,Debit,3883.95
TRANS000109,ACC00109,Debit,464.64
TRANS000110,ACC00110,Credit,708.56
TRANS000111,ACC00111,Debit,2892.39
TRANS000112,ACC00112,Debit,3521.46
TRANS000113,ACC00113,Credit,2710.24
TRANS000114,ACC00114,Debit,1403.54
TRANS000115,ACC00115,Debit,353.83
TRANS000116,ACC00116,Credit,969.45
TRANS000117,ACC00117,Debit,82.71
TRANS000118,ACC00118,Credit,4032.66
TRANS000119,ACC00119,Debit,916.0
TRANS000120,ACC00120,Credit,1250.19
TRANS000121,ACC00121,Debit,4372.7
TRANS000122,ACC00122,Credit,204.76
TRANS000123,ACC00123,Credit,1990.09
TRANS000124,ACC00124,Credit,2755.95
TRANS000125,ACC00125,Debit,3435.91
TRANS000126,ACC00126,Credit,2623.74
TRANS000127,ACC00127,Debit,4049.94
TRANS000128,ACC00128,Debit,771.36
TRANS000129,ACC00129,Debit,1916.72
TRANS000130,ACC00130,Debit,671.25
TRANS000131,ACC00131,Debit,529.17
TRANS000132,ACC00132,Debit,1827.57
TRANS000133,ACC00133,Credit,3790.44
TRANS000134,ACC00134,Debit,3369.57
TRANS000135,ACC00135,Debit,4241.6
TRANS000136,ACC00136,Debit,658.88
TRANS000137,ACC00137,Debit,878.15
TRANS000138,ACC00138,Credit,1181.11
TRANS000139,ACC00139,Credit,4659.91
TRANS000140,ACC00140,Credit,2209.54
TRANS000141,ACC00141,Credit,4355.66
TRANS000142,ACC00142,Credit,4320.18
TRANS000143,ACC00143,Debit,3696.8
TRANS000144,ACC00144,Debit,1166.65
TRANS000145,ACC00145,Credit,772.32
TRANS000146,ACC00146,Credit,100.12
TRANS000147,ACC00147,Credit,1873.98
TRANS000148,ACC00148,Credit,1153.06
TRANS000149,ACC00149,Credit,4097.0
TRANS000150,ACC00150,Credit,1851.18
TRANS000151,ACC00151,Debit,4749.44
TRANS000152,ACC00152,Credit,3604.0
TRANS000153,ACC00153,Credit,4178.58
TRANS000154,ACC00154,Credit,2134.17
TRANS000155,ACC00155,Debit,4901.98
TRANS000156,ACC00156,Credit,802.31
TRANS000157,ACC00157,Debit,4667.44
TRANS000158,ACC00158,Credit,4864.88
TRANS000159,ACC00159,Credit,256.07
TRANS000160,ACC00160,Credit,4164.72
TRANS000161,ACC00161,Debit,4372.5
TRANS000162,ACC00162,Credit,1287.61
TRANS000163,ACC00163,Debit,3766.1
TRANS000164,ACC00164,Credit,1483.79
TRANS000165,ACC00165,Credit,3197.18
TRANS000166,ACC00166,Credit,3635.44
TRANS000167,ACC00167,Debit,3365.31
TRANS000168,ACC00168,Credit,2274.93
TRANS000169,ACC00169,Credit,4975.61
TRANS000170,ACC00170,Debit,142.52
TRANS000171,ACC00171,Credit,2196.57
TRANS000172,ACC00172,Credit,120.43
TRANS000173,ACC00173,Debit,1280.9
TRANS000174,ACC00174,Debit,3810.46
TRANS000175,ACC00175,Debit,1951.53
TRANS000176,ACC00176,Credit,2312.14
TRANS000177,ACC00177,Debit,4157.58
TRANS000178,ACC00178,Debit,4885.56
TRANS000179,ACC00179,Credit,2915.97
TRANS000180,ACC00180,Debit,2862.87
TRANS000181,ACC00181,Debit,326.51
TRANS000182,ACC00182,Credit,1351.29
TRANS000183,ACC00183,Credit,4526.59
TRANS000184,ACC00184,Credit,2747.17
TRANS000185,ACC00185,Credit,1639.15
TRANS000186,ACC00186,Credit,780.23
TRANS000187,ACC00187,Credit,3310.44
TRANS000188,ACC00188,Credit,4694.58
TRANS000189,ACC00189,Debit,495.14
TRANS000190,ACC00190,Debit,1917.91
TRANS000191,ACC00191,Credit,2837.76
TRANS000192,ACC00192,Credit,726.35
TRANS000193,ACC00193,Credit,4712.89
TRANS000194,ACC00194,Credit,3341.72
TRANS000195,ACC00195,Debit,779.99
TRANS000196,ACC00196,Credit,2591.51
TRANS000197,ACC00197,Credit,3758.66
TRANS000198,ACC00198,Credit,2742.16
TRANS000199,ACC00199,Credit,3827.7
TRANS000200,ACC00200,Debit,4350.81
TRANS000201,ACC00201,Debit,3166.81
TRANS000202,ACC00202,Debit,4164.0
TRANS000203,ACC00203,Credit,4254.19
TRANS000204,ACC00204,Debit,3205.58
TRANS000205,ACC00205,Debit,750.2
TRANS000206,ACC00206,Debit,3413.8
TRANS000207,ACC00207,Credit,525.88
TRANS000208,ACC00208,Credit,1586.45
TRANS000209,ACC00209,Debit,2802.39
TRANS000210,ACC00210,Credit,389.6
TRANS000211,ACC00211,Debit,378.23
TRANS000212,ACC00212,Credit,1371.06
TRANS000213,ACC00213,Debit,3470.72
TRANS000214,ACC00214,Credit,2458.57
TRANS000215,ACC00215,Credit,4314.73
TRANS000216,ACC00216,Credit,2040.88
TRANS000217,ACC00217,Debit,3373.53
TRANS000218,ACC00218,Debit,670.01
TRANS000219,ACC00219,Credit,4577.8
TRANS000220,ACC00220,Debit,2128.63
TRANS000221,ACC00221,Debit,276.24
TRANS000222,ACC00222,Debit,909.95
TRANS000223,ACC00223,Debit,4003.68
TRANS000224,ACC00224,Credit,3440.09
TRANS000225,ACC00225,Debit,257.73
TRANS000226,ACC00226,Debit,1718.61
TRANS000227,ACC00227,Credit,2166.2
TRANS000228,ACC00228,Debit,4756.51
TRANS000229,ACC00229,Credit,4910.86
TRANS000230,ACC00230,Debit,1346.27
TRANS000231,ACC00231,Debit,277.66
TRANS000232,ACC00232,Credit,4374.48
TRANS000233,ACC00233,Credit,1213.51
TRANS000234,ACC00234,Debit,3652.16
TRANS000235,ACC00235,Debit,2023.45
TRANS000236,ACC00236,Debit,4959.92
TRANS000237,ACC00237,Credit,4194.73
TRANS000238,ACC00238,Debit,2588.8
TRANS000239,ACC00239,Debit,3814.85
TRANS000240,ACC00240,Credit,1229.95
TRANS000241,ACC00241,Debit,1576.52
TRANS000242,ACC00242,Credit,4189.35
TRANS000243,ACC00243,Credit,4620.09
TRANS000244,ACC00244,Credit,1491.66
TRANS000245,ACC00245,Credit,3948.08
TRANS000246,ACC00246,Credit,4973.02
TRANS000247,ACC00247,Credit,1789.64
TRANS000248,ACC00248,Credit,3405.0
TRANS000249,ACC00249,Credit,3775.94
TRANS000250,ACC00250,Credit,3051.49
TRANS000251,ACC00251,Credit,4028.45
TRANS000252,ACC00252,Debit,603.49
TRANS000253,ACC00253,Credit,2676.91
TRANS000254,ACC00254,Credit,1336.54
TRANS000255,ACC00255,Debit,4692.61
TRANS000256,ACC00256,Debit,2618.41
TRANS000257,ACC00257,Credit,2654.1
TRANS000258,ACC00258,Credit,4296.38
TRANS000259,ACC00259,Debit,4491.99
TRANS000260,ACC00260,Credit,290.74
TRANS000261,ACC00261,Debit,671.71
TRANS000262,ACC00262,Credit,3899.7
TRANS000263,ACC00263,Credit,1451.03
TRANS000264,ACC00264,Credit,291.44
TRANS000265,ACC00265,Credit,4220.83
TRANS000266,ACC00266,Credit,4347.73
TRANS000267,ACC00267,Debit,2632.44
TRANS000268,ACC00268,Credit,90.6
TRANS000269,ACC00269,Credit,1753.72
TRANS000270,ACC00270,Debit,1115.5
TRANS000271,ACC00271,Credit,3801.04
TRANS000272,ACC00272,Debit,3850.11
TRANS000273,ACC00273,Credit,2518.27
TRANS000274,ACC00274,Credit,2612.73
TRANS000275,ACC00275,Debit,3348.81
TRANS000276,ACC00276,Debit,4147.41
TRANS000277,ACC00277,Credit,3792.25
TRANS000278,ACC00278,Debit,1135.92
TRANS000279,ACC00279,Debit,1052.28
TRANS000280,ACC00280,Credit,933.43
TRANS000281,ACC00281,Debit,1512.06
TRANS000282,ACC00282,Debit,1627.31
TRANS000283,ACC00283,Debit,1081.21
TRANS000284,ACC00284,Debit,2201.58
TRANS000285,ACC00285,Debit,1581.76
TRANS000286,ACC00286,Debit,4229.52
TRANS000287,ACC00287,Credit,1758.31
TRANS000288,ACC00288,Credit,2907.44
TRANS000289,ACC00289,Credit,3188.03
TRANS000290,ACC00290,Credit,2140.34
TRANS000291,ACC00291,Debit,2115.24
TRANS000292,ACC00292,Credit,2621.15
TRANS000293,ACC00293,Credit,3192.96
TRANS000294,ACC00294,Credit,2246.21
TRANS000295,ACC00295,Credit,886.19
TRANS000296,ACC00296,Credit,971.59
TRANS000297,ACC00297,Credit,270.05
TRANS000298,ACC00298,Debit,3302.17
TRANS000299,ACC00299,Credit,1327.27
TRANS000300,ACC00300,Credit,3256.14
TRANS000301,ACC00301,Credit,4874.3
TRANS000302,ACC00302,Debit,988.94
TRANS000303,ACC00303,Credit,4109.5
TRANS000304,ACC00304,Debit,1980.75
TRANS000305,ACC00305,Debit,4327.3
TRANS000306,ACC00306,Credit,4570.02
TRANS000307,ACC00307,Credit,1779.75
TRANS000308,ACC00308,Debit,609.01
TRANS000309,ACC00309,Debit,3812.98
TRANS000310,ACC00310,Debit,1081.42
TRANS000311,ACC00311,Debit,1982.16
TRANS000312,ACC00312,Credit,2075.61
TRANS000313,ACC00313,Debit,817.83
TRANS000314,ACC00314,Debit,3540.54
TRANS000315,ACC00315,Debit,4370.27
TRANS000316,ACC00316,Credit,3227.39
TRANS000317,ACC00317,Debit,4866.39
TRANS000318,ACC00318,Credit,2952.93
TRANS000319,ACC00319,Credit,1858.46
TRANS000320,ACC00320,Credit,4732.88
TRANS000321,ACC00321,Debit,3782.9
TRANS000322,ACC00322,Debit,3178.25
TRANS000323,ACC00323,Credit,3460.03
TRANS000324,ACC00324,Credit,3701.98
TRANS000325,ACC00325,Credit,254.8
TRANS000326,ACC00326,Credit,3048.49
TRANS000327,ACC00327,Credit,3222.97
TRANS000328,ACC00328,Debit,3450.97
TRANS000329,ACC00329,Debit,3783.58
TRANS000330,ACC00330,Credit,3813.82
TRANS000331,ACC00331,Credit,244.05
TRANS000332,ACC00332,Debit,4161.21
TRANS000333,ACC00333,Debit,501.44
TRANS000334,ACC00334,Debit,4147.0
TRANS000335,ACC00335,Debit,4095.07
TRANS000336,ACC00336,Credit,2269.45
TRANS000337,ACC00337,Credit,1951.07
TRANS000338,ACC00338,Debit,503.96
TRANS000339,ACC00339,Debit,3481.36
TRANS000340,ACC00340,Credit,4917.08
TRANS000341,ACC00341,Debit,2989.58
TRANS000342,ACC00342,Credit,3006.53
TRANS000343,ACC00343,Debit,1589.72
TRANS000344,ACC00344,Debit,3054.48
TRANS000345,ACC00345,Credit,3157.51
TRANS000346,ACC00346,Credit,355.2
TRANS000347,ACC00347,Credit,2047.85
TRANS000348,ACC00348,Credit,2227.48
TRANS000349,ACC00349,Debit,2359.6
TRANS000350,ACC00350,Credit,2421.93
TRANS000351,ACC00351,Debit,988.26
TRANS000352,ACC00352,Credit,2500.94
TRANS000353,ACC00353,Credit,887.95
TRANS000354,ACC00354,Debit,4428.66
TRANS000355,ACC00355,Debit,4140.6
TRANS000356,ACC00356,Debit,2496.2
TRANS000357,ACC00357,Debit,4947.46
TRANS000358,ACC00358,Debit,166.56
TRANS000359,ACC00359,Credit,2529.3
TRANS000360,ACC00360,Debit,2530.64
TRANS000361,ACC00361,Credit,4882.98
TRANS000362,ACC00362,Debit,99.41
TRANS000363,ACC00363,Credit,2726.27
TRANS000364,ACC00364,Debit,66.75
TRANS000365,ACC00365,Credit,2207.81
TRANS000366,ACC00366,Credit,229.67
TRANS000367,ACC00367,Credit,3672.86
TRANS000368,ACC00368,Credit,4193.86
TRANS000369,ACC00369,Debit,2243.95
TRANS000370,ACC00370,Credit,3557.49
TRANS000371,ACC00371,Debit,1473.83
TRANS000372,ACC00372,Credit,2137.28
TRANS000373,ACC00373,Debit,663.37
TRANS000374,ACC00374,Credit,1941.01
TRANS000375,ACC00375,Debit,4649.39
TRANS000376,ACC00376,Credit,3639.94
TRANS000377,ACC00377,Credit,1654.58
TRANS000378,ACC00378,Debit,3953.38
TRANS000379,ACC00379,Debit,3102.3
TRANS000380,ACC00380,Debit,3184.12
TRANS000381,ACC00381,Debit,4402.08
TRANS000382,ACC00382,Credit,882.44
TRANS000383,ACC00383,Credit,3807.16
TRANS000384,ACC00384,Debit,2553.16
TRANS000385,ACC00385,Credit,826.73
TRANS000386,ACC00386,Credit,443.34
TRANS000387,ACC00387,Credit,3320.98
TRANS000388,ACC00388,Debit,3126.83
TRANS000389,ACC00389,Debit,304.09
TRANS000390,ACC00390,Credit,3619.87
TRANS000391,ACC00391,Debit,2549.85
TRANS000392,ACC00392,Credit,2797.69
TRANS000393,ACC00393,Debit,2602.81
TRANS000394,ACC00394,Credit,1168.74
TRANS000395,ACC00395,Debit,3194.06
TRANS000396,ACC00396,Debit,938.55
TRANS000397,ACC00397,Credit,480.07
TRANS000398,ACC00398,Credit,546.27
TRANS000399,ACC00399,Debit,3049.43
TRANS000400,ACC00400,Debit,486.94
TRANS000401,ACC00401,Credit,930.25
TRANS000402,ACC00402,Credit,2771.16
TRANS000403,ACC00403,Credit,2925.96
TRANS000404,ACC00404,Debit,3847.0
TRANS000405,ACC00405,Credit,3556.56
TRANS000406,ACC00406,Credit,1621.91
TRANS000407,ACC00407,Debit,698.42
TRANS000408,ACC00408,Credit,1782.92
TRANS000409,ACC00409,Debit,1592.15
TRANS000410,ACC00410,Credit,3414.35
TRANS000411,ACC00411,Debit,3370.05
TRANS000412,ACC00412,Credit,4916.84
TRANS000413,ACC00413,Credit,2966.42
TRANS000414,ACC00414,Debit,2570.49
TRANS000415,ACC00415,Credit,3705.73
TRANS000416,ACC00416,Credit,1005.24
TRANS000417,ACC00417,Debit,244.11
TRANS000418,ACC00418,Debit,1716.94
TRANS000419,ACC00419,Debit,3608.23
TRANS000420,ACC00420,Debit,1521.23
TRANS000421,ACC00421,Credit,3223.83
TRANS000422,ACC00422,Credit,542.15
TRANS000423,ACC00423,Debit,4977.9
TRANS000424,ACC00424,Debit,2999.31
TRANS000425,ACC00425,Credit,1953.39
TRANS000426,ACC00426,Debit,3908.42
TRANS000427,ACC00427,Debit,11.45
TRANS000428,ACC00428,Debit,1540.72
TRANS000429,ACC00429,Debit,3187.64
TRANS000430,ACC00430,Debit,1858.99
TRANS000431,ACC00431,Credit,3547.08
TRANS000432,ACC00432,Debit,1866.79
TRANS000433,ACC00433,Credit,2981.57
TRANS000434,ACC00434,Debit,1559.72
TRANS000435,ACC00435,Credit,602.66
TRANS000436,ACC00436,Credit,1826.15
TRANS000437,ACC00437,Credit,4595.26
TRANS000438,ACC00438,Debit,416.1
TRANS000439,ACC00439,Credit,3414.73
TRANS000440,ACC00440,Credit,2664.1
TRANS000441,ACC00441,Credit,3079.94
TRANS000442,ACC00442,Credit,1146.94
TRANS000443,ACC00443,Debit,3130.95
TRANS000444,ACC00444,Debit,1062.98
TRANS000445,ACC00445,Credit,1970.29
TRANS000446,ACC00446,Credit,186.97
TRANS000447,ACC00447,Debit,312.11
TRANS000448,ACC00448,Credit,2826.62
TRANS000449,ACC00449,Debit,3518.72
TRANS000450,ACC00450,Credit,1898.94
TRANS000451,ACC00451,Credit,2728.23
TRANS000452,ACC00452,Debit,4060.23
TRANS000453,ACC00453,Debit,3349.53
TRANS000454,ACC00454,Credit,4155.77
TRANS000455,ACC00455,Debit,3917.75
TRANS000456,ACC00456,Debit,1343.28
TRANS000457,ACC00457,Credit,3655.2
TRANS000458,ACC00458,Credit,4000.03
TRANS000459,ACC00459,Debit,4817.58
TRANS000460,ACC00460,Debit,1957.21
TRANS000461,ACC00461,Credit,1510.27
TRANS000462,ACC00462,Credit,3587.69
TRANS000463,ACC00463,Credit,154.59
TRANS000464,ACC00464,Credit,4778.17
TRANS000465,ACC00465,Credit,585.88
TRANS000466,ACC00466,Credit,1704.99
TRANS000467,ACC00467,Credit,4774.84
TRANS000468,ACC00468,Debit,1170.72
TRANS000469,ACC00469,Credit,1541.58
TRANS000470,ACC00470,Credit,3744.08
TRANS000471,ACC00471,Credit,3412.65
TRANS000472,ACC00472,Credit,602.38
TRANS000473,ACC00473,Credit,262.07
TRANS000474,ACC00474,Debit,882.12
TRANS000475,ACC00475,Debit,2468.28
TRANS000476,ACC00476,Credit,4618.18
TRANS000477,ACC00477,Credit,561.09
TRANS000478,ACC00478,Debit,983.34
TRANS000479,ACC00479,Credit,1031.6
TRANS000480,ACC00480,Debit,674.4
TRANS000481,ACC00481,Debit,3845.54
TRANS000482,ACC00482,Credit,1947.77
TRANS000483,ACC00483,Credit,3405.51
TRANS000484,ACC00484,Debit,2147.68
TRANS000485,ACC00485,Debit,44.94
TRANS000486,ACC00486,Credit,2770.56
TRANS000487,ACC00487,Credit,3435.77
TRANS000488,ACC00488,Debit,3795.02
TRANS000489,ACC00489,Debit,2958.13
TRANS000490,ACC00490,Credit,3317.56
TRANS000491,ACC00491,Debit,1319.06
TRANS000492,ACC00492,Debit,4574.94
TRANS000493,ACC00493,Debit,1918.77
TRANS000494,ACC00494,Credit,2348.47
TRANS000495,ACC00495,Credit,55.85
TRANS000496,ACC00496,Credit,2818.29
TRANS000497,ACC00497,Credit,1015.49
TRANS000498,ACC00498,Credit,3370.29
TRANS000499,ACC00499,Debit,379.74
TRANS000500,ACC00500,Debit,3152.59
TRANS000501,ACC00501,Credit,83.94
TRANS000502,ACC00502,Credit,2057.17
TRANS000503,ACC00503,Credit,3329.48
TRANS000504,ACC00504,Debit,1272.76
TRANS000505,ACC00505,Debit,833.97
TRANS000506,ACC00506,Credit,4054.66
TRANS000507,ACC00507,Credit,2398.79
TRANS000508,ACC00508,Credit,2429.86
TRANS000509,ACC00509,Debit,2015.79
TRANS000510,ACC00510,Credit,3189.03
TRANS000511,ACC00511,Credit,2058.63
TRANS000512,ACC00512,Credit,4369.71
TRANS000513,ACC00513,Debit,1273.18
TRANS000514,ACC00514,Credit,1090.1
TRANS000515,ACC00515,Debit,1128.15
TRANS000516,ACC00516,Credit,4208.95
TRANS000517,ACC00517,Debit,1166.67
TRANS000518,ACC00518,Credit,2686.02
TRANS000519,ACC00519,Credit,4804.13
TRANS000520,ACC00520,Debit,4962.27
TRANS000521,ACC00521,Credit,3875.62
TRANS000522,ACC00522,Credit,2065.81
TRANS000523,ACC00523,Debit,232.18
TRANS000524,ACC00524,Debit,4482.52
TRANS000525,ACC00525,Credit,2120.5
TRANS000526,ACC00526,Debit,3645.81
TRANS000527,ACC00527,Debit,559.51
TRANS000528,ACC00528,Debit,4650.43
TRANS000529,ACC00529,Credit,58.99
TRANS000530,ACC00530,Debit,577.03
TRANS000531,ACC00531,Debit,919.61
TRANS000532,ACC00532,Debit,1196.29
TRANS000533,ACC00533,Credit,679.08
TRANS000534,ACC00534,Debit,2030.08
TRANS000535,ACC00535,Debit,3150.61
TRANS000536,ACC00536,Debit,502.63
TRANS000537,ACC00537,Debit,3690.18
TRANS000538,ACC00538,Debit,4247.46
TRANS000539,ACC00539,Credit,796.09
TRANS000540,ACC00540,Credit,2551.57
TRANS000541,ACC00541,Credit,1191.4
TRANS000542,ACC00542,Debit,3420.45
TRANS000543,ACC00543,Debit,635.98
TRANS000544,ACC00544,Credit,380.87
TRANS000545,ACC00545,Credit,4836.96
TRANS000546,ACC00546,Credit,272.04
TRANS000547,ACC00547,Credit,3982.4
TRANS000548,ACC00548,Debit,3955.05
TRANS000549,ACC00549,Credit,1540.25
TRANS000550,ACC00550,Debit,1508.06
TRANS000551,ACC00551,Debit,4001.5
TRANS000552,ACC00552,Debit,3496.3
TRANS000553,ACC00553,Debit,2123.43
TRANS000554,ACC00554,Debit,4486.37
TRANS000555,ACC00555,Debit,4598.48
TRANS000556,ACC00556,Credit,4850.76
TRANS000557,ACC00557,Credit,1518.87
TRANS000558,ACC00558,Credit,1791.77
TRANS000559,ACC00559,Debit,1736.11
TRANS000560,ACC00560,Credit,3938.15
TRANS000561,ACC00561,Debit,4920.25
TRANS000562,ACC00562,Debit,3237.37
TRANS000563,ACC00563,Credit,4357.53
TRANS000564,ACC00564,Credit,642.89
TRANS000565,ACC00565,Credit,3003.76
TRANS000566,ACC00566,Credit,4104.87
TRANS000567,ACC00567,Credit,1921.56
TRANS000568,ACC00568,Credit,4968.38
TRANS000569,ACC00569,Credit,4349.83
TRANS000570,ACC00570,Debit,3966.3
TRANS000571,ACC00571,Credit,2976.69
TRANS000572,ACC00572,Credit,3515.22
TRANS000573,ACC00573,Debit,3775.03
TRANS000574,ACC00574,Credit,3213.55
TRANS000575,ACC00575,Debit,3424.93
TRANS000576,ACC00576,Credit,1317.78
TRANS000577,ACC00577,Credit,3931.14
TRANS000578,ACC00578,Debit,4982.16
TRANS000579,ACC00579,Debit,3506.69
TRANS000580,ACC00580,Debit,1091.07
TRANS000581,ACC00581,Debit,4971.38
TRANS000582,ACC00582,Debit,3368.14
TRANS000583,ACC00583,Debit,4727.99
TRANS000584,ACC00584,Credit,519.66
TRANS000585,ACC00585,Credit,2984.08
TRANS000586,ACC00586,Debit,3777.52
TRANS000587,ACC00587,Credit,3341.98
TRANS000588,ACC00588,Credit,2243.88
TRANS000589,ACC00589,Debit,287.85
TRANS000590,ACC00590,Debit,3765.86
TRANS000591,ACC00591,Debit,3202.13
TRANS000592,ACC00592,Credit,4644.83
TRANS000593,ACC00593,Debit,3895.05
TRANS000594,ACC00594,Credit,2781.77
TRANS000595,ACC00595,Debit,1508.49
TRANS000596,ACC00596,Debit,4597.59
TRANS000597,ACC00597,Debit,3212.85
TRANS000598,ACC00598,Credit,3929.16
TRANS000599,ACC00599,Debit,4334.31
TRANS000600,ACC00600,Credit,2746.18
TRANS000601,ACC00601,Debit,1949.46
TRANS000602,ACC00602,Credit,2507.44
TRANS000603,ACC00603,Credit,2422.01
TRANS000604,ACC00604,Credit,4175.69
TRANS000605,ACC00605,Debit,2853.0
TRANS000606,ACC00606,Debit,1731.96
TRANS000607,ACC00607,Credit,961.71
TRANS000608,ACC00608,Debit,4309.17
TRANS000609,ACC00609,Credit,4104.45
TRANS000610,ACC00610,Credit,1949.09
TRANS000611,ACC00611,Debit,618.98
TRANS000612,ACC00612,Debit,3882.19
TRANS000613,ACC00613,Credit,1272.63
TRANS000614,ACC00614,Credit,4417.51
TRANS000615,ACC00615,Debit,505.36
TRANS000616,ACC00616,Debit,2287.52
TRANS000617,ACC00617,Debit,646.32
TRANS000618,ACC00618,Debit,1322.16
TRANS000619,ACC00619,Debit,2917.7
TRANS000620,ACC00620,Debit,4179.2
TRANS000621,ACC00621,Debit,2052.46
TRANS000622,ACC00622,Credit,3911.01
TRANS000623,ACC00623,Debit,2756.48
TRANS000624,ACC00624,Debit,1611.35
TRANS000625,ACC00625,Debit,885.74
TRANS000626,ACC00626,Debit,2464.57
TRANS000627,ACC00627,Debit,4490.88
TRANS000628,ACC00628,Credit,3661.05
TRANS000629,ACC00629,Debit,3974.42
TRANS000630,ACC00630,Debit,1405.87
TRANS000631,ACC00631,Credit,2027.05
TRANS000632,ACC00632,Credit,2779.16
TRANS000633,ACC00633,Credit,694.96
TRANS000634,ACC00634,Credit,3103.57
TRANS000635,ACC00635,Debit,3952.1
TRANS000636,ACC00636,Debit,1933.81
TRANS000637,ACC00637,Credit,1263.38
TRANS000638,ACC00638,Debit,2324.79
TRANS000639,ACC00639,Debit,238.78
TRANS000640,ACC00640,Debit,3898.35
TRANS000641,ACC00641,Credit,1549.66
TRANS000642,ACC00642,Debit,3985.37
TRANS000643,ACC00643,Debit,91.51
TRANS000644,ACC00644,Debit,4548.59
TRANS000645,ACC00645,Credit,2705.01
TRANS000646,ACC00646,Credit,52.11
TRANS000647,ACC00647,Credit,2575.41
TRANS000648,ACC00648,Debit,3515.51
TRANS000649,ACC00649,Debit,2514.08
TRANS000650,ACC00650,Debit,2078.48
TRANS000651,ACC00651,Credit,1663.89
TRANS000652,ACC00652,Credit,1773.95
TRANS000653,ACC00653,Credit,1685.29
TRANS000654,ACC00654,Credit,2417.74
TRANS000655,ACC00655,Debit,4279.5
TRANS000656,ACC00656,Credit,1954.05
TRANS000657,ACC00657,Credit,2587.65
TRANS000658,ACC00658,Credit,821.54
TRANS000659,ACC00659,Debit,527.77
TRANS000660,ACC00660,Debit,234.45
TRANS000661,ACC00661,Debit,721.13
TRANS000662,ACC00662,Debit,1835.48
TRANS000663,ACC00663,Credit,3458.63
TRANS000664,ACC00664,Credit,2717.54
TRANS000665,ACC00665,Debit,2125.04
TRANS000666,ACC00666,Credit,1490.45
TRANS000667,ACC00667,Credit,4977.23
TRANS000668,ACC00668,Debit,342.27
TRANS000669,ACC00669,Debit,605.89
TRANS000670,ACC00670,Credit,2869.74
TRANS000671,ACC00671,Credit,2632.3
TRANS000672,ACC00672,Debit,1691.28
TRANS000673,ACC00673,Credit,4304.12
TRANS000674,ACC00674,Credit,1926.67
TRANS000675,ACC00675,Debit,3405.68
TRANS000676,ACC00676,Credit,2308.92
TRANS000677,ACC00677,Credit,1252.85
TRANS000678,ACC00678,Credit,4044.24
TRANS000679,ACC00679,Debit,4348.76
TRANS000680,ACC00680,Debit,86.89
TRANS000681,ACC00681,Debit,3598.57
TRANS000682,ACC00682,Debit,1783.62
TRANS000683,ACC00683,Debit,494.51
TRANS000684,ACC00684,Credit,936.84
TRANS000685,ACC00685,Credit,4096.54
TRANS000686,ACC00686,Credit,591.5
TRANS000687,ACC00687,Debit,1463.49
TRANS000688,ACC00688,Debit,187.5
TRANS000689,ACC00689,Debit,4075.2
TRANS000690,ACC00690,Debit,1040.13
TRANS000691,ACC00691,Credit,4358.53
TRANS000692,ACC00692,Debit,1782.64
TRANS000693,ACC00693,Credit,4245.86
TRANS000694,ACC00694,Credit,1681.86
TRANS000695,ACC00695,Credit,2868.51
TRANS000696,ACC00696,Credit,4431.78
TRANS000697,ACC00697,Debit,1126.73
TRANS000698,ACC00698,Debit,3139.47
TRANS000699,ACC00699,Debit,1564.02
TRANS000700,ACC00700,Debit,4143.77
TRANS000701,ACC00701,Debit,4821.99
TRANS000702,ACC00702,Credit,3122.93
TRANS000703,ACC00703,Debit,4210.62
TRANS000704,ACC00704,Debit,1425.38
TRANS000705,ACC00705,Credit,3166.2
TRANS000706,ACC00706,Credit,3891.28
TRANS000707,ACC00707,Debit,3576.64
TRANS000708,ACC00708,Debit,4305.44
TRANS000709,ACC00709,Credit,771.02
TRANS000710,ACC00710,Debit,1198.38
TRANS000711,ACC00711,Credit,1069.29
TRANS000712,ACC00712,Credit,2751.63
TRANS000713,ACC00713,Credit,4087.21
TRANS000714,ACC00714,Credit,2732.45
TRANS000715,ACC00715,Debit,4955.96
TRANS000716,ACC00716,Debit,4494.02
TRANS000717,ACC00717,Credit,1418.97
TRANS000718,ACC00718,Credit,4051.86
TRANS000719,ACC00719,Debit,77.89
TRANS000720,ACC00720,Debit,831.58
TRANS000721,ACC00721,Credit,3006.79
TRANS000722,ACC00722,Credit,4118.74
TRANS000723,ACC00723,Credit,3155.41
TRANS000724,ACC00724,Debit,4781.06
TRANS000725,ACC00725,Credit,3111.4
TRANS000726,ACC00726,Credit,3628.48
TRANS000727,ACC00727,Debit,1841.69
TRANS000728,ACC00728,Credit,2659.47
TRANS000729,ACC00729,Debit,1137.51
TRANS000730,ACC00730,Debit,2822.1
TRANS000731,ACC00731,Debit,684.26
TRANS000732,ACC00732,Debit,2862.35
TRANS000733,ACC00733,Credit,1059.22
TRANS000734,ACC00734,Debit,2285.94
TRANS000735,ACC00735,Credit,2396.79
TRANS000736,ACC00736,Credit,4703.79
TRANS000737,ACC00737,Credit,4211.18
TRANS000738,ACC00738,Debit,2327.45
TRANS000739,ACC00739,Credit,3093.06
TRANS000740,ACC00740,Credit,825.57
TRANS000741,ACC00741,Debit,4325.58
TRANS000742,ACC00742,Credit,4537.26
TRANS000743,ACC00743,Debit,4094.47
TRANS000744,ACC00744,Debit,2256.11
TRANS000745,ACC00745,Debit,915.54
TRANS000746,ACC00746,Debit,4539.77
TRANS000747,ACC00747,Credit,2990.58
TRANS000748,ACC00748,Credit,2113.64
TRANS000749,ACC00749,Debit,3155.58
TRANS000750,ACC00750,Debit,1674.73
TRANS000751,ACC00751,Debit,1616.28
TRANS000752,ACC00752,Credit,871.74
TRANS000753,ACC00753,Debit,3134.56
TRANS000754,ACC00754,Debit,3630.28
TRANS000755,ACC00755,Credit,688.8
TRANS000756,ACC00756,Credit,1557.23
TRANS000757,ACC00757,Debit,2590.89
TRANS000758,ACC00758,Credit,4668.03
TRANS000759,ACC00759,Credit,2972.86
TRANS000760,ACC00760,Debit,45.69
TRANS000761,ACC00761,Debit,4646.67
TRANS000762,ACC00762,Debit,3817.0
TRANS000763,ACC00763,Credit,4685.77
TRANS000764,ACC00764,Credit,2073.69
TRANS000765,ACC00765,Debit,4438.41
TRANS000766,ACC00766,Debit,2582.49
TRANS000767,ACC00767,Credit,3907.13
TRANS000768,ACC00768,Credit,1867.08
TRANS000769,ACC00769,Credit,984.32
TRANS000770,ACC00770,Credit,950.29
TRANS000771,ACC00771,Credit,4284.81
TRANS000772,ACC00772,Credit,3261.71
TRANS000773,ACC00773,Debit,2194.91
TRANS000774,ACC00774,Debit,4731.17
TRANS000775,ACC00775,Debit,3874.77
TRANS000776,ACC00776,Credit,781.03
TRANS000777,ACC00777,Credit,356.29
TRANS000778,ACC00778,Credit,4575.27
TRANS000779,ACC00779,Debit,3846.5
TRANS000780,ACC00780,Debit,4480.95
TRANS000781,ACC00781,Debit,299.76
TRANS000782,ACC00782,Credit,4531.31
TRANS000783,ACC00783,Credit,4026.03
TRANS000784,ACC00784,Credit,1841.47
TRANS000785,ACC00785,Debit,4334.82
TRANS000786,ACC00786,Debit,4823.05
TRANS000787,ACC00787,Credit,3526.53
TRANS000788,ACC00788,Credit,4650.59
TRANS000789,ACC00789,Debit,374.63
TRANS000790,ACC00790,Debit,74.38
TRANS000791,ACC00791,Credit,2983.75
TRANS000792,ACC00792,Credit,3437.69
TRANS000793,ACC00793,Credit,4450.06
TRANS000794,ACC00794,Credit,2091.63
TRANS000795,ACC00795,Debit,4839.52
TRANS000796,ACC00796,Credit,2899.78
TRANS000797,ACC00797,Debit,3371.34
TRANS000798,ACC00798,Credit,195.51
TRANS000799,ACC00799,Debit,2615.53
TRANS000800,ACC00800,Credit,4020.54
TRANS000801,ACC00801,Credit,3723.67
TRANS000802,ACC00802,Credit,3339.44
TRANS000803,ACC00803,Credit,2487.6
TRANS000804,ACC00804,Credit,1634.89
TRANS000805,ACC00805,Debit,1898.48
TRANS000806,ACC00806,Credit,3198.94
TRANS000807,ACC00807,Credit,4805.34
TRANS000808,ACC00808,Debit,321.07
TRANS000809,ACC00809,Debit,499.49
TRANS000810,ACC00810,Credit,1877.25
TRANS000811,ACC00811,Debit,2358.4
TRANS000812,ACC00812,Credit,2579.33
TRANS000813,ACC00813,Debit,1534.14
TRANS000814,ACC00814,Credit,3057.86
TRANS000815,ACC00815,Credit,2315.78
TRANS000816,ACC00816,Credit,3790.5
TRANS000817,ACC00817,Debit,798.56
TRANS000818,ACC00818,Credit,4114.44
TRANS000819,ACC00819,Debit,2591.2
TRANS000820,ACC00820,Debit,3048.21
TRANS000821,ACC00821,Debit,3643.74
TRANS000822,ACC00822,Debit,820.02
TRANS000823,ACC00823,Credit,1835.56
TRANS000824,ACC00824,Credit,3971.79
TRANS000825,ACC00825,Debit,211.54
TRANS000826,ACC00826,Debit,2958.48
TRANS000827,ACC00827,Credit,2149.59
TRANS000828,ACC00828,Credit,4015.6
TRANS000829,ACC00829,Debit,4373.94
TRANS000830,ACC00830,Credit,2765.49
TRANS000831,ACC00831,Credit,712.33
TRANS000832,ACC00832,Debit,1273.79
TRANS000833,ACC00833,Credit,164.24
TRANS000834,ACC00834,Credit,1387.03
TRANS000835,ACC00835,Debit,3916.66
TRANS000836,ACC00836,Credit,1575.16
TRANS000837,ACC00837,Debit,3946.65
TRANS000838,ACC00838,Debit,1683.19
TRANS000839,ACC00839,Debit,2281.35
TRANS000840,ACC00840,Credit,4900.59
TRANS000841,ACC00841,Debit,4471.09
TRANS000842,ACC00842,Debit,1366.76
TRANS000843,ACC00843,Debit,4248.73
TRANS000844,ACC00844,Credit,1891.81
TRANS000845,ACC00845,Credit,2911.41
TRANS000846,ACC00846,Debit,1895.35
TRANS000847,ACC00847,Credit,1288.05
TRANS000848,ACC00848,Credit,3509.25
TRANS000849,ACC00849,Debit,3819.89
TRANS000850,ACC00850,Credit,615.28
TRANS000851,ACC00851,Credit,4151.32
TRANS000852,ACC00852,Debit,2775.98
TRANS000853,ACC00853,Credit,2910.97
TRANS000854,ACC00854,Credit,4807.83
TRANS000855,ACC00855,Credit,2315.1
TRANS000856,ACC00856,Credit,269.22
TRANS000857,ACC00857,Credit,1405.82
TRANS000858,ACC00858,Credit,3573.03
TRANS000859,ACC00859,Debit,1109.0
TRANS000860,ACC00860,Credit,983.72
TRANS000861,ACC00861,Credit,1744.53
TRANS000862,ACC00862,Debit,4499.84
TRANS000863,ACC00863,Debit,1162.18
TRANS000864,ACC00864,Credit,3464.42
TRANS000865,ACC00865,Debit,2016.46
TRANS000866,ACC00866,Credit,2057.54
TRANS000867,ACC00867,Debit,2806.59
TRANS000868,ACC00868,Debit,3600.74
TRANS000869,ACC00869,Credit,2325.21
TRANS000870,ACC00870,Debit,4782.36
TRANS000871,ACC00871,Debit,1077.36
TRANS000872,ACC00872,Debit,3090.46
TRANS000873,ACC00873,Credit,2852.84
TRANS000874,ACC00874,Credit,263.52
TRANS000875,ACC00875,Credit,2675.74
TRANS000876,ACC00876,Credit,2248.57
TRANS000877,ACC00877,Credit,3081.9
TRANS000878,ACC00878,Credit,2979.45
TRANS000879,ACC00879,Debit,3984.63
TRANS000880,ACC00880,Debit,2448.89
TRANS000881,ACC00881,Credit,1068.47
TRANS000882,ACC00882,Credit,2009.37
TRANS000883,ACC00883,Credit,1590.28
TRANS000884,ACC00884,Debit,2262.93
TRANS000885,ACC00885,Debit,2261.63
TRANS000886,ACC00886,Debit,1782.24
TRANS000887,ACC00887,Debit,4863.85
TRANS000888,ACC00888,Credit,275.65
TRANS000889,ACC00889,Debit,4552.8
TRANS000890,ACC00890,Debit,1934.28
TRANS000891,ACC00891,Debit,263.04
TRANS000892,ACC00892,Debit,4053.77
TRANS000893,ACC00893,Debit,3887.52
TRANS000894,ACC00894,Debit,4930.75
TRANS000895,ACC00895,Credit,1318.11
TRANS000896,ACC00896,Credit,2582.06
TRANS000897,ACC00897,Credit,1776.63
TRANS000898,ACC00898,Debit,880.87
TRANS000899,ACC00899,Debit,2698.28
TRANS000900,ACC00900,Credit,377.74
TRANS000901,ACC00901,Credit,1034.61
TRANS000902,ACC00902,Credit,3853.21
TRANS000903,ACC00903,Credit,3048.04
TRANS000904,ACC00904,Credit,1473.07
TRANS000905,ACC00905,Debit,4718.52
TRANS000906,ACC00906,Credit,2857.83
TRANS000907,ACC00907,Debit,1851.38
TRANS000908,ACC00908,Debit,3292.14
TRANS000909,ACC00909,Credit,4505.1
TRANS000910,ACC00910,Credit,1959.64
TRANS000911,ACC00911,Credit,1319.46
TRANS000912,ACC00912,Credit,2190.6
TRANS000913,ACC00913,Credit,4305.0
TRANS000914,ACC00914,Credit,1519.37
TRANS000915,ACC00915,Debit,4208.33
TRANS000916,ACC00916,Credit,1070.02
TRANS000917,ACC00917,Credit,795.61
TRANS000918,ACC00918,Credit,1741.01
TRANS000919,ACC00919,Debit,2356.54
TRANS000920,ACC00920,Debit,1098.85
TRANS000921,ACC00921,Credit,1035.53
TRANS000922,ACC00922,Credit,2745.11
TRANS000923,ACC00923,Debit,1551.14
TRANS000924,ACC00924,Credit,2059.87
TRANS000925,ACC00925,Credit,3525.02
TRANS000926,ACC00926,Credit,2639.31
TRANS000927,ACC00927,Debit,1680.45
TRANS000928,ACC00928,Debit,1637.78
TRANS000929,ACC00929,Debit,823.43
TRANS000930,ACC00930,Credit,2014.84
TRANS000931,ACC00931,Credit,3299.13
TRANS000932,ACC00932,Credit,4504.62
TRANS000933,ACC00933,Credit,2870.88
TRANS000934,ACC00934,Debit,3197.9
TRANS000935,ACC00935,Credit,1180.82
TRANS000936,ACC00936,Debit,1666.91
TRANS000937,ACC00937,Credit,1003.57
TRANS000938,ACC00938,Credit,2211.78
TRANS000939,ACC00939,Credit,3721.16
TRANS000940,ACC00940,Credit,2125.98
TRANS000941,ACC00941,Credit,915.45
TRANS000942,ACC00942,Debit,709.92
TRANS000943,ACC00943,Debit,1183.72
TRANS000944,ACC00944,Credit,2027.1
TRANS000945,ACC00945,Debit,2386.14
TRANS000946,ACC00946,Debit,602.83
TRANS000947,ACC00947,Debit,3410.21
TRANS000948,ACC00948,Debit,2031.38
TRANS000949,ACC00949,Debit,3225.43
TRANS000950,ACC00950,Credit,2679.06
TRANS000951,ACC00951,Credit,2681.28
TRANS000952,ACC00952,Credit,1861.91
TRANS000953,ACC00953,Debit,1629.75
TRANS000954,ACC00954,Credit,1280.32
TRANS000955,ACC00955,Debit,3793.6
TRANS000956,ACC00956,Debit,195.65
TRANS000957,ACC00957,Debit,2713.96
TRANS000958,ACC00958,Debit,1010.08
TRANS000959,ACC00959,Credit,2690.14
TRANS000960,ACC00960,Debit,1675.17
TRANS000961,ACC00961,Credit,3752.12
TRANS000962,ACC00962,Debit,4381.48
TRANS000963,ACC00963,Debit,1405.18
TRANS000964,ACC00964,Debit,1388.94
TRANS000965,ACC00965,Credit,4077.47
TRANS000966,ACC00966,Credit,4363.12
TRANS000967,ACC00967,Credit,3957.21
TRANS000968,ACC00968,Credit,3432.55
TRANS000969,ACC00969,Debit,581.35
TRANS000970,ACC00970,Debit,4860.89
TRANS000971,ACC00971,Debit,4492.75
TRANS000972,ACC00972,Credit,1493.85
TRANS000973,ACC00973,Credit,3421.53
TRANS000974,ACC00974,Credit,3866.75
TRANS000975,ACC00975,Credit,3216.64
TRANS000976,ACC00976,Credit,4338.03
TRANS000977,ACC00977,Debit,3445.1
TRANS000978,ACC00978,Debit,3101.33
TRANS000979,ACC00979,Debit,3538.26
TRANS000980,ACC00980,Debit,4871.21
TRANS000981,ACC00981,Credit,2584.69
TRANS000982,ACC00982,Debit,1306.73
TRANS000983,ACC00983,Credit,2431.71
TRANS000984,ACC00984,Credit,1387.27
TRANS000985,ACC00985,Credit,4484.39
TRANS000986,ACC00986,Debit,517.39
TRANS000987,ACC00987,Debit,2420.55
TRANS000988,ACC00988,Debit,4727.76
TRANS000989,ACC00989,Credit,2963.33
TRANS000990,ACC00990,Debit,382.27
TRANS000991,ACC00991,Credit,2493.72
TRANS000992,ACC00992,Debit,1863.37
TRANS000993,ACC00993,Credit,2580.75
TRANS000994,ACC00994,Debit,3011.1
TRANS000995,ACC00995,Debit,113.62
TRANS000996,ACC00996,Debit,1232.05
TRANS000997,ACC00997,Credit,3653.17
TRANS000998,ACC00998,Debit,463.91
TRANS000999,ACC00999,Debit,558.06
TRANS001000,ACC01000,Credit,1405.75
TRANS001001,ACC01001,Credit,4649.63
TRANS001002,ACC01002,Credit,1536.97
TRANS001003,ACC01003,Credit,3391.85
TRANS001004,ACC01004,Debit,1830.3
TRANS001005,ACC01005,Debit,2001.55
TRANS001006,ACC01006,Credit,311.07
TRANS001007,ACC01007,Debit,687.1
TRANS001008,ACC01008,Debit,4892.04
TRANS001009,ACC01009,Debit,3015.12
TRANS001010,ACC01010,Debit,2046.08
TRANS001011,ACC01011,Credit,2219.33
TRANS001012,ACC01012,Credit,3592.45
TRANS001013,ACC01013,Credit,4662.72
TRANS001014,ACC01014,Debit,3765.13
TRANS001015,ACC01015,Debit,2912.92
TRANS001016,ACC01016,Debit,3464.41
TRANS001017,ACC01017,Debit,639.18
TRANS001018,ACC01018,Debit,1750.0
TRANS001019,ACC01019,Debit,3037.56
TRANS001020,ACC01020,Credit,3032.23
TRANS001021,ACC01021,Debit,4112.63
TRANS001022,ACC01022,Debit,3015.8
TRANS001023,ACC01023,Debit,4832.57
TRANS001024,ACC01024,Credit,3411.54
TRANS001025,ACC01025,Debit,3771.43
TRANS001026,ACC01026,Credit,3451.99
TRANS001027,ACC01027,Credit,3919.97
TRANS001028,ACC01028,Credit,748.27
TRANS001029,ACC01029,Credit,1507.67
TRANS001030,ACC01030,Debit,1799.08
TRANS001031,ACC01031,Debit,793.14
TRANS001032,ACC01032,Debit,2904.05
TRANS001033,ACC01033,Debit,2731.38
TRANS001034,ACC01034,Debit,360.0
TRANS001035,ACC01035,Debit,989.68
TRANS001036,ACC01036,Credit,3950.14
TRANS001037,ACC01037,Credit,4490.44
TRANS001038,ACC01038,Debit,462.92
TRANS001039,ACC01039,Debit,4024.04
TRANS001040,ACC01040,Debit,555.33
TRANS001041,ACC01041,Debit,2384.86
TRANS001042,ACC01042,Credit,3699.12
TRANS001043,ACC01043,Debit,4240.4
TRANS001044,ACC01044,Credit,2042.16
TRANS001045,ACC01045,Debit,723.05
TRANS001046,ACC01046,Credit,3570.46
TRANS001047,ACC01047,Credit,4846.69
TRANS001048,ACC01048,Debit,1833.03
TRANS001049,ACC01049,Debit,1757.55
TRANS001050,ACC01050,Credit,4979.4
TRANS001051,ACC01051,Debit,2987.7
TRANS001052,ACC01052,Debit,2248.17
TRANS001053,ACC01053,Credit,4854.73
TRANS001054,ACC01054,Credit,2236.94
TRANS001055,ACC01055,Debit,1661.52
TRANS001056,ACC01056,Credit,305.39
TRANS001057,ACC01057,Credit,4583.19
TRANS001058,ACC01058,Credit,4231.58
TRANS001059,ACC01059,Debit,4919.44
TRANS001060,ACC01060,Debit,3452.25
TRANS001061,ACC01061,Debit,2739.97
TRANS001062,ACC01062,Debit,669.04
TRANS001063,ACC01063,Debit,4944.76
TRANS001064,ACC01064,Debit,4095.31
TRANS001065,ACC01065,Credit,770.89
TRANS001066,ACC01066,Credit,4884.79
TRANS001067,ACC01067,Debit,1531.43
TRANS001068,ACC01068,Credit,682.52
TRANS001069,ACC01069,Debit,2525.36
TRANS001070,ACC01070,Debit,4660.1
TRANS001071,ACC01071,Credit,3063.29
TRANS001072,ACC01072,Credit,773.57
TRANS001073,ACC01073,Credit,3254.23
TRANS001074,ACC01074,Credit,3154.08
TRANS001075,ACC01075,Credit,2388.98
TRANS001076,ACC01076,Debit,1590.19
TRANS001077,ACC01077,Debit,971.64
TRANS001078,ACC01078,Debit,677.31
TRANS001079,ACC01079,Credit,2545.85
TRANS001080,ACC01080,Credit,245.19
TRANS001081,ACC01081,Credit,2844.38
TRANS001082,ACC01082,Debit,1684.68
TRANS001083,ACC01083,Credit,80.43
TRANS001084,ACC01084,Debit,1713.74
TRANS001085,ACC01085,Debit,4564.85
TRANS001086,ACC01086,Debit,3068.37
TRANS001087,ACC01087,Debit,4181.67
TRANS001088,ACC01088,Debit,1542.68
TRANS001089,ACC01089,Debit,659.44
TRANS001090,ACC01090,Debit,1315.42
TRANS001091,ACC01091,Credit,172.85
TRANS001092,ACC01092,Debit,2728.61
TRANS001093,ACC01093,Credit,1598.76
TRANS001094,ACC01094,Credit,914.78
TRANS001095,ACC01095,Credit,2963.77
TRANS001096,ACC01096,Debit,1533.28
TRANS001097,ACC01097,Credit,4658.42
TRANS001098,ACC01098,Credit,4859.17
TRANS001099,ACC01099,Debit,3711.86
TRANS001100,ACC01100,Credit,2825.5
TRANS001101,ACC01101,Debit,4063.06
TRANS001102,ACC01102,Debit,1964.1
TRANS001103,ACC01103,Credit,4095.33
TRANS001104,ACC01104,Credit,1953.56
TRANS001105,ACC01105,Credit,1378.5
TRANS001106,ACC01106,Debit,1731.22
TRANS001107,ACC01107,Credit,2074.87
TRANS001108,ACC01108,Debit,2427.14
TRANS001109,ACC01109,Debit,4200.21
TRANS001110,ACC01110,Debit,2307.83
TRANS001111,ACC01111,Credit,4777.09
TRANS001112,ACC01112,Credit,3925.43
TRANS001113,ACC01113,Credit,15.23
TRANS001114,ACC01114,Debit,236.8
TRANS001115,ACC01115,Credit,4563.76
TRANS001116,ACC01116,Credit,2214.68
TRANS001117,ACC01117,Credit,2132.37
TRANS001118,ACC01118,Debit,3089.7
TRANS001119,ACC01119,Debit,1388.81
TRANS001120,ACC01120,Debit,976.53
TRANS001121,ACC01121,Debit,1019.48
TRANS001122,ACC01122,Credit,3225.5
TRANS001123,ACC01123,Credit,4022.11
TRANS001124,ACC01124,Debit,4131.47
TRANS001125,ACC01125,Credit,4173.61
TRANS001126,ACC01126,Debit,2062.9
TRANS001127,ACC01127,Credit,1313.91
TRANS001128,ACC01128,Credit,4935.74
TRANS001129,ACC01129,Credit,4774.31
TRANS001130,ACC01130,Debit,2511.04
TRANS001131,ACC01131,Credit,4220.84
TRANS001132,ACC01132,Debit,1696.23
TRANS001133,ACC01133,Credit,2988.08
TRANS001134,ACC01134,Credit,2656.13
TRANS001135,ACC01135,Credit,2785.48
TRANS001136,ACC01136,Debit,2111.32
TRANS001137,ACC01137,Credit,2444.16
TRANS001138,ACC01138,Debit,1562.19
TRANS001139,ACC01139,Credit,2612.68
TRANS001140,ACC01140,Credit,3218.38
TRANS001141,ACC01141,Debit,1588.2
TRANS001142,ACC01142,Debit,3210.83
TRANS001143,ACC01143,Credit,2388.19
TRANS001144,ACC01144,Debit,410.28
TRANS001145,ACC01145,Debit,3595.45
TRANS001146,ACC01146,Credit,3199.88
TRANS001147,ACC01147,Debit,780.71
TRANS001148,ACC01148,Credit,187.8
TRANS001149,ACC01149,Credit,4296.49
TRANS001150,ACC01150,Debit,1540.16
TRANS001151,ACC01151,Debit,2182.67
TRANS001152,ACC01152,Debit,1961.45
TRANS001153,ACC01153,Credit,3254.53
TRANS001154,ACC01154,Debit,2190.29
TRANS001155,ACC01155,Credit,240.04
TRANS001156,ACC01156,Debit,840.78
TRANS001157,ACC01157,Debit,4846.74
TRANS001158,ACC01158,Credit,2391.87
TRANS001159,ACC01159,Credit,1655.51
TRANS001160,ACC01160,Debit,2873.96
TRANS001161,ACC01161,Credit,3449.12
TRANS001162,ACC01162,Credit,1874.09
TRANS001163,ACC01163,Credit,2055.18
TRANS001164,ACC01164,Debit,4464.45
TRANS001165,ACC01165,Debit,4316.91
TRANS001166,ACC01166,Debit,81.62
TRANS001167,ACC01167,Debit,2590.35
TRANS001168,ACC01168,Credit,3298.38
TRANS001169,ACC01169,Debit,3443.87
TRANS001170,ACC01170,Debit,932.83
TRANS001171,ACC01171,Debit,3985.53
TRANS001172,ACC01172,Debit,3963.57
TRANS001173,ACC01173,Debit,2135.06
TRANS001174,ACC01174,Credit,3431.53
TRANS001175,ACC01175,Credit,2117.8
TRANS001176,ACC01176,Debit,2087.67
TRANS001177,ACC01177,Credit,716.51
TRANS001178,ACC01178,Debit,1877.15
TRANS001179,ACC01179,Debit,2778.39
TRANS001180,ACC01180,Debit,3033.03
TRANS001181,ACC01181,Debit,869.11
TRANS001182,ACC01182,Credit,1676.4
TRANS001183,ACC01183,Debit,2536.53
TRANS001184,ACC01184,Credit,4139.35
TRANS001185,ACC01185,Debit,4668.6
TRANS001186,ACC01186,Credit,994.75
TRANS001187,ACC01187,Debit,679.31
TRANS001188,ACC01188,Debit,3453.56
TRANS001189,ACC01189,Debit,2704.72
TRANS001190,ACC01190,Credit,2074.19
TRANS001191,ACC01191,Debit,3576.9
TRANS001192,ACC01192,Debit,4999.44
TRANS001193,ACC01193,Debit,2235.47
TRANS001194,ACC01194,Debit,2836.17
TRANS001195,ACC01195,Debit,3376.51
TRANS001196,ACC01196,Debit,18.59
TRANS001197,ACC01197,Debit,148.44
TRANS001198,ACC01198,Credit,1870.81
TRANS001199,ACC01199,Credit,3740.82
TRANS001200,ACC01200,Credit,1974.05
TRANS001201,ACC01201,Credit,1531.54
TRANS001202,ACC01202,Credit,2109.13
TRANS001203,ACC01203,Credit,2480.46
TRANS001204,ACC01204,Credit,3538.69
TRANS001205,ACC01205,Credit,1371.95
TRANS001206,ACC01206,Debit,4357.67
TRANS001207,ACC01207,Credit,3720.33
TRANS001208,ACC01208,Credit,2634.37
TRANS001209,ACC01209,Credit,3746.13
TRANS001210,ACC01210,Credit,4804.66
TRANS001211,ACC01211,Debit,1007.04
TRANS001212,ACC01212,Credit,4174.94
TRANS001213,ACC01213,Debit,4621.09
TRANS001214,ACC01214,Credit,3151.3
TRANS001215,ACC01215,Debit,2420.81
TRANS001216,ACC01216,Credit,2756.33
TRANS001217,ACC01217,Debit,2712.5
TRANS001218,ACC01218,Credit,2095.0
TRANS001219,ACC01219,Credit,3095.5
TRANS001220,ACC01220,Credit,3828.61
TRANS001221,ACC01221,Debit,4297.36
TRANS001222,ACC01222,Credit,177.68
TRANS001223,ACC01223,Debit,2102.12
TRANS001224,ACC01224,Credit,1221.55
TRANS001225,ACC01225,Credit,909.67
TRANS001226,ACC01226,Debit,1725.61
TRANS001227,ACC01227,Debit,526.16
TRANS001228,ACC01228,Debit,4880.92
TRANS001229,ACC01229,Debit,351.55
TRANS001230,ACC01230,Debit,4325.65
TRANS001231,ACC01231,Credit,4620.01
TRANS001232,ACC01232,Debit,1307.17
TRANS001233,ACC01233,Debit,3421.26
TRANS001234,ACC01234,Credit,4571.52
TRANS001235,ACC01235,Credit,2985.47
TRANS001236,ACC01236,Debit,295.76
TRANS001237,ACC01237,Credit,4841.78
TRANS001238,ACC01238,Credit,1896.05
TRANS001239,ACC01239,Debit,2328.05
TRANS001240,ACC01240,Credit,257.28
TRANS001241,ACC01241,Debit,1547.39
TRANS001242,ACC01242,Credit,736.76
TRANS001243,ACC01243,Credit,4114.64
TRANS001244,ACC01244,Debit,1721.32
TRANS001245,ACC01245,Debit,3723.34
TRANS001246,ACC01246,Debit,3883.73
TRANS001247,ACC01247,Credit,3527.36
TRANS001248,ACC01248,Debit,3000.44
TRANS001249,ACC01249,Credit,2800.32
TRANS001250,ACC01250,Credit,1549.23
TRANS001251,ACC01251,Credit,658.26
TRANS001252,ACC01252,Credit,2293.96
TRANS001253,ACC01253,Credit,3932.39
TRANS001254,ACC01254,Credit,4880.74
TRANS001255,ACC01255,Debit,480.13
TRANS001256,ACC01256,Debit,4297.44
TRANS001257,ACC01257,Debit,4860.72
TRANS001258,ACC01258,Debit,395.56
TRANS001259,ACC01259,Credit,2029.18
TRANS001260,ACC01260,Credit,1309.82
TRANS001261,ACC01261,Credit,4662.79
TRANS001262,ACC01262,Debit,2338.86
TRANS001263,ACC01263,Debit,3304.63
TRANS001264,ACC01264,Debit,1478.01
TRANS001265,ACC01265,Credit,1227.8
TRANS001266,ACC01266,Credit,4332.54
TRANS001267,ACC01267,Credit,1597.58
TRANS001268,ACC01268,Debit,558.94
TRANS001269,ACC01269,Debit,1511.34
TRANS001270,ACC01270,Debit,2673.65
TRANS001271,ACC01271,Debit,4667.81
TRANS001272,ACC01272,Credit,594.08
TRANS001273,ACC01273,Debit,2706.0
TRANS001274,ACC01274,Debit,805.14
TRANS001275,ACC01275,Credit,2297.34
TRANS001276,ACC01276,Credit,3902.3
TRANS001277,ACC01277,Debit,4760.23
TRANS001278,ACC01278,Credit,377.99
TRANS001279,ACC01279,Debit,2650.95
TRANS001280,ACC01280,Debit,844.43
TRANS001281,ACC01281,Credit,693.69
TRANS001282,ACC01282,Credit,1766.49
TRANS001283,ACC01283,Credit,4184.7
TRANS001284,ACC01284,Debit,4965.09
TRANS001285,ACC01285,Debit,4770.71
TRANS001286,ACC01286,Debit,4498.42
TRANS001287,ACC01287,Credit,1579.91
TRANS001288,ACC01288,Credit,926.22
TRANS001289,ACC01289,Debit,4686.11
TRANS001290,ACC01290,Credit,3999.23
TRANS001291,ACC01291,Debit,1313.27
TRANS001292,ACC01292,Credit,4567.08
TRANS001293,ACC01293,Debit,2854.57
TRANS001294,ACC01294,Credit,4246.29
TRANS001295,ACC01295,Credit,3363.98
TRANS001296,ACC01296,Debit,4663.5
TRANS001297,ACC01297,Credit,1602.25
TRANS001298,ACC01298,Debit,3766.2
TRANS001299,ACC01299,Credit,4207.99
TRANS001300,ACC01300,Credit,3697.84
TRANS001301,ACC01301,Credit,4425.3
TRANS001302,ACC01302,Debit,3226.69
TRANS001303,ACC01303,Credit,2961.51
TRANS001304,ACC01304,Debit,3326.77
TRANS001305,ACC01305,Credit,2116.78
TRANS001306,ACC01306,Credit,2999.91
TRANS001307,ACC01307,Debit,4689.53
TRANS001308,ACC01308,Debit,218.19
TRANS001309,ACC01309,Debit,3745.93
TRANS001310,ACC01310,Credit,1449.36
TRANS001311,ACC01311,Credit,207.86
TRANS001312,ACC01312,Debit,4494.07
TRANS001313,ACC01313,Credit,1723.48
TRANS001314,ACC01314,Debit,529.36
TRANS001315,ACC01315,Debit,621.98
TRANS001316,ACC01316,Credit,1251.08
TRANS001317,ACC01317,Debit,3938.19
TRANS001318,ACC01318,Debit,3051.79
TRANS001319,ACC01319,Credit,4902.83
TRANS001320,ACC01320,Credit,2074.31
TRANS001321,ACC01321,Debit,2361.53
TRANS001322,ACC01322,Credit,1164.09
TRANS001323,ACC01323,Debit,1428.52
TRANS001324,ACC01324,Debit,1050.55
TRANS001325,ACC01325,Debit,851.07
TRANS001326,ACC01326,Credit,2891.36
TRANS001327,ACC01327,Credit,3520.0
TRANS001328,ACC01328,Credit,563.68
TRANS001329,ACC01329,Debit,1237.96
TRANS001330,ACC01330,Debit,4375.21
TRANS001331,ACC01331,Debit,548.9
TRANS001332,ACC01332,Credit,2368.11
TRANS001333,ACC01333,Credit,1834.26
TRANS001334,ACC01334,Credit,239.5
TRANS001335,ACC01335,Debit,3576.24
TRANS001336,ACC01336,Credit,984.77
TRANS001337,ACC01337,Credit,1427.25
TRANS001338,ACC01338,Credit,4072.39
TRANS001339,ACC01339,Credit,1931.32
TRANS001340,ACC01340,Debit,1221.25
TRANS001341,ACC01341,Debit,2526.92
TRANS001342,ACC01342,Credit,1456.37
TRANS001343,ACC01343,Debit,685.98
TRANS001344,ACC01344,Debit,2673.1
TRANS001345,ACC01345,Debit,1149.76
TRANS001346,ACC01346,Debit,3915.16
TRANS001347,ACC01347,Credit,4501.8
TRANS001348,ACC01348,Credit,627.63
TRANS001349,ACC01349,Credit,547.78
TRANS001350,ACC01350,Debit,4478.96
TRANS001351,ACC01351,Debit,457.26
TRANS001352,ACC01352,Debit,951.68
TRANS001353,ACC01353,Credit,2749.12
TRANS001354,ACC01354,Debit,2990.33
TRANS001355,ACC01355,Debit,363.11
TRANS001356,ACC01356,Credit,2222.85
TRANS001357,ACC01357,Credit,204.36
TRANS001358,ACC01358,Credit,4032.81
TRANS001359,ACC01359,Credit,1432.39
TRANS001360,ACC01360,Debit,335.57
TRANS001361,ACC01361,Debit,4834.13
TRANS001362,ACC01362,Credit,4676.42
TRANS001363,ACC01363,Credit,1314.07
TRANS001364,ACC01364,Debit,4212.43
TRANS001365,ACC01365,Credit,658.7
TRANS001366,ACC01366,Credit,3912.13
TRANS001367,ACC01367,Credit,4733.25
TRANS001368,ACC01368,Credit,1373.85
TRANS001369,ACC01369,Debit,2025.57
TRANS001370,ACC01370,Credit,3237.6
TRANS001371,ACC01371,Debit,3138.92
TRANS001372,ACC01372,Debit,2597.75
TRANS001373,ACC01373,Credit,1941.05
TRANS001374,ACC01374,Debit,4970.91
TRANS001375,ACC01375,Credit,3251.28
TRANS001376,ACC01376,Credit,3111.67
TRANS001377,ACC01377,Credit,725.93
TRANS001378,ACC01378,Debit,1889.92
TRANS001379,ACC01379,Debit,4683.56
TRANS001380,ACC01380,Credit,3336.04
TRANS001381,ACC01381,Credit,2036.99
TRANS001382,ACC01382,Credit,2471.26
TRANS001383,ACC01383,Debit,1353.4
TRANS001384,ACC01384,Credit,2769.93
TRANS001385,ACC01385,Credit,2072.89
TRANS001386,ACC01386,Credit,4561.64
TRANS001387,ACC01387,Credit,2445.37
TRANS001388,ACC01388,Debit,500.62
TRANS001389,ACC01389,Credit,3361.5
TRANS001390,ACC01390,Debit,4558.77
TRANS001391,ACC01391,Credit,1847.41
TRANS001392,ACC01392,Credit,3543.53
TRANS001393,ACC01393,Debit,2847.0
TRANS001394,ACC01394,Debit,1136.95
TRANS001395,ACC01395,Debit,1977.81
TRANS001396,ACC01396,Debit,176.18
TRANS001397,ACC01397,Debit,2335.19
TRANS001398,ACC01398,Debit,2414.6
TRANS001399,ACC01399,Debit,1811.75
TRANS001400,ACC01400,Credit,66.42
TRANS001401,ACC01401,Credit,909.51
TRANS001402,ACC01402,Credit,1568.92
TRANS001403,ACC01403,Credit,3471.72
TRANS001404,ACC01404,Credit,1073.14
TRANS001405,ACC01405,Credit,2705.18
TRANS001406,ACC01406,Credit,4881.15
TRANS001407,ACC01407,Credit,153.31
TRANS001408,ACC01408,Credit,3034.51
TRANS001409,ACC01409,Debit,4944.71
TRANS001410,ACC01410,Debit,2490.84
TRANS001411,ACC01411,Credit,680.88
TRANS001412,ACC01412,Debit,2074.72
TRANS001413,ACC01413,Credit,4117.46
TRANS001414,ACC01414,Debit,686.02
TRANS001415,ACC01415,Credit,1995.3
TRANS001416,ACC01416,Credit,1106.58
TRANS001417,ACC01417,Credit,815.07
TRANS001418,ACC01418,Credit,2340.15
TRANS001419,ACC01419,Debit,1193.85
TRANS001420,ACC01420,Debit,403.23
TRANS001421,ACC01421,Credit,2671.24
TRANS001422,ACC01422,Debit,4020.57
TRANS001423,ACC01423,Credit,2462.45
TRANS001424,ACC01424,Debit,3698.4
TRANS001425,ACC01425,Debit,3665.89
TRANS001426,ACC01426,Debit,3700.42
TRANS001427,ACC01427,Debit,2049.39
TRANS001428,ACC01428,Credit,1704.01
TRANS001429,ACC01429,Credit,1559.14
TRANS001430,ACC01430,Debit,3011.19
TRANS001431,ACC01431,Credit,4891.51
TRANS001432,ACC01432,Debit,1435.35
TRANS001433,ACC01433,Debit,2485.24
TRANS001434,ACC01434,Credit,2177.14
TRANS001435,ACC01435,Debit,791.02
TRANS001436,ACC01436,Debit,282.83
TRANS001437,ACC01437,Credit,3990.78
TRANS001438,ACC01438,Debit,2033.87
TRANS001439,ACC01439,Credit,2320.91
TRANS001440,ACC01440,Debit,1033.35
TRANS001441,ACC01441,Debit,4042.22
TRANS001442,ACC01442,Debit,3109.63
TRANS001443,ACC01443,Credit,1647.09
TRANS001444,ACC01444,Debit,3065.51
TRANS001445,ACC01445,Credit,4866.66
TRANS001446,ACC01446,Credit,3240.26
TRANS001447,ACC01447,Credit,138.41
TRANS001448,ACC01448,Credit,2407.48
TRANS001449,ACC01449,Credit,638.74
TRANS001450,ACC01450,Debit,131.56
TRANS001451,ACC01451,Debit,1110.19
TRANS001452,ACC01452,Credit,4623.71
TRANS001453,ACC01453,Credit,3014.63
TRANS001454,ACC01454,Credit,821.95
TRANS001455,ACC01455,Debit,3102.67
TRANS001456,ACC01456,Credit,1335.07
TRANS001457,ACC01457,Credit,1155.24
TRANS001458,ACC01458,Debit,4022.47
TRANS001459,ACC01459,Credit,4563.32
TRANS001460,ACC01460,Debit,2266.75
TRANS001461,ACC01461,Debit,1321.9
TRANS001462,ACC01462,Credit,1669.4
TRANS001463,ACC01463,Credit,3519.59
TRANS001464,ACC01464,Credit,4000.82
TRANS001465,ACC01465,Credit,2230.59
TRANS001466,ACC01466,Credit,1033.18
TRANS001467,ACC01467,Credit,2950.54
TRANS001468,ACC01468,Credit,2275.44
TRANS001469,ACC01469,Credit,3407.69
TRANS001470,ACC01470,Credit,395.66
TRANS001471,ACC01471,Debit,734.7
TRANS001472,ACC01472,Debit,2495.73
TRANS001473,ACC01473,Credit,4499.29
TRANS001474,ACC01474,Debit,1395.24
TRANS001475,ACC01475,Credit,4165.41
TRANS001476,ACC01476,Credit,4967.36
TRANS001477,ACC01477,Debit,3750.69
TRANS001478,ACC01478,Debit,767.83
TRANS001479,ACC01479,Debit,2631.95
TRANS001480,ACC01480,Credit,1519.37
TRANS001481,ACC01481,Debit,4812.65
TRANS001482,ACC01482,Debit,1135.9
TRANS001483,ACC01483,Debit,2153.87
TRANS001484,ACC01484,Credit,2192.53
TRANS001485,ACC01485,Credit,4013.7
TRANS001486,ACC01486,Debit,1852.97
TRANS001487,ACC01487,Debit,3849.89
TRANS001488,ACC01488,Credit,4535.8
TRANS001489,ACC01489,Credit,4975.03
TRANS001490,ACC01490,Debit,1606.27
TRANS001491,ACC01491,Credit,3886.52
TRANS001492,ACC01492,Debit,4174.72
TRANS001493,ACC01493,Debit,1088.14
TRANS001494,ACC01494,Credit,1195.79
TRANS001495,ACC01495,Credit,3898.87
TRANS001496,ACC01496,Debit,762.05
TRANS001497,ACC01497,Credit,1523.12
TRANS001498,ACC01498,Debit,3547.65
TRANS001499,ACC01499,Debit,1251.91
TRANS001500,ACC01500,Debit,1581.89
TRANS001501,ACC01501,Credit,4308.82
TRANS001502,ACC01502,Credit,250.74
TRANS001503,ACC01503,Credit,4492.41
TRANS001504,ACC01504,Debit,948.49
TRANS001505,ACC01505,Debit,224.95
TRANS001506,ACC01506,Debit,1274.55
TRANS001507,ACC01507,Credit,2152.4
TRANS001508,ACC01508,Credit,3684.68
TRANS001509,ACC01509,Credit,4163.22
TRANS001510,ACC01510,Credit,3659.07
TRANS001511,ACC01511,Credit,1834.55
TRANS001512,ACC01512,Debit,1068.21
TRANS001513,ACC01513,Debit,606.22
TRANS001514,ACC01514,Credit,2064.74
TRANS001515,ACC01515,Debit,217.93
TRANS001516,ACC01516,Debit,1601.69
TRANS001517,ACC01517,Debit,2773.75
TRANS001518,ACC01518,Credit,3192.24
TRANS001519,ACC01519,Debit,3895.93
TRANS001520,ACC01520,Debit,2762.5
TRANS001521,ACC01521,Debit,1760.8
TRANS001522,ACC01522,Debit,2505.6
TRANS001523,ACC01523,Credit,3884.74
TRANS001524,ACC01524,Credit,2489.1
TRANS001525,ACC01525,Debit,4983.67
TRANS001526,ACC01526,Credit,3878.29
TRANS001527,ACC01527,Debit,3304.3
TRANS001528,ACC01528,Debit,4313.78
TRANS001529,ACC01529,Credit,1970.2
TRANS001530,ACC01530,Credit,3500.1
TRANS001531,ACC01531,Debit,176.4
TRANS001532,ACC01532,Debit,1356.1
TRANS001533,ACC01533,Debit,4368.91
TRANS001534,ACC01534,Credit,4511.23
TRANS001535,ACC01535,Credit,2254.2
TRANS001536,ACC01536,Credit,4370.38
TRANS001537,ACC01537,Debit,1299.34
TRANS001538,ACC01538,Debit,3367.73
TRANS001539,ACC01539,Credit,2028.66
TRANS001540,ACC01540,Credit,1656.83
TRANS001541,ACC01541,Credit,297.72
TRANS001542,ACC01542,Debit,4088.46
TRANS001543,ACC01543,Debit,3085.3
TRANS001544,ACC01544,Credit,4116.74
TRANS001545,ACC01545,Debit,4936.26
TRANS001546,ACC01546,Credit,3179.51
TRANS001547,ACC01547,Debit,3010.24
TRANS001548,ACC01548,Debit,3665.98
TRANS001549,ACC01549,Debit,1249.16
TRANS001550,ACC01550,Credit,4148.58
TRANS001551,ACC01551,Credit,4196.33
TRANS001552,ACC01552,Credit,3269.13
TRANS001553,ACC01553,Debit,3577.73
TRANS001554,ACC01554,Credit,323.98
TRANS001555,ACC01555,Debit,3550.35
TRANS001556,ACC01556,Credit,3097.13
TRANS001557,ACC01557,Debit,2508.91
TRANS001558,ACC01558,Credit,3484.42
TRANS001559,ACC01559,Credit,544.75
TRANS001560,ACC01560,Credit,1086.71
TRANS001561,ACC01561,Debit,3029.4
TRANS001562,ACC01562,Credit,1271.39
TRANS001563,ACC01563,Debit,2774.82
TRANS001564,ACC01564,Credit,1728.92
TRANS001565,ACC01565,Credit,799.31
TRANS001566,ACC01566,Debit,3284.09
TRANS001567,ACC01567,Debit,4542.3
TRANS001568,ACC01568,Credit,3811.4
TRANS001569,ACC01569,Credit,2167.08
TRANS001570,ACC01570,Credit,1324.17
TRANS001571,ACC01571,Debit,3835.26
TRANS001572,ACC01572,Debit,731.51
TRANS001573,ACC01573,Debit,700.26
TRANS001574,ACC01574,Credit,382.37
TRANS001575,ACC01575,Credit,3289.04
TRANS001576,ACC01576,Credit,1140.46
TRANS001577,ACC01577,Credit,4944.7
TRANS001578,ACC01578,Debit,235.77
TRANS001579,ACC01579,Debit,380.55
TRANS001580,ACC01580,Debit,1440.17
TRANS001581,ACC01581,Credit,1908.27
TRANS001582,ACC01582,Debit,1101.11
TRANS001583,ACC01583,Credit,1366.51
TRANS001584,ACC01584,Credit,23.91
TRANS001585,ACC01585,Credit,262.37
TRANS001586,ACC01586,Credit,934.69
TRANS001587,ACC01587,Credit,2171.48
TRANS001588,ACC01588,Credit,335.45
TRANS001589,ACC01589,Debit,3501.56
TRANS001590,ACC01590,Debit,4572.06
TRANS001591,ACC01591,Credit,4104.59
TRANS001592,ACC01592,Debit,437.27
TRANS001593,ACC01593,Credit,2854.25
TRANS001594,ACC01594,Credit,350.46
TRANS001595,ACC01595,Debit,4595.47
TRANS001596,ACC01596,Debit,635.71
TRANS001597,ACC01597,Credit,974.81
TRANS001598,ACC01598,Credit,59.82
TRANS001599,ACC01599,Debit,899.07
TRANS001600,ACC01600,Debit,1594.08
TRANS001601,ACC01601,Debit,2693.39
TRANS001602,ACC01602,Credit,1349.39
TRANS001603,ACC01603,Debit,436.13
TRANS001604,ACC01604,Debit,3608.48
TRANS001605,ACC01605,Credit,100.63
TRANS001606,ACC01606,Credit,2325.35
TRANS001607,ACC01607,Debit,1695.23
TRANS001608,ACC01608,Credit,3397.73
TRANS001609,ACC01609,Debit,1939.4
TRANS001610,ACC01610,Credit,964.65
TRANS001611,ACC01611,Debit,1850.33
TRANS001612,ACC01612,Credit,1153.57
TRANS001613,ACC01613,Debit,2859.42
TRANS001614,ACC01614,Debit,2481.57
TRANS001615,ACC01615,Debit,178.76
TRANS001616,ACC01616,Credit,1621.12
TRANS001617,ACC01617,Debit,4425.36
TRANS001618,ACC01618,Debit,4347.03
TRANS001619,ACC01619,Credit,1602.46
TRANS001620,ACC01620,Credit,1989.34
TRANS001621,ACC01621,Credit,1796.3
TRANS001622,ACC01622,Credit,4423.75
TRANS001623,ACC01623,Credit,2662.4
TRANS001624,ACC01624,Debit,4341.72
TRANS001625,ACC01625,Credit,1973.43
TRANS001626,ACC01626,Debit,3733.65
TRANS001627,ACC01627,Credit,1446.39
TRANS001628,ACC01628,Debit,1432.52
TRANS001629,ACC01629,Debit,3614.2
TRANS001630,ACC01630,Credit,1681.14
TRANS001631,ACC01631,Debit,3632.81
TRANS001632,ACC01632,Debit,3554.2
TRANS001633,ACC01633,Credit,4895.3
TRANS001634,ACC01634,Credit,1312.07
TRANS001635,ACC01635,Credit,3787.87
TRANS001636,ACC01636,Debit,3504.99
TRANS001637,ACC01637,Debit,1969.64
TRANS001638,ACC01638,Credit,4637.25
TRANS001639,ACC01639,Debit,473.91
TRANS001640,ACC01640,Credit,250.62
TRANS001641,ACC01641,Debit,3390.28
TRANS001642,ACC01642,Credit,2756.95
TRANS001643,ACC01643,Debit,4691.8
TRANS001644,ACC01644,Debit,2127.53
TRANS001645,ACC01645,Debit,2374.59
TRANS001646,ACC01646,Credit,1903.57
TRANS001647,ACC01647,Credit,3930.84
TRANS001648,ACC01648,Debit,2509.16
TRANS001649,ACC01649,Debit,3255.1
TRANS001650,ACC01650,Debit,1136.58
TRANS001651,ACC01651,Debit,829.98
TRANS001652,ACC01652,Debit,463.89
TRANS001653,ACC01653,Debit,4267.65
TRANS001654,ACC01654,Credit,354.57
TRANS001655,ACC01655,Credit,99.29
TRANS001656,ACC01656,Credit,4937.35
TRANS001657,ACC01657,Debit,166.99
TRANS001658,ACC01658,Credit,925.37
TRANS001659,ACC01659,Credit,2628.8
TRANS001660,ACC01660,Debit,4904.08
TRANS001661,ACC01661,Credit,1427.07
TRANS001662,ACC01662,Credit,2363.44
TRANS001663,ACC01663,Credit,169.06
TRANS001664,ACC01664,Credit,3048.39
TRANS001665,ACC01665,Debit,1996.63
TRANS001666,ACC01666,Credit,1822.89
TRANS001667,ACC01667,Credit,3323.87
TRANS001668,ACC01668,Credit,3125.7
TRANS001669,ACC01669,Debit,1165.74
TRANS001670,ACC01670,Debit,502.47
TRANS001671,ACC01671,Debit,1570.73
TRANS001672,ACC01672,Debit,2539.42
TRANS001673,ACC01673,Debit,636.31
TRANS001674,ACC01674,Credit,3824.73
TRANS001675,ACC01675,Debit,864.18
TRANS001676,ACC01676,Debit,3951.02
TRANS001677,ACC01677,Debit,3547.99
TRANS001678,ACC01678,Debit,3084.83
TRANS001679,ACC01679,Debit,2067.54
TRANS001680,ACC01680,Debit,3964.64
TRANS001681,ACC01681,Credit,3656.81
TRANS001682,ACC01682,Credit,3107.9
TRANS001683,ACC01683,Debit,4912.97
TRANS001684,ACC01684,Debit,3029.18
TRANS001685,ACC01685,Debit,3608.39
TRANS001686,ACC01686,Debit,4709.34
TRANS001687,ACC01687,Credit,4565.51
TRANS001688,ACC01688,Debit,1138.46
TRANS001689,ACC01689,Credit,4643.73
TRANS001690,ACC01690,Debit,3866.57
TRANS001691,ACC01691,Credit,4201.6
TRANS001692,ACC01692,Credit,2813.66
TRANS001693,ACC01693,Credit,206.42
TRANS001694,ACC01694,Credit,2217.11
TRANS001695,ACC01695,Debit,4725.32
TRANS001696,ACC01696,Credit,1264.09
TRANS001697,ACC01697,Debit,1496.8
TRANS001698,ACC01698,Debit,4240.61
TRANS001699,ACC01699,Credit,141.82
TRANS001700,ACC01700,Debit,3875.08
TRANS001701,ACC01701,Debit,3388.23
TRANS001702,ACC01702,Debit,1857.88
TRANS001703,ACC01703,Debit,4719.63
TRANS001704,ACC01704,Debit,1715.87
TRANS001705,ACC01705,Credit,4825.9
TRANS001706,ACC01706,Debit,2150.56
TRANS001707,ACC01707,Debit,238.49
TRANS001708,ACC01708,Credit,135.49
TRANS001709,ACC01709,Credit,2244.17
TRANS001710,ACC01710,Credit,2864.06
TRANS001711,ACC01711,Credit,2011.21
TRANS001712,ACC01712,Credit,2880.94
TRANS001713,ACC01713,Credit,4343.09
TRANS001714,ACC01714,Credit,2655.67
TRANS001715,ACC01715,Debit,4265.26
TRANS001716,ACC01716,Credit,4567.37
TRANS001717,ACC01717,Debit,1846.15
TRANS001718,ACC01718,Credit,700.81
TRANS001719,ACC01719,Debit,377.7
TRANS001720,ACC01720,Debit,3186.84
TRANS001721,ACC01721,Debit,2996.22
TRANS001722,ACC01722,Debit,4366.52
TRANS001723,ACC01723,Credit,2549.94
TRANS001724,ACC01724,Debit,4485.57
TRANS001725,ACC01725,Debit,2726.1
TRANS001726,ACC01726,Credit,2611.87
TRANS001727,ACC01727,Credit,194.95
TRANS001728,ACC01728,Credit,2342.17
TRANS001729,ACC01729,Debit,123.3
TRANS001730,ACC01730,Credit,1737.05
TRANS001731,ACC01731,Credit,583.04
TRANS001732,ACC01732,Credit,1579.38
TRANS001733,ACC01733,Debit,1585.71
TRANS001734,ACC01734,Debit,921.82
TRANS001735,ACC01735,Credit,144.02
TRANS001736,ACC01736,Debit,3299.85
TRANS001737,ACC01737,Credit,3963.05
TRANS001738,ACC01738,Credit,1387.04
TRANS001739,ACC01739,Debit,4105.8
TRANS001740,ACC01740,Debit,4536.5
TRANS001741,ACC01741,Debit,4083.58
TRANS001742,ACC01742,Credit,4323.88
TRANS001743,ACC01743,Credit,3195.8
TRANS001744,ACC01744,Debit,3687.81
TRANS001745,ACC01745,Debit,716.32
TRANS001746,ACC01746,Credit,3543.93
TRANS001747,ACC01747,Credit,3872.8
TRANS001748,ACC01748,Debit,4877.71
TRANS001749,ACC01749,Debit,4045.75
TRANS001750,ACC01750,Credit,4166.99
TRANS001751,ACC01751,Debit,3008.65
TRANS001752,ACC01752,Debit,3484.21
TRANS001753,ACC01753,Debit,44.77
TRANS001754,ACC01754,Debit,3161.25
TRANS001755,ACC01755,Credit,1437.47
TRANS001756,ACC01756,Credit,3152.99
TRANS001757,ACC01757,Debit,4863.47
TRANS001758,ACC01758,Credit,1418.11
TRANS001759,ACC01759,Debit,1070.53
TRANS001760,ACC01760,Credit,408.59
TRANS001761,ACC01761,Credit,418.8
TRANS001762,ACC01762,Credit,2991.32
TRANS001763,ACC01763,Debit,4581.25
TRANS001764,ACC01764,Debit,1525.88
TRANS001765,ACC01765,Debit,4625.53
TRANS001766,ACC01766,Debit,4409.79
TRANS001767,ACC01767,Credit,476.16
TRANS001768,ACC01768,Debit,4660.77
TRANS001769,ACC01769,Credit,3132.24
TRANS001770,ACC01770,Credit,4594.78
TRANS001771,ACC01771,Debit,2791.7
TRANS001772,ACC01772,Debit,3765.48
TRANS001773,ACC01773,Debit,259.46
TRANS001774,ACC01774,Credit,300.89
TRANS001775,ACC01775,Debit,2711.48
TRANS001776,ACC01776,Credit,364.78
TRANS001777,ACC01777,Credit,1556.14
TRANS001778,ACC01778,Credit,1138.91
TRANS001779,ACC01779,Credit,496.15
TRANS001780,ACC01780,Debit,340.84
TRANS001781,ACC01781,Credit,1128.94
TRANS001782,ACC01782,Debit,1683.83
TRANS001783,ACC01783,Credit,3350.62
TRANS001784,ACC01784,Credit,3130.16
TRANS001785,ACC01785,Credit,2539.32
TRANS001786,ACC01786,Credit,1408.11
TRANS001787,ACC01787,Debit,3066.74
TRANS001788,ACC01788,Debit,3006.32
TRANS001789,ACC01789,Credit,3087.81
TRANS001790,ACC01790,Credit,1376.36
TRANS001791,ACC01791,Credit,3785.46
TRANS001792,ACC01792,Debit,2428.25
TRANS001793,ACC01793,Debit,1072.42
TRANS001794,ACC01794,Credit,949.95
TRANS001795,ACC01795,Debit,2609.49
TRANS001796,ACC01796,Credit,511.3
TRANS001797,ACC01797,Debit,2274.46
TRANS001798,ACC01798,Credit,557.0
TRANS001799,ACC01799,Credit,3762.2
TRANS001800,ACC01800,Debit,2883.3
TRANS001801,ACC01801,Credit,1203.66
TRANS001802,ACC01802,Debit,1158.82
TRANS001803,ACC01803,Credit,1549.12
TRANS001804,ACC01804,Credit,4901.65
TRANS001805,ACC01805,Debit,1803.29
TRANS001806,ACC01806,Debit,4703.08
TRANS001807,ACC01807,Credit,2273.27
TRANS001808,ACC01808,Debit,1831.7
TRANS001809,ACC01809,Credit,1836.47
TRANS001810,ACC01810,Debit,573.63
TRANS001811,ACC01811,Debit,1488.36
TRANS001812,ACC01812,Credit,2261.28
TRANS001813,ACC01813,Debit,3993.08
TRANS001814,ACC01814,Credit,2052.55
TRANS001815,ACC01815,Debit,327.56
TRANS001816,ACC01816,Debit,1970.92
TRANS001817,ACC01817,Debit,1520.15
TRANS001818,ACC01818,Credit,4300.45
TRANS001819,ACC01819,Debit,1525.6
TRANS001820,ACC01820,Debit,3186.54
TRANS001821,ACC01821,Debit,3906.76
TRANS001822,ACC01822,Credit,498.02
TRANS001823,ACC01823,Debit,4789.4
TRANS001824,ACC01824,Credit,136.8
TRANS001825,ACC01825,Debit,3426.23
TRANS001826,ACC01826,Debit,1183.95
TRANS001827,ACC01827,Debit,2094.0
TRANS001828,ACC01828,Debit,2293.2
TRANS001829,ACC01829,Debit,2455.66
TRANS001830,ACC01830,Debit,3777.41
TRANS001831,ACC01831,Debit,2968.23
TRANS001832,ACC01832,Debit,4850.64
TRANS001833,ACC01833,Debit,2357.01
TRANS001834,ACC01834,Debit,565.01
TRANS001835,ACC01835,Credit,3437.3
TRANS001836,ACC01836,Debit,3850.21
TRANS001837,ACC01837,Credit,1877.46
TRANS001838,ACC01838,Debit,3908.03
TRANS001839,ACC01839,Debit,3693.53
TRANS001840,ACC01840,Credit,3946.66
TRANS001841,ACC01841,Debit,842.68
TRANS001842,ACC01842,Debit,2323.63
TRANS001843,ACC01843,Credit,546.61
TRANS001844,ACC01844,Credit,656.08
TRANS001845,ACC01845,Debit,3940.05
TRANS001846,ACC01846,Credit,1021.14
TRANS001847,ACC01847,Credit,695.94
TRANS001848,ACC01848,Debit,1838.36
TRANS001849,ACC01849,Credit,3817.34
TRANS001850,ACC01850,Credit,2936.94
TRANS001851,ACC01851,Credit,1866.64
TRANS001852,ACC01852,Credit,2906.23
TRANS001853,ACC01853,Debit,1781.3
TRANS001854,ACC01854,Credit,3783.91
TRANS001855,ACC01855,Credit,207.09
TRANS001856,ACC01856,Debit,2314.89
TRANS001857,ACC01857,Credit,1552.45
TRANS001858,ACC01858,Credit,4230.39
TRANS001859,ACC01859,Debit,4840.27
TRANS001860,ACC01860,Credit,4579.38
TRANS001861,ACC01861,Debit,3936.51
TRANS001862,ACC01862,Credit,1504.38
TRANS001863,ACC01863,Debit,2817.67
TRANS001864,ACC01864,Debit,4129.91
TRANS001865,ACC01865,Debit,1971.57
TRANS001866,ACC01866,Credit,4001.67
TRANS001867,ACC01867,Credit,539.89
TRANS001868,ACC01868,Credit,888.47
TRANS001869,ACC01869,Debit,247.14
TRANS001870,ACC01870,Debit,2043.27
TRANS001871,ACC01871,Credit,4145.46
TRANS001872,ACC01872,Credit,2513.19
TRANS001873,ACC01873,Debit,1044.38
TRANS001874,ACC01874,Debit,1816.33
TRANS001875,ACC01875,Debit,2317.18
TRANS001876,ACC01876,Credit,1761.89
TRANS001877,ACC01877,Credit,3569.28
TRANS001878,ACC01878,Credit,4476.93
TRANS001879,ACC01879,Debit,3124.54
TRANS001880,ACC01880,Credit,4479.35
TRANS001881,ACC01881,Debit,1487.73
TRANS001882,ACC01882,Debit,2501.95
TRANS001883,ACC01883,Credit,3632.5
TRANS001884,ACC01884,Credit,3909.59
TRANS001885,ACC01885,Credit,1152.32
TRANS001886,ACC01886,Credit,2860.81
TRANS001887,ACC01887,Credit,1326.25
TRANS001888,ACC01888,Debit,757.44
TRANS001889,ACC01889,Debit,102.88
TRANS001890,ACC01890,Debit,298.34
TRANS001891,ACC01891,Credit,3270.81
TRANS001892,ACC01892,Debit,3073.79
TRANS001893,ACC01893,Credit,3251.61
TRANS001894,ACC01894,Debit,2779.64
TRANS001895,ACC01895,Debit,1641.34
TRANS001896,ACC01896,Credit,3528.97
TRANS001897,ACC01897,Credit,1610.39
TRANS001898,ACC01898,Debit,2451.63
TRANS001899,ACC01899,Debit,2027.16
TRANS001900,ACC01900,Debit,3903.22
TRANS001901,ACC01901,Debit,2784.06
TRANS001902,ACC01902,Credit,2000.2
TRANS001903,ACC01903,Credit,3605.2
TRANS001904,ACC01904,Debit,1466.88
TRANS001905,ACC01905,Debit,2952.76
TRANS001906,ACC01906,Debit,486.57
TRANS001907,ACC01907,Credit,4400.08
TRANS001908,ACC01908,Credit,3438.21
TRANS001909,ACC01909,Credit,4691.37
TRANS001910,ACC01910,Debit,4189.74
TRANS001911,ACC01911,Credit,1506.68
TRANS001912,ACC01912,Debit,2033.23
TRANS001913,ACC01913,Credit,95.76
TRANS001914,ACC01914,Debit,3873.79
TRANS001915,ACC01915,Debit,4984.66
TRANS001916,ACC01916,Credit,4889.18
TRANS001917,ACC01917,Debit,708.43
TRANS001918,ACC01918,Credit,1442.36
TRANS001919,ACC01919,Credit,2144.18
TRANS001920,ACC01920,Debit,2272.94
TRANS001921,ACC01921,Debit,3615.9
TRANS001922,ACC01922,Credit,1451.22
TRANS001923,ACC01923,Debit,3207.02
TRANS001924,ACC01924,Debit,1572.15
TRANS001925,ACC01925,Debit,2074.27
TRANS001926,ACC01926,Credit,4650.86
TRANS001927,ACC01927,Debit,569.38
TRANS001928,ACC01928,Credit,680.62
TRANS001929,ACC01929,Credit,3793.61
TRANS001930,ACC01930,Debit,2423.59
TRANS001931,ACC01931,Credit,4376.39
TRANS001932,ACC01932,Credit,2716.09
TRANS001933,ACC01933,Credit,3370.56
TRANS001934,ACC01934,Debit,4175.98
TRANS001935,ACC01935,Debit,3922.16
TRANS001936,ACC01936,Credit,4710.15
TRANS001937,ACC01937,Debit,656.53
TRANS001938,ACC01938,Credit,3755.97
TRANS001939,ACC01939,Debit,78.46
TRANS001940,ACC01940,Credit,3949.44
TRANS001941,ACC01941,Credit,3801.72
TRANS001942,ACC01942,Debit,684.92
TRANS001943,ACC01943,Credit,4436.86
TRANS001944,ACC01944,Credit,114.7
TRANS001945,ACC01945,Debit,2867.71
TRANS001946,ACC01946,Debit,4527.52
TRANS001947,ACC01947,Credit,3170.18
TRANS001948,ACC01948,Debit,2903.03
TRANS001949,ACC01949,Credit,663.97
TRANS001950,ACC01950,Credit,315.36
TRANS001951,ACC01951,Credit,162.18
TRANS001952,ACC01952,Debit,2529.03
TRANS001953,ACC01953,Debit,3793.88
TRANS001954,ACC01954,Credit,4108.26
TRANS001955,ACC01955,Credit,853.54
TRANS001956,ACC01956,Credit,1589.76
TRANS001957,ACC01957,Credit,3595.82
TRANS001958,ACC01958,Debit,1452.95
TRANS001959,ACC01959,Credit,3714.3
TRANS001960,ACC01960,Debit,593.19
TRANS001961,ACC01961,Debit,2064.46
TRANS001962,ACC01962,Credit,990.01
TRANS001963,ACC01963,Credit,4468.45
TRANS001964,ACC01964,Credit,506.75
TRANS001965,ACC01965,Debit,2525.01
TRANS001966,ACC01966,Credit,1957.81
TRANS001967,ACC01967,Credit,1433.36
TRANS001968,ACC01968,Debit,2557.49
TRANS001969,ACC01969,Credit,4524.85
TRANS001970,ACC01970,Debit,1714.12
TRANS001971,ACC01971,Debit,764.17
TRANS001972,ACC01972,Credit,773.36
TRANS001973,ACC01973,Credit,1300.28
TRANS001974,ACC01974,Credit,2523.63
TRANS001975,ACC01975,Debit,3103.93
TRANS001976,ACC01976,Credit,42.95
TRANS001977,ACC01977,Debit,1572.62
TRANS001978,ACC01978,Debit,3144.91
TRANS001979,ACC01979,Debit,1854.35
TRANS001980,ACC01980,Credit,3151.85
TRANS001981,ACC01981,Debit,4761.94
TRANS001982,ACC01982,Debit,1006.33
TRANS001983,ACC01983,Debit,928.44
TRANS001984,ACC01984,Debit,1227.01
TRANS001985,ACC01985,Credit,3843.95
TRANS001986,ACC01986,Debit,4984.79
TRANS001987,ACC01987,Credit,3973.19
TRANS001988,ACC01988,Credit,2498.14
TRANS001989,ACC01989,Credit,1154.42
TRANS001990,ACC01990,Credit,3504.49
TRANS001991,ACC01991,Debit,2444.23
TRANS001992,ACC01992,Credit,4871.54
TRANS001993,ACC01993,Credit,682.99
TRANS001994,ACC01994,Debit,2744.79
TRANS001995,ACC01995,Debit,336.95
TRANS001996,ACC01996,Credit,4226.23
TRANS001997,ACC01997,Credit,4538.23
TRANS001998,ACC01998,Debit,1634.75
TRANS001999,ACC01999,Credit,1507.06
TRANS002000,ACC02000,Credit,4318.64
TRANS002001,ACC02001,Debit,2058.83
TRANS002002,ACC02002,Debit,530.31
TRANS002003,ACC02003,Credit,322.07
TRANS002004,ACC02004,Credit,3109.9
TRANS002005,ACC02005,Debit,618.84
TRANS002006,ACC02006,Debit,440.33
TRANS002007,ACC02007,Debit,96.57
TRANS002008,ACC02008,Debit,3322.31
TRANS002009,ACC02009,Credit,3852.9
TRANS002010,ACC02010,Debit,4659.35
TRANS002011,ACC02011,Credit,3804.82
TRANS002012,ACC02012,Debit,2263.47
TRANS002013,ACC02013,Credit,164.53
TRANS002014,ACC02014,Credit,4353.77
TRANS002015,ACC02015,Debit,1912.45
TRANS002016,ACC02016,Credit,4777.66
TRANS002017,ACC02017,Credit,2784.34
TRANS002018,ACC02018,Debit,3009.68
TRANS002019,ACC02019,Debit,852.41
TRANS002020,ACC02020,Credit,4930.35
TRANS002021,ACC02021,Credit,3275.8
TRANS002022,ACC02022,Credit,1670.62
TRANS002023,ACC02023,Debit,4009.58
TRANS002024,ACC02024,Credit,3883.91
TRANS002025,ACC02025,Credit,1109.69
TRANS002026,ACC02026,Debit,3967.87
TRANS002027,ACC02027,Credit,1402.73
TRANS002028,ACC02028,Debit,727.06
TRANS002029,ACC02029,Credit,3696.09
TRANS002030,ACC02030,Debit,2553.36
TRANS002031,ACC02031,Debit,4894.94
TRANS002032,ACC02032,Credit,2362.58
TRANS002033,ACC02033,Credit,1549.37
TRANS002034,ACC02034,Debit,2367.07
TRANS002035,ACC02035,Credit,1034.07
TRANS002036,ACC02036,Debit,2633.97
TRANS002037,ACC02037,Debit,3614.99
TRANS002038,ACC02038,Credit,3496.44
TRANS002039,ACC02039,Debit,2946.56
TRANS002040,ACC02040,Debit,1767.74
TRANS002041,ACC02041,Debit,1412.46
TRANS002042,ACC02042,Credit,4813.41
TRANS002043,ACC02043,Debit,4847.03
TRANS002044,ACC02044,Debit,3988.81
TRANS002045,ACC02045,Credit,1033.44
TRANS002046,ACC02046,Debit,3925.02
TRANS002047,ACC02047,Debit,88.87
TRANS002048,ACC02048,Credit,3592.25
TRANS002049,ACC02049,Credit,609.15
TRANS002050,ACC02050,Credit,2867.22
TRANS002051,ACC02051,Credit,4104.46
TRANS002052,ACC02052,Credit,1677.04
TRANS002053,ACC02053,Debit,4684.95
TRANS002054,ACC02054,Debit,1145.97
TRANS002055,ACC02055,Debit,3648.47
TRANS002056,ACC02056,Credit,521.41
TRANS002057,ACC02057,Debit,4261.23
TRANS002058,ACC02058,Credit,2959.11
TRANS002059,ACC02059,Debit,2900.66
TRANS002060,ACC02060,Debit,4291.53
TRANS002061,ACC02061,Credit,4402.57
TRANS002062,ACC02062,Debit,638.08
TRANS002063,ACC02063,Debit,159.95
TRANS002064,ACC02064,Credit,317.57
TRANS002065,ACC02065,Debit,172.66
TRANS002066,ACC02066,Credit,4238.78
TRANS002067,ACC02067,Credit,2116.26
TRANS002068,ACC02068,Credit,4261.33
TRANS002069,ACC02069,Credit,2355.46
TRANS002070,ACC02070,Credit,2937.44
TRANS002071,ACC02071,Credit,3718.05
TRANS002072,ACC02072,Debit,1067.95
TRANS002073,ACC02073,Debit,4013.24
TRANS002074,ACC02074,Debit,199.27
TRANS002075,ACC02075,Debit,836.83
TRANS002076,ACC02076,Credit,392.86
TRANS002077,ACC02077,Credit,4883.55
TRANS002078,ACC02078,Credit,1730.93
TRANS002079,ACC02079,Debit,3534.53
TRANS002080,ACC02080,Credit,1077.17
TRANS002081,ACC02081,Credit,3950.18
TRANS002082,ACC02082,Credit,3659.78
TRANS002083,ACC02083,Debit,2924.08
TRANS002084,ACC02084,Credit,498.7
TRANS002085,ACC02085,Debit,2405.5
TRANS002086,ACC02086,Credit,4418.67
TRANS002087,ACC02087,Credit,51.94
TRANS002088,ACC02088,Credit,4000.82
TRANS002089,ACC02089,Debit,1202.86
TRANS002090,ACC02090,Credit,4291.89
TRANS002091,ACC02091,Credit,4846.5
TRANS002092,ACC02092,Debit,2908.41
TRANS002093,ACC02093,Credit,2709.21
TRANS002094,ACC02094,Credit,3826.52
TRANS002095,ACC02095,Debit,4452.57
TRANS002096,ACC02096,Credit,1267.14
TRANS002097,ACC02097,Credit,4580.3
TRANS002098,ACC02098,Credit,638.22
TRANS002099,ACC02099,Debit,1887.0
TRANS002100,ACC02100,Debit,2099.61
TRANS002101,ACC02101,Credit,1043.88
TRANS002102,ACC02102,Credit,1596.53
TRANS002103,ACC02103,Debit,4768.24
TRANS002104,ACC02104,Debit,1872.05
TRANS002105,ACC02105,Credit,1286.93
TRANS002106,ACC02106,Debit,4876.26
TRANS002107,ACC02107,Credit,1692.48
TRANS002108,ACC02108,Credit,2680.76
TRANS002109,ACC02109,Debit,2136.25
TRANS002110,ACC02110,Credit,2776.8
TRANS002111,ACC02111,Debit,209.16
TRANS002112,ACC02112,Debit,520.72
TRANS002113,ACC02113,Debit,3787.69
TRANS002114,ACC02114,Debit,2795.63
TRANS002115,ACC02115,Credit,3008.34
TRANS002116,ACC02116,Debit,3420.34
TRANS002117,ACC02117,Credit,49.06
TRANS002118,ACC02118,Debit,3777.96
TRANS002119,ACC02119,Credit,3065.42
TRANS002120,ACC02120,Credit,3634.82
TRANS002121,ACC02121,Debit,2218.91
TRANS002122,ACC02122,Credit,4871.37
TRANS002123,ACC02123,Debit,799.87
TRANS002124,ACC02124,Debit,4204.89
TRANS002125,ACC02125,Debit,4316.88
TRANS002126,ACC02126,Credit,2381.89
TRANS002127,ACC02127,Debit,4769.27
TRANS002128,ACC02128,Debit,1160.99
TRANS002129,ACC02129,Credit,3481.61
TRANS002130,ACC02130,Debit,1284.41
TRANS002131,ACC02131,Debit,2198.69
TRANS002132,ACC02132,Debit,3523.24
TRANS002133,ACC02133,Credit,4452.49
TRANS002134,ACC02134,Debit,4816.64
TRANS002135,ACC02135,Credit,1151.47
TRANS002136,ACC02136,Credit,217.54
TRANS002137,ACC02137,Credit,2140.12
TRANS002138,ACC02138,Debit,2240.27
TRANS002139,ACC02139,Credit,3656.59
TRANS002140,ACC02140,Debit,4522.69
TRANS002141,ACC02141,Debit,3031.4
TRANS002142,ACC02142,Credit,3624.52
TRANS002143,ACC02143,Debit,3133.11
TRANS002144,ACC02144,Debit,3738.15
TRANS002145,ACC02145,Debit,1403.32
TRANS002146,ACC02146,Credit,823.87
TRANS002147,ACC02147,Debit,1235.98
TRANS002148,ACC02148,Debit,1645.57
TRANS002149,ACC02149,Credit,2185.02
TRANS002150,ACC02150,Debit,2142.66
TRANS002151,ACC02151,Credit,2944.48
TRANS002152,ACC02152,Credit,981.48
TRANS002153,ACC02153,Debit,1639.14
TRANS002154,ACC02154,Credit,3153.74
TRANS002155,ACC02155,Credit,893.34
TRANS002156,ACC02156,Credit,740.77
TRANS002157,ACC02157,Debit,2893.03
TRANS002158,ACC02158,Credit,3950.14
TRANS002159,ACC02159,Debit,3842.4
TRANS002160,ACC02160,Debit,3508.5
TRANS002161,ACC02161,Debit,464.44
TRANS002162,ACC02162,Debit,1310.7
TRANS002163,ACC02163,Credit,1405.51
TRANS002164,ACC02164,Debit,1514.28
TRANS002165,ACC02165,Credit,3759.26
TRANS002166,ACC02166,Credit,3675.23
TRANS002167,ACC02167,Credit,3638.93
TRANS002168,ACC02168,Credit,4920.66
TRANS002169,ACC02169,Credit,214.21
TRANS002170,ACC02170,Credit,3060.45
TRANS002171,ACC02171,Credit,4666.53
TRANS002172,ACC02172,Credit,716.29
TRANS002173,ACC02173,Debit,4444.49
TRANS002174,ACC02174,Credit,3233.98
TRANS002175,ACC02175,Debit,1683.68
TRANS002176,ACC02176,Credit,2832.4
TRANS002177,ACC02177,Debit,4184.57
TRANS002178,ACC02178,Credit,3201.53
TRANS002179,ACC02179,Credit,3333.92
TRANS002180,ACC02180,Credit,586.33
TRANS002181,ACC02181,Credit,169.74
TRANS002182,ACC02182,Debit,783.44
TRANS002183,ACC02183,Credit,3929.03
TRANS002184,ACC02184,Credit,2132.88
TRANS002185,ACC02185,Credit,4816.47
TRANS002186,ACC02186,Credit,1278.08
TRANS002187,ACC02187,Debit,4585.04
TRANS002188,ACC02188,Debit,705.87
TRANS002189,ACC02189,Credit,4650.63
TRANS002190,ACC02190,Credit,2173.05
TRANS002191,ACC02191,Debit,2988.08
TRANS002192,ACC02192,Credit,4102.88
TRANS002193,ACC02193,Debit,2958.96
TRANS002194,ACC02194,Debit,2037.54
TRANS002195,ACC02195,Credit,2585.48
TRANS002196,ACC02196,Credit,100.13
TRANS002197,ACC02197,Debit,2775.7
TRANS002198,ACC02198,Credit,1234.95
TRANS002199,ACC02199,Debit,1570.0
TRANS002200,ACC02200,Debit,1477.5
TRANS002201,ACC02201,Debit,3443.11
TRANS002202,ACC02202,Debit,1111.45
TRANS002203,ACC02203,Credit,4589.31
TRANS002204,ACC02204,Credit,1625.34
TRANS002205,ACC02205,Credit,3344.95
TRANS002206,ACC02206,Debit,92.34
TRANS002207,ACC02207,Debit,1070.49
TRANS002208,ACC02208,Credit,1871.45
TRANS002209,ACC02209,Debit,2776.66
TRANS002210,ACC02210,Credit,3214.93
TRANS002211,ACC02211,Debit,3232.22
TRANS002212,ACC02212,Credit,3903.09
TRANS002213,ACC02213,Credit,1823.73
TRANS002214,ACC02214,Credit,127.43
TRANS002215,ACC02215,Credit,4183.86
TRANS002216,ACC02216,Debit,2684.97
TRANS002217,ACC02217,Credit,3795.98
TRANS002218,ACC02218,Credit,3766.5
TRANS002219,ACC02219,Credit,630.63
TRANS002220,ACC02220,Debit,1783.6
TRANS002221,ACC02221,Credit,3932.56
TRANS002222,ACC02222,Debit,1504.52
TRANS002223,ACC02223,Debit,3980.03
TRANS002224,ACC02224,Credit,4672.26
TRANS002225,ACC02225,Debit,894.24
TRANS002226,ACC02226,Credit,1626.63
TRANS002227,ACC02227,Credit,2246.6
TRANS002228,ACC02228,Debit,4438.22
TRANS002229,ACC02229,Debit,2259.68
TRANS002230,ACC02230,Credit,3698.14
TRANS002231,ACC02231,Credit,3146.92
TRANS002232,ACC02232,Credit,2358.96
TRANS002233,ACC02233,Credit,247.51
TRANS002234,ACC02234,Debit,3517.66
TRANS002235,ACC02235,Credit,3144.3
TRANS002236,ACC02236,Debit,1841.57
TRANS002237,ACC02237,Credit,2974.59
TRANS002238,ACC02238,Debit,4649.92
TRANS002239,ACC02239,Debit,2006.07
TRANS002240,ACC02240,Credit,75.55
TRANS002241,ACC02241,Debit,3876.79
TRANS002242,ACC02242,Debit,294.84
TRANS002243,ACC02243,Debit,151.01
TRANS002244,ACC02244,Debit,4244.51
TRANS002245,ACC02245,Debit,3382.44
TRANS002246,ACC02246,Credit,622.22
TRANS002247,ACC02247,Debit,2345.93
TRANS002248,ACC02248,Debit,4188.7
TRANS002249,ACC02249,Debit,3710.02
TRANS002250,ACC02250,Credit,847.18
TRANS002251,ACC02251,Debit,4935.46
TRANS002252,ACC02252,Debit,3452.05
TRANS002253,ACC02253,Credit,598.7
TRANS002254,ACC02254,Debit,2309.94
TRANS002255,ACC02255,Debit,1251.79
TRANS002256,ACC02256,Debit,1728.35
TRANS002257,ACC02257,Debit,2194.76
TRANS002258,ACC02258,Debit,4314.85
TRANS002259,ACC02259,Credit,655.18
TRANS002260,ACC02260,Debit,3913.0
TRANS002261,ACC02261,Credit,1713.72
TRANS002262,ACC02262,Credit,1043.53
TRANS002263,ACC02263,Credit,4182.23
TRANS002264,ACC02264,Debit,2086.43
TRANS002265,ACC02265,Credit,192.99
TRANS002266,ACC02266,Credit,2208.6
TRANS002267,ACC02267,Credit,395.23
TRANS002268,ACC02268,Credit,244.77
TRANS002269,ACC02269,Debit,4973.82
TRANS002270,ACC02270,Credit,1502.29
TRANS002271,ACC02271,Debit,2543.18
TRANS002272,ACC02272,Debit,353.52
TRANS002273,ACC02273,Debit,847.66
TRANS002274,ACC02274,Debit,3589.73
TRANS002275,ACC02275,Debit,159.34
TRANS002276,ACC02276,Debit,2635.63
TRANS002277,ACC02277,Credit,1996.65
TRANS002278,ACC02278,Debit,821.03
TRANS002279,ACC02279,Debit,3673.54
TRANS002280,ACC02280,Credit,283.39
TRANS002281,ACC02281,Credit,927.9
TRANS002282,ACC02282,Debit,2211.59
TRANS002283,ACC02283,Credit,18.01
TRANS002284,ACC02284,Debit,1774.82
TRANS002285,ACC02285,Debit,953.96
TRANS002286,ACC02286,Debit,3685.3
TRANS002287,ACC02287,Debit,2727.92
TRANS002288,ACC02288,Credit,207.81
TRANS002289,ACC02289,Credit,4176.79
TRANS002290,ACC02290,Debit,4016.23
TRANS002291,ACC02291,Credit,4291.79
TRANS002292,ACC02292,Debit,218.85
TRANS002293,ACC02293,Credit,4694.74
TRANS002294,ACC02294,Debit,132.68
TRANS002295,ACC02295,Credit,545.65
TRANS002296,ACC02296,Credit,1198.39
TRANS002297,ACC02297,Debit,3780.69
TRANS002298,ACC02298,Debit,730.22
TRANS002299,ACC02299,Credit,434.63
TRANS002300,ACC02300,Credit,4894.98
TRANS002301,ACC02301,Credit,2078.04
TRANS002302,ACC02302,Credit,2026.34
TRANS002303,ACC02303,Credit,4625.43
TRANS002304,ACC02304,Debit,3583.41
TRANS002305,ACC02305,Debit,3620.08
TRANS002306,ACC02306,Debit,1852.07
TRANS002307,ACC02307,Debit,2106.54
TRANS002308,ACC02308,Credit,1730.19
TRANS002309,ACC02309,Credit,4063.44
TRANS002310,ACC02310,Debit,2401.14
TRANS002311,ACC02311,Credit,4302.05
TRANS002312,ACC02312,Debit,2647.25
TRANS002313,ACC02313,Credit,3468.36
TRANS002314,ACC02314,Credit,3365.89
TRANS002315,ACC02315,Debit,348.55
TRANS002316,ACC02316,Debit,3663.24
TRANS002317,ACC02317,Credit,4848.01
TRANS002318,ACC02318,Debit,4337.29
TRANS002319,ACC02319,Debit,1364.62
TRANS002320,ACC02320,Credit,2020.02
TRANS002321,ACC02321,Credit,2215.06
TRANS002322,ACC02322,Credit,2460.53
TRANS002323,ACC02323,Credit,4370.61
TRANS002324,ACC02324,Debit,2652.43
TRANS002325,ACC02325,Debit,326.91
TRANS002326,ACC02326,Credit,2668.8
TRANS002327,ACC02327,Credit,4478.37
TRANS002328,ACC02328,Credit,1177.66
TRANS002329,ACC02329,Credit,4505.21
TRANS002330,ACC02330,Debit,4124.71
TRANS002331,ACC02331,Credit,3059.96
TRANS002332,ACC02332,Credit,2469.79
TRANS002333,ACC02333,Credit,4958.42
TRANS002334,ACC02334,Debit,4223.55
TRANS002335,ACC02335,Debit,4198.03
TRANS002336,ACC02336,Credit,4808.56
TRANS002337,ACC02337,Debit,1706.83
TRANS002338,ACC02338,Credit,2656.23
TRANS002339,ACC02339,Debit,4172.22
TRANS002340,ACC02340,Debit,3074.72
TRANS002341,ACC02341,Debit,405.18
TRANS002342,ACC02342,Credit,1546.01
TRANS002343,ACC02343,Credit,251.92
TRANS002344,ACC02344,Debit,3201.9
TRANS002345,ACC02345,Credit,2303.36
TRANS002346,ACC02346,Debit,2033.77
TRANS002347,ACC02347,Credit,1345.91
TRANS002348,ACC02348,Debit,1817.95
TRANS002349,ACC02349,Debit,4643.56
TRANS002350,ACC02350,Credit,4923.9
TRANS002351,ACC02351,Credit,2855.24
TRANS002352,ACC02352,Debit,4414.19
TRANS002353,ACC02353,Credit,625.13
TRANS002354,ACC02354,Debit,3722.36
TRANS002355,ACC02355,Credit,4589.24
TRANS002356,ACC02356,Credit,3058.69
TRANS002357,ACC02357,Debit,989.7
TRANS002358,ACC02358,Debit,3636.41
TRANS002359,ACC02359,Debit,2170.88
TRANS002360,ACC02360,Debit,2684.2
TRANS002361,ACC02361,Credit,457.67
TRANS002362,ACC02362,Credit,4814.16
TRANS002363,ACC02363,Credit,1017.04
TRANS002364,ACC02364,Debit,47.19
TRANS002365,ACC02365,Debit,19.33
TRANS002366,ACC02366,Debit,3559.34
TRANS002367,ACC02367,Debit,1176.82
TRANS002368,ACC02368,Debit,4673.83
TRANS002369,ACC02369,Credit,3484.47
TRANS002370,ACC02370,Credit,1086.4
TRANS002371,ACC02371,Debit,2074.51
TRANS002372,ACC02372,Debit,3204.75
TRANS002373,ACC02373,Debit,582.76
TRANS002374,ACC02374,Credit,4677.42
TRANS002375,ACC02375,Credit,4168.58
TRANS002376,ACC02376,Credit,2533.61
TRANS002377,ACC02377,Credit,2372.81
TRANS002378,ACC02378,Credit,1711.82
TRANS002379,ACC02379,Debit,1729.08
TRANS002380,ACC02380,Credit,2502.43
TRANS002381,ACC02381,Credit,2774.12
TRANS002382,ACC02382,Credit,1920.97
TRANS002383,ACC02383,Credit,1056.15
TRANS002384,ACC02384,Credit,424.01
TRANS002385,ACC02385,Debit,2386.71
TRANS002386,ACC02386,Debit,2475.33
TRANS002387,ACC02387,Debit,4546.69
TRANS002388,ACC02388,Debit,4192.41
TRANS002389,ACC02389,Credit,4132.94
TRANS002390,ACC02390,Credit,1096.42
TRANS002391,ACC02391,Credit,1081.2
TRANS002392,ACC02392,Debit,4549.11
TRANS002393,ACC02393,Debit,1941.2
TRANS002394,ACC02394,Credit,1064.89
TRANS002395,ACC02395,Debit,3671.46
TRANS002396,ACC02396,Debit,3499.83
TRANS002397,ACC02397,Credit,2927.97
TRANS002398,ACC02398,Credit,1566.57
TRANS002399,ACC02399,Credit,3599.47
TRANS002400,ACC02400,Credit,4179.48
TRANS002401,ACC02401,Credit,193.56
TRANS002402,ACC02402,Debit,4816.95
TRANS002403,ACC02403,Credit,278.26
TRANS002404,ACC02404,Debit,4787.6
TRANS002405,ACC02405,Debit,3617.02
TRANS002406,ACC02406,Credit,1802.87
TRANS002407,ACC02407,Credit,1840.5
TRANS002408,ACC02408,Debit,1953.83
TRANS002409,ACC02409,Debit,4541.55
TRANS002410,ACC02410,Debit,4353.88
TRANS002411,ACC02411,Debit,4201.07
TRANS002412,ACC02412,Credit,4661.48
TRANS002413,ACC02413,Credit,4457.4
TRANS002414,ACC02414,Credit,616.86
TRANS002415,ACC02415,Credit,1390.27
TRANS002416,ACC02416,Credit,3409.25
TRANS002417,ACC02417,Credit,12.01
TRANS002418,ACC02418,Credit,2161.07
TRANS002419,ACC02419,Debit,3285.59
TRANS002420,ACC02420,Credit,2770.56
TRANS002421,ACC02421,Credit,456.69
TRANS002422,ACC02422,Credit,2874.37
TRANS002423,ACC02423,Debit,2211.91
TRANS002424,ACC02424,Debit,4054.02
TRANS002425,ACC02425,Debit,3015.78
TRANS002426,ACC02426,Debit,2796.93
TRANS002427,ACC02427,Debit,4236.55
TRANS002428,ACC02428,Credit,225.2
TRANS002429,ACC02429,Debit,2261.38
TRANS002430,ACC02430,Debit,457.65
TRANS002431,ACC02431,Debit,2645.58
TRANS002432,ACC02432,Debit,717.46
TRANS002433,ACC02433,Credit,3434.21
TRANS002434,ACC02434,Credit,280.29
TRANS002435,ACC02435,Debit,598.6
TRANS002436,ACC02436,Credit,3001.19
TRANS002437,ACC02437,Credit,3666.38
TRANS002438,ACC02438,Credit,3903.79
TRANS002439,ACC02439,Debit,2838.25
TRANS002440,ACC02440,Credit,1619.27
TRANS002441,ACC02441,Debit,4171.24
TRANS002442,ACC02442,Credit,418.08
TRANS002443,ACC02443,Credit,272.89
TRANS002444,ACC02444,Credit,3531.63
TRANS002445,ACC02445,Credit,235.26
TRANS002446,ACC02446,Debit,2883.7
TRANS002447,ACC02447,Debit,4692.85
TRANS002448,ACC02448,Debit,983.57
TRANS002449,ACC02449,Debit,458.13
TRANS002450,ACC02450,Debit,3270.79
TRANS002451,ACC02451,Credit,4240.42
TRANS002452,ACC02452,Debit,2097.89
TRANS002453,ACC02453,Debit,2781.36
TRANS002454,ACC02454,Credit,400.83
TRANS002455,ACC02455,Credit,2729.88
TRANS002456,ACC02456,Credit,3654.99
TRANS002457,ACC02457,Debit,558.75
TRANS002458,ACC02458,Debit,1023.76
TRANS002459,ACC02459,Debit,3637.91
TRANS002460,ACC02460,Credit,4532.1
TRANS002461,ACC02461,Debit,2820.39
TRANS002462,ACC02462,Credit,1373.92
TRANS002463,ACC02463,Credit,4105.41
TRANS002464,ACC02464,Credit,4502.74
TRANS002465,ACC02465,Debit,672.93
TRANS002466,ACC02466,Credit,104.39
TRANS002467,ACC02467,Credit,1160.59
TRANS002468,ACC02468,Debit,1165.07
TRANS002469,ACC02469,Credit,2495.3
TRANS002470,ACC02470,Credit,4025.57
TRANS002471,ACC02471,Credit,1876.09
TRANS002472,ACC02472,Debit,1473.36
TRANS002473,ACC02473,Credit,600.09
TRANS002474,ACC02474,Credit,4456.02
TRANS002475,ACC02475,Credit,2181.66
TRANS002476,ACC02476,Credit,3540.93
TRANS002477,ACC02477,Credit,3610.22
TRANS002478,ACC02478,Debit,4426.89
TRANS002479,ACC02479,Credit,4999.45
TRANS002480,ACC02480,Credit,1326.74
TRANS002481,ACC02481,Credit,4213.01
TRANS002482,ACC02482,Credit,575.23
TRANS002483,ACC02483,Debit,2344.88
TRANS002484,ACC02484,Credit,4976.27
TRANS002485,ACC02485,Credit,3647.38
TRANS002486,ACC02486,Credit,3134.77
TRANS002487,ACC02487,Credit,4966.56
TRANS002488,ACC02488,Debit,4945.34
TRANS002489,ACC02489,Debit,2971.1
TRANS002490,ACC02490,Credit,2456.1
TRANS002491,ACC02491,Debit,781.91
TRANS002492,ACC02492,Debit,773.56
TRANS002493,ACC02493,Credit,2498.52
TRANS002494,ACC02494,Debit,625.11
TRANS002495,ACC02495,Credit,3596.4
TRANS002496,ACC02496,Credit,3912.2
TRANS002497,ACC02497,Debit,4201.86
TRANS002498,ACC02498,Credit,4673.45
TRANS002499,ACC02499,Credit,1448.16
TRANS002500,ACC02500,Debit,583.55
TRANS002501,ACC02501,Credit,4287.35
TRANS002502,ACC02502,Debit,3269.95
TRANS002503,ACC02503,Credit,823.94
TRANS002504,ACC02504,Credit,1549.86
TRANS002505,ACC02505,Debit,2791.11
TRANS002506,ACC02506,Credit,229.35
TRANS002507,ACC02507,Credit,1453.13
TRANS002508,ACC02508,Credit,3725.57
TRANS002509,ACC02509,Debit,3722.34
TRANS002510,ACC02510,Debit,2162.97
TRANS002511,ACC02511,Credit,4311.58
TRANS002512,ACC02512,Debit,1355.19
TRANS002513,ACC02513,Credit,3322.46
TRANS002514,ACC02514,Debit,42.27
TRANS002515,ACC02515,Credit,3950.38
TRANS002516,ACC02516,Debit,4810.76
TRANS002517,ACC02517,Credit,2656.92
TRANS002518,ACC02518,Credit,3085.0
TRANS002519,ACC02519,Credit,4948.16
TRANS002520,ACC02520,Credit,3108.05
TRANS002521,ACC02521,Credit,4469.59
TRANS002522,ACC02522,Debit,172.86
TRANS002523,ACC02523,Debit,3658.48
TRANS002524,ACC02524,Debit,3580.25
TRANS002525,ACC02525,Credit,4181.34
TRANS002526,ACC02526,Debit,3317.56
TRANS002527,ACC02527,Debit,520.55
TRANS002528,ACC02528,Debit,474.57
TRANS002529,ACC02529,Debit,110.18
TRANS002530,ACC02530,Debit,1052.24
TRANS002531,ACC02531,Credit,4943.13
TRANS002532,ACC02532,Credit,2837.72
TRANS002533,ACC02533,Credit,2436.12
TRANS002534,ACC02534,Credit,4860.95
TRANS002535,ACC02535,Debit,3770.11
TRANS002536,ACC02536,Debit,608.87
TRANS002537,ACC02537,Credit,4091.36
TRANS002538,ACC02538,Credit,1204.03
TRANS002539,ACC02539,Credit,2259.7
TRANS002540,ACC02540,Debit,4613.91
TRANS002541,ACC02541,Debit,420.38
TRANS002542,ACC02542,Debit,2085.37
TRANS002543,ACC02543,Debit,947.74
TRANS002544,ACC02544,Credit,2025.74
TRANS002545,ACC02545,Debit,2411.33
TRANS002546,ACC02546,Credit,4968.23
TRANS002547,ACC02547,Credit,4683.97
TRANS002548,ACC02548,Debit,3327.86
TRANS002549,ACC02549,Credit,3058.53
TRANS002550,ACC02550,Debit,3998.39
TRANS002551,ACC02551,Debit,1368.67
TRANS002552,ACC02552,Debit,266.3
TRANS002553,ACC02553,Credit,2455.52
TRANS002554,ACC02554,Credit,2439.05
TRANS002555,ACC02555,Debit,3504.63
TRANS002556,ACC02556,Credit,1545.53
TRANS002557,ACC02557,Credit,2386.28
TRANS002558,ACC02558,Debit,2910.01
TRANS002559,ACC02559,Debit,3060.91
TRANS002560,ACC02560,Credit,3077.54
TRANS002561,ACC02561,Debit,4632.6
TRANS002562,ACC02562,Debit,3208.44
TRANS002563,ACC02563,Debit,750.77
TRANS002564,ACC02564,Credit,3395.91
TRANS002565,ACC02565,Debit,210.52
TRANS002566,ACC02566,Credit,1918.38
TRANS002567,ACC02567,Credit,4164.93
TRANS002568,ACC02568,Credit,4716.02
TRANS002569,ACC02569,Debit,3738.0
TRANS002570,ACC02570,Debit,4151.78
TRANS002571,ACC02571,Debit,2007.99
TRANS002572,ACC02572,Debit,883.74
TRANS002573,ACC02573,Debit,3799.69
TRANS002574,ACC02574,Credit,1041.92
TRANS002575,ACC02575,Debit,1553.57
TRANS002576,ACC02576,Credit,1296.27
TRANS002577,ACC02577,Credit,4077.11
TRANS002578,ACC02578,Credit,56.17
TRANS002579,ACC02579,Debit,1244.92
TRANS002580,ACC02580,Credit,737.08
TRANS002581,ACC02581,Debit,2832.54
TRANS002582,ACC02582,Credit,730.65
TRANS002583,ACC02583,Credit,4074.19
TRANS002584,ACC02584,Credit,4288.75
TRANS002585,ACC02585,Credit,4635.68
TRANS002586,ACC02586,Debit,1998.28
TRANS002587,ACC02587,Credit,2524.94
TRANS002588,ACC02588,Debit,2174.16
TRANS002589,ACC02589,Debit,4575.36
TRANS002590,ACC02590,Credit,4011.71
TRANS002591,ACC02591,Credit,4075.34
TRANS002592,ACC02592,Debit,2542.84
TRANS002593,ACC02593,Credit,4053.96
TRANS002594,ACC02594,Debit,1650.4
TRANS002595,ACC02595,Credit,2693.6
TRANS002596,ACC02596,Credit,3949.09
TRANS002597,ACC02597,Debit,296.68
TRANS002598,ACC02598,Debit,615.34
TRANS002599,ACC02599,Debit,706.05
TRANS002600,ACC02600,Credit,1474.94
TRANS002601,ACC02601,Credit,4275.43
TRANS002602,ACC02602,Credit,3088.8
TRANS002603,ACC02603,Debit,4314.07
TRANS002604,ACC02604,Credit,3749.97
TRANS002605,ACC02605,Credit,907.03
TRANS002606,ACC02606,Debit,586.22
TRANS002607,ACC02607,Debit,2092.91
TRANS002608,ACC02608,Credit,3151.75
TRANS002609,ACC02609,Debit,2566.91
TRANS002610,ACC02610,Credit,452.25
TRANS002611,ACC02611,Debit,763.24
TRANS002612,ACC02612,Credit,1051.63
TRANS002613,ACC02613,Credit,614.33
TRANS002614,ACC02614,Credit,2059.45
TRANS002615,ACC02615,Credit,2635.2
TRANS002616,ACC02616,Debit,2637.68
TRANS002617,ACC02617,Debit,3514.37
TRANS002618,ACC02618,Credit,667.69
TRANS002619,ACC02619,Debit,3516.95
TRANS002620,ACC02620,Debit,45.69
TRANS002621,ACC02621,Credit,2346.85
TRANS002622,ACC02622,Credit,4870.89
TRANS002623,ACC02623,Debit,3298.23
TRANS002624,ACC02624,Credit,449.03
TRANS002625,ACC02625,Debit,4643.01
TRANS002626,ACC02626,Debit,2855.04
TRANS002627,ACC02627,Credit,3495.48
TRANS002628,ACC02628,Debit,1827.95
TRANS002629,ACC02629,Debit,1590.87
TRANS002630,ACC02630,Credit,276.64
TRANS002631,ACC02631,Credit,3555.09
TRANS002632,ACC02632,Credit,1092.49
TRANS002633,ACC02633,Credit,1782.5
TRANS002634,ACC02634,Debit,3284.07
TRANS002635,ACC02635,Debit,316.35
TRANS002636,ACC02636,Debit,2513.05
TRANS002637,ACC02637,Credit,2595.62
TRANS002638,ACC02638,Debit,3252.67
TRANS002639,ACC02639,Debit,4420.6
TRANS002640,ACC02640,Credit,4004.38
TRANS002641,ACC02641,Debit,3834.13
TRANS002642,ACC02642,Debit,2063.87
TRANS002643,ACC02643,Credit,2555.45
TRANS002644,ACC02644,Debit,2522.62
TRANS002645,ACC02645,Credit,3106.4
TRANS002646,ACC02646,Debit,3313.2
TRANS002647,ACC02647,Debit,2962.26
TRANS002648,ACC02648,Debit,42.6
TRANS002649,ACC02649,Debit,443.7
TRANS002650,ACC02650,Debit,3346.34
TRANS002651,ACC02651,Credit,410.73
TRANS002652,ACC02652,Credit,2017.63
TRANS002653,ACC02653,Debit,3127.08
TRANS002654,ACC02654,Debit,1981.19
TRANS002655,ACC02655,Credit,4671.8
TRANS002656,ACC02656,Credit,725.74
TRANS002657,ACC02657,Credit,555.11
TRANS002658,ACC02658,Credit,1396.5
TRANS002659,ACC02659,Credit,4444.05
TRANS002660,ACC02660,Credit,3686.81
TRANS002661,ACC02661,Credit,4768.48
TRANS002662,ACC02662,Debit,4279.72
TRANS002663,ACC02663,Debit,3220.77
TRANS002664,ACC02664,Debit,156.69
TRANS002665,ACC02665,Credit,3379.86
TRANS002666,ACC02666,Credit,512.01
TRANS002667,ACC02667,Debit,94.25
TRANS002668,ACC02668,Debit,883.61
TRANS002669,ACC02669,Debit,2142.42
TRANS002670,ACC02670,Credit,2468.48
TRANS002671,ACC02671,Credit,1457.52
TRANS002672,ACC02672,Debit,3022.98
TRANS002673,ACC02673,Debit,1310.67
TRANS002674,ACC02674,Credit,235.25
TRANS002675,ACC02675,Credit,4545.55
TRANS002676,ACC02676,Debit,1628.12
TRANS002677,ACC02677,Debit,4336.52
TRANS002678,ACC02678,Credit,4999.79
TRANS002679,ACC02679,Credit,4361.02
TRANS002680,ACC02680,Debit,3411.59
TRANS002681,ACC02681,Credit,3098.07
TRANS002682,ACC02682,Credit,2647.8
TRANS002683,ACC02683,Credit,2010.7
TRANS002684,ACC02684,Credit,630.42
TRANS002685,ACC02685,Debit,520.97
TRANS002686,ACC02686,Debit,1150.0
TRANS002687,ACC02687,Debit,65.25
TRANS002688,ACC02688,Credit,3286.84
TRANS002689,ACC02689,Credit,409.97
TRANS002690,ACC02690,Debit,2131.75
TRANS002691,ACC02691,Credit,4913.61
TRANS002692,ACC02692,Debit,1129.45
TRANS002693,ACC02693,Credit,57.62
TRANS002694,ACC02694,Debit,2833.1
TRANS002695,ACC02695,Debit,591.59
TRANS002696,ACC02696,Credit,3647.94
TRANS002697,ACC02697,Debit,669.24
TRANS002698,ACC02698,Debit,2274.28
TRANS002699,ACC02699,Debit,1080.71
TRANS002700,ACC02700,Credit,3780.77
TRANS002701,ACC02701,Credit,4330.72
TRANS002702,ACC02702,Debit,3166.73
TRANS002703,ACC02703,Credit,2486.07
TRANS002704,ACC02704,Debit,1048.73
TRANS002705,ACC02705,Debit,2035.07
TRANS002706,ACC02706,Debit,1779.4
TRANS002707,ACC02707,Credit,1579.5
TRANS002708,ACC02708,Debit,4383.96
TRANS002709,ACC02709,Debit,603.25
TRANS002710,ACC02710,Debit,990.99
TRANS002711,ACC02711,Credit,3162.61
TRANS002712,ACC02712,Credit,1488.87
TRANS002713,ACC02713,Debit,2949.69
TRANS002714,ACC02714,Credit,3164.33
TRANS002715,ACC02715,Credit,2068.75
TRANS002716,ACC02716,Debit,1543.27
TRANS002717,ACC02717,Credit,1754.68
TRANS002718,ACC02718,Credit,1438.23
TRANS002719,ACC02719,Debit,2659.56
TRANS002720,ACC02720,Debit,3333.28
TRANS002721,ACC02721,Credit,458.93
TRANS002722,ACC02722,Credit,1295.57
TRANS002723,ACC02723,Credit,2963.65
TRANS002724,ACC02724,Debit,512.47
TRANS002725,ACC02725,Credit,2900.21
TRANS002726,ACC02726,Credit,3852.99
TRANS002727,ACC02727,Credit,3473.86
TRANS002728,ACC02728,Debit,2476.01
TRANS002729,ACC02729,Debit,2909.62
TRANS002730,ACC02730,Debit,4685.59
TRANS002731,ACC02731,Debit,4819.64
TRANS002732,ACC02732,Debit,3986.77
TRANS002733,ACC02733,Credit,3554.61
TRANS002734,ACC02734,Debit,3682.21
TRANS002735,ACC02735,Credit,886.49
TRANS002736,ACC02736,Debit,1126.69
TRANS002737,ACC02737,Debit,4250.4
TRANS002738,ACC02738,Credit,2067.8
TRANS002739,ACC02739,Debit,3607.35
TRANS002740,ACC02740,Debit,2974.64
TRANS002741,ACC02741,Debit,3341.1
TRANS002742,ACC02742,Credit,1701.76
TRANS002743,ACC02743,Credit,1608.58
TRANS002744,ACC02744,Credit,2218.07
TRANS002745,ACC02745,Credit,4172.01
TRANS002746,ACC02746,Debit,2140.84
TRANS002747,ACC02747,Credit,13.6
TRANS002748,ACC02748,Credit,2957.02
TRANS002749,ACC02749,Debit,1748.56
TRANS002750,ACC02750,Credit,4133.43
TRANS002751,ACC02751,Debit,954.94
TRANS002752,ACC02752,Debit,1677.58
TRANS002753,ACC02753,Credit,487.01
TRANS002754,ACC02754,Credit,382.81
TRANS002755,ACC02755,Debit,1277.7
TRANS002756,ACC02756,Credit,1468.52
TRANS002757,ACC02757,Credit,1225.62
TRANS002758,ACC02758,Debit,693.76
TRANS002759,ACC02759,Credit,2648.92
TRANS002760,ACC02760,Debit,3978.32
TRANS002761,ACC02761,Credit,3221.21
TRANS002762,ACC02762,Debit,4589.38
TRANS002763,ACC02763,Credit,25.47
TRANS002764,ACC02764,Debit,3963.58
TRANS002765,ACC02765,Credit,833.93
TRANS002766,ACC02766,Debit,3820.65
TRANS002767,ACC02767,Credit,4325.35
TRANS002768,ACC02768,Debit,4546.01
TRANS002769,ACC02769,Debit,4402.37
TRANS002770,ACC02770,Debit,2337.4
TRANS002771,ACC02771,Credit,4989.65
TRANS002772,ACC02772,Debit,3187.73
TRANS002773,ACC02773,Debit,2411.52
TRANS002774,ACC02774,Credit,2678.21
TRANS002775,ACC02775,Credit,4405.48
TRANS002776,ACC02776,Credit,4724.49
TRANS002777,ACC02777,Debit,651.86
TRANS002778,ACC02778,Debit,2946.45
TRANS002779,ACC02779,Credit,3244.5
TRANS002780,ACC02780,Credit,375.13
TRANS002781,ACC02781,Credit,4006.37
TRANS002782,ACC02782,Credit,1394.45
TRANS002783,ACC02783,Debit,3002.39
TRANS002784,ACC02784,Credit,2765.56
TRANS002785,ACC02785,Credit,1877.64
TRANS002786,ACC02786,Debit,717.13
TRANS002787,ACC02787,Debit,4684.82
TRANS002788,ACC02788,Debit,4604.87
TRANS002789,ACC02789,Credit,1590.74
TRANS002790,ACC02790,Credit,1482.69
TRANS002791,ACC02791,Debit,1045.56
TRANS002792,ACC02792,Credit,3589.13
TRANS002793,ACC02793,Credit,2083.14
TRANS002794,ACC02794,Debit,2356.96
TRANS002795,ACC02795,Debit,4568.78
TRANS002796,ACC02796,Credit,3733.63
TRANS002797,ACC02797,Credit,620.54
TRANS002798,ACC02798,Debit,4293.51
TRANS002799,ACC02799,Credit,3225.13
TRANS002800,ACC02800,Debit,4948.9
TRANS002801,ACC02801,Debit,1119.09
TRANS002802,ACC02802,Credit,4292.91
TRANS002803,ACC02803,Debit,1568.1
TRANS002804,ACC02804,Debit,728.45
TRANS002805,ACC02805,Debit,2590.96
TRANS002806,ACC02806,Debit,3688.69
TRANS002807,ACC02807,Credit,1501.56
TRANS002808,ACC02808,Credit,392.16
TRANS002809,ACC02809,Credit,2600.28
TRANS002810,ACC02810,Debit,1906.2
TRANS002811,ACC02811,Debit,2780.16
TRANS002812,ACC02812,Debit,4688.79
TRANS002813,ACC02813,Debit,3696.99
TRANS002814,ACC02814,Debit,815.19
TRANS002815,ACC02815,Credit,946.49
TRANS002816,ACC02816,Debit,2551.44
TRANS002817,ACC02817,Credit,2868.61
TRANS002818,ACC02818,Debit,2589.74
TRANS002819,ACC02819,Debit,3921.98
TRANS002820,ACC02820,Credit,3682.0
TRANS002821,ACC02821,Debit,2562.41
TRANS002822,ACC02822,Debit,4092.23
TRANS002823,ACC02823,Credit,4507.57
TRANS002824,ACC02824,Debit,3074.28
TRANS002825,ACC02825,Debit,2458.49
TRANS002826,ACC02826,Credit,3340.73
TRANS002827,ACC02827,Debit,4853.55
TRANS002828,ACC02828,Debit,2492.32
TRANS002829,ACC02829,Debit,3925.6
TRANS002830,ACC02830,Debit,340.96
TRANS002831,ACC02831,Debit,1902.56
TRANS002832,ACC02832,Credit,721.74
TRANS002833,ACC02833,Credit,1501.55
TRANS002834,ACC02834,Debit,1771.38
TRANS002835,ACC02835,Credit,4561.52
TRANS002836,ACC02836,Credit,3682.89
TRANS002837,ACC02837,Credit,617.46
TRANS002838,ACC02838,Credit,4035.63
TRANS002839,ACC02839,Credit,2779.67
TRANS002840,ACC02840,Credit,316.87
TRANS002841,ACC02841,Credit,4441.93
TRANS002842,ACC02842,Credit,2789.69
TRANS002843,ACC02843,Credit,3105.79
TRANS002844,ACC02844,Debit,3369.02
TRANS002845,ACC02845,Debit,966.51
TRANS002846,ACC02846,Debit,218.61
TRANS002847,ACC02847,Debit,4068.82
TRANS002848,ACC02848,Debit,4457.31
TRANS002849,ACC02849,Credit,3401.67
TRANS002850,ACC02850,Credit,49.36
TRANS002851,ACC02851,Credit,1684.27
TRANS002852,ACC02852,Credit,2127.7
TRANS002853,ACC02853,Debit,4676.61
TRANS002854,ACC02854,Credit,516.53
TRANS002855,ACC02855,Credit,112.21
TRANS002856,ACC02856,Credit,2523.74
TRANS002857,ACC02857,Debit,1122.54
TRANS002858,ACC02858,Credit,492.05
TRANS002859,ACC02859,Debit,2248.01
TRANS002860,ACC02860,Debit,1538.69
TRANS002861,ACC02861,Credit,2231.38
TRANS002862,ACC02862,Debit,1063.09
TRANS002863,ACC02863,Debit,4013.85
TRANS002864,ACC02864,Credit,3123.86
TRANS002865,ACC02865,Credit,1394.33
TRANS002866,ACC02866,Debit,711.48
TRANS002867,ACC02867,Credit,3466.8
TRANS002868,ACC02868,Credit,2219.96
TRANS002869,ACC02869,Credit,4226.6
TRANS002870,ACC02870,Credit,1415.66
TRANS002871,ACC02871,Debit,1165.94
TRANS002872,ACC02872,Debit,1034.2
TRANS002873,ACC02873,Debit,1958.03
TRANS002874,ACC02874,Debit,206.75
TRANS002875,ACC02875,Debit,4458.47
TRANS002876,ACC02876,Credit,3950.43
TRANS002877,ACC02877,Debit,482.15
TRANS002878,ACC02878,Debit,2001.66
TRANS002879,ACC02879,Debit,1975.13
TRANS002880,ACC02880,Credit,3247.38
TRANS002881,ACC02881,Debit,37.47
TRANS002882,ACC02882,Credit,4846.8
TRANS002883,ACC02883,Credit,3995.36
TRANS002884,ACC02884,Credit,3432.69
TRANS002885,ACC02885,Credit,4411.63
TRANS002886,ACC02886,Debit,2126.01
TRANS002887,ACC02887,Credit,2105.66
TRANS002888,ACC02888,Credit,1410.93
TRANS002889,ACC02889,Debit,4548.58
TRANS002890,ACC02890,Credit,3874.47
TRANS002891,ACC02891,Debit,3261.67
TRANS002892,ACC02892,Debit,3144.63
TRANS002893,ACC02893,Credit,2146.88
TRANS002894,ACC02894,Credit,1006.88
TRANS002895,ACC02895,Debit,3424.41
TRANS002896,ACC02896,Debit,4327.4
TRANS002897,ACC02897,Debit,2586.26
TRANS002898,ACC02898,Debit,4638.48
TRANS002899,ACC02899,Debit,1510.09
TRANS002900,ACC02900,Credit,474.02
TRANS002901,ACC02901,Debit,1295.22
TRANS002902,ACC02902,Credit,2898.36
TRANS002903,ACC02903,Debit,1867.2
TRANS002904,ACC02904,Credit,418.94
TRANS002905,ACC02905,Credit,1983.76
TRANS002906,ACC02906,Debit,1814.73
TRANS002907,ACC02907,Debit,4364.96
TRANS002908,ACC02908,Credit,739.44
TRANS002909,ACC02909,Credit,2345.08
TRANS002910,ACC02910,Credit,3376.11
TRANS002911,ACC02911,Debit,726.93
TRANS002912,ACC02912,Credit,4091.96
TRANS002913,ACC02913,Credit,3456.29
TRANS002914,ACC02914,Credit,2244.08
TRANS002915,ACC02915,Credit,4352.81
TRANS002916,ACC02916,Debit,194.54
TRANS002917,ACC02917,Credit,3936.88
TRANS002918,ACC02918,Credit,4792.38
TRANS002919,ACC02919,Debit,3983.89
TRANS002920,ACC02920,Debit,1933.08
TRANS002921,ACC02921,Credit,1255.15
TRANS002922,ACC02922,Credit,2396.22
TRANS002923,ACC02923,Credit,2226.16
TRANS002924,ACC02924,Debit,2698.08
TRANS002925,ACC02925,Credit,3663.25
TRANS002926,ACC02926,Debit,427.68
TRANS002927,ACC02927,Credit,1063.75
TRANS002928,ACC02928,Credit,2453.31
TRANS002929,ACC02929,Credit,4257.02
TRANS002930,ACC02930,Debit,2494.19
TRANS002931,ACC02931,Debit,2955.93
TRANS002932,ACC02932,Debit,2225.7
TRANS002933,ACC02933,Debit,2727.89
TRANS002934,ACC02934,Credit,577.96
TRANS002935,ACC02935,Debit,969.38
TRANS002936,ACC02936,Credit,1573.78
TRANS002937,ACC02937,Debit,3104.62
TRANS002938,ACC02938,Debit,1573.86
TRANS002939,ACC02939,Debit,4230.28
TRANS002940,ACC02940,Credit,3176.58
TRANS002941,ACC02941,Credit,2593.42
TRANS002942,ACC02942,Debit,1013.95
TRANS002943,ACC02943,Credit,3779.42
TRANS002944,ACC02944,Credit,3973.73
TRANS002945,ACC02945,Credit,1437.96
TRANS002946,ACC02946,Debit,3185.0
TRANS002947,ACC02947,Credit,4651.69
TRANS002948,ACC02948,Debit,1784.79
TRANS002949,ACC02949,Debit,427.02
TRANS002950,ACC02950,Credit,225.62
TRANS002951,ACC02951,Debit,4269.01
TRANS002952,ACC02952,Debit,4240.69
TRANS002953,ACC02953,Debit,497.52
TRANS002954,ACC02954,Debit,81.64
TRANS002955,ACC02955,Credit,3259.33
TRANS002956,ACC02956,Debit,4820.29
TRANS002957,ACC02957,Credit,4323.37
TRANS002958,ACC02958,Debit,3180.64
TRANS002959,ACC02959,Debit,3341.24
TRANS002960,ACC02960,Debit,2783.51
TRANS002961,ACC02961,Credit,422.59
TRANS002962,ACC02962,Credit,4118.97
TRANS002963,ACC02963,Credit,4028.13
TRANS002964,ACC02964,Credit,2145.32
TRANS002965,ACC02965,Debit,3650.96
TRANS002966,ACC02966,Debit,3072.37
TRANS002967,ACC02967,Credit,293.69
TRANS002968,ACC02968,Debit,3647.59
TRANS002969,ACC02969,Credit,4070.88
TRANS002970,ACC02970,Credit,4104.24
TRANS002971,ACC02971,Debit,1722.12
TRANS002972,ACC02972,Credit,3130.15
TRANS002973,ACC02973,Debit,892.46
TRANS002974,ACC02974,Credit,18.86
TRANS002975,ACC02975,Credit,4161.77
TRANS002976,ACC02976,Debit,3382.33
TRANS002977,ACC02977,Credit,4368.56
TRANS002978,ACC02978,Debit,3956.4
TRANS002979,ACC02979,Debit,2285.59
TRANS002980,ACC02980,Debit,4605.07
TRANS002981,ACC02981,Credit,716.98
TRANS002982,ACC02982,Debit,3108.39
TRANS002983,ACC02983,Debit,3027.42
TRANS002984,ACC02984,Credit,2848.69
TRANS002985,ACC02985,Debit,4981.39
TRANS002986,ACC02986,Credit,3425.48
TRANS002987,ACC02987,Credit,1995.55
TRANS002988,ACC02988,Credit,2939.36
TRANS002989,ACC02989,Credit,597.01
TRANS002990,ACC02990,Credit,4863.32
TRANS002991,ACC02991,Debit,307.38
TRANS002992,ACC02992,Credit,3175.27
TRANS002993,ACC02993,Credit,1659.76
TRANS002994,ACC02994,Debit,1986.61
TRANS002995,ACC02995,Debit,916.05
TRANS002996,ACC02996,Credit,3434.41
TRANS002997,ACC02997,Credit,2985.76
TRANS002998,ACC02998,Credit,1479.3
TRANS002999,ACC02999,Debit,1765.11
TRANS003000,ACC03000,Credit,4096.1
TRANS003001,ACC03001,Debit,1587.71
TRANS003002,ACC03002,Credit,3940.42
TRANS003003,ACC03003,Credit,2440.51
TRANS003004,ACC03004,Debit,4929.72
TRANS003005,ACC03005,Debit,2474.62
TRANS003006,ACC03006,Debit,4922.93
TRANS003007,ACC03007,Credit,3690.31
TRANS003008,ACC03008,Debit,3370.19
TRANS003009,ACC03009,Debit,1701.09
TRANS003010,ACC03010,Debit,1798.36
TRANS003011,ACC03011,Credit,421.14
TRANS003012,ACC03012,Credit,1693.13
TRANS003013,ACC03013,Debit,4311.16
TRANS003014,ACC03014,Credit,3276.15
TRANS003015,ACC03015,Debit,438.32
TRANS003016,ACC03016,Debit,4563.37
TRANS003017,ACC03017,Debit,422.67
TRANS003018,ACC03018,Credit,4430.95
TRANS003019,ACC03019,Credit,687.86
TRANS003020,ACC03020,Credit,2991.83
TRANS003021,ACC03021,Credit,3173.55
TRANS003022,ACC03022,Debit,4084.9
TRANS003023,ACC03023,Debit,3367.31
TRANS003024,ACC03024,Debit,4901.51
TRANS003025,ACC03025,Credit,1084.97
TRANS003026,ACC03026,Debit,2228.34
TRANS003027,ACC03027,Debit,4953.57
TRANS003028,ACC03028,Credit,1421.1
TRANS003029,ACC03029,Credit,498.13
TRANS003030,ACC03030,Debit,3471.63
TRANS003031,ACC03031,Credit,4341.89
TRANS003032,ACC03032,Debit,3524.99
TRANS003033,ACC03033,Credit,3440.47
TRANS003034,ACC03034,Credit,2481.29
TRANS003035,ACC03035,Debit,1909.74
TRANS003036,ACC03036,Credit,3281.18
TRANS003037,ACC03037,Debit,1850.76
TRANS003038,ACC03038,Credit,2013.41
TRANS003039,ACC03039,Debit,1610.09
TRANS003040,ACC03040,Credit,2428.44
TRANS003041,ACC03041,Debit,2504.91
TRANS003042,ACC03042,Debit,2194.72
TRANS003043,ACC03043,Debit,206.36
TRANS003044,ACC03044,Credit,1272.65
TRANS003045,ACC03045,Credit,2034.03
TRANS003046,ACC03046,Debit,211.48
TRANS003047,ACC03047,Credit,3990.71
TRANS003048,ACC03048,Credit,727.05
TRANS003049,ACC03049,Credit,2963.12
TRANS003050,ACC03050,Debit,976.26
TRANS003051,ACC03051,Credit,1295.26
TRANS003052,ACC03052,Credit,731.76
TRANS003053,ACC03053,Credit,933.69
TRANS003054,ACC03054,Debit,3159.3
TRANS003055,ACC03055,Debit,2780.35
TRANS003056,ACC03056,Credit,1759.14
TRANS003057,ACC03057,Debit,879.08
TRANS003058,ACC03058,Debit,968.88
TRANS003059,ACC03059,Credit,24.51
TRANS003060,ACC03060,Debit,935.13
TRANS003061,ACC03061,Debit,938.03
TRANS003062,ACC03062,Debit,2969.76
TRANS003063,ACC03063,Debit,4966.22
TRANS003064,ACC03064,Credit,2791.19
TRANS003065,ACC03065,Debit,2707.52
TRANS003066,ACC03066,Debit,2383.31
TRANS003067,ACC03067,Credit,3364.48
TRANS003068,ACC03068,Credit,3733.52
TRANS003069,ACC03069,Debit,926.05
TRANS003070,ACC03070,Debit,3168.59
TRANS003071,ACC03071,Debit,1427.07
TRANS003072,ACC03072,Debit,3911.11
TRANS003073,ACC03073,Debit,3965.02
TRANS003074,ACC03074,Debit,4211.28
TRANS003075,ACC03075,Credit,970.41
TRANS003076,ACC03076,Credit,3372.74
TRANS003077,ACC03077,Credit,1969.68
TRANS003078,ACC03078,Credit,2143.23
TRANS003079,ACC03079,Credit,3317.65
TRANS003080,ACC03080,Credit,3145.09
TRANS003081,ACC03081,Debit,1699.12
TRANS003082,ACC03082,Credit,956.7
TRANS003083,ACC03083,Debit,2732.97
TRANS003084,ACC03084,Debit,3543.39
TRANS003085,ACC03085,Debit,2961.68
TRANS003086,ACC03086,Credit,2542.67
TRANS003087,ACC03087,Debit,3221.22
TRANS003088,ACC03088,Debit,4165.7
TRANS003089,ACC03089,Debit,280.59
TRANS003090,ACC03090,Credit,4212.46
TRANS003091,ACC03091,Debit,2248.68
TRANS003092,ACC03092,Debit,3455.36
TRANS003093,ACC03093,Debit,1986.47
TRANS003094,ACC03094,Debit,1274.03
TRANS003095,ACC03095,Debit,3703.51
TRANS003096,ACC03096,Debit,3039.41
TRANS003097,ACC03097,Debit,1139.34
TRANS003098,ACC03098,Debit,3534.8
TRANS003099,ACC03099,Debit,3795.77
TRANS003100,ACC03100,Debit,4944.56
TRANS003101,ACC03101,Debit,4296.73
TRANS003102,ACC03102,Credit,1838.23
TRANS003103,ACC03103,Credit,1319.27
TRANS003104,ACC03104,Debit,3322.69
TRANS003105,ACC03105,Credit,2856.51
TRANS003106,ACC03106,Credit,3734.98
TRANS003107,ACC03107,Credit,4157.64
TRANS003108,ACC03108,Credit,4266.86
TRANS003109,ACC03109,Debit,1301.58
TRANS003110,ACC03110,Credit,4279.58
TRANS003111,ACC03111,Debit,1685.63
TRANS003112,ACC03112,Credit,1922.51
TRANS003113,ACC03113,Debit,1267.24
TRANS003114,ACC03114,Credit,3235.32
TRANS003115,ACC03115,Credit,2848.18
TRANS003116,ACC03116,Credit,2380.36
TRANS003117,ACC03117,Credit,1054.1
TRANS003118,ACC03118,Credit,1064.92
TRANS003119,ACC03119,Debit,4146.41
TRANS003120,ACC03120,Debit,4364.19
TRANS003121,ACC03121,Credit,3402.53
TRANS003122,ACC03122,Credit,3457.07
TRANS003123,ACC03123,Credit,3988.45
TRANS003124,ACC03124,Credit,4009.14
TRANS003125,ACC03125,Debit,598.04
TRANS003126,ACC03126,Debit,2431.71
TRANS003127,ACC03127,Credit,4757.75
TRANS003128,ACC03128,Credit,90.0
TRANS003129,ACC03129,Debit,2923.15
TRANS003130,ACC03130,Debit,690.15
TRANS003131,ACC03131,Credit,70.05
TRANS003132,ACC03132,Debit,2766.6
TRANS003133,ACC03133,Debit,3401.55
TRANS003134,ACC03134,Debit,4762.48
TRANS003135,ACC03135,Credit,4239.77
TRANS003136,ACC03136,Debit,4746.23
TRANS003137,ACC03137,Credit,3512.26
TRANS003138,ACC03138,Credit,4797.55
TRANS003139,ACC03139,Credit,152.19
TRANS003140,ACC03140,Credit,3886.65
TRANS003141,ACC03141,Credit,119.61
TRANS003142,ACC03142,Debit,271.0
TRANS003143,ACC03143,Credit,2033.77
TRANS003144,ACC03144,Credit,3939.05
TRANS003145,ACC03145,Debit,338.19
TRANS003146,ACC03146,Credit,4251.72
TRANS003147,ACC03147,Debit,3421.22
TRANS003148,ACC03148,Debit,4440.57
TRANS003149,ACC03149,Credit,1682.44
TRANS003150,ACC03150,Credit,53.52
TRANS003151,ACC03151,Debit,3860.11
TRANS003152,ACC03152,Credit,4675.22
TRANS003153,ACC03153,Credit,833.85
TRANS003154,ACC03154,Credit,2972.47
TRANS003155,ACC03155,Credit,3905.88
TRANS003156,ACC03156,Debit,899.43
TRANS003157,ACC03157,Credit,4868.55
TRANS003158,ACC03158,Debit,2764.6
TRANS003159,ACC03159,Credit,3404.14
TRANS003160,ACC03160,Credit,4984.29
TRANS003161,ACC03161,Credit,1889.86
TRANS003162,ACC03162,Debit,1613.74
TRANS003163,ACC03163,Credit,2528.76
TRANS003164,ACC03164,Credit,2930.14
TRANS003165,ACC03165,Credit,3937.56
TRANS003166,ACC03166,Debit,2037.91
TRANS003167,ACC03167,Debit,3745.43
TRANS003168,ACC03168,Credit,1460.43
TRANS003169,ACC03169,Debit,3986.67
TRANS003170,ACC03170,Debit,391.89
TRANS003171,ACC03171,Debit,492.42
TRANS003172,ACC03172,Credit,4948.8
TRANS003173,ACC03173,Debit,1934.16
TRANS003174,ACC03174,Credit,2227.41
TRANS003175,ACC03175,Credit,2599.73
TRANS003176,ACC03176,Credit,3895.21
TRANS003177,ACC03177,Credit,2000.87
TRANS003178,ACC03178,Credit,3019.11
TRANS003179,ACC03179,Credit,3880.72
TRANS003180,ACC03180,Credit,1905.3
TRANS003181,ACC03181,Debit,3529.03
TRANS003182,ACC03182,Debit,501.8
TRANS003183,ACC03183,Debit,2987.56
TRANS003184,ACC03184,Debit,3835.92
TRANS003185,ACC03185,Debit,2937.3
TRANS003186,ACC03186,Credit,805.82
TRANS003187,ACC03187,Credit,2967.28
TRANS003188,ACC03188,Debit,1814.99
TRANS003189,ACC03189,Credit,2114.29
TRANS003190,ACC03190,Credit,739.46
TRANS003191,ACC03191,Debit,197.06
TRANS003192,ACC03192,Debit,2776.02
TRANS003193,ACC03193,Credit,1152.86
TRANS003194,ACC03194,Debit,1034.35
TRANS003195,ACC03195,Debit,3485.97
TRANS003196,ACC03196,Debit,1727.18
TRANS003197,ACC03197,Debit,4210.88
TRANS003198,ACC03198,Credit,2005.59
TRANS003199,ACC03199,Debit,1116.3
TRANS003200,ACC03200,Debit,3109.38
TRANS003201,ACC03201,Credit,527.62
TRANS003202,ACC03202,Debit,3077.23
TRANS003203,ACC03203,Debit,1049.85
TRANS003204,ACC03204,Debit,2085.26
TRANS003205,ACC03205,Debit,1365.43
TRANS003206,ACC03206,Credit,592.55
TRANS003207,ACC03207,Debit,1376.49
TRANS003208,ACC03208,Credit,181.78
TRANS003209,ACC03209,Debit,1541.48
TRANS003210,ACC03210,Credit,2020.6
TRANS003211,ACC03211,Debit,4052.6
TRANS003212,ACC03212,Credit,1974.86
TRANS003213,ACC03213,Debit,3356.49
TRANS003214,ACC03214,Credit,4180.64
TRANS003215,ACC03215,Credit,4157.4
TRANS003216,ACC03216,Credit,233.61
TRANS003217,ACC03217,Debit,1711.83
TRANS003218,ACC03218,Credit,2078.34
TRANS003219,ACC03219,Debit,1433.54
TRANS003220,ACC03220,Credit,1925.88
TRANS003221,ACC03221,Credit,3222.72
TRANS003222,ACC03222,Credit,4938.27
TRANS003223,ACC03223,Credit,3007.89
TRANS003224,ACC03224,Credit,4878.49
TRANS003225,ACC03225,Debit,3128.26
TRANS003226,ACC03226,Debit,4173.0
TRANS003227,ACC03227,Credit,1838.04
TRANS003228,ACC03228,Credit,768.6
TRANS003229,ACC03229,Debit,4286.75
TRANS003230,ACC03230,Credit,3946.45
TRANS003231,ACC03231,Credit,3233.43
TRANS003232,ACC03232,Debit,466.99
TRANS003233,ACC03233,Debit,1399.72
TRANS003234,ACC03234,Debit,4717.2
TRANS003235,ACC03235,Debit,1942.77
TRANS003236,ACC03236,Credit,931.98
TRANS003237,ACC03237,Debit,22.46
TRANS003238,ACC03238,Credit,3287.47
TRANS003239,ACC03239,Credit,2607.53
TRANS003240,ACC03240,Credit,3909.77
TRANS003241,ACC03241,Credit,2031.34
TRANS003242,ACC03242,Debit,2182.68
TRANS003243,ACC03243,Debit,560.48
TRANS003244,ACC03244,Credit,1969.82
TRANS003245,ACC03245,Credit,2481.76
TRANS003246,ACC03246,Credit,4442.67
TRANS003247,ACC03247,Debit,2155.12
TRANS003248,ACC03248,Credit,3511.09
TRANS003249,ACC03249,Debit,3859.72
TRANS003250,ACC03250,Credit,4849.72
TRANS003251,ACC03251,Debit,1061.81
TRANS003252,ACC03252,Debit,2840.23
TRANS003253,ACC03253,Credit,4145.89
TRANS003254,ACC03254,Debit,4330.51
TRANS003255,ACC03255,Debit,1736.47
TRANS003256,ACC03256,Credit,3962.41
TRANS003257,ACC03257,Credit,4005.35
TRANS003258,ACC03258,Debit,1556.68
TRANS003259,ACC03259,Credit,4587.58
TRANS003260,ACC03260,Credit,1238.68
TRANS003261,ACC03261,Credit,146.19
TRANS003262,ACC03262,Debit,1617.94
TRANS003263,ACC03263,Debit,3008.36
TRANS003264,ACC03264,Credit,3660.03
TRANS003265,ACC03265,Debit,283.68
TRANS003266,ACC03266,Debit,1958.14
TRANS003267,ACC03267,Credit,2808.9
TRANS003268,ACC03268,Debit,3640.62
TRANS003269,ACC03269,Debit,2242.19
TRANS003270,ACC03270,Debit,2309.63
TRANS003271,ACC03271,Credit,1507.61
TRANS003272,ACC03272,Credit,2605.62
TRANS003273,ACC03273,Debit,4747.03
TRANS003274,ACC03274,Credit,3042.19
TRANS003275,ACC03275,Debit,2392.85
TRANS003276,ACC03276,Debit,4839.82
TRANS003277,ACC03277,Credit,4733.09
TRANS003278,ACC03278,Debit,3249.72
TRANS003279,ACC03279,Credit,4061.68
TRANS003280,ACC03280,Debit,4625.33
TRANS003281,ACC03281,Credit,910.63
TRANS003282,ACC03282,Debit,2949.8
TRANS003283,ACC03283,Debit,144.09
TRANS003284,ACC03284,Debit,3287.94
TRANS003285,ACC03285,Debit,4645.46
TRANS003286,ACC03286,Credit,422.68
TRANS003287,ACC03287,Debit,3859.91
TRANS003288,ACC03288,Credit,464.5
TRANS003289,ACC03289,Credit,446.46
TRANS003290,ACC03290,Credit,3840.26
TRANS003291,ACC03291,Credit,1689.65
TRANS003292,ACC03292,Credit,429.63
TRANS003293,ACC03293,Credit,2687.78
TRANS003294,ACC03294,Credit,2999.33
TRANS003295,ACC03295,Debit,1104.26
TRANS003296,ACC03296,Credit,2245.17
TRANS003297,ACC03297,Debit,3380.99
TRANS003298,ACC03298,Credit,4098.42
TRANS003299,ACC03299,Credit,2605.92
TRANS003300,ACC03300,Debit,2559.43
TRANS003301,ACC03301,Credit,3406.36
TRANS003302,ACC03302,Debit,4059.08
TRANS003303,ACC03303,Debit,671.27
TRANS003304,ACC03304,Credit,4168.35
TRANS003305,ACC03305,Debit,60.39
TRANS003306,ACC03306,Credit,225.1
TRANS003307,ACC03307,Debit,3251.93
TRANS003308,ACC03308,Credit,879.21
TRANS003309,ACC03309,Credit,1406.79
TRANS003310,ACC03310,Debit,2618.19
TRANS003311,ACC03311,Credit,1383.03
TRANS003312,ACC03312,Debit,4491.2
TRANS003313,ACC03313,Credit,1429.49
TRANS003314,ACC03314,Credit,1110.23
TRANS003315,ACC03315,Debit,746.01
TRANS003316,ACC03316,Credit,1579.86
TRANS003317,ACC03317,Debit,1529.57
TRANS003318,ACC03318,Debit,4185.3
TRANS003319,ACC03319,Debit,1899.04
TRANS003320,ACC03320,Debit,340.9
TRANS003321,ACC03321,Debit,1736.2
TRANS003322,ACC03322,Debit,2717.08
TRANS003323,ACC03323,Debit,2835.68
TRANS003324,ACC03324,Credit,3888.9
TRANS003325,ACC03325,Credit,1333.9
TRANS003326,ACC03326,Credit,4864.65
TRANS003327,ACC03327,Credit,3055.17
TRANS003328,ACC03328,Credit,1102.89
TRANS003329,ACC03329,Credit,268.79
TRANS003330,ACC03330,Debit,1597.94
TRANS003331,ACC03331,Credit,2625.45
TRANS003332,ACC03332,Debit,1369.9
TRANS003333,ACC03333,Debit,1580.44
TRANS003334,ACC03334,Debit,1139.48
TRANS003335,ACC03335,Credit,4415.89
TRANS003336,ACC03336,Debit,661.13
TRANS003337,ACC03337,Credit,317.05
TRANS003338,ACC03338,Debit,2930.13
TRANS003339,ACC03339,Debit,4418.98
TRANS003340,ACC03340,Credit,2124.62
TRANS003341,ACC03341,Credit,377.98
TRANS003342,ACC03342,Credit,4386.32
TRANS003343,ACC03343,Debit,2667.77
TRANS003344,ACC03344,Debit,1083.17
TRANS003345,ACC03345,Credit,4274.62
TRANS003346,ACC03346,Credit,4104.07
TRANS003347,ACC03347,Credit,4942.12
TRANS003348,ACC03348,Debit,1118.3
TRANS003349,ACC03349,Credit,4359.2
TRANS003350,ACC03350,Debit,974.75
TRANS003351,ACC03351,Debit,2377.07
TRANS003352,ACC03352,Credit,1330.24
TRANS003353,ACC03353,Debit,148.36
TRANS003354,ACC03354,Debit,3219.69
TRANS003355,ACC03355,Credit,657.08
TRANS003356,ACC03356,Credit,3090.02
TRANS003357,ACC03357,Credit,1364.83
TRANS003358,ACC03358,Credit,2192.71
TRANS003359,ACC03359,Credit,4415.22
TRANS003360,ACC03360,Credit,4615.62
TRANS003361,ACC03361,Credit,4283.62
TRANS003362,ACC03362,Debit,152.11
TRANS003363,ACC03363,Debit,1429.58
TRANS003364,ACC03364,Debit,4274.75
TRANS003365,ACC03365,Credit,726.42
TRANS003366,ACC03366,Debit,2724.41
TRANS003367,ACC03367,Debit,2556.36
TRANS003368,ACC03368,Credit,3782.92
TRANS003369,ACC03369,Debit,3185.25
TRANS003370,ACC03370,Debit,4648.98
TRANS003371,ACC03371,Debit,4879.23
TRANS003372,ACC03372,Credit,2929.53
TRANS003373,ACC03373,Credit,1686.39
TRANS003374,ACC03374,Debit,916.3
TRANS003375,ACC03375,Credit,2609.67
TRANS003376,ACC03376,Credit,4079.57
TRANS003377,ACC03377,Debit,4945.5
TRANS003378,ACC03378,Debit,745.6
TRANS003379,ACC03379,Debit,69.15
TRANS003380,ACC03380,Debit,2808.24
TRANS003381,ACC03381,Debit,4792.6
TRANS003382,ACC03382,Debit,1172.77
TRANS003383,ACC03383,Credit,3493.72
TRANS003384,ACC03384,Debit,3698.92
TRANS003385,ACC03385,Credit,1907.37
TRANS003386,ACC03386,Credit,1496.61
TRANS003387,ACC03387,Credit,4760.35
TRANS003388,ACC03388,Debit,4058.67
TRANS003389,ACC03389,Credit,1275.25
TRANS003390,ACC03390,Debit,1456.6
TRANS003391,ACC03391,Debit,3718.77
TRANS003392,ACC03392,Credit,336.24
TRANS003393,ACC03393,Debit,661.47
TRANS003394,ACC03394,Debit,2209.13
TRANS003395,ACC03395,Debit,3973.92
TRANS003396,ACC03396,Debit,1532.84
TRANS003397,ACC03397,Debit,334.93
TRANS003398,ACC03398,Credit,3998.54
TRANS003399,ACC03399,Credit,3395.55
TRANS003400,ACC03400,Debit,3783.98
TRANS003401,ACC03401,Debit,299.19
TRANS003402,ACC03402,Debit,2933.28
TRANS003403,ACC03403,Debit,2821.97
TRANS003404,ACC03404,Debit,1027.5
TRANS003405,ACC03405,Debit,4431.23
TRANS003406,ACC03406,Credit,3872.53
TRANS003407,ACC03407,Debit,4058.26
TRANS003408,ACC03408,Credit,167.29
TRANS003409,ACC03409,Debit,4727.3
TRANS003410,ACC03410,Credit,3624.39
TRANS003411,ACC03411,Debit,3398.35
TRANS003412,ACC03412,Debit,1976.94
TRANS003413,ACC03413,Credit,4775.77
TRANS003414,ACC03414,Credit,3930.78
TRANS003415,ACC03415,Debit,2461.62
TRANS003416,ACC03416,Credit,4324.44
TRANS003417,ACC03417,Credit,3272.3
TRANS003418,ACC03418,Credit,1775.56
TRANS003419,ACC03419,Credit,4225.76
TRANS003420,ACC03420,Debit,2277.47
TRANS003421,ACC03421,Credit,3174.32
TRANS003422,ACC03422,Credit,2935.34
TRANS003423,ACC03423,Debit,1511.87
TRANS003424,ACC03424,Debit,3765.26
TRANS003425,ACC03425,Debit,2102.4
TRANS003426,ACC03426,Credit,1795.7
TRANS003427,ACC03427,Credit,4006.35
TRANS003428,ACC03428,Credit,1428.16
TRANS003429,ACC03429,Credit,2298.06
TRANS003430,ACC03430,Credit,358.26
TRANS003431,ACC03431,Debit,1120.7
TRANS003432,ACC03432,Debit,93.51
TRANS003433,ACC03433,Credit,1778.38
TRANS003434,ACC03434,Debit,4195.53
TRANS003435,ACC03435,Credit,836.01
TRANS003436,ACC03436,Credit,4106.64
TRANS003437,ACC03437,Debit,581.8
TRANS003438,ACC03438,Debit,3818.53
TRANS003439,ACC03439,Debit,4647.38
TRANS003440,ACC03440,Debit,2647.86
TRANS003441,ACC03441,Credit,3048.01
TRANS003442,ACC03442,Credit,936.01
TRANS003443,ACC03443,Debit,4715.11
TRANS003444,ACC03444,Credit,4784.23
TRANS003445,ACC03445,Debit,4958.67
TRANS003446,ACC03446,Debit,4493.17
TRANS003447,ACC03447,Credit,555.84
TRANS003448,ACC03448,Debit,4551.94
TRANS003449,ACC03449,Debit,2843.73
TRANS003450,ACC03450,Credit,2030.21
TRANS003451,ACC03451,Debit,326.39
TRANS003452,ACC03452,Debit,1332.61
TRANS003453,ACC03453,Debit,1625.87
TRANS003454,ACC03454,Debit,4944.66
TRANS003455,ACC03455,Credit,2648.42
TRANS003456,ACC03456,Credit,3305.33
TRANS003457,ACC03457,Debit,3063.0
TRANS003458,ACC03458,Credit,769.99
TRANS003459,ACC03459,Credit,949.01
TRANS003460,ACC03460,Debit,1440.35
TRANS003461,ACC03461,Debit,988.94
TRANS003462,ACC03462,Debit,2556.51
TRANS003463,ACC03463,Credit,3719.1
TRANS003464,ACC03464,Debit,422.09
TRANS003465,ACC03465,Debit,4836.91
TRANS003466,ACC03466,Credit,809.94
TRANS003467,ACC03467,Debit,2092.68
TRANS003468,ACC03468,Debit,4905.94
TRANS003469,ACC03469,Credit,3508.03
TRANS003470,ACC03470,Debit,65.12
TRANS003471,ACC03471,Credit,1594.39
TRANS003472,ACC03472,Credit,3848.65
TRANS003473,ACC03473,Credit,3198.19
TRANS003474,ACC03474,Debit,4969.57
TRANS003475,ACC03475,Credit,1415.17
TRANS003476,ACC03476,Credit,4160.93
TRANS003477,ACC03477,Credit,2422.66
TRANS003478,ACC03478,Debit,2969.7
TRANS003479,ACC03479,Debit,1408.33
TRANS003480,ACC03480,Debit,37.36
TRANS003481,ACC03481,Credit,2934.39
TRANS003482,ACC03482,Credit,360.81
TRANS003483,ACC03483,Debit,4740.52
TRANS003484,ACC03484,Credit,2890.06
TRANS003485,ACC03485,Credit,903.12
TRANS003486,ACC03486,Credit,2289.77
TRANS003487,ACC03487,Debit,2191.8
TRANS003488,ACC03488,Credit,2556.69
TRANS003489,ACC03489,Credit,1280.24
TRANS003490,ACC03490,Credit,3630.84
TRANS003491,ACC03491,Debit,1504.78
TRANS003492,ACC03492,Debit,3495.34
TRANS003493,ACC03493,Credit,2883.83
TRANS003494,ACC03494,Credit,3828.75
TRANS003495,ACC03495,Debit,2340.98
TRANS003496,ACC03496,Credit,4325.56
TRANS003497,ACC03497,Debit,2152.06
TRANS003498,ACC03498,Credit,923.92
TRANS003499,ACC03499,Debit,118.46
TRANS003500,ACC03500,Debit,2056.62
TRANS003501,ACC03501,Credit,2572.96
TRANS003502,ACC03502,Credit,2225.3
TRANS003503,ACC03503,Debit,2571.87
TRANS003504,ACC03504,Credit,4818.42
TRANS003505,ACC03505,Debit,54.35
TRANS003506,ACC03506,Debit,1437.7
TRANS003507,ACC03507,Debit,2362.85
TRANS003508,ACC03508,Debit,1182.15
TRANS003509,ACC03509,Credit,3683.14
TRANS003510,ACC03510,Credit,4430.2
TRANS003511,ACC03511,Credit,2035.77
TRANS003512,ACC03512,Credit,4655.53
TRANS003513,ACC03513,Credit,1224.15
TRANS003514,ACC03514,Debit,4202.53
TRANS003515,ACC03515,Debit,451.13
TRANS003516,ACC03516,Debit,1748.26
TRANS003517,ACC03517,Credit,2810.6
TRANS003518,ACC03518,Credit,1340.07
TRANS003519,ACC03519,Credit,763.41
TRANS003520,ACC03520,Debit,1590.2
TRANS003521,ACC03521,Debit,600.28
TRANS003522,ACC03522,Debit,2032.63
TRANS003523,ACC03523,Credit,1531.77
TRANS003524,ACC03524,Credit,4044.97
TRANS003525,ACC03525,Credit,1082.84
TRANS003526,ACC03526,Debit,4140.32
TRANS003527,ACC03527,Credit,918.57
TRANS003528,ACC03528,Debit,196.95
TRANS003529,ACC03529,Debit,2172.97
TRANS003530,ACC03530,Debit,4489.53
TRANS003531,ACC03531,Credit,1387.18
TRANS003532,ACC03532,Credit,3395.73
TRANS003533,ACC03533,Debit,3851.36
TRANS003534,ACC03534,Debit,529.8
TRANS003535,ACC03535,Credit,2960.94
TRANS003536,ACC03536,Credit,119.66
TRANS003537,ACC03537,Debit,2824.94
TRANS003538,ACC03538,Credit,219.75
TRANS003539,ACC03539,Debit,2568.01
TRANS003540,ACC03540,Credit,4876.95
TRANS003541,ACC03541,Debit,3257.56
TRANS003542,ACC03542,Credit,2029.75
TRANS003543,ACC03543,Credit,2424.6
TRANS003544,ACC03544,Credit,2476.16
TRANS003545,ACC03545,Credit,2574.45
TRANS003546,ACC03546,Debit,383.9
TRANS003547,ACC03547,Credit,3473.95
TRANS003548,ACC03548,Credit,4561.66
TRANS003549,ACC03549,Credit,307.48
TRANS003550,ACC03550,Credit,2156.32
TRANS003551,ACC03551,Debit,1607.43
TRANS003552,ACC03552,Debit,1629.7
TRANS003553,ACC03553,Credit,39.15
TRANS003554,ACC03554,Credit,1735.42
TRANS003555,ACC03555,Credit,2286.53
TRANS003556,ACC03556,Credit,699.25
TRANS003557,ACC03557,Credit,2816.74
TRANS003558,ACC03558,Debit,2712.74
TRANS003559,ACC03559,Debit,4249.27
TRANS003560,ACC03560,Credit,327.45
TRANS003561,ACC03561,Debit,4547.65
TRANS003562,ACC03562,Credit,2448.01
TRANS003563,ACC03563,Debit,3328.08
TRANS003564,ACC03564,Debit,3011.27
TRANS003565,ACC03565,Credit,1724.7
TRANS003566,ACC03566,Credit,1163.95
TRANS003567,ACC03567,Debit,2826.21
TRANS003568,ACC03568,Debit,1753.46
TRANS003569,ACC03569,Debit,3289.38
TRANS003570,ACC03570,Debit,3728.25
TRANS003571,ACC03571,Debit,1366.65
TRANS003572,ACC03572,Credit,3248.31
TRANS003573,ACC03573,Credit,2988.78
TRANS003574,ACC03574,Debit,1343.46
TRANS003575,ACC03575,Debit,545.11
TRANS003576,ACC03576,Debit,927.44
TRANS003577,ACC03577,Debit,4444.16
TRANS003578,ACC03578,Debit,2891.7
TRANS003579,ACC03579,Credit,2447.99
TRANS003580,ACC03580,Credit,3352.68
TRANS003581,ACC03581,Debit,1209.73
TRANS003582,ACC03582,Credit,449.9
TRANS003583,ACC03583,Credit,2680.07
TRANS003584,ACC03584,Credit,944.21
TRANS003585,ACC03585,Credit,2047.64
TRANS003586,ACC03586,Debit,996.77
TRANS003587,ACC03587,Debit,852.97
TRANS003588,ACC03588,Debit,2100.93
TRANS003589,ACC03589,Debit,1439.15
TRANS003590,ACC03590,Debit,243.57
TRANS003591,ACC03591,Debit,2709.08
TRANS003592,ACC03592,Credit,4178.06
TRANS003593,ACC03593,Credit,4320.22
TRANS003594,ACC03594,Credit,2786.52
TRANS003595,ACC03595,Debit,2195.8
TRANS003596,ACC03596,Debit,4487.66
TRANS003597,ACC03597,Credit,2782.75
TRANS003598,ACC03598,Credit,4302.27
TRANS003599,ACC03599,Credit,4594.8
TRANS003600,ACC03600,Credit,1665.79
TRANS003601,ACC03601,Debit,4516.7
TRANS003602,ACC03602,Credit,3156.15
TRANS003603,ACC03603,Debit,755.42
TRANS003604,ACC03604,Credit,2722.83
TRANS003605,ACC03605,Debit,4109.39
TRANS003606,ACC03606,Debit,728.19
TRANS003607,ACC03607,Debit,4412.34
TRANS003608,ACC03608,Credit,1654.06
TRANS003609,ACC03609,Credit,3574.94
TRANS003610,ACC03610,Credit,2007.44
TRANS003611,ACC03611,Debit,2424.5
TRANS003612,ACC03612,Credit,2401.09
TRANS003613,ACC03613,Debit,2293.57
TRANS003614,ACC03614,Debit,1421.32
TRANS003615,ACC03615,Credit,3724.32
TRANS003616,ACC03616,Debit,1191.49
TRANS003617,ACC03617,Debit,2627.13
TRANS003618,ACC03618,Credit,2522.23
TRANS003619,ACC03619,Debit,3469.44
TRANS003620,ACC03620,Debit,29.96
TRANS003621,ACC03621,Credit,82.2
TRANS003622,ACC03622,Credit,3368.87
TRANS003623,ACC03623,Debit,177.15
TRANS003624,ACC03624,Credit,598.66
TRANS003625,ACC03625,Credit,593.42
TRANS003626,ACC03626,Credit,4397.52
TRANS003627,ACC03627,Debit,2177.99
TRANS003628,ACC03628,Debit,1716.62
TRANS003629,ACC03629,Debit,2452.44
TRANS003630,ACC03630,Credit,1133.33
TRANS003631,ACC03631,Credit,3385.98
TRANS003632,ACC03632,Credit,3936.27
TRANS003633,ACC03633,Credit,2313.66
TRANS003634,ACC03634,Debit,1144.44
TRANS003635,ACC03635,Credit,678.21
TRANS003636,ACC03636,Credit,747.92
TRANS003637,ACC03637,Credit,4854.94
TRANS003638,ACC03638,Debit,2880.36
TRANS003639,ACC03639,Debit,177.73
TRANS003640,ACC03640,Debit,3308.9
TRANS003641,ACC03641,Credit,4790.63
TRANS003642,ACC03642,Debit,2406.59
TRANS003643,ACC03643,Debit,876.09
TRANS003644,ACC03644,Debit,60.44
TRANS003645,ACC03645,Debit,4230.64
TRANS003646,ACC03646,Debit,3781.62
TRANS003647,ACC03647,Credit,2575.19
TRANS003648,ACC03648,Credit,831.84
TRANS003649,ACC03649,Debit,2287.53
TRANS003650,ACC03650,Debit,2921.16
TRANS003651,ACC03651,Debit,2985.64
TRANS003652,ACC03652,Credit,2703.04
TRANS003653,ACC03653,Debit,1773.97
TRANS003654,ACC03654,Debit,4825.18
TRANS003655,ACC03655,Debit,4465.58
TRANS003656,ACC03656,Debit,2652.01
TRANS003657,ACC03657,Credit,3784.28
TRANS003658,ACC03658,Credit,918.74
TRANS003659,ACC03659,Credit,981.3
TRANS003660,ACC03660,Credit,769.51
TRANS003661,ACC03661,Credit,2994.55
TRANS003662,ACC03662,Debit,3267.71
TRANS003663,ACC03663,Debit,1426.99
TRANS003664,ACC03664,Credit,1672.34
TRANS003665,ACC03665,Credit,844.81
TRANS003666,ACC03666,Credit,4677.91
TRANS003667,ACC03667,Debit,2327.72
TRANS003668,ACC03668,Debit,2463.28
TRANS003669,ACC03669,Credit,1238.24
TRANS003670,ACC03670,Debit,3078.87
TRANS003671,ACC03671,Credit,1849.01
TRANS003672,ACC03672,Debit,4257.21
TRANS003673,ACC03673,Credit,2898.32
TRANS003674,ACC03674,Credit,682.71
TRANS003675,ACC03675,Credit,3443.2
TRANS003676,ACC03676,Credit,32.98
TRANS003677,ACC03677,Credit,2465.51
TRANS003678,ACC03678,Credit,13.93
TRANS003679,ACC03679,Debit,532.58
TRANS003680,ACC03680,Credit,3949.86
TRANS003681,ACC03681,Debit,585.95
TRANS003682,ACC03682,Credit,4163.99
TRANS003683,ACC03683,Credit,3639.88
TRANS003684,ACC03684,Credit,239.74
TRANS003685,ACC03685,Credit,1657.11
TRANS003686,ACC03686,Credit,3399.17
TRANS003687,ACC03687,Debit,3100.66
TRANS003688,ACC03688,Debit,1912.12
TRANS003689,ACC03689,Credit,4497.99
TRANS003690,ACC03690,Debit,1189.14
TRANS003691,ACC03691,Credit,3713.35
TRANS003692,ACC03692,Credit,1684.34
TRANS003693,ACC03693,Debit,757.57
TRANS003694,ACC03694,Credit,2891.21
TRANS003695,ACC03695,Debit,2501.58
TRANS003696,ACC03696,Debit,4941.74
TRANS003697,ACC03697,Credit,2771.89
TRANS003698,ACC03698,Credit,1822.03
TRANS003699,ACC03699,Credit,3094.41
TRANS003700,ACC03700,Debit,2658.7
TRANS003701,ACC03701,Credit,4399.18
TRANS003702,ACC03702,Credit,1871.0
TRANS003703,ACC03703,Debit,234.53
TRANS003704,ACC03704,Credit,2239.91
TRANS003705,ACC03705,Debit,475.4
TRANS003706,ACC03706,Debit,4912.71
TRANS003707,ACC03707,Credit,281.43
TRANS003708,ACC03708,Credit,4730.36
TRANS003709,ACC03709,Credit,2096.44
TRANS003710,ACC03710,Debit,2836.97
TRANS003711,ACC03711,Credit,686.48
TRANS003712,ACC03712,Debit,4938.83
TRANS003713,ACC03713,Debit,2127.75
TRANS003714,ACC03714,Credit,874.52
TRANS003715,ACC03715,Debit,1006.58
TRANS003716,ACC03716,Credit,1957.78
TRANS003717,ACC03717,Debit,516.36
TRANS003718,ACC03718,Credit,2334.53
TRANS003719,ACC03719,Debit,2743.46
TRANS003720,ACC03720,Debit,3734.21
TRANS003721,ACC03721,Credit,1780.42
TRANS003722,ACC03722,Debit,4029.78
TRANS003723,ACC03723,Debit,4690.38
TRANS003724,ACC03724,Debit,3138.36
TRANS003725,ACC03725,Credit,1075.69
TRANS003726,ACC03726,Credit,2913.22
TRANS003727,ACC03727,Credit,2103.58
TRANS003728,ACC03728,Credit,2715.05
TRANS003729,ACC03729,Credit,4131.64
TRANS003730,ACC03730,Debit,406.75
TRANS003731,ACC03731,Debit,1243.91
TRANS003732,ACC03732,Credit,2327.83
TRANS003733,ACC03733,Credit,1308.07
TRANS003734,ACC03734,Debit,3442.26
TRANS003735,ACC03735,Credit,3045.02
TRANS003736,ACC03736,Debit,2580.19
TRANS003737,ACC03737,Credit,1850.91
TRANS003738,ACC03738,Credit,2059.24
TRANS003739,ACC03739,Debit,1418.45
TRANS003740,ACC03740,Debit,2080.33
TRANS003741,ACC03741,Credit,3315.11
TRANS003742,ACC03742,Credit,3691.98
TRANS003743,ACC03743,Debit,2457.7
TRANS003744,ACC03744,Credit,1526.3
TRANS003745,ACC03745,Debit,4127.88
TRANS003746,ACC03746,Debit,3487.35
TRANS003747,ACC03747,Credit,824.04
TRANS003748,ACC03748,Credit,2946.93
TRANS003749,ACC03749,Debit,3001.35
TRANS003750,ACC03750,Credit,704.68
TRANS003751,ACC03751,Credit,3211.18
TRANS003752,ACC03752,Credit,3014.91
TRANS003753,ACC03753,Credit,3815.96
TRANS003754,ACC03754,Debit,4445.07
TRANS003755,ACC03755,Credit,3940.98
TRANS003756,ACC03756,Debit,4247.76
TRANS003757,ACC03757,Credit,3122.39
TRANS003758,ACC03758,Credit,3876.93
TRANS003759,ACC03759,Credit,4113.57
TRANS003760,ACC03760,Debit,423.61
TRANS003761,ACC03761,Debit,3329.52
TRANS003762,ACC03762,Credit,4221.13
TRANS003763,ACC03763,Credit,1609.36
TRANS003764,ACC03764,Debit,4979.32
TRANS003765,ACC03765,Debit,2789.6
TRANS003766,ACC03766,Debit,4477.63
TRANS003767,ACC03767,Debit,4101.45
TRANS003768,ACC03768,Credit,3534.61
TRANS003769,ACC03769,Debit,1090.04
TRANS003770,ACC03770,Credit,4730.48
TRANS003771,ACC03771,Credit,2985.2
TRANS003772,ACC03772,Debit,2458.81
TRANS003773,ACC03773,Credit,2804.27
TRANS003774,ACC03774,Debit,625.13
TRANS003775,ACC03775,Debit,3249.78
TRANS003776,ACC03776,Debit,3066.53
TRANS003777,ACC03777,Credit,2528.99
TRANS003778,ACC03778,Debit,3738.37
TRANS003779,ACC03779,Debit,1171.79
TRANS003780,ACC03780,Credit,4752.83
TRANS003781,ACC03781,Debit,649.18
TRANS003782,ACC03782,Debit,3652.35
TRANS003783,ACC03783,Debit,2333.9
TRANS003784,ACC03784,Credit,4942.34
TRANS003785,ACC03785,Credit,3213.72
TRANS003786,ACC03786,Debit,4584.01
TRANS003787,ACC03787,Debit,1483.67
TRANS003788,ACC03788,Credit,3749.75
TRANS003789,ACC03789,Credit,866.87
TRANS003790,ACC03790,Credit,4857.91
TRANS003791,ACC03791,Debit,4390.83
TRANS003792,ACC03792,Credit,2546.08
TRANS003793,ACC03793,Credit,1980.34
TRANS003794,ACC03794,Credit,2119.89
TRANS003795,ACC03795,Debit,1427.01
TRANS003796,ACC03796,Credit,460.87
TRANS003797,ACC03797,Credit,74.13
TRANS003798,ACC03798,Credit,3414.03
TRANS003799,ACC03799,Credit,3801.96
TRANS003800,ACC03800,Credit,1672.63
TRANS003801,ACC03801,Debit,1212.43
TRANS003802,ACC03802,Credit,4207.26
TRANS003803,ACC03803,Debit,2568.84
TRANS003804,ACC03804,Credit,712.38
TRANS003805,ACC03805,Debit,2028.14
TRANS003806,ACC03806,Credit,1998.81
TRANS003807,ACC03807,Credit,1065.14
TRANS003808,ACC03808,Debit,1361.46
TRANS003809,ACC03809,Debit,1374.4
TRANS003810,ACC03810,Credit,2935.41
TRANS003811,ACC03811,Debit,4581.58
TRANS003812,ACC03812,Debit,260.53
TRANS003813,ACC03813,Credit,781.15
TRANS003814,ACC03814,Credit,2602.46
TRANS003815,ACC03815,Credit,1003.8
TRANS003816,ACC03816,Debit,77.77
TRANS003817,ACC03817,Credit,4459.39
TRANS003818,ACC03818,Debit,1462.55
TRANS003819,ACC03819,Debit,4218.31
TRANS003820,ACC03820,Credit,2313.33
TRANS003821,ACC03821,Credit,4869.5
TRANS003822,ACC03822,Debit,133.23
TRANS003823,ACC03823,Credit,4786.51
TRANS003824,ACC03824,Credit,2188.52
TRANS003825,ACC03825,Credit,463.55
TRANS003826,ACC03826,Debit,3424.88
TRANS003827,ACC03827,Credit,1191.17
TRANS003828,ACC03828,Debit,2984.04
TRANS003829,ACC03829,Credit,1710.13
TRANS003830,ACC03830,Debit,1397.99
TRANS003831,ACC03831,Debit,4607.26
TRANS003832,ACC03832,Debit,2750.61
TRANS003833,ACC03833,Credit,1701.06
TRANS003834,ACC03834,Debit,538.25
TRANS003835,ACC03835,Debit,4210.38
TRANS003836,ACC03836,Credit,2609.0
TRANS003837,ACC03837,Credit,2817.37
TRANS003838,ACC03838,Credit,4750.31
TRANS003839,ACC03839,Debit,2731.69
TRANS003840,ACC03840,Debit,4104.41
TRANS003841,ACC03841,Debit,1182.3
TRANS003842,ACC03842,Debit,3103.04
TRANS003843,ACC03843,Credit,101.0
TRANS003844,ACC03844,Debit,499.62
TRANS003845,ACC03845,Credit,4397.88
TRANS003846,ACC03846,Debit,1129.49
TRANS003847,ACC03847,Credit,4009.01
TRANS003848,ACC03848,Credit,2862.2
TRANS003849,ACC03849,Credit,2717.42
TRANS003850,ACC03850,Debit,4638.04
TRANS003851,ACC03851,Debit,3805.31
TRANS003852,ACC03852,Credit,1514.35
TRANS003853,ACC03853,Credit,747.36
TRANS003854,ACC03854,Debit,1091.66
TRANS003855,ACC03855,Credit,3357.57
TRANS003856,ACC03856,Debit,195.48
TRANS003857,ACC03857,Debit,143.38
TRANS003858,ACC03858,Debit,4104.39
TRANS003859,ACC03859,Credit,4383.26
TRANS003860,ACC03860,Credit,2022.26
TRANS003861,ACC03861,Credit,13.69
TRANS003862,ACC03862,Credit,3980.86
TRANS003863,ACC03863,Debit,2195.19
TRANS003864,ACC03864,Debit,1238.95
TRANS003865,ACC03865,Credit,2887.74
TRANS003866,ACC03866,Credit,1929.91
TRANS003867,ACC03867,Debit,736.79
TRANS003868,ACC03868,Credit,424.67
TRANS003869,ACC03869,Credit,114.25
TRANS003870,ACC03870,Debit,824.43
TRANS003871,ACC03871,Debit,4299.07
TRANS003872,ACC03872,Credit,3150.76
TRANS003873,ACC03873,Credit,3706.16
TRANS003874,ACC03874,Credit,4123.65
TRANS003875,ACC03875,Credit,2237.45
TRANS003876,ACC03876,Debit,4329.07
TRANS003877,ACC03877,Debit,1638.25
TRANS003878,ACC03878,Debit,4499.04
TRANS003879,ACC03879,Debit,4382.23
TRANS003880,ACC03880,Debit,1677.96
TRANS003881,ACC03881,Debit,1408.37
TRANS003882,ACC03882,Credit,1766.25
TRANS003883,ACC03883,Debit,3434.92
TRANS003884,ACC03884,Credit,611.8
TRANS003885,ACC03885,Debit,4127.46
TRANS003886,ACC03886,Debit,133.44
TRANS003887,ACC03887,Credit,2702.82
TRANS003888,ACC03888,Credit,2748.77
TRANS003889,ACC03889,Debit,3945.54
TRANS003890,ACC03890,Debit,766.36
TRANS003891,ACC03891,Debit,1467.44
TRANS003892,ACC03892,Debit,354.38
TRANS003893,ACC03893,Credit,1742.83
TRANS003894,ACC03894,Credit,143.7
TRANS003895,ACC03895,Debit,3484.22
TRANS003896,ACC03896,Debit,2258.02
TRANS003897,ACC03897,Debit,1308.54
TRANS003898,ACC03898,Debit,2234.26
TRANS003899,ACC03899,Debit,4461.52
TRANS003900,ACC03900,Debit,3055.56
TRANS003901,ACC03901,Debit,1316.29
TRANS003902,ACC03902,Credit,4917.97
TRANS003903,ACC03903,Debit,4791.11
TRANS003904,ACC03904,Debit,985.12
TRANS003905,ACC03905,Credit,1091.51
TRANS003906,ACC03906,Credit,2574.94
TRANS003907,ACC03907,Debit,3153.07
TRANS003908,ACC03908,Debit,2609.28
TRANS003909,ACC03909,Debit,1848.73
TRANS003910,ACC03910,Debit,1082.08
TRANS003911,ACC03911,Credit,2049.88
TRANS003912,ACC03912,Credit,3050.11
TRANS003913,ACC03913,Credit,782.69
TRANS003914,ACC03914,Debit,2853.39
TRANS003915,ACC03915,Credit,4837.24
TRANS003916,ACC03916,Credit,3963.8
TRANS003917,ACC03917,Debit,2368.08
TRANS003918,ACC03918,Credit,4628.95
TRANS003919,ACC03919,Debit,3597.08
TRANS003920,ACC03920,Debit,3238.08
TRANS003921,ACC03921,Credit,2295.93
TRANS003922,ACC03922,Debit,1264.75
TRANS003923,ACC03923,Credit,326.6
TRANS003924,ACC03924,Debit,135.88
TRANS003925,ACC03925,Credit,3857.54
TRANS003926,ACC03926,Credit,4653.92
TRANS003927,ACC03927,Credit,300.51
TRANS003928,ACC03928,Debit,1674.86
TRANS003929,ACC03929,Debit,1178.01
TRANS003930,ACC03930,Debit,3827.87
TRANS003931,ACC03931,Debit,4157.56
TRANS003932,ACC03932,Credit,1709.42
TRANS003933,ACC03933,Debit,533.6
TRANS003934,ACC03934,Credit,3233.97
TRANS003935,ACC03935,Credit,951.24
TRANS003936,ACC03936,Credit,3319.92
TRANS003937,ACC03937,Credit,1811.95
TRANS003938,ACC03938,Credit,3820.38
TRANS003939,ACC03939,Debit,4751.57
TRANS003940,ACC03940,Debit,2263.5
TRANS003941,ACC03941,Credit,1330.54
TRANS003942,ACC03942,Credit,2636.87
TRANS003943,ACC03943,Debit,4474.65
TRANS003944,ACC03944,Debit,114.1
TRANS003945,ACC03945,Debit,4824.88
TRANS003946,ACC03946,Debit,3894.07
TRANS003947,ACC03947,Credit,772.31
TRANS003948,ACC03948,Debit,2097.26
TRANS003949,ACC03949,Credit,3772.51
TRANS003950,ACC03950,Credit,2244.95
TRANS003951,ACC03951,Credit,970.64
TRANS003952,ACC03952,Credit,542.7
TRANS003953,ACC03953,Credit,4256.13
TRANS003954,ACC03954,Debit,1372.36
TRANS003955,ACC03955,Credit,4418.13
TRANS003956,ACC03956,Credit,3533.59
TRANS003957,ACC03957,Credit,153.86
TRANS003958,ACC03958,Debit,2989.45
TRANS003959,ACC03959,Credit,2075.73
TRANS003960,ACC03960,Debit,2070.66
TRANS003961,ACC03961,Credit,4481.2
TRANS003962,ACC03962,Credit,4386.19
TRANS003963,ACC03963,Debit,4053.92
TRANS003964,ACC03964,Debit,4583.15
TRANS003965,ACC03965,Debit,4024.31
TRANS003966,ACC03966,Credit,1557.22
TRANS003967,ACC03967,Credit,1920.39
TRANS003968,ACC03968,Credit,120.73
TRANS003969,ACC03969,Debit,2828.21
TRANS003970,ACC03970,Debit,4916.87
TRANS003971,ACC03971,Credit,3148.6
TRANS003972,ACC03972,Debit,2109.5
TRANS003973,ACC03973,Credit,3554.93
TRANS003974,ACC03974,Debit,722.07
TRANS003975,ACC03975,Credit,4779.82
TRANS003976,ACC03976,Debit,3805.83
TRANS003977,ACC03977,Debit,2420.41
TRANS003978,ACC03978,Credit,1627.22
TRANS003979,ACC03979,Credit,2524.78
TRANS003980,ACC03980,Credit,3713.86
TRANS003981,ACC03981,Credit,483.48
TRANS003982,ACC03982,Debit,798.8
TRANS003983,ACC03983,Debit,2113.72
TRANS003984,ACC03984,Credit,2595.23
TRANS003985,ACC03985,Credit,1728.98
TRANS003986,ACC03986,Credit,3928.12
TRANS003987,ACC03987,Credit,220.11
TRANS003988,ACC03988,Credit,1673.49
TRANS003989,ACC03989,Debit,2394.29
TRANS003990,ACC03990,Credit,2932.73
TRANS003991,ACC03991,Debit,331.41
TRANS003992,ACC03992,Debit,496.84
TRANS003993,ACC03993,Credit,4021.49
TRANS003994,ACC03994,Credit,231.98
TRANS003995,ACC03995,Credit,3420.92
TRANS003996,ACC03996,Debit,129.43
TRANS003997,ACC03997,Credit,4948.43
TRANS003998,ACC03998,Credit,4910.46
TRANS003999,ACC03999,Credit,2710.41
TRANS004000,ACC04000,Credit,1361.15
TRANS004001,ACC04001,Debit,3093.49
TRANS004002,ACC04002,Credit,1699.97
TRANS004003,ACC04003,Credit,3143.85
TRANS004004,ACC04004,Credit,1498.89
TRANS004005,ACC04005,Credit,2067.96
TRANS004006,ACC04006,Debit,4858.86
TRANS004007,ACC04007,Debit,1063.17
TRANS004008,ACC04008,Credit,1432.45
TRANS004009,ACC04009,Credit,4373.17
TRANS004010,ACC04010,Debit,1254.31
TRANS004011,ACC04011,Credit,4602.62
TRANS004012,ACC04012,Credit,2455.25
TRANS004013,ACC04013,Debit,2405.29
TRANS004014,ACC04014,Debit,975.84
TRANS004015,ACC04015,Debit,4351.11
TRANS004016,ACC04016,Debit,2167.51
TRANS004017,ACC04017,Credit,4646.85
TRANS004018,ACC04018,Credit,2180.62
TRANS004019,ACC04019,Debit,2663.06
TRANS004020,ACC04020,Debit,1398.52
TRANS004021,ACC04021,Credit,389.71
TRANS004022,ACC04022,Debit,1521.78
TRANS004023,ACC04023,Credit,578.96
TRANS004024,ACC04024,Credit,2979.27
TRANS004025,ACC04025,Debit,1088.78
TRANS004026,ACC04026,Debit,2807.14
TRANS004027,ACC04027,Credit,882.33
TRANS004028,ACC04028,Debit,1483.02
TRANS004029,ACC04029,Debit,1668.97
TRANS004030,ACC04030,Debit,590.47
TRANS004031,ACC04031,Credit,462.67
TRANS004032,ACC04032,Credit,4457.25
TRANS004033,ACC04033,Credit,2525.64
TRANS004034,ACC04034,Debit,579.93
TRANS004035,ACC04035,Debit,4134.87
TRANS004036,ACC04036,Debit,2046.32
TRANS004037,ACC04037,Debit,4939.38
TRANS004038,ACC04038,Credit,3695.0
TRANS004039,ACC04039,Credit,1681.95
TRANS004040,ACC04040,Debit,2394.43
TRANS004041,ACC04041,Credit,1116.51
TRANS004042,ACC04042,Credit,1098.76
TRANS004043,ACC04043,Credit,4767.03
TRANS004044,ACC04044,Debit,971.96
TRANS004045,ACC04045,Credit,1128.93
TRANS004046,ACC04046,Debit,4469.78
TRANS004047,ACC04047,Credit,255.18
TRANS004048,ACC04048,Debit,4147.61
TRANS004049,ACC04049,Debit,3296.51
TRANS004050,ACC04050,Credit,2174.0
TRANS004051,ACC04051,Debit,4967.35
TRANS004052,ACC04052,Credit,2279.48
TRANS004053,ACC04053,Credit,3577.62
TRANS004054,ACC04054,Credit,2519.95
TRANS004055,ACC04055,Credit,4544.56
TRANS004056,ACC04056,Credit,889.72
TRANS004057,ACC04057,Debit,4019.47
TRANS004058,ACC04058,Credit,785.23
TRANS004059,ACC04059,Credit,4904.1
TRANS004060,ACC04060,Debit,685.0
TRANS004061,ACC04061,Debit,1891.1
TRANS004062,ACC04062,Credit,4238.02
TRANS004063,ACC04063,Debit,2704.85
TRANS004064,ACC04064,Credit,390.12
TRANS004065,ACC04065,Debit,1503.19
TRANS004066,ACC04066,Debit,1344.64
TRANS004067,ACC04067,Debit,3626.64
TRANS004068,ACC04068,Debit,2698.65
TRANS004069,ACC04069,Debit,4764.99
TRANS004070,ACC04070,Debit,4460.55
TRANS004071,ACC04071,Debit,839.61
TRANS004072,ACC04072,Credit,87.27
TRANS004073,ACC04073,Credit,2019.17
TRANS004074,ACC04074,Debit,333.93
TRANS004075,ACC04075,Credit,1485.06
TRANS004076,ACC04076,Debit,4807.91
TRANS004077,ACC04077,Debit,4062.21
TRANS004078,ACC04078,Credit,1752.48
TRANS004079,ACC04079,Debit,18.22
TRANS004080,ACC04080,Credit,1446.37
TRANS004081,ACC04081,Credit,1229.14
TRANS004082,ACC04082,Debit,1927.67
TRANS004083,ACC04083,Credit,3382.76
TRANS004084,ACC04084,Credit,2022.05
TRANS004085,ACC04085,Credit,611.18
TRANS004086,ACC04086,Credit,1750.49
TRANS004087,ACC04087,Debit,4651.89
TRANS004088,ACC04088,Credit,2524.67
TRANS004089,ACC04089,Debit,4563.51
TRANS004090,ACC04090,Credit,3801.84
TRANS004091,ACC04091,Debit,2886.13
TRANS004092,ACC04092,Credit,3164.39
TRANS004093,ACC04093,Credit,2348.87
TRANS004094,ACC04094,Credit,16.91
TRANS004095,ACC04095,Debit,3902.48
TRANS004096,ACC04096,Credit,1750.88
TRANS004097,ACC04097,Debit,4674.41
TRANS004098,ACC04098,Credit,2756.52
TRANS004099,ACC04099,Credit,3632.75
TRANS004100,ACC04100,Credit,247.15
TRANS004101,ACC04101,Debit,2579.55
TRANS004102,ACC04102,Credit,2782.02
TRANS004103,ACC04103,Debit,434.64
TRANS004104,ACC04104,Credit,86.85
TRANS004105,ACC04105,Debit,997.81
TRANS004106,ACC04106,Debit,1023.61
TRANS004107,ACC04107,Debit,2222.84
TRANS004108,ACC04108,Debit,4580.02
TRANS004109,ACC04109,Debit,3378.45
TRANS004110,ACC04110,Credit,2899.85
TRANS004111,ACC04111,Credit,2131.05
TRANS004112,ACC04112,Credit,3960.73
TRANS004113,ACC04113,Debit,1940.78
TRANS004114,ACC04114,Debit,3241.02
TRANS004115,ACC04115,Credit,2380.07
TRANS004116,ACC04116,Credit,2800.18
TRANS004117,ACC04117,Credit,3533.01
TRANS004118,ACC04118,Debit,4949.05
TRANS004119,ACC04119,Credit,4358.69
TRANS004120,ACC04120,Credit,4274.22
TRANS004121,ACC04121,Credit,3436.39
TRANS004122,ACC04122,Debit,4659.85
TRANS004123,ACC04123,Debit,4568.78
TRANS004124,ACC04124,Debit,3347.19
TRANS004125,ACC04125,Credit,4688.06
TRANS004126,ACC04126,Credit,149.54
TRANS004127,ACC04127,Credit,2825.01
TRANS004128,ACC04128,Credit,2691.09
TRANS004129,ACC04129,Credit,4315.82
TRANS004130,ACC04130,Credit,979.9
TRANS004131,ACC04131,Debit,1273.7
TRANS004132,ACC04132,Debit,3771.63
TRANS004133,ACC04133,Credit,1073.7
TRANS004134,ACC04134,Debit,4894.78
TRANS004135,ACC04135,Debit,1212.08
TRANS004136,ACC04136,Credit,3606.79
TRANS004137,ACC04137,Debit,575.77
TRANS004138,ACC04138,Credit,2845.78
TRANS004139,ACC04139,Debit,1510.99
TRANS004140,ACC04140,Credit,2030.21
TRANS004141,ACC04141,Credit,4713.81
TRANS004142,ACC04142,Credit,2929.54
TRANS004143,ACC04143,Credit,970.43
TRANS004144,ACC04144,Credit,685.5
TRANS004145,ACC04145,Credit,3243.92
TRANS004146,ACC04146,Debit,4611.94
TRANS004147,ACC04147,Credit,873.48
TRANS004148,ACC04148,Debit,2740.67
TRANS004149,ACC04149,Credit,48.0
TRANS004150,ACC04150,Debit,2654.27
TRANS004151,ACC04151,Credit,4630.67
TRANS004152,ACC04152,Debit,15.89
TRANS004153,ACC04153,Credit,4270.7
TRANS004154,ACC04154,Debit,2865.24
TRANS004155,ACC04155,Credit,1863.88
TRANS004156,ACC04156,Credit,3506.93
TRANS004157,ACC04157,Debit,283.56
TRANS004158,ACC04158,Credit,440.59
TRANS004159,ACC04159,Credit,49.66
TRANS004160,ACC04160,Debit,541.04
TRANS004161,ACC04161,Debit,3528.38
TRANS004162,ACC04162,Credit,4211.81
TRANS004163,ACC04163,Credit,3893.48
TRANS004164,ACC04164,Credit,4531.57
TRANS004165,ACC04165,Credit,3065.29
TRANS004166,ACC04166,Credit,2762.4
TRANS004167,ACC04167,Debit,3801.52
TRANS004168,ACC04168,Debit,4032.15
TRANS004169,ACC04169,Credit,431.81
TRANS004170,ACC04170,Debit,4652.78
TRANS004171,ACC04171,Debit,1773.67
TRANS004172,ACC04172,Debit,4792.6
TRANS004173,ACC04173,Debit,1569.23
TRANS004174,ACC04174,Credit,2452.46
TRANS004175,ACC04175,Credit,258.83
TRANS004176,ACC04176,Debit,992.24
TRANS004177,ACC04177,Credit,1756.4
TRANS004178,ACC04178,Debit,2780.04
TRANS004179,ACC04179,Credit,871.4
TRANS004180,ACC04180,Credit,594.43
TRANS004181,ACC04181,Credit,2914.0
TRANS004182,ACC04182,Debit,1020.51
TRANS004183,ACC04183,Debit,2375.08
TRANS004184,ACC04184,Credit,4565.14
TRANS004185,ACC04185,Credit,4777.27
TRANS004186,ACC04186,Credit,1051.04
TRANS004187,ACC04187,Credit,3074.09
TRANS004188,ACC04188,Debit,1515.42
TRANS004189,ACC04189,Debit,672.67
TRANS004190,ACC04190,Credit,1899.06
TRANS004191,ACC04191,Debit,3320.99
TRANS004192,ACC04192,Debit,891.28
TRANS004193,ACC04193,Credit,4755.34
TRANS004194,ACC04194,Credit,218.5
TRANS004195,ACC04195,Debit,3911.49
TRANS004196,ACC04196,Debit,1570.12
TRANS004197,ACC04197,Debit,4557.05
TRANS004198,ACC04198,Credit,2568.25
TRANS004199,ACC04199,Credit,2655.52
TRANS004200,ACC04200,Debit,3574.17
TRANS004201,ACC04201,Debit,2069.61
TRANS004202,ACC04202,Debit,3454.95
TRANS004203,ACC04203,Credit,1735.34
TRANS004204,ACC04204,Debit,763.13
TRANS004205,ACC04205,Credit,4357.93
TRANS004206,ACC04206,Credit,1608.98
TRANS004207,ACC04207,Credit,2482.91
TRANS004208,ACC04208,Credit,3474.1
TRANS004209,ACC04209,Credit,609.24
TRANS004210,ACC04210,Credit,1260.66
TRANS004211,ACC04211,Credit,1224.29
TRANS004212,ACC04212,Credit,2245.41
TRANS004213,ACC04213,Credit,4873.95
TRANS004214,ACC04214,Debit,2629.22
TRANS004215,ACC04215,Credit,3327.34
TRANS004216,ACC04216,Credit,76.65
TRANS004217,ACC04217,Debit,4489.04
TRANS004218,ACC04218,Debit,3279.23
TRANS004219,ACC04219,Debit,3280.48
TRANS004220,ACC04220,Credit,644.52
TRANS004221,ACC04221,Credit,4733.42
TRANS004222,ACC04222,Credit,83.05
TRANS004223,ACC04223,Credit,1038.18
TRANS004224,ACC04224,Debit,336.77
TRANS004225,ACC04225,Credit,1314.46
TRANS004226,ACC04226,Credit,3147.85
TRANS004227,ACC04227,Debit,1297.01
TRANS004228,ACC04228,Credit,906.0
TRANS004229,ACC04229,Credit,2759.35
TRANS004230,ACC04230,Debit,4543.62
TRANS004231,ACC04231,Debit,256.97
TRANS004232,ACC04232,Debit,677.65
TRANS004233,ACC04233,Credit,4826.14
TRANS004234,ACC04234,Credit,3964.76
TRANS004235,ACC04235,Credit,3505.53
TRANS004236,ACC04236,Credit,4196.73
TRANS004237,ACC04237,Credit,3966.91
TRANS004238,ACC04238,Credit,1584.02
TRANS004239,ACC04239,Credit,193.62
TRANS004240,ACC04240,Debit,4996.2
TRANS004241,ACC04241,Credit,4536.49
TRANS004242,ACC04242,Debit,3317.44
TRANS004243,ACC04243,Credit,3221.82
TRANS004244,ACC04244,Debit,3675.02
TRANS004245,ACC04245,Debit,1938.71
TRANS004246,ACC04246,Debit,1636.25
TRANS004247,ACC04247,Credit,1307.01
TRANS004248,ACC04248,Credit,2601.03
TRANS004249,ACC04249,Credit,1057.53
TRANS004250,ACC04250,Debit,1623.37
TRANS004251,ACC04251,Debit,280.88
TRANS004252,ACC04252,Credit,1487.34
TRANS004253,ACC04253,Credit,4181.3
TRANS004254,ACC04254,Credit,1777.58
TRANS004255,ACC04255,Debit,316.88
TRANS004256,ACC04256,Debit,2871.93
TRANS004257,ACC04257,Debit,3421.03
TRANS004258,ACC04258,Credit,91.43
TRANS004259,ACC04259,Debit,563.18
TRANS004260,ACC04260,Credit,823.06
TRANS004261,ACC04261,Credit,4942.28
TRANS004262,ACC04262,Debit,3996.66
TRANS004263,ACC04263,Credit,1090.55
TRANS004264,ACC04264,Credit,1646.75
TRANS004265,ACC04265,Credit,3569.79
TRANS004266,ACC04266,Debit,1026.88
TRANS004267,ACC04267,Debit,4948.41
TRANS004268,ACC04268,Credit,4176.22
TRANS004269,ACC04269,Credit,618.78
TRANS004270,ACC04270,Credit,4615.53
TRANS004271,ACC04271,Debit,4128.12
TRANS004272,ACC04272,Debit,1440.88
TRANS004273,ACC04273,Debit,951.59
TRANS004274,ACC04274,Credit,4093.34
TRANS004275,ACC04275,Credit,3839.87
TRANS004276,ACC04276,Credit,13.39
TRANS004277,ACC04277,Credit,3119.01
TRANS004278,ACC04278,Credit,3671.79
TRANS004279,ACC04279,Credit,413.67
TRANS004280,ACC04280,Credit,4304.67
TRANS004281,ACC04281,Credit,4189.19
TRANS004282,ACC04282,Debit,3450.11
TRANS004283,ACC04283,Credit,1607.49
TRANS004284,ACC04284,Credit,639.32
TRANS004285,ACC04285,Debit,1747.9
TRANS004286,ACC04286,Credit,3148.23
TRANS004287,ACC04287,Debit,4743.43
TRANS004288,ACC04288,Credit,4359.53
TRANS004289,ACC04289,Debit,2663.97
TRANS004290,ACC04290,Credit,621.55
TRANS004291,ACC04291,Credit,1857.08
TRANS004292,ACC04292,Debit,3820.79
TRANS004293,ACC04293,Debit,73.04
TRANS004294,ACC04294,Credit,112.84
TRANS004295,ACC04295,Credit,4372.44
TRANS004296,ACC04296,Credit,3183.62
TRANS004297,ACC04297,Credit,1161.85
TRANS004298,ACC04298,Credit,2656.32
TRANS004299,ACC04299,Debit,4335.19
TRANS004300,ACC04300,Debit,4354.87
TRANS004301,ACC04301,Credit,3088.24
TRANS004302,ACC04302,Debit,898.45
TRANS004303,ACC04303,Credit,2450.84
TRANS004304,ACC04304,Credit,1936.38
TRANS004305,ACC04305,Credit,4006.43
TRANS004306,ACC04306,Credit,1264.33
TRANS004307,ACC04307,Credit,2332.26
TRANS004308,ACC04308,Credit,3078.02
TRANS004309,ACC04309,Credit,3749.85
TRANS004310,ACC04310,Debit,290.57
TRANS004311,ACC04311,Credit,4608.51
TRANS004312,ACC04312,Credit,57.01
TRANS004313,ACC04313,Credit,1704.43
TRANS004314,ACC04314,Credit,4475.78
TRANS004315,ACC04315,Credit,1435.55
TRANS004316,ACC04316,Credit,1942.67
TRANS004317,ACC04317,Debit,4421.51
TRANS004318,ACC04318,Debit,699.71
TRANS004319,ACC04319,Debit,3857.71
TRANS004320,ACC04320,Credit,3551.21
TRANS004321,ACC04321,Credit,3370.8
TRANS004322,ACC04322,Debit,3428.41
TRANS004323,ACC04323,Debit,4539.22
TRANS004324,ACC04324,Debit,535.81
TRANS004325,ACC04325,Debit,4315.3
TRANS004326,ACC04326,Debit,214.78
TRANS004327,ACC04327,Debit,4759.03
TRANS004328,ACC04328,Credit,3398.97
TRANS004329,ACC04329,Debit,4796.77
TRANS004330,ACC04330,Credit,1358.51
TRANS004331,ACC04331,Debit,685.51
TRANS004332,ACC04332,Credit,1011.88
TRANS004333,ACC04333,Credit,2851.74
TRANS004334,ACC04334,Debit,4517.64
TRANS004335,ACC04335,Credit,3056.29
TRANS004336,ACC04336,Credit,1739.33
TRANS004337,ACC04337,Credit,2550.73
TRANS004338,ACC04338,Debit,1995.52
TRANS004339,ACC04339,Credit,3273.92
TRANS004340,ACC04340,Debit,4094.27
TRANS004341,ACC04341,Credit,4968.46
TRANS004342,ACC04342,Credit,1225.85
TRANS004343,ACC04343,Credit,3311.31
TRANS004344,ACC04344,Debit,2436.77
TRANS004345,ACC04345,Credit,46.45
TRANS004346,ACC04346,Credit,215.08
TRANS004347,ACC04347,Debit,4851.08
TRANS004348,ACC04348,Credit,600.6
TRANS004349,ACC04349,Credit,2743.55
TRANS004350,ACC04350,Credit,4046.55
TRANS004351,ACC04351,Debit,1832.7
TRANS004352,ACC04352,Debit,2505.46
TRANS004353,ACC04353,Credit,4906.42
TRANS004354,ACC04354,Debit,719.71
TRANS004355,ACC04355,Debit,1826.36
TRANS004356,ACC04356,Debit,2264.12
TRANS004357,ACC04357,Debit,76.79
TRANS004358,ACC04358,Credit,3730.36
TRANS004359,ACC04359,Debit,2353.54
TRANS004360,ACC04360,Debit,2953.65
TRANS004361,ACC04361,Debit,3297.96
TRANS004362,ACC04362,Credit,2093.59
TRANS004363,ACC04363,Debit,4545.99
TRANS004364,ACC04364,Credit,3941.72
TRANS004365,ACC04365,Credit,2185.95
TRANS004366,ACC04366,Debit,871.89
TRANS004367,ACC04367,Debit,543.25
TRANS004368,ACC04368,Debit,4525.59
TRANS004369,ACC04369,Debit,4889.87
TRANS004370,ACC04370,Debit,3934.24
TRANS004371,ACC04371,Credit,2667.88
TRANS004372,ACC04372,Credit,4184.43
TRANS004373,ACC04373,Debit,4051.27
TRANS004374,ACC04374,Credit,2868.96
TRANS004375,ACC04375,Debit,3897.8
TRANS004376,ACC04376,Debit,4444.44
TRANS004377,ACC04377,Credit,2593.14
TRANS004378,ACC04378,Credit,4117.77
TRANS004379,ACC04379,Debit,4937.83
TRANS004380,ACC04380,Credit,3147.7
TRANS004381,ACC04381,Debit,2921.37
TRANS004382,ACC04382,Credit,571.33
TRANS004383,ACC04383,Credit,2560.47
TRANS004384,ACC04384,Debit,1847.08
TRANS004385,ACC04385,Debit,3908.6
TRANS004386,ACC04386,Credit,3984.19
TRANS004387,ACC04387,Credit,253.38
TRANS004388,ACC04388,Debit,1721.45
TRANS004389,ACC04389,Debit,3757.92
TRANS004390,ACC04390,Debit,4652.39
TRANS004391,ACC04391,Credit,2677.47
TRANS004392,ACC04392,Debit,120.5
TRANS004393,ACC04393,Debit,2835.32
TRANS004394,ACC04394,Credit,3611.64
TRANS004395,ACC04395,Debit,2946.24
TRANS004396,ACC04396,Debit,2178.04
TRANS004397,ACC04397,Credit,3476.59
TRANS004398,ACC04398,Credit,1533.13
TRANS004399,ACC04399,Credit,1226.43
TRANS004400,ACC04400,Credit,4600.66
TRANS004401,ACC04401,Debit,3602.18
TRANS004402,ACC04402,Credit,68.05
TRANS004403,ACC04403,Credit,2581.42
TRANS004404,ACC04404,Debit,3304.02
TRANS004405,ACC04405,Debit,3990.29
TRANS004406,ACC04406,Debit,2969.73
TRANS004407,ACC04407,Credit,2574.34
TRANS004408,ACC04408,Credit,4746.21
TRANS004409,ACC04409,Debit,3239.21
TRANS004410,ACC04410,Debit,1397.73
TRANS004411,ACC04411,Credit,3902.27
TRANS004412,ACC04412,Credit,451.32
TRANS004413,ACC04413,Credit,1117.61
TRANS004414,ACC04414,Debit,4970.25
TRANS004415,ACC04415,Credit,1299.59
TRANS004416,ACC04416,Debit,4543.07
TRANS004417,ACC04417,Debit,2100.61
TRANS004418,ACC04418,Debit,4461.78
TRANS004419,ACC04419,Debit,242.85
TRANS004420,ACC04420,Debit,1971.39
TRANS004421,ACC04421,Credit,4048.43
TRANS004422,ACC04422,Credit,1294.54
TRANS004423,ACC04423,Credit,3292.11
TRANS004424,ACC04424,Credit,4915.11
TRANS004425,ACC04425,Credit,3866.61
TRANS004426,ACC04426,Debit,2528.49
TRANS004427,ACC04427,Debit,2657.87
TRANS004428,ACC04428,Credit,2951.66
TRANS004429,ACC04429,Credit,900.04
TRANS004430,ACC04430,Debit,3634.69
TRANS004431,ACC04431,Debit,1493.09
TRANS004432,ACC04432,Credit,921.5
TRANS004433,ACC04433,Credit,3145.77
TRANS004434,ACC04434,Debit,4429.09
TRANS004435,ACC04435,Debit,1398.97
TRANS004436,ACC04436,Credit,2783.66
TRANS004437,ACC04437,Credit,4998.04
TRANS004438,ACC04438,Debit,2180.35
TRANS004439,ACC04439,Credit,4465.43
TRANS004440,ACC04440,Credit,1164.34
TRANS004441,ACC04441,Debit,2646.34
TRANS004442,ACC04442,Debit,885.79
TRANS004443,ACC04443,Credit,472.54
TRANS004444,ACC04444,Credit,2130.98
TRANS004445,ACC04445,Debit,3153.24
TRANS004446,ACC04446,Credit,2171.99
TRANS004447,ACC04447,Debit,3530.89
TRANS004448,ACC04448,Credit,4120.08
TRANS004449,ACC04449,Debit,3727.64
TRANS004450,ACC04450,Credit,435.4
TRANS004451,ACC04451,Credit,3518.95
TRANS004452,ACC04452,Debit,3077.99
TRANS004453,ACC04453,Debit,4574.28
TRANS004454,ACC04454,Debit,1234.07
TRANS004455,ACC04455,Credit,4634.01
TRANS004456,ACC04456,Credit,1750.79
TRANS004457,ACC04457,Debit,4118.92
TRANS004458,ACC04458,Debit,4887.44
TRANS004459,ACC04459,Credit,3935.64
TRANS004460,ACC04460,Debit,4761.84
TRANS004461,ACC04461,Debit,4359.31
TRANS004462,ACC04462,Credit,3619.09
TRANS004463,ACC04463,Credit,4520.74
TRANS004464,ACC04464,Debit,4820.21
TRANS004465,ACC04465,Debit,3580.49
TRANS004466,ACC04466,Credit,379.08
TRANS004467,ACC04467,Credit,4785.96
TRANS004468,ACC04468,Credit,1266.88
TRANS004469,ACC04469,Debit,2796.08
TRANS004470,ACC04470,Credit,1704.45
TRANS004471,ACC04471,Debit,4532.39
TRANS004472,ACC04472,Debit,159.62
TRANS004473,ACC04473,Debit,2568.21
TRANS004474,ACC04474,Credit,1081.42
TRANS004475,ACC04475,Credit,3599.01
TRANS004476,ACC04476,Debit,3479.69
TRANS004477,ACC04477,Credit,3485.75
TRANS004478,ACC04478,Debit,2507.24
TRANS004479,ACC04479,Debit,3430.67
TRANS004480,ACC04480,Debit,848.48
TRANS004481,ACC04481,Credit,4449.68
TRANS004482,ACC04482,Credit,2877.61
TRANS004483,ACC04483,Debit,985.26
TRANS004484,ACC04484,Credit,3699.98
TRANS004485,ACC04485,Credit,455.5
TRANS004486,ACC04486,Credit,165.53
TRANS004487,ACC04487,Credit,2890.73
TRANS004488,ACC04488,Debit,4750.72
TRANS004489,ACC04489,Debit,3242.66
TRANS004490,ACC04490,Credit,269.11
TRANS004491,ACC04491,Credit,3191.37
TRANS004492,ACC04492,Credit,4650.86
TRANS004493,ACC04493,Credit,4991.81
TRANS004494,ACC04494,Credit,3998.52
TRANS004495,ACC04495,Debit,781.16
TRANS004496,ACC04496,Credit,2494.29
TRANS004497,ACC04497,Debit,4323.91
TRANS004498,ACC04498,Credit,86.32
TRANS004499,ACC04499,Debit,4104.51
TRANS004500,ACC04500,Debit,2141.86
TRANS004501,ACC04501,Debit,3997.14
TRANS004502,ACC04502,Debit,1703.59
TRANS004503,ACC04503,Credit,3339.52
TRANS004504,ACC04504,Credit,1906.48
TRANS004505,ACC04505,Credit,4413.97
TRANS004506,ACC04506,Debit,4997.59
TRANS004507,ACC04507,Credit,2788.89
TRANS004508,ACC04508,Credit,3504.28
TRANS004509,ACC04509,Credit,2162.33
TRANS004510,ACC04510,Credit,737.73
TRANS004511,ACC04511,Debit,3546.94
TRANS004512,ACC04512,Debit,3842.85
TRANS004513,ACC04513,Debit,3731.73
TRANS004514,ACC04514,Debit,4870.11
TRANS004515,ACC04515,Credit,173.81
TRANS004516,ACC04516,Credit,4745.19
TRANS004517,ACC04517,Credit,3719.09
TRANS004518,ACC04518,Debit,656.25
TRANS004519,ACC04519,Debit,4937.68
TRANS004520,ACC04520,Credit,3697.88
TRANS004521,ACC04521,Debit,4086.73
TRANS004522,ACC04522,Debit,914.42
TRANS004523,ACC04523,Debit,4473.18
TRANS004524,ACC04524,Debit,4218.34
TRANS004525,ACC04525,Debit,2029.2
TRANS004526,ACC04526,Credit,2289.62
TRANS004527,ACC04527,Debit,3956.82
TRANS004528,ACC04528,Debit,2567.92
TRANS004529,ACC04529,Debit,2280.63
TRANS004530,ACC04530,Credit,1120.78
TRANS004531,ACC04531,Debit,2037.95
TRANS004532,ACC04532,Credit,561.41
TRANS004533,ACC04533,Credit,3708.2
TRANS004534,ACC04534,Debit,1633.76
TRANS004535,ACC04535,Debit,2169.86
TRANS004536,ACC04536,Credit,1934.23
TRANS004537,ACC04537,Debit,2629.52
TRANS004538,ACC04538,Debit,2175.7
TRANS004539,ACC04539,Credit,118.03
TRANS004540,ACC04540,Debit,3519.87
TRANS004541,ACC04541,Debit,967.21
TRANS004542,ACC04542,Credit,4258.85
TRANS004543,ACC04543,Credit,4154.31
TRANS004544,ACC04544,Debit,4818.56
TRANS004545,ACC04545,Debit,928.55
TRANS004546,ACC04546,Debit,498.67
TRANS004547,ACC04547,Credit,1183.27
TRANS004548,ACC04548,Debit,1647.8
TRANS004549,ACC04549,Credit,4365.81
TRANS004550,ACC04550,Credit,226.72
TRANS004551,ACC04551,Debit,310.88
TRANS004552,ACC04552,Credit,2546.53
TRANS004553,ACC04553,Debit,4686.96
TRANS004554,ACC04554,Credit,2132.62
TRANS004555,ACC04555,Credit,182.08
TRANS004556,ACC04556,Debit,3157.42
TRANS004557,ACC04557,Debit,4336.82
TRANS004558,ACC04558,Debit,3323.03
TRANS004559,ACC04559,Credit,3743.21
TRANS004560,ACC04560,Debit,1325.94
TRANS004561,ACC04561,Credit,3556.07
TRANS004562,ACC04562,Debit,41.38
TRANS004563,ACC04563,Credit,4499.24
TRANS004564,ACC04564,Credit,762.8
TRANS004565,ACC04565,Debit,3841.96
TRANS004566,ACC04566,Debit,4505.02
TRANS004567,ACC04567,Credit,3480.86
TRANS004568,ACC04568,Credit,1853.44
TRANS004569,ACC04569,Debit,3424.22
TRANS004570,ACC04570,Debit,3123.2
TRANS004571,ACC04571,Debit,1069.99
TRANS004572,ACC04572,Debit,1561.81
TRANS004573,ACC04573,Credit,631.06
TRANS004574,ACC04574,Debit,4985.93
TRANS004575,ACC04575,Debit,3458.17
TRANS004576,ACC04576,Credit,2840.55
TRANS004577,ACC04577,Debit,3599.22
TRANS004578,ACC04578,Credit,3976.46
TRANS004579,ACC04579,Debit,3460.89
TRANS004580,ACC04580,Credit,856.46
TRANS004581,ACC04581,Debit,4404.78
TRANS004582,ACC04582,Debit,4286.93
TRANS004583,ACC04583,Debit,4533.71
TRANS004584,ACC04584,Debit,875.66
TRANS004585,ACC04585,Credit,2716.51
TRANS004586,ACC04586,Debit,226.74
TRANS004587,ACC04587,Credit,490.21
TRANS004588,ACC04588,Debit,4799.91
TRANS004589,ACC04589,Debit,4231.45
TRANS004590,ACC04590,Debit,1120.86
TRANS004591,ACC04591,Credit,2033.74
TRANS004592,ACC04592,Credit,3821.05
TRANS004593,ACC04593,Credit,3369.05
TRANS004594,ACC04594,Debit,2656.09
TRANS004595,ACC04595,Credit,4731.03
TRANS004596,ACC04596,Credit,1032.31
TRANS004597,ACC04597,Credit,1589.75
TRANS004598,ACC04598,Debit,1611.74
TRANS004599,ACC04599,Credit,2523.22
TRANS004600,ACC04600,Credit,4101.39
TRANS004601,ACC04601,Debit,1563.14
TRANS004602,ACC04602,Debit,1608.37
TRANS004603,ACC04603,Debit,1382.15
TRANS004604,ACC04604,Debit,3756.28
TRANS004605,ACC04605,Credit,4276.02
TRANS004606,ACC04606,Debit,2791.12
TRANS004607,ACC04607,Debit,173.53
TRANS004608,ACC04608,Credit,4610.14
TRANS004609,ACC04609,Debit,3642.2
TRANS004610,ACC04610,Debit,28.04
TRANS004611,ACC04611,Credit,569.87
TRANS004612,ACC04612,Credit,4783.58
TRANS004613,ACC04613,Credit,3845.31
TRANS004614,ACC04614,Credit,4532.18
TRANS004615,ACC04615,Credit,4722.04
TRANS004616,ACC04616,Credit,4947.13
TRANS004617,ACC04617,Credit,3375.38
TRANS004618,ACC04618,Credit,1159.25
TRANS004619,ACC04619,Credit,4884.84
TRANS004620,ACC04620,Credit,3773.38
TRANS004621,ACC04621,Debit,2325.84
TRANS004622,ACC04622,Credit,593.24
TRANS004623,ACC04623,Credit,1242.39
TRANS004624,ACC04624,Debit,2993.41
TRANS004625,ACC04625,Credit,4323.68
TRANS004626,ACC04626,Debit,1750.82
TRANS004627,ACC04627,Credit,4242.84
TRANS004628,ACC04628,Credit,2664.74
TRANS004629,ACC04629,Debit,3949.89
TRANS004630,ACC04630,Credit,3845.61
TRANS004631,ACC04631,Credit,3233.06
TRANS004632,ACC04632,Credit,668.2
TRANS004633,ACC04633,Credit,4890.82
TRANS004634,ACC04634,Debit,3157.94
TRANS004635,ACC04635,Debit,2633.43
TRANS004636,ACC04636,Debit,317.33
TRANS004637,ACC04637,Debit,4794.49
TRANS004638,ACC04638,Credit,588.22
TRANS004639,ACC04639,Credit,2918.84
TRANS004640,ACC04640,Debit,4273.3
TRANS004641,ACC04641,Credit,1219.72
TRANS004642,ACC04642,Debit,355.1
TRANS004643,ACC04643,Credit,3234.29
TRANS004644,ACC04644,Credit,1948.32
TRANS004645,ACC04645,Credit,347.1
TRANS004646,ACC04646,Debit,4292.62
TRANS004647,ACC04647,Credit,3563.01
TRANS004648,ACC04648,Debit,1103.92
TRANS004649,ACC04649,Credit,2507.77
TRANS004650,ACC04650,Credit,1993.26
TRANS004651,ACC04651,Debit,960.96
TRANS004652,ACC04652,Credit,4543.12
TRANS004653,ACC04653,Debit,78.27
TRANS004654,ACC04654,Debit,3406.0
TRANS004655,ACC04655,Credit,1606.69
TRANS004656,ACC04656,Debit,3536.84
TRANS004657,ACC04657,Debit,2680.59
TRANS004658,ACC04658,Debit,3058.82
TRANS004659,ACC04659,Debit,2649.68
TRANS004660,ACC04660,Credit,1450.47
TRANS004661,ACC04661,Debit,1646.14
TRANS004662,ACC04662,Debit,4745.41
TRANS004663,ACC04663,Credit,4914.41
TRANS004664,ACC04664,Debit,3943.14
TRANS004665,ACC04665,Debit,2407.26
TRANS004666,ACC04666,Credit,4664.3
TRANS004667,ACC04667,Credit,3479.28
TRANS004668,ACC04668,Debit,1570.8
TRANS004669,ACC04669,Debit,4138.54
TRANS004670,ACC04670,Credit,2627.94
TRANS004671,ACC04671,Credit,1779.0
TRANS004672,ACC04672,Debit,539.27
TRANS004673,ACC04673,Credit,3662.81
TRANS004674,ACC04674,Credit,3226.54
TRANS004675,ACC04675,Credit,1945.97
TRANS004676,ACC04676,Debit,922.68
TRANS004677,ACC04677,Debit,3090.69
TRANS004678,ACC04678,Debit,4634.8
TRANS004679,ACC04679,Credit,3053.09
TRANS004680,ACC04680,Credit,4035.83
TRANS004681,ACC04681,Credit,914.84
TRANS004682,ACC04682,Credit,3634.78
TRANS004683,ACC04683,Debit,785.9
TRANS004684,ACC04684,Debit,3711.41
TRANS004685,ACC04685,Debit,1891.94
TRANS004686,ACC04686,Debit,4347.14
TRANS004687,ACC04687,Credit,2136.81
TRANS004688,ACC04688,Credit,3384.53
TRANS004689,ACC04689,Credit,4810.95
TRANS004690,ACC04690,Credit,296.32
TRANS004691,ACC04691,Credit,2522.17
TRANS004692,ACC04692,Credit,690.09
TRANS004693,ACC04693,Credit,1702.52
TRANS004694,ACC04694,Credit,4316.45
TRANS004695,ACC04695,Debit,295.04
TRANS004696,ACC04696,Debit,2715.95
TRANS004697,ACC04697,Credit,4867.47
TRANS004698,ACC04698,Credit,2182.87
TRANS004699,ACC04699,Credit,4747.72
TRANS004700,ACC04700,Credit,3522.78
TRANS004701,ACC04701,Debit,1603.28
TRANS004702,ACC04702,Debit,805.89
TRANS004703,ACC04703,Credit,4160.04
TRANS004704,ACC04704,Debit,2458.74
TRANS004705,ACC04705,Credit,4283.41
TRANS004706,ACC04706,Credit,4564.91
TRANS004707,ACC04707,Credit,1867.82
TRANS004708,ACC04708,Debit,872.17
TRANS004709,ACC04709,Credit,3634.58
TRANS004710,ACC04710,Debit,1049.53
TRANS004711,ACC04711,Credit,4556.37
TRANS004712,ACC04712,Debit,3855.37
TRANS004713,ACC04713,Credit,693.17
TRANS004714,ACC04714,Credit,1767.62
TRANS004715,ACC04715,Credit,1441.44
TRANS004716,ACC04716,Debit,1863.27
TRANS004717,ACC04717,Debit,2830.16
TRANS004718,ACC04718,Debit,2279.43
TRANS004719,ACC04719,Credit,4351.2
TRANS004720,ACC04720,Debit,866.99
TRANS004721,ACC04721,Debit,365.71
TRANS004722,ACC04722,Debit,4581.56
TRANS004723,ACC04723,Credit,1623.8
TRANS004724,ACC04724,Credit,2786.07
TRANS004725,ACC04725,Credit,3883.34
TRANS004726,ACC04726,Credit,2953.63
TRANS004727,ACC04727,Debit,1255.31
TRANS004728,ACC04728,Credit,3571.03
TRANS004729,ACC04729,Debit,4057.55
TRANS004730,ACC04730,Credit,2497.25
TRANS004731,ACC04731,Debit,2490.23
TRANS004732,ACC04732,Credit,173.82
TRANS004733,ACC04733,Debit,3266.38
TRANS004734,ACC04734,Debit,4909.19
TRANS004735,ACC04735,Debit,3769.42
TRANS004736,ACC04736,Credit,4116.9
TRANS004737,ACC04737,Credit,3724.02
TRANS004738,ACC04738,Debit,4748.67
TRANS004739,ACC04739,Credit,4997.27
TRANS004740,ACC04740,Credit,4636.28
TRANS004741,ACC04741,Debit,4765.18
TRANS004742,ACC04742,Debit,4178.56
TRANS004743,ACC04743,Debit,1138.87
TRANS004744,ACC04744,Debit,1154.4
TRANS004745,ACC04745,Credit,2274.53
TRANS004746,ACC04746,Debit,1888.8
TRANS004747,ACC04747,Credit,3104.39
TRANS004748,ACC04748,Credit,2457.35
TRANS004749,ACC04749,Credit,2566.91
TRANS004750,ACC04750,Credit,3417.33
TRANS004751,ACC04751,Debit,3838.37
TRANS004752,ACC04752,Debit,2260.59
TRANS004753,ACC04753,Credit,3795.97
TRANS004754,ACC04754,Credit,3543.8
TRANS004755,ACC04755,Debit,47.56
TRANS004756,ACC04756,Debit,1693.71
TRANS004757,ACC04757,Debit,1410.41
TRANS004758,ACC04758,Debit,3094.92
TRANS004759,ACC04759,Debit,3214.99
TRANS004760,ACC04760,Debit,1776.4
TRANS004761,ACC04761,Credit,3507.14
TRANS004762,ACC04762,Debit,3523.53
TRANS004763,ACC04763,Credit,4305.9
TRANS004764,ACC04764,Credit,3074.29
TRANS004765,ACC04765,Credit,1864.64
TRANS004766,ACC04766,Debit,3346.21
TRANS004767,ACC04767,Credit,1430.54
TRANS004768,ACC04768,Debit,724.05
TRANS004769,ACC04769,Credit,1488.64
TRANS004770,ACC04770,Debit,160.33
TRANS004771,ACC04771,Debit,4335.97
TRANS004772,ACC04772,Credit,132.05
TRANS004773,ACC04773,Debit,3154.57
TRANS004774,ACC04774,Debit,2782.33
TRANS004775,ACC04775,Credit,3659.04
TRANS004776,ACC04776,Credit,3644.23
TRANS004777,ACC04777,Credit,3696.79
TRANS004778,ACC04778,Credit,997.95
TRANS004779,ACC04779,Credit,2005.3
TRANS004780,ACC04780,Debit,3644.86
TRANS004781,ACC04781,Debit,42.34
TRANS004782,ACC04782,Debit,4047.33
TRANS004783,ACC04783,Debit,1096.73
TRANS004784,ACC04784,Debit,1217.02
TRANS004785,ACC04785,Debit,760.04
TRANS004786,ACC04786,Credit,4102.01
TRANS004787,ACC04787,Debit,445.26
TRANS004788,ACC04788,Credit,4959.28
TRANS004789,ACC04789,Credit,3619.57
TRANS004790,ACC04790,Credit,3806.06
TRANS004791,ACC04791,Debit,4207.24
TRANS004792,ACC04792,Debit,943.07
TRANS004793,ACC04793,Debit,667.02
TRANS004794,ACC04794,Credit,3516.44
TRANS004795,ACC04795,Debit,3068.13
TRANS004796,ACC04796,Debit,2532.0
TRANS004797,ACC04797,Debit,2710.56
TRANS004798,ACC04798,Debit,4288.29
TRANS004799,ACC04799,Debit,1753.49
TRANS004800,ACC04800,Debit,2515.34
TRANS004801,ACC04801,Credit,1928.06
TRANS004802,ACC04802,Debit,4520.81
TRANS004803,ACC04803,Debit,4172.29
TRANS004804,ACC04804,Debit,1660.06
TRANS004805,ACC04805,Debit,3095.36
TRANS004806,ACC04806,Credit,4474.06
TRANS004807,ACC04807,Credit,3739.75
TRANS004808,ACC04808,Credit,1244.73
TRANS004809,ACC04809,Credit,246.25
TRANS004810,ACC04810,Debit,30.77
TRANS004811,ACC04811,Credit,1935.47
TRANS004812,ACC04812,Debit,3502.0
TRANS004813,ACC04813,Debit,1304.15
TRANS004814,ACC04814,Debit,715.02
TRANS004815,ACC04815,Credit,4432.44
TRANS004816,ACC04816,Debit,369.5
TRANS004817,ACC04817,Credit,1287.87
TRANS004818,ACC04818,Debit,2533.83
TRANS004819,ACC04819,Debit,1770.34
TRANS004820,ACC04820,Debit,155.92
TRANS004821,ACC04821,Debit,1616.45
TRANS004822,ACC04822,Debit,1371.1
TRANS004823,ACC04823,Credit,1887.83
TRANS004824,ACC04824,Debit,2919.35
TRANS004825,ACC04825,Debit,4871.55
TRANS004826,ACC04826,Debit,2964.54
TRANS004827,ACC04827,Debit,4407.83
TRANS004828,ACC04828,Credit,2206.49
TRANS004829,ACC04829,Credit,4573.31
TRANS004830,ACC04830,Credit,645.62
TRANS004831,ACC04831,Debit,4880.98
TRANS004832,ACC04832,Credit,83.3
TRANS004833,ACC04833,Credit,2727.02
TRANS004834,ACC04834,Credit,491.03
TRANS004835,ACC04835,Credit,33.33
TRANS004836,ACC04836,Debit,4925.68
TRANS004837,ACC04837,Credit,3668.54
TRANS004838,ACC04838,Credit,4545.57
TRANS004839,ACC04839,Credit,138.84
TRANS004840,ACC04840,Credit,135.89
TRANS004841,ACC04841,Credit,3773.47
TRANS004842,ACC04842,Debit,4020.25
TRANS004843,ACC04843,Credit,1098.7
TRANS004844,ACC04844,Debit,3694.71
TRANS004845,ACC04845,Debit,3745.9
TRANS004846,ACC04846,Credit,205.15
TRANS004847,ACC04847,Debit,3014.85
TRANS004848,ACC04848,Credit,1467.0
TRANS004849,ACC04849,Debit,2542.45
TRANS004850,ACC04850,Debit,4780.52
TRANS004851,ACC04851,Credit,1165.74
TRANS004852,ACC04852,Debit,2344.92
TRANS004853,ACC04853,Debit,4671.78
TRANS004854,ACC04854,Credit,1013.55
TRANS004855,ACC04855,Credit,272.11
TRANS004856,ACC04856,Credit,997.03
TRANS004857,ACC04857,Debit,3078.17
TRANS004858,ACC04858,Credit,4335.03
TRANS004859,ACC04859,Credit,1041.71
TRANS004860,ACC04860,Debit,2319.51
TRANS004861,ACC04861,Debit,4278.94
TRANS004862,ACC04862,Debit,3619.84
TRANS004863,ACC04863,Credit,4563.27
TRANS004864,ACC04864,Credit,1025.79
TRANS004865,ACC04865,Debit,544.09
TRANS004866,ACC04866,Debit,4675.23
TRANS004867,ACC04867,Credit,2562.03
TRANS004868,ACC04868,Credit,1732.4
TRANS004869,ACC04869,Credit,635.23
TRANS004870,ACC04870,Credit,3970.37
TRANS004871,ACC04871,Debit,2958.49
TRANS004872,ACC04872,Credit,1087.38
TRANS004873,ACC04873,Credit,3074.19
TRANS004874,ACC04874,Credit,2703.95
TRANS004875,ACC04875,Credit,767.43
TRANS004876,ACC04876,Debit,3032.57
TRANS004877,ACC04877,Debit,1826.97
TRANS004878,ACC04878,Credit,802.65
TRANS004879,ACC04879,Credit,2021.63
TRANS004880,ACC04880,Debit,2366.77
TRANS004881,ACC04881,Credit,1315.54
TRANS004882,ACC04882,Credit,2252.37
TRANS004883,ACC04883,Debit,1856.12
TRANS004884,ACC04884,Debit,2340.83
TRANS004885,ACC04885,Credit,4752.66
TRANS004886,ACC04886,Credit,954.49
TRANS004887,ACC04887,Debit,4792.8
TRANS004888,ACC04888,Credit,4636.14
TRANS004889,ACC04889,Credit,826.54
TRANS004890,ACC04890,Debit,1614.78
TRANS004891,ACC04891,Debit,2876.06
TRANS004892,ACC04892,Credit,135.77
TRANS004893,ACC04893,Debit,3953.21
TRANS004894,ACC04894,Credit,1146.37
TRANS004895,ACC04895,Credit,2871.02
TRANS004896,ACC04896,Credit,2968.99
TRANS004897,ACC04897,Debit,1950.34
TRANS004898,ACC04898,Debit,2912.24
TRANS004899,ACC04899,Credit,3022.79
TRANS004900,ACC04900,Credit,94.0
TRANS004901,ACC04901,Debit,4054.13
TRANS004902,ACC04902,Credit,2823.44
TRANS004903,ACC04903,Debit,3398.97
TRANS004904,ACC04904,Credit,1752.8
TRANS004905,ACC04905,Debit,1903.71
TRANS004906,ACC04906,Debit,1939.15
TRANS004907,ACC04907,Credit,1849.14
TRANS004908,ACC04908,Debit,1670.99
TRANS004909,ACC04909,Debit,4094.21
TRANS004910,ACC04910,Debit,1696.51
TRANS004911,ACC04911,Credit,4624.36
TRANS004912,ACC04912,Debit,4329.29
TRANS004913,ACC04913,Credit,2194.22
TRANS004914,ACC04914,Debit,720.18
TRANS004915,ACC04915,Credit,4876.67
TRANS004916,ACC04916,Debit,3594.64
TRANS004917,ACC04917,Credit,405.73
TRANS004918,ACC04918,Debit,650.5
TRANS004919,ACC04919,Credit,785.31
TRANS004920,ACC04920,Debit,501.29
TRANS004921,ACC04921,Credit,534.2
TRANS004922,ACC04922,Credit,2532.88
TRANS004923,ACC04923,Debit,2213.56
TRANS004924,ACC04924,Debit,30.99
TRANS004925,ACC04925,Debit,33.94
TRANS004926,ACC04926,Debit,3278.76
TRANS004927,ACC04927,Debit,1807.84
TRANS004928,ACC04928,Debit,3932.46
TRANS004929,ACC04929,Debit,2454.69
TRANS004930,ACC04930,Debit,3775.65
TRANS004931,ACC04931,Debit,1601.55
TRANS004932,ACC04932,Debit,3020.98
TRANS004933,ACC04933,Debit,992.76
TRANS004934,ACC04934,Debit,4183.47
TRANS004935,ACC04935,Credit,1073.49
TRANS004936,ACC04936,Credit,3793.83
TRANS004937,ACC04937,Debit,70.52
TRANS004938,ACC04938,Credit,4375.52
TRANS004939,ACC04939,Debit,1179.75
TRANS004940,ACC04940,Credit,778.07
TRANS004941,ACC04941,Credit,2385.53
TRANS004942,ACC04942,Debit,3167.77
TRANS004943,ACC04943,Credit,515.55
TRANS004944,ACC04944,Debit,144.63
TRANS004945,ACC04945,Debit,4730.09
TRANS004946,ACC04946,Credit,219.28
TRANS004947,ACC04947,Debit,3261.74
TRANS004948,ACC04948,Credit,1240.37
TRANS004949,ACC04949,Debit,314.08
TRANS004950,ACC04950,Credit,2964.79
TRANS004951,ACC04951,Credit,3090.71
TRANS004952,ACC04952,Debit,4983.32
TRANS004953,ACC04953,Credit,4682.9
TRANS004954,ACC04954,Credit,1871.66
TRANS004955,ACC04955,Credit,2211.27
TRANS004956,ACC04956,Debit,690.73
TRANS004957,ACC04957,Debit,1587.09
TRANS004958,ACC04958,Debit,1317.07
TRANS004959,ACC04959,Credit,3075.14
TRANS004960,ACC04960,Credit,1359.45
TRANS004961,ACC04961,Debit,4492.1
TRANS004962,ACC04962,Credit,1398.71
TRANS004963,ACC04963,Debit,1171.14
TRANS004964,ACC04964,Debit,4020.59
TRANS004965,ACC04965,Debit,1143.84
TRANS004966,ACC04966,Credit,3642.69
TRANS004967,ACC04967,Credit,2960.49
TRANS004968,ACC04968,Credit,4141.17
TRANS004969,ACC04969,Credit,3280.55
TRANS004970,ACC04970,Credit,1789.31
TRANS004971,ACC04971,Credit,540.63
TRANS004972,ACC04972,Credit,1653.52
TRANS004973,ACC04973,Debit,4621.69
TRANS004974,ACC04974,Credit,3530.44
TRANS004975,ACC04975,Debit,2902.94
TRANS004976,ACC04976,Debit,4285.52
TRANS004977,ACC04977,Debit,1657.17
TRANS004978,ACC04978,Credit,3571.96
TRANS004979,ACC04979,Debit,879.0
TRANS004980,ACC04980,Debit,1513.97
TRANS004981,ACC04981,Credit,4563.14
TRANS004982,ACC04982,Credit,4997.82
TRANS004983,ACC04983,Debit,259.89
TRANS004984,ACC04984,Debit,3000.44
TRANS004985,ACC04985,Debit,4762.67
TRANS004986,ACC04986,Debit,3324.06
TRANS004987,ACC04987,Debit,1659.55
TRANS004988,ACC04988,Debit,1444.83
TRANS004989,ACC04989,Debit,2405.04
TRANS004990,ACC04990,Credit,4070.0
TRANS004991,ACC04991,Credit,3554.68
TRANS004992,ACC04992,Debit,2382.89
TRANS004993,ACC04993,Debit,403.44
TRANS004994,ACC04994,Debit,4746.26
TRANS004995,ACC04995,Debit,4667.11
TRANS004996,ACC04996,Credit,757.76
TRANS004997,ACC04997,Debit,2564.86
TRANS004998,ACC04998,Credit,3963.65
TRANS004999,ACC04999,Debit,4323.97
TRANS005000,ACC05000,Credit,1843.97
TRANS005001,ACC05001,Credit,1677.17
TRANS005002,ACC05002,Debit,1609.58
TRANS005003,ACC05003,Credit,3272.39
TRANS005004,ACC05004,Debit,2071.23
TRANS005005,ACC05005,Credit,30.3
TRANS005006,ACC05006,Debit,1996.88
TRANS005007,ACC05007,Credit,938.92
TRANS005008,ACC05008,Debit,3720.54
TRANS005009,ACC05009,Debit,4898.51
TRANS005010,ACC05010,Debit,4463.28
TRANS005011,ACC05011,Debit,4504.58
TRANS005012,ACC05012,Credit,372.57
TRANS005013,ACC05013,Credit,1733.9
TRANS005014,ACC05014,Credit,4505.61
TRANS005015,ACC05015,Debit,114.49
TRANS005016,ACC05016,Credit,4945.73
TRANS005017,ACC05017,Credit,2363.93
TRANS005018,ACC05018,Debit,3986.98
TRANS005019,ACC05019,Debit,2177.62
TRANS005020,ACC05020,Debit,4821.78
TRANS005021,ACC05021,Debit,3946.38
TRANS005022,ACC05022,Credit,3917.49
TRANS005023,ACC05023,Credit,749.0
TRANS005024,ACC05024,Debit,805.41
TRANS005025,ACC05025,Credit,3205.83
TRANS005026,ACC05026,Debit,2611.95
TRANS005027,ACC05027,Credit,4941.73
TRANS005028,ACC05028,Debit,133.67
TRANS005029,ACC05029,Credit,3293.63
TRANS005030,ACC05030,Credit,2725.28
TRANS005031,ACC05031,Debit,1939.55
TRANS005032,ACC05032,Debit,1348.93
TRANS005033,ACC05033,Debit,2000.9
TRANS005034,ACC05034,Credit,1260.76
TRANS005035,ACC05035,Debit,172.6
TRANS005036,ACC05036,Debit,717.39
TRANS005037,ACC05037,Credit,2782.03
TRANS005038,ACC05038,Credit,3771.65
TRANS005039,ACC05039,Credit,981.38
TRANS005040,ACC05040,Credit,2261.29
TRANS005041,ACC05041,Debit,1986.93
TRANS005042,ACC05042,Debit,4417.97
TRANS005043,ACC05043,Debit,4238.64
TRANS005044,ACC05044,Credit,512.06
TRANS005045,ACC05045,Credit,1268.63
TRANS005046,ACC05046,Debit,666.67
TRANS005047,ACC05047,Debit,3673.79
TRANS005048,ACC05048,Debit,1738.4
TRANS005049,ACC05049,Credit,752.78
TRANS005050,ACC05050,Debit,1358.1
TRANS005051,ACC05051,Credit,4921.09
TRANS005052,ACC05052,Debit,4129.7
TRANS005053,ACC05053,Credit,1552.19
TRANS005054,ACC05054,Credit,4149.37
TRANS005055,ACC05055,Debit,2960.38
TRANS005056,ACC05056,Credit,512.48
TRANS005057,ACC05057,Credit,2258.51
TRANS005058,ACC05058,Credit,2438.98
TRANS005059,ACC05059,Debit,4015.16
TRANS005060,ACC05060,Debit,4248.11
TRANS005061,ACC05061,Debit,3818.63
TRANS005062,ACC05062,Credit,1054.7
TRANS005063,ACC05063,Credit,3515.9
TRANS005064,ACC05064,Credit,1591.54
TRANS005065,ACC05065,Credit,4139.35
TRANS005066,ACC05066,Credit,804.51
TRANS005067,ACC05067,Credit,3584.91
TRANS005068,ACC05068,Credit,3336.36
TRANS005069,ACC05069,Debit,433.78
TRANS005070,ACC05070,Credit,2002.85
TRANS005071,ACC05071,Credit,3053.8
TRANS005072,ACC05072,Credit,832.03
TRANS005073,ACC05073,Credit,3308.57
TRANS005074,ACC05074,Debit,3654.08
TRANS005075,ACC05075,Debit,4802.24
TRANS005076,ACC05076,Credit,4329.52
TRANS005077,ACC05077,Debit,967.15
TRANS005078,ACC05078,Debit,3724.77
TRANS005079,ACC05079,Credit,2745.69
TRANS005080,ACC05080,Debit,669.79
TRANS005081,ACC05081,Debit,768.82
TRANS005082,ACC05082,Debit,4810.88
TRANS005083,ACC05083,Debit,1529.57
TRANS005084,ACC05084,Debit,3228.66
TRANS005085,ACC05085,Credit,2191.52
TRANS005086,ACC05086,Debit,3056.2
TRANS005087,ACC05087,Debit,1830.14
TRANS005088,ACC05088,Debit,4295.17
TRANS005089,ACC05089,Credit,4332.62
TRANS005090,ACC05090,Credit,2150.64
TRANS005091,ACC05091,Debit,1747.08
TRANS005092,ACC05092,Credit,1765.2
TRANS005093,ACC05093,Credit,4589.28
TRANS005094,ACC05094,Debit,381.02
TRANS005095,ACC05095,Debit,3687.05
TRANS005096,ACC05096,Credit,4754.94
TRANS005097,ACC05097,Credit,4236.26
TRANS005098,ACC05098,Debit,3741.19
TRANS005099,ACC05099,Credit,1064.34
TRANS005100,ACC05100,Debit,2285.46
TRANS005101,ACC05101,Debit,1206.25
TRANS005102,ACC05102,Credit,3500.23
TRANS005103,ACC05103,Credit,3505.24
TRANS005104,ACC05104,Credit,1712.94
TRANS005105,ACC05105,Debit,4630.31
TRANS005106,ACC05106,Debit,4461.43
TRANS005107,ACC05107,Debit,3801.81
TRANS005108,ACC05108,Credit,1327.14
TRANS005109,ACC05109,Debit,3445.33
TRANS005110,ACC05110,Debit,2342.86
TRANS005111,ACC05111,Credit,1865.7
TRANS005112,ACC05112,Credit,2839.04
TRANS005113,ACC05113,Debit,581.65
TRANS005114,ACC05114,Debit,489.22
TRANS005115,ACC05115,Credit,2750.36
TRANS005116,ACC05116,Debit,436.22
TRANS005117,ACC05117,Credit,4968.96
TRANS005118,ACC05118,Debit,3123.37
TRANS005119,ACC05119,Debit,1595.35
TRANS005120,ACC05120,Credit,4534.46
TRANS005121,ACC05121,Credit,407.95
TRANS005122,ACC05122,Credit,1192.08
TRANS005123,ACC05123,Credit,1953.86
TRANS005124,ACC05124,Debit,1091.51
TRANS005125,ACC05125,Debit,2983.99
TRANS005126,ACC05126,Credit,4401.63
TRANS005127,ACC05127,Credit,1735.76
TRANS005128,ACC05128,Debit,2158.56
TRANS005129,ACC05129,Credit,516.12
TRANS005130,ACC05130,Debit,2850.44
TRANS005131,ACC05131,Credit,2097.96
TRANS005132,ACC05132,Credit,2473.54
TRANS005133,ACC05133,Credit,644.95
TRANS005134,ACC05134,Credit,976.28
TRANS005135,ACC05135,Credit,884.99
TRANS005136,ACC05136,Credit,1357.58
TRANS005137,ACC05137,Credit,978.84
TRANS005138,ACC05138,Debit,3565.72
TRANS005139,ACC05139,Credit,2819.6
TRANS005140,ACC05140,Credit,3405.37
TRANS005141,ACC05141,Credit,624.87
TRANS005142,ACC05142,Credit,210.55
TRANS005143,ACC05143,Debit,2834.88
TRANS005144,ACC05144,Debit,3752.31
TRANS005145,ACC05145,Debit,1965.15
TRANS005146,ACC05146,Debit,3800.46
TRANS005147,ACC05147,Debit,4893.76
TRANS005148,ACC05148,Credit,2590.24
TRANS005149,ACC05149,Debit,3208.15
TRANS005150,ACC05150,Debit,3341.61
TRANS005151,ACC05151,Credit,1753.93
TRANS005152,ACC05152,Credit,222.7
TRANS005153,ACC05153,Credit,4234.75
TRANS005154,ACC05154,Credit,3793.13
TRANS005155,ACC05155,Debit,4480.26
TRANS005156,ACC05156,Credit,4090.48
TRANS005157,ACC05157,Credit,2642.21
TRANS005158,ACC05158,Debit,4688.06
TRANS005159,ACC05159,Debit,3810.24
TRANS005160,ACC05160,Credit,194.13
TRANS005161,ACC05161,Credit,1766.63
TRANS005162,ACC05162,Debit,4424.85
TRANS005163,ACC05163,Credit,1858.84
TRANS005164,ACC05164,Debit,4581.43
TRANS005165,ACC05165,Debit,3847.9
TRANS005166,ACC05166,Credit,1812.32
TRANS005167,ACC05167,Debit,1555.1
TRANS005168,ACC05168,Credit,2823.61
TRANS005169,ACC05169,Credit,1536.53
TRANS005170,ACC05170,Debit,4330.88
TRANS005171,ACC05171,Debit,1533.61
TRANS005172,ACC05172,Debit,1703.15
TRANS005173,ACC05173,Debit,3954.7
TRANS005174,ACC05174,Credit,2161.96
TRANS005175,ACC05175,Credit,901.5
TRANS005176,ACC05176,Credit,3964.86
TRANS005177,ACC05177,Credit,2325.72
TRANS005178,ACC05178,Debit,545.91
TRANS005179,ACC05179,Credit,1820.44
TRANS005180,ACC05180,Debit,4117.25
TRANS005181,ACC05181,Debit,244.27
TRANS005182,ACC05182,Debit,1394.96
TRANS005183,ACC05183,Credit,1891.86
TRANS005184,ACC05184,Debit,2005.27
TRANS005185,ACC05185,Debit,2083.75
TRANS005186,ACC05186,Credit,3280.06
TRANS005187,ACC05187,Debit,3849.9
TRANS005188,ACC05188,Debit,3075.83
TRANS005189,ACC05189,Credit,3697.65
TRANS005190,ACC05190,Debit,2840.78
TRANS005191,ACC05191,Debit,4193.4
TRANS005192,ACC05192,Credit,2842.11
TRANS005193,ACC05193,Credit,2471.21
TRANS005194,ACC05194,Debit,4744.31
TRANS005195,ACC05195,Credit,2273.65
TRANS005196,ACC05196,Credit,4041.83
TRANS005197,ACC05197,Debit,2872.85
TRANS005198,ACC05198,Debit,4010.54
TRANS005199,ACC05199,Debit,1552.32
TRANS005200,ACC05200,Debit,4954.74
TRANS005201,ACC05201,Debit,528.29
TRANS005202,ACC05202,Debit,4394.03
TRANS005203,ACC05203,Debit,2322.62
TRANS005204,ACC05204,Credit,3850.36
TRANS005205,ACC05205,Credit,3805.16
TRANS005206,ACC05206,Credit,1909.52
TRANS005207,ACC05207,Credit,3519.99
TRANS005208,ACC05208,Debit,2293.9
TRANS005209,ACC05209,Credit,1045.13
TRANS005210,ACC05210,Debit,1301.23
TRANS005211,ACC05211,Credit,3447.6
TRANS005212,ACC05212,Debit,1396.83
TRANS005213,ACC05213,Debit,2769.9
TRANS005214,ACC05214,Debit,3507.05
TRANS005215,ACC05215,Debit,1565.33
TRANS005216,ACC05216,Debit,2466.67
TRANS005217,ACC05217,Credit,2651.77
TRANS005218,ACC05218,Debit,813.95
TRANS005219,ACC05219,Debit,2756.31
TRANS005220,ACC05220,Credit,2310.23
TRANS005221,ACC05221,Credit,1243.93
TRANS005222,ACC05222,Credit,2484.82
TRANS005223,ACC05223,Credit,2855.21
TRANS005224,ACC05224,Debit,1058.74
TRANS005225,ACC05225,Debit,4212.2
TRANS005226,ACC05226,Debit,4735.18
TRANS005227,ACC05227,Debit,2224.73
TRANS005228,ACC05228,Credit,1904.04
TRANS005229,ACC05229,Debit,2235.54
TRANS005230,ACC05230,Credit,515.99
TRANS005231,ACC05231,Debit,3593.72
TRANS005232,ACC05232,Credit,407.19
TRANS005233,ACC05233,Debit,2070.79
TRANS005234,ACC05234,Debit,610.41
TRANS005235,ACC05235,Credit,2976.1
TRANS005236,ACC05236,Debit,2382.65
TRANS005237,ACC05237,Debit,426.37
TRANS005238,ACC05238,Debit,139.74
TRANS005239,ACC05239,Credit,2188.73
TRANS005240,ACC05240,Debit,3342.9
TRANS005241,ACC05241,Credit,1390.95
TRANS005242,ACC05242,Credit,531.98
TRANS005243,ACC05243,Debit,1276.92
TRANS005244,ACC05244,Debit,1805.66
TRANS005245,ACC05245,Debit,1854.66
TRANS005246,ACC05246,Debit,2031.83
TRANS005247,ACC05247,Credit,2047.94
TRANS005248,ACC05248,Debit,1507.23
TRANS005249,ACC05249,Debit,1813.52
TRANS005250,ACC05250,Debit,3050.17
TRANS005251,ACC05251,Debit,1181.65
TRANS005252,ACC05252,Debit,4513.36
TRANS005253,ACC05253,Debit,3002.57
TRANS005254,ACC05254,Debit,3179.42
TRANS005255,ACC05255,Debit,593.53
TRANS005256,ACC05256,Credit,1423.12
TRANS005257,ACC05257,Credit,2307.14
TRANS005258,ACC05258,Credit,4692.41
TRANS005259,ACC05259,Debit,4355.38
TRANS005260,ACC05260,Debit,2878.5
TRANS005261,ACC05261,Debit,3420.23
TRANS005262,ACC05262,Credit,156.83
TRANS005263,ACC05263,Credit,798.35
TRANS005264,ACC05264,Credit,3534.43
TRANS005265,ACC05265,Debit,1069.39
TRANS005266,ACC05266,Credit,3264.51
TRANS005267,ACC05267,Credit,3806.76
TRANS005268,ACC05268,Debit,326.53
TRANS005269,ACC05269,Debit,1546.2
TRANS005270,ACC05270,Credit,3068.95
TRANS005271,ACC05271,Credit,1589.28
TRANS005272,ACC05272,Credit,4898.54
TRANS005273,ACC05273,Credit,826.72
TRANS005274,ACC05274,Debit,3166.12
TRANS005275,ACC05275,Debit,4425.97
TRANS005276,ACC05276,Debit,1133.04
TRANS005277,ACC05277,Debit,1820.0
TRANS005278,ACC05278,Debit,3714.79
TRANS005279,ACC05279,Credit,2265.12
TRANS005280,ACC05280,Debit,2493.06
TRANS005281,ACC05281,Credit,1211.2
TRANS005282,ACC05282,Credit,1670.92
TRANS005283,ACC05283,Credit,2304.51
TRANS005284,ACC05284,Debit,1165.49
TRANS005285,ACC05285,Debit,370.03
TRANS005286,ACC05286,Credit,2525.33
TRANS005287,ACC05287,Credit,2801.13
TRANS005288,ACC05288,Debit,2504.33
TRANS005289,ACC05289,Debit,3726.29
TRANS005290,ACC05290,Credit,420.56
TRANS005291,ACC05291,Credit,3251.73
TRANS005292,ACC05292,Credit,3030.42
TRANS005293,ACC05293,Credit,2627.95
TRANS005294,ACC05294,Debit,3782.5
TRANS005295,ACC05295,Debit,1700.91
TRANS005296,ACC05296,Credit,4287.43
TRANS005297,ACC05297,Credit,3853.8
TRANS005298,ACC05298,Credit,2329.97
TRANS005299,ACC05299,Debit,2923.39
TRANS005300,ACC05300,Debit,400.51
TRANS005301,ACC05301,Credit,1258.69
TRANS005302,ACC05302,Credit,499.12
TRANS005303,ACC05303,Debit,1738.04
TRANS005304,ACC05304,Credit,751.57
TRANS005305,ACC05305,Debit,967.73
TRANS005306,ACC05306,Credit,874.42
TRANS005307,ACC05307,Credit,4036.16
TRANS005308,ACC05308,Debit,2508.72
TRANS005309,ACC05309,Credit,4585.23
TRANS005310,ACC05310,Debit,837.35
TRANS005311,ACC05311,Debit,883.14
TRANS005312,ACC05312,Credit,4638.47
TRANS005313,ACC05313,Debit,4570.18
TRANS005314,ACC05314,Debit,3873.2
TRANS005315,ACC05315,Debit,4796.1
TRANS005316,ACC05316,Debit,2761.89
TRANS005317,ACC05317,Debit,1704.98
TRANS005318,ACC05318,Credit,4983.89
TRANS005319,ACC05319,Debit,4004.55
TRANS005320,ACC05320,Credit,2025.27
TRANS005321,ACC05321,Credit,3376.08
TRANS005322,ACC05322,Credit,1978.72
TRANS005323,ACC05323,Debit,285.05
TRANS005324,ACC05324,Credit,3776.15
TRANS005325,ACC05325,Debit,603.5
TRANS005326,ACC05326,Credit,2245.9
TRANS005327,ACC05327,Credit,2341.04
TRANS005328,ACC05328,Credit,26.65
TRANS005329,ACC05329,Credit,2219.65
TRANS005330,ACC05330,Credit,4534.96
TRANS005331,ACC05331,Credit,874.58
TRANS005332,ACC05332,Credit,50.33
TRANS005333,ACC05333,Debit,1640.69
TRANS005334,ACC05334,Credit,4263.09
TRANS005335,ACC05335,Credit,2698.64
TRANS005336,ACC05336,Credit,3058.64
TRANS005337,ACC05337,Credit,3515.68
TRANS005338,ACC05338,Debit,4136.07
TRANS005339,ACC05339,Debit,1378.51
TRANS005340,ACC05340,Credit,3982.19
TRANS005341,ACC05341,Debit,1336.8
TRANS005342,ACC05342,Credit,2078.88
TRANS005343,ACC05343,Debit,3502.9
TRANS005344,ACC05344,Credit,3683.2
TRANS005345,ACC05345,Debit,1168.13
TRANS005346,ACC05346,Debit,226.0
TRANS005347,ACC05347,Credit,313.15
TRANS005348,ACC05348,Debit,3879.61
TRANS005349,ACC05349,Credit,3326.22
TRANS005350,ACC05350,Credit,3325.55
TRANS005351,ACC05351,Credit,847.53
TRANS005352,ACC05352,Debit,3919.57
TRANS005353,ACC05353,Debit,827.38
TRANS005354,ACC05354,Debit,2082.42
TRANS005355,ACC05355,Debit,4246.2
TRANS005356,ACC05356,Debit,4839.65
TRANS005357,ACC05357,Credit,81.78
TRANS005358,ACC05358,Debit,3844.02
TRANS005359,ACC05359,Credit,1377.22
TRANS005360,ACC05360,Debit,2759.33
TRANS005361,ACC05361,Credit,4224.0
TRANS005362,ACC05362,Credit,816.57
TRANS005363,ACC05363,Debit,1287.05
TRANS005364,ACC05364,Debit,3915.07
TRANS005365,ACC05365,Debit,4707.47
TRANS005366,ACC05366,Credit,3687.19
TRANS005367,ACC05367,Credit,1124.58
TRANS005368,ACC05368,Credit,4895.24
TRANS005369,ACC05369,Credit,2758.87
TRANS005370,ACC05370,Credit,2100.99
TRANS005371,ACC05371,Credit,1277.68
TRANS005372,ACC05372,Credit,1010.26
TRANS005373,ACC05373,Credit,1337.85
TRANS005374,ACC05374,Credit,3937.71
TRANS005375,ACC05375,Debit,4431.83
TRANS005376,ACC05376,Credit,2571.93
TRANS005377,ACC05377,Credit,1407.48
TRANS005378,ACC05378,Debit,403.53
TRANS005379,ACC05379,Credit,3584.6
TRANS005380,ACC05380,Credit,3207.41
TRANS005381,ACC05381,Credit,1435.16
TRANS005382,ACC05382,Credit,3978.84
TRANS005383,ACC05383,Credit,3440.99
TRANS005384,ACC05384,Debit,222.01
TRANS005385,ACC05385,Credit,2120.88
TRANS005386,ACC05386,Debit,1350.24
TRANS005387,ACC05387,Debit,3176.67
TRANS005388,ACC05388,Credit,3106.0
TRANS005389,ACC05389,Credit,4268.79
TRANS005390,ACC05390,Credit,629.36
TRANS005391,ACC05391,Debit,25.9
TRANS005392,ACC05392,Credit,126.88
TRANS005393,ACC05393,Debit,4888.1
TRANS005394,ACC05394,Debit,4836.6
TRANS005395,ACC05395,Debit,4532.51
TRANS005396,ACC05396,Credit,2168.13
TRANS005397,ACC05397,Debit,3403.04
TRANS005398,ACC05398,Credit,3381.6
TRANS005399,ACC05399,Credit,3317.99
TRANS005400,ACC05400,Debit,3894.61
TRANS005401,ACC05401,Credit,1911.11
TRANS005402,ACC05402,Credit,1505.62
TRANS005403,ACC05403,Credit,974.65
TRANS005404,ACC05404,Credit,2328.21
TRANS005405,ACC05405,Debit,1307.53
TRANS005406,ACC05406,Credit,1818.87
TRANS005407,ACC05407,Credit,934.04
TRANS005408,ACC05408,Debit,4444.55
TRANS005409,ACC05409,Credit,2314.4
TRANS005410,ACC05410,Credit,290.51
TRANS005411,ACC05411,Credit,322.46
TRANS005412,ACC05412,Credit,4257.85
TRANS005413,ACC05413,Credit,2732.6
TRANS005414,ACC05414,Debit,3619.72
TRANS005415,ACC05415,Credit,3533.02
TRANS005416,ACC05416,Credit,672.64
TRANS005417,ACC05417,Debit,3858.0
TRANS005418,ACC05418,Credit,1857.68
TRANS005419,ACC05419,Debit,3860.54
TRANS005420,ACC05420,Credit,2421.72
TRANS005421,ACC05421,Credit,1230.84
TRANS005422,ACC05422,Debit,1488.3
TRANS005423,ACC05423,Credit,1248.69
TRANS005424,ACC05424,Debit,3788.04
TRANS005425,ACC05425,Debit,3376.09
TRANS005426,ACC05426,Credit,3507.46
TRANS005427,ACC05427,Debit,881.78
TRANS005428,ACC05428,Credit,2837.2
TRANS005429,ACC05429,Debit,407.14
TRANS005430,ACC05430,Debit,2601.01
TRANS005431,ACC05431,Credit,3941.76
TRANS005432,ACC05432,Debit,2176.65
TRANS005433,ACC05433,Debit,2911.37
TRANS005434,ACC05434,Credit,4854.98
TRANS005435,ACC05435,Credit,3663.55
TRANS005436,ACC05436,Debit,1872.84
TRANS005437,ACC05437,Debit,593.42
TRANS005438,ACC05438,Debit,4441.17
TRANS005439,ACC05439,Credit,56.33
TRANS005440,ACC05440,Credit,3920.75
TRANS005441,ACC05441,Credit,173.91
TRANS005442,ACC05442,Credit,4911.44
TRANS005443,ACC05443,Debit,3806.52
TRANS005444,ACC05444,Debit,3896.45
TRANS005445,ACC05445,Credit,3522.54
TRANS005446,ACC05446,Credit,4281.71
TRANS005447,ACC05447,Credit,1836.53
TRANS005448,ACC05448,Debit,606.61
TRANS005449,ACC05449,Debit,3117.59
TRANS005450,ACC05450,Credit,4387.54
TRANS005451,ACC05451,Credit,442.24
TRANS005452,ACC05452,Credit,2786.18
TRANS005453,ACC05453,Debit,1402.35
TRANS005454,ACC05454,Credit,4669.25
TRANS005455,ACC05455,Debit,1035.24
TRANS005456,ACC05456,Debit,2940.31
TRANS005457,ACC05457,Credit,2537.07
TRANS005458,ACC05458,Debit,1006.24
TRANS005459,ACC05459,Debit,2775.56
TRANS005460,ACC05460,Credit,1361.08
TRANS005461,ACC05461,Debit,4605.31
TRANS005462,ACC05462,Credit,3290.32
TRANS005463,ACC05463,Debit,3176.64
TRANS005464,ACC05464,Credit,4215.21
TRANS005465,ACC05465,Credit,3533.18
TRANS005466,ACC05466,Debit,3211.82
TRANS005467,ACC05467,Debit,2138.69
TRANS005468,ACC05468,Credit,288.5
TRANS005469,ACC05469,Debit,3030.94
TRANS005470,ACC05470,Credit,3596.37
TRANS005471,ACC05471,Credit,2648.15
TRANS005472,ACC05472,Debit,2977.2
TRANS005473,ACC05473,Credit,1521.72
TRANS005474,ACC05474,Debit,2516.07
TRANS005475,ACC05475,Credit,3053.21
TRANS005476,ACC05476,Credit,2180.37
TRANS005477,ACC05477,Credit,249.91
TRANS005478,ACC05478,Credit,1359.92
TRANS005479,ACC05479,Credit,2071.26
TRANS005480,ACC05480,Debit,3693.09
TRANS005481,ACC05481,Credit,2567.51
TRANS005482,ACC05482,Credit,4521.75
TRANS005483,ACC05483,Debit,4892.95
TRANS005484,ACC05484,Credit,2777.93
TRANS005485,ACC05485,Credit,1318.77
TRANS005486,ACC05486,Credit,58.29
TRANS005487,ACC05487,Debit,3593.19
TRANS005488,ACC05488,Debit,909.96
TRANS005489,ACC05489,Debit,4345.95
TRANS005490,ACC05490,Debit,2497.48
TRANS005491,ACC05491,Debit,1106.96
TRANS005492,ACC05492,Credit,3087.73
TRANS005493,ACC05493,Debit,1272.43
TRANS005494,ACC05494,Debit,2670.47
TRANS005495,ACC05495,Credit,143.09
TRANS005496,ACC05496,Credit,4003.85
TRANS005497,ACC05497,Credit,4800.6
TRANS005498,ACC05498,Debit,1122.63
TRANS005499,ACC05499,Debit,3005.58
TRANS005500,ACC05500,Debit,2875.44
TRANS005501,ACC05501,Credit,1038.16
TRANS005502,ACC05502,Credit,4874.38
TRANS005503,ACC05503,Debit,2861.28
TRANS005504,ACC05504,Debit,3001.32
TRANS005505,ACC05505,Debit,2214.03
TRANS005506,ACC05506,Debit,4186.64
TRANS005507,ACC05507,Debit,270.79
TRANS005508,ACC05508,Credit,2943.01
TRANS005509,ACC05509,Credit,2233.57
TRANS005510,ACC05510,Debit,622.41
TRANS005511,ACC05511,Credit,1168.14
TRANS005512,ACC05512,Debit,4352.87
TRANS005513,ACC05513,Credit,1369.64
TRANS005514,ACC05514,Debit,3382.72
TRANS005515,ACC05515,Debit,1874.46
TRANS005516,ACC05516,Credit,3122.79
TRANS005517,ACC05517,Credit,3234.08
TRANS005518,ACC05518,Debit,2963.64
TRANS005519,ACC05519,Debit,3798.69
TRANS005520,ACC05520,Debit,784.3
TRANS005521,ACC05521,Debit,4472.6
TRANS005522,ACC05522,Credit,3195.84
TRANS005523,ACC05523,Debit,890.1
TRANS005524,ACC05524,Debit,317.75
TRANS005525,ACC05525,Debit,4623.45
TRANS005526,ACC05526,Debit,2921.52
TRANS005527,ACC05527,Debit,2973.68
TRANS005528,ACC05528,Debit,1411.24
TRANS005529,ACC05529,Debit,1492.96
TRANS005530,ACC05530,Credit,3464.51
TRANS005531,ACC05531,Debit,3246.29
TRANS005532,ACC05532,Debit,4008.16
TRANS005533,ACC05533,Credit,779.69
TRANS005534,ACC05534,Credit,623.21
TRANS005535,ACC05535,Credit,4379.55
TRANS005536,ACC05536,Debit,1440.6
TRANS005537,ACC05537,Debit,2336.31
TRANS005538,ACC05538,Debit,2185.81
TRANS005539,ACC05539,Debit,1398.55
TRANS005540,ACC05540,Debit,588.91
TRANS005541,ACC05541,Debit,3650.51
TRANS005542,ACC05542,Debit,2556.0
TRANS005543,ACC05543,Debit,4404.29
TRANS005544,ACC05544,Credit,2550.06
TRANS005545,ACC05545,Debit,3226.42
TRANS005546,ACC05546,Credit,3541.93
TRANS005547,ACC05547,Credit,47.04
TRANS005548,ACC05548,Credit,1928.27
TRANS005549,ACC05549,Debit,4615.3
TRANS005550,ACC05550,Debit,3403.89
TRANS005551,ACC05551,Credit,1395.78
TRANS005552,ACC05552,Credit,3227.91
TRANS005553,ACC05553,Credit,2806.75
TRANS005554,ACC05554,Credit,2799.72
TRANS005555,ACC05555,Credit,717.15
TRANS005556,ACC05556,Debit,3966.95
TRANS005557,ACC05557,Credit,4005.0
TRANS005558,ACC05558,Credit,4979.24
TRANS005559,ACC05559,Debit,2252.13
TRANS005560,ACC05560,Credit,2689.06
TRANS005561,ACC05561,Debit,2930.35
TRANS005562,ACC05562,Credit,3504.38
TRANS005563,ACC05563,Debit,3587.08
TRANS005564,ACC05564,Credit,1204.94
TRANS005565,ACC05565,Credit,4869.73
TRANS005566,ACC05566,Credit,4507.57
TRANS005567,ACC05567,Credit,1487.15
TRANS005568,ACC05568,Credit,738.58
TRANS005569,ACC05569,Debit,4225.02
TRANS005570,ACC05570,Credit,2077.45
TRANS005571,ACC05571,Credit,2978.86
TRANS005572,ACC05572,Credit,2090.14
TRANS005573,ACC05573,Credit,4478.11
TRANS005574,ACC05574,Debit,655.58
TRANS005575,ACC05575,Debit,4544.66
TRANS005576,ACC05576,Debit,3686.17
TRANS005577,ACC05577,Debit,4611.53
TRANS005578,ACC05578,Credit,714.11
TRANS005579,ACC05579,Credit,42.13
TRANS005580,ACC05580,Debit,3492.97
TRANS005581,ACC05581,Credit,2393.76
TRANS005582,ACC05582,Debit,2493.27
TRANS005583,ACC05583,Debit,1378.1
TRANS005584,ACC05584,Credit,3025.79
TRANS005585,ACC05585,Credit,3301.9
TRANS005586,ACC05586,Debit,2688.25
TRANS005587,ACC05587,Debit,4030.18
TRANS005588,ACC05588,Credit,1200.06
TRANS005589,ACC05589,Debit,4061.83
TRANS005590,ACC05590,Debit,3778.76
TRANS005591,ACC05591,Debit,4921.71
TRANS005592,ACC05592,Credit,34.9
TRANS005593,ACC05593,Credit,3959.31
TRANS005594,ACC05594,Credit,3040.82
TRANS005595,ACC05595,Credit,1908.39
TRANS005596,ACC05596,Debit,4837.42
TRANS005597,ACC05597,Debit,2684.11
TRANS005598,ACC05598,Debit,3206.79
TRANS005599,ACC05599,Debit,4964.52
TRANS005600,ACC05600,Debit,1066.45
TRANS005601,ACC05601,Debit,1896.07
TRANS005602,ACC05602,Credit,4356.88
TRANS005603,ACC05603,Credit,3648.03
TRANS005604,ACC05604,Credit,3381.37
TRANS005605,ACC05605,Credit,2351.06
TRANS005606,ACC05606,Credit,1477.0
TRANS005607,ACC05607,Credit,2384.21
TRANS005608,ACC05608,Credit,171.98
TRANS005609,ACC05609,Debit,2976.72
TRANS005610,ACC05610,Credit,4422.39
TRANS005611,ACC05611,Credit,346.2
TRANS005612,ACC05612,Debit,3008.26
TRANS005613,ACC05613,Credit,1535.95
TRANS005614,ACC05614,Credit,1866.75
TRANS005615,ACC05615,Credit,4781.04
TRANS005616,ACC05616,Credit,1346.45
TRANS005617,ACC05617,Credit,2966.09
TRANS005618,ACC05618,Debit,3965.89
TRANS005619,ACC05619,Debit,3944.7
TRANS005620,ACC05620,Debit,2254.85
TRANS005621,ACC05621,Debit,1274.62
TRANS005622,ACC05622,Credit,467.37
TRANS005623,ACC05623,Credit,18.87
TRANS005624,ACC05624,Debit,1326.88
TRANS005625,ACC05625,Debit,3451.86
TRANS005626,ACC05626,Debit,4766.48
TRANS005627,ACC05627,Credit,2317.28
TRANS005628,ACC05628,Credit,4315.59
TRANS005629,ACC05629,Credit,1074.23
TRANS005630,ACC05630,Debit,2663.65
TRANS005631,ACC05631,Debit,737.25
TRANS005632,ACC05632,Credit,530.75
TRANS005633,ACC05633,Debit,4145.28
TRANS005634,ACC05634,Credit,2149.37
TRANS005635,ACC05635,Credit,378.67
TRANS005636,ACC05636,Debit,3266.79
TRANS005637,ACC05637,Credit,4685.45
TRANS005638,ACC05638,Debit,371.71
TRANS005639,ACC05639,Debit,121.08
TRANS005640,ACC05640,Credit,3748.35
TRANS005641,ACC05641,Credit,1048.01
TRANS005642,ACC05642,Credit,4199.92
TRANS005643,ACC05643,Credit,2321.42
TRANS005644,ACC05644,Credit,3817.9
TRANS005645,ACC05645,Debit,852.63
TRANS005646,ACC05646,Credit,1810.08
TRANS005647,ACC05647,Credit,539.95
TRANS005648,ACC05648,Debit,846.96
TRANS005649,ACC05649,Debit,585.38
TRANS005650,ACC05650,Debit,3656.82
TRANS005651,ACC05651,Credit,2645.71
TRANS005652,ACC05652,Debit,1117.12
TRANS005653,ACC05653,Debit,2507.94
TRANS005654,ACC05654,Debit,3987.92
TRANS005655,ACC05655,Debit,3398.97
TRANS005656,ACC05656,Credit,855.33
TRANS005657,ACC05657,Credit,107.16
TRANS005658,ACC05658,Debit,434.86
TRANS005659,ACC05659,Credit,4210.76
TRANS005660,ACC05660,Debit,4932.56
TRANS005661,ACC05661,Debit,4384.08
TRANS005662,ACC05662,Debit,4674.02
TRANS005663,ACC05663,Credit,89.61
TRANS005664,ACC05664,Debit,3711.12
TRANS005665,ACC05665,Credit,1348.99
TRANS005666,ACC05666,Credit,4416.0
TRANS005667,ACC05667,Credit,1309.64
TRANS005668,ACC05668,Credit,367.83
TRANS005669,ACC05669,Credit,3002.13
TRANS005670,ACC05670,Credit,1534.0
TRANS005671,ACC05671,Debit,3944.18
TRANS005672,ACC05672,Credit,3301.26
TRANS005673,ACC05673,Debit,4230.06
TRANS005674,ACC05674,Debit,3142.07
TRANS005675,ACC05675,Debit,455.57
TRANS005676,ACC05676,Credit,1228.99
TRANS005677,ACC05677,Credit,1990.92
TRANS005678,ACC05678,Credit,489.74
TRANS005679,ACC05679,Credit,3877.8
TRANS005680,ACC05680,Credit,2458.37
TRANS005681,ACC05681,Debit,4785.38
TRANS005682,ACC05682,Debit,1288.63
TRANS005683,ACC05683,Credit,2140.12
TRANS005684,ACC05684,Credit,3114.14
TRANS005685,ACC05685,Credit,3113.18
TRANS005686,ACC05686,Debit,4511.88
TRANS005687,ACC05687,Credit,2729.83
TRANS005688,ACC05688,Debit,2952.69
TRANS005689,ACC05689,Debit,4883.82
TRANS005690,ACC05690,Debit,3326.93
TRANS005691,ACC05691,Credit,3665.21
TRANS005692,ACC05692,Debit,2594.53
TRANS005693,ACC05693,Credit,1814.85
TRANS005694,ACC05694,Credit,4489.47
TRANS005695,ACC05695,Credit,3466.49
TRANS005696,ACC05696,Debit,3060.98
TRANS005697,ACC05697,Credit,2155.84
TRANS005698,ACC05698,Credit,1084.42
TRANS005699,ACC05699,Credit,1991.09
TRANS005700,ACC05700,Debit,4884.29
TRANS005701,ACC05701,Debit,3455.3
TRANS005702,ACC05702,Debit,4690.84
TRANS005703,ACC05703,Debit,4641.93
TRANS005704,ACC05704,Credit,4855.25
TRANS005705,ACC05705,Credit,4624.35
TRANS005706,ACC05706,Debit,895.91
TRANS005707,ACC05707,Credit,750.41
TRANS005708,ACC05708,Debit,903.76
TRANS005709,ACC05709,Debit,78.61
TRANS005710,ACC05710,Credit,1026.04
TRANS005711,ACC05711,Debit,2654.27
TRANS005712,ACC05712,Debit,1761.52
TRANS005713,ACC05713,Debit,2953.67
TRANS005714,ACC05714,Credit,480.32
TRANS005715,ACC05715,Credit,702.89
TRANS005716,ACC05716,Debit,4020.16
TRANS005717,ACC05717,Debit,1115.78
TRANS005718,ACC05718,Credit,4868.12
TRANS005719,ACC05719,Debit,1780.87
TRANS005720,ACC05720,Credit,2496.55
TRANS005721,ACC05721,Credit,1252.14
TRANS005722,ACC05722,Debit,4050.24
TRANS005723,ACC05723,Credit,887.45
TRANS005724,ACC05724,Debit,2275.81
TRANS005725,ACC05725,Debit,922.87
TRANS005726,ACC05726,Credit,2524.14
TRANS005727,ACC05727,Credit,1973.8
TRANS005728,ACC05728,Credit,1940.71
TRANS005729,ACC05729,Credit,3940.32
TRANS005730,ACC05730,Debit,2463.17
TRANS005731,ACC05731,Credit,4466.64
TRANS005732,ACC05732,Debit,4472.63
TRANS005733,ACC05733,Credit,216.4
TRANS005734,ACC05734,Credit,867.71
TRANS005735,ACC05735,Debit,3484.1
TRANS005736,ACC05736,Debit,4355.8
TRANS005737,ACC05737,Debit,2584.53
TRANS005738,ACC05738,Debit,358.74
TRANS005739,ACC05739,Debit,2955.3
TRANS005740,ACC05740,Debit,4815.8
TRANS005741,ACC05741,Credit,2272.1
TRANS005742,ACC05742,Credit,2488.32
TRANS005743,ACC05743,Debit,4069.6
TRANS005744,ACC05744,Debit,3802.94
TRANS005745,ACC05745,Credit,1510.21
TRANS005746,ACC05746,Debit,402.18
TRANS005747,ACC05747,Credit,4494.44
TRANS005748,ACC05748,Credit,4366.92
TRANS005749,ACC05749,Credit,3373.93
TRANS005750,ACC05750,Debit,4393.96
TRANS005751,ACC05751,Debit,578.99
TRANS005752,ACC05752,Credit,4786.07
TRANS005753,ACC05753,Credit,2843.97
TRANS005754,ACC05754,Credit,4112.22
TRANS005755,ACC05755,Credit,3367.08
TRANS005756,ACC05756,Debit,1344.81
TRANS005757,ACC05757,Credit,1542.25
TRANS005758,ACC05758,Debit,3113.98
TRANS005759,ACC05759,Credit,3553.25
TRANS005760,ACC05760,Credit,946.47
TRANS005761,ACC05761,Credit,245.09
TRANS005762,ACC05762,Credit,25.22
TRANS005763,ACC05763,Credit,1954.74
TRANS005764,ACC05764,Credit,392.7
TRANS005765,ACC05765,Debit,150.25
TRANS005766,ACC05766,Debit,4553.46
TRANS005767,ACC05767,Debit,3237.3
TRANS005768,ACC05768,Credit,2030.29
TRANS005769,ACC05769,Debit,2558.68
TRANS005770,ACC05770,Debit,2797.75
TRANS005771,ACC05771,Debit,530.05
TRANS005772,ACC05772,Credit,3164.3
TRANS005773,ACC05773,Credit,2515.36
TRANS005774,ACC05774,Credit,663.28
TRANS005775,ACC05775,Credit,3861.99
TRANS005776,ACC05776,Debit,560.54
TRANS005777,ACC05777,Credit,2159.19
TRANS005778,ACC05778,Credit,2887.01
TRANS005779,ACC05779,Credit,645.56
TRANS005780,ACC05780,Credit,3977.34
TRANS005781,ACC05781,Debit,946.21
TRANS005782,ACC05782,Debit,4350.72
TRANS005783,ACC05783,Credit,3976.45
TRANS005784,ACC05784,Credit,2789.73
TRANS005785,ACC05785,Debit,1873.5
TRANS005786,ACC05786,Credit,406.67
TRANS005787,ACC05787,Credit,882.25
TRANS005788,ACC05788,Credit,517.21
TRANS005789,ACC05789,Credit,3564.85
TRANS005790,ACC05790,Debit,2509.5
TRANS005791,ACC05791,Credit,482.19
TRANS005792,ACC05792,Debit,4421.13
TRANS005793,ACC05793,Credit,3511.75
TRANS005794,ACC05794,Credit,3377.59
TRANS005795,ACC05795,Debit,2771.23
TRANS005796,ACC05796,Debit,642.5
TRANS005797,ACC05797,Debit,4999.41
TRANS005798,ACC05798,Credit,1767.43
TRANS005799,ACC05799,Debit,2720.76
TRANS005800,ACC05800,Credit,1689.87
TRANS005801,ACC05801,Debit,3149.16
TRANS005802,ACC05802,Debit,256.83
TRANS005803,ACC05803,Credit,2996.66
TRANS005804,ACC05804,Credit,1155.63
TRANS005805,ACC05805,Credit,3084.1
TRANS005806,ACC05806,Credit,3397.03
TRANS005807,ACC05807,Credit,157.0
TRANS005808,ACC05808,Debit,1321.91
TRANS005809,ACC05809,Credit,760.98
TRANS005810,ACC05810,Credit,2343.83
TRANS005811,ACC05811,Credit,2657.98
TRANS005812,ACC05812,Credit,2056.48
TRANS005813,ACC05813,Credit,630.51
TRANS005814,ACC05814,Credit,2870.49
TRANS005815,ACC05815,Debit,3187.51
TRANS005816,ACC05816,Credit,4004.63
TRANS005817,ACC05817,Debit,779.5
TRANS005818,ACC05818,Debit,2023.11
TRANS005819,ACC05819,Debit,1413.23
TRANS005820,ACC05820,Debit,1262.34
TRANS005821,ACC05821,Credit,4875.75
TRANS005822,ACC05822,Debit,3213.1
TRANS005823,ACC05823,Credit,389.92
TRANS005824,ACC05824,Credit,2007.63
TRANS005825,ACC05825,Credit,449.85
TRANS005826,ACC05826,Credit,29.01
TRANS005827,ACC05827,Debit,519.52
TRANS005828,ACC05828,Credit,347.65
TRANS005829,ACC05829,Debit,3012.85
TRANS005830,ACC05830,Credit,3726.12
TRANS005831,ACC05831,Debit,1965.82
TRANS005832,ACC05832,Debit,3201.0
TRANS005833,ACC05833,Credit,622.14
TRANS005834,ACC05834,Credit,2641.93
TRANS005835,ACC05835,Credit,2306.03
TRANS005836,ACC05836,Debit,1923.86
TRANS005837,ACC05837,Credit,1486.47
TRANS005838,ACC05838,Credit,2359.98
TRANS005839,ACC05839,Debit,3646.51
TRANS005840,ACC05840,Credit,1256.45
TRANS005841,ACC05841,Debit,423.82
TRANS005842,ACC05842,Debit,4070.95
TRANS005843,ACC05843,Debit,263.29
TRANS005844,ACC05844,Debit,662.48
TRANS005845,ACC05845,Credit,277.16
TRANS005846,ACC05846,Credit,2078.69
TRANS005847,ACC05847,Credit,31.58
TRANS005848,ACC05848,Debit,1779.94
TRANS005849,ACC05849,Debit,2077.55
TRANS005850,ACC05850,Debit,3100.58
TRANS005851,ACC05851,Debit,4572.03
TRANS005852,ACC05852,Credit,3744.48
TRANS005853,ACC05853,Credit,2074.52
TRANS005854,ACC05854,Debit,2350.94
TRANS005855,ACC05855,Credit,4693.36
TRANS005856,ACC05856,Debit,1742.74
TRANS005857,ACC05857,Debit,1943.12
TRANS005858,ACC05858,Credit,2771.82
TRANS005859,ACC05859,Credit,953.46
TRANS005860,ACC05860,Debit,2316.43
TRANS005861,ACC05861,Debit,2906.2
TRANS005862,ACC05862,Credit,4851.15
TRANS005863,ACC05863,Credit,3103.83
TRANS005864,ACC05864,Debit,1919.06
TRANS005865,ACC05865,Credit,2266.87
TRANS005866,ACC05866,Debit,1790.4
TRANS005867,ACC05867,Credit,2875.56
TRANS005868,ACC05868,Credit,3358.16
TRANS005869,ACC05869,Credit,2975.99
TRANS005870,ACC05870,Credit,4519.66
TRANS005871,ACC05871,Credit,2602.65
TRANS005872,ACC05872,Debit,4587.95
TRANS005873,ACC05873,Debit,4716.42
TRANS005874,ACC05874,Credit,4975.24
TRANS005875,ACC05875,Credit,4761.88
TRANS005876,ACC05876,Credit,879.78
TRANS005877,ACC05877,Debit,3847.03
TRANS005878,ACC05878,Credit,4481.58
TRANS005879,ACC05879,Debit,3170.63
TRANS005880,ACC05880,Credit,2880.3
TRANS005881,ACC05881,Credit,2980.34
TRANS005882,ACC05882,Credit,1847.1
TRANS005883,ACC05883,Debit,626.13
TRANS005884,ACC05884,Credit,1308.95
TRANS005885,ACC05885,Debit,2512.94
TRANS005886,ACC05886,Debit,3005.42
TRANS005887,ACC05887,Credit,4149.84
TRANS005888,ACC05888,Credit,4017.48
TRANS005889,ACC05889,Credit,1176.32
TRANS005890,ACC05890,Debit,890.13
TRANS005891,ACC05891,Credit,4582.27
TRANS005892,ACC05892,Credit,4026.38
TRANS005893,ACC05893,Credit,4139.57
TRANS005894,ACC05894,Debit,3001.7
TRANS005895,ACC05895,Debit,4929.17
TRANS005896,ACC05896,Credit,3902.41
TRANS005897,ACC05897,Debit,2433.0
TRANS005898,ACC05898,Debit,3220.53
TRANS005899,ACC05899,Debit,1337.91
TRANS005900,ACC05900,Credit,1734.6
TRANS005901,ACC05901,Debit,1094.13
TRANS005902,ACC05902,Credit,3298.08
TRANS005903,ACC05903,Credit,1976.4
TRANS005904,ACC05904,Debit,4240.6
TRANS005905,ACC05905,Credit,3860.85
TRANS005906,ACC05906,Debit,3899.1
TRANS005907,ACC05907,Debit,2806.85
TRANS005908,ACC05908,Debit,2112.01
TRANS005909,ACC05909,Debit,2504.33
TRANS005910,ACC05910,Debit,2933.33
TRANS005911,ACC05911,Debit,2203.18
TRANS005912,ACC05912,Debit,3237.32
TRANS005913,ACC05913,Credit,2491.21
TRANS005914,ACC05914,Credit,2310.1
TRANS005915,ACC05915,Credit,2808.52
TRANS005916,ACC05916,Debit,3382.86
TRANS005917,ACC05917,Credit,1476.23
TRANS005918,ACC05918,Debit,2439.34
TRANS005919,ACC05919,Debit,1311.3
TRANS005920,ACC05920,Debit,342.8
TRANS005921,ACC05921,Credit,460.62
TRANS005922,ACC05922,Credit,1381.15
TRANS005923,ACC05923,Credit,3570.35
TRANS005924,ACC05924,Debit,4927.66
TRANS005925,ACC05925,Credit,1056.35
TRANS005926,ACC05926,Credit,1012.29
TRANS005927,ACC05927,Debit,631.69
TRANS005928,ACC05928,Credit,1044.26
TRANS005929,ACC05929,Debit,4092.56
TRANS005930,ACC05930,Debit,4125.38
TRANS005931,ACC05931,Credit,505.29
TRANS005932,ACC05932,Debit,1374.71
TRANS005933,ACC05933,Credit,2140.3
TRANS005934,ACC05934,Debit,3639.31
TRANS005935,ACC05935,Debit,4461.27
TRANS005936,ACC05936,Debit,4039.14
TRANS005937,ACC05937,Debit,3092.5
TRANS005938,ACC05938,Credit,4988.45
TRANS005939,ACC05939,Credit,431.19
TRANS005940,ACC05940,Debit,3433.25
TRANS005941,ACC05941,Credit,290.6
TRANS005942,ACC05942,Debit,3011.54
TRANS005943,ACC05943,Credit,2001.52
TRANS005944,ACC05944,Credit,106.28
TRANS005945,ACC05945,Credit,1131.06
TRANS005946,ACC05946,Credit,3894.42
TRANS005947,ACC05947,Credit,2997.55
TRANS005948,ACC05948,Debit,774.86
TRANS005949,ACC05949,Credit,1847.68
TRANS005950,ACC05950,Debit,869.08
TRANS005951,ACC05951,Credit,3313.85
TRANS005952,ACC05952,Debit,2069.54
TRANS005953,ACC05953,Credit,1922.67
TRANS005954,ACC05954,Debit,3552.72
TRANS005955,ACC05955,Credit,3059.44
TRANS005956,ACC05956,Debit,2694.45
TRANS005957,ACC05957,Credit,2292.45
TRANS005958,ACC05958,Credit,3893.47
TRANS005959,ACC05959,Credit,30.37
TRANS005960,ACC05960,Debit,3483.72
TRANS005961,ACC05961,Debit,946.24
TRANS005962,ACC05962,Debit,4976.54
TRANS005963,ACC05963,Credit,146.46
TRANS005964,ACC05964,Debit,2088.66
TRANS005965,ACC05965,Credit,4752.88
TRANS005966,ACC05966,Debit,3526.3
TRANS005967,ACC05967,Debit,2299.38
TRANS005968,ACC05968,Debit,1183.21
TRANS005969,ACC05969,Credit,4868.27
TRANS005970,ACC05970,Credit,664.74
TRANS005971,ACC05971,Debit,2391.9
TRANS005972,ACC05972,Credit,2600.21
TRANS005973,ACC05973,Debit,1182.63
TRANS005974,ACC05974,Credit,1829.9
TRANS005975,ACC05975,Debit,1231.71
TRANS005976,ACC05976,Debit,4581.59
TRANS005977,ACC05977,Credit,3816.35
TRANS005978,ACC05978,Credit,2168.98
TRANS005979,ACC05979,Credit,3936.25
TRANS005980,ACC05980,Debit,3664.95
TRANS005981,ACC05981,Credit,4025.31
TRANS005982,ACC05982,Debit,4419.83
TRANS005983,ACC05983,Debit,3672.32
TRANS005984,ACC05984,Credit,3840.75
TRANS005985,ACC05985,Credit,3163.99
TRANS005986,ACC05986,Credit,1693.75
TRANS005987,ACC05987,Credit,3001.11
TRANS005988,ACC05988,Debit,3819.65
TRANS005989,ACC05989,Credit,2889.83
TRANS005990,ACC05990,Credit,92.42
TRANS005991,ACC05991,Credit,284.62
TRANS005992,ACC05992,Debit,2042.86
TRANS005993,ACC05993,Debit,591.46
TRANS005994,ACC05994,Debit,4886.4
TRANS005995,ACC05995,Credit,484.52
TRANS005996,ACC05996,Credit,3668.08
TRANS005997,ACC05997,Credit,596.78
TRANS005998,ACC05998,Credit,2169.92
TRANS005999,ACC05999,Debit,4087.3
TRANS006000,ACC06000,Debit,2270.31
TRANS006001,ACC06001,Credit,3346.25
TRANS006002,ACC06002,Debit,2191.96
TRANS006003,ACC06003,Credit,1201.2
TRANS006004,ACC06004,Debit,3798.19
TRANS006005,ACC06005,Credit,982.88
TRANS006006,ACC06006,Debit,3516.22
TRANS006007,ACC06007,Debit,399.23
TRANS006008,ACC06008,Debit,2379.52
TRANS006009,ACC06009,Debit,2329.85
TRANS006010,ACC06010,Debit,1113.38
TRANS006011,ACC06011,Credit,21.94
TRANS006012,ACC06012,Debit,2372.64
TRANS006013,ACC06013,Credit,3348.58
TRANS006014,ACC06014,Credit,3096.05
TRANS006015,ACC06015,Credit,1023.16
TRANS006016,ACC06016,Credit,375.11
TRANS006017,ACC06017,Debit,1071.22
TRANS006018,ACC06018,Credit,189.02
TRANS006019,ACC06019,Credit,3213.69
TRANS006020,ACC06020,Debit,3759.14
TRANS006021,ACC06021,Debit,3918.91
TRANS006022,ACC06022,Debit,569.63
TRANS006023,ACC06023,Credit,4702.08
TRANS006024,ACC06024,Credit,2925.14
TRANS006025,ACC06025,Debit,884.54
TRANS006026,ACC06026,Credit,3177.94
TRANS006027,ACC06027,Debit,4445.47
TRANS006028,ACC06028,Debit,1631.71
TRANS006029,ACC06029,Credit,4211.78
TRANS006030,ACC06030,Credit,3816.14
TRANS006031,ACC06031,Credit,1826.97
TRANS006032,ACC06032,Debit,2968.57
TRANS006033,ACC06033,Debit,777.54
TRANS006034,ACC06034,Debit,4159.34
TRANS006035,ACC06035,Credit,4904.89
TRANS006036,ACC06036,Credit,1439.44
TRANS006037,ACC06037,Credit,2685.71
TRANS006038,ACC06038,Debit,4093.32
TRANS006039,ACC06039,Debit,2161.63
TRANS006040,ACC06040,Debit,838.35
TRANS006041,ACC06041,Credit,3845.24
TRANS006042,ACC06042,Debit,1352.82
TRANS006043,ACC06043,Debit,1609.12
TRANS006044,ACC06044,Debit,386.78
TRANS006045,ACC06045,Credit,896.8
TRANS006046,ACC06046,Credit,3903.5
TRANS006047,ACC06047,Credit,341.04
TRANS006048,ACC06048,Debit,982.58
TRANS006049,ACC06049,Credit,458.11
TRANS006050,ACC06050,Credit,670.91
TRANS006051,ACC06051,Credit,3496.83
TRANS006052,ACC06052,Debit,3064.16
TRANS006053,ACC06053,Debit,112.22
TRANS006054,ACC06054,Debit,430.33
TRANS006055,ACC06055,Credit,3228.02
TRANS006056,ACC06056,Credit,4052.19
TRANS006057,ACC06057,Debit,2588.17
TRANS006058,ACC06058,Debit,4836.7
TRANS006059,ACC06059,Debit,4612.88
TRANS006060,ACC06060,Credit,4720.15
TRANS006061,ACC06061,Debit,3661.42
TRANS006062,ACC06062,Credit,3143.43
TRANS006063,ACC06063,Debit,271.29
TRANS006064,ACC06064,Debit,3327.79
TRANS006065,ACC06065,Credit,1371.39
TRANS006066,ACC06066,Debit,3708.61
TRANS006067,ACC06067,Debit,1554.0
TRANS006068,ACC06068,Debit,454.42
TRANS006069,ACC06069,Debit,3073.63
TRANS006070,ACC06070,Credit,3197.39
TRANS006071,ACC06071,Credit,575.12
TRANS006072,ACC06072,Credit,998.99
TRANS006073,ACC06073,Credit,1387.62
TRANS006074,ACC06074,Credit,3862.28
TRANS006075,ACC06075,Debit,1657.45
TRANS006076,ACC06076,Credit,4825.69
TRANS006077,ACC06077,Debit,4279.31
TRANS006078,ACC06078,Credit,1475.98
TRANS006079,ACC06079,Debit,3904.49
TRANS006080,ACC06080,Debit,4380.32
TRANS006081,ACC06081,Credit,2313.36
TRANS006082,ACC06082,Credit,3029.46
TRANS006083,ACC06083,Debit,1327.0
TRANS006084,ACC06084,Debit,3034.51
TRANS006085,ACC06085,Debit,2450.6
TRANS006086,ACC06086,Debit,3633.81
TRANS006087,ACC06087,Credit,2236.94
TRANS006088,ACC06088,Credit,2301.84
TRANS006089,ACC06089,Debit,1038.2
TRANS006090,ACC06090,Debit,3744.34
TRANS006091,ACC06091,Credit,241.63
TRANS006092,ACC06092,Credit,3834.49
TRANS006093,ACC06093,Credit,3533.85
TRANS006094,ACC06094,Debit,3477.82
TRANS006095,ACC06095,Credit,1760.44
TRANS006096,ACC06096,Credit,1082.77
TRANS006097,ACC06097,Debit,1858.37
TRANS006098,ACC06098,Debit,2951.65
TRANS006099,ACC06099,Credit,1443.97
TRANS006100,ACC06100,Credit,1595.91
TRANS006101,ACC06101,Credit,2960.24
TRANS006102,ACC06102,Debit,942.59
TRANS006103,ACC06103,Credit,2952.45
TRANS006104,ACC06104,Debit,3771.25
TRANS006105,ACC06105,Debit,3839.94
TRANS006106,ACC06106,Credit,2472.88
TRANS006107,ACC06107,Debit,861.24
TRANS006108,ACC06108,Credit,2131.47
TRANS006109,ACC06109,Debit,4142.13
TRANS006110,ACC06110,Debit,576.47
TRANS006111,ACC06111,Credit,1201.74
TRANS006112,ACC06112,Debit,235.85
TRANS006113,ACC06113,Credit,3633.84
TRANS006114,ACC06114,Debit,3898.43
TRANS006115,ACC06115,Debit,3633.36
TRANS006116,ACC06116,Credit,1822.84
TRANS006117,ACC06117,Credit,3817.79
TRANS006118,ACC06118,Credit,2832.61
TRANS006119,ACC06119,Credit,1846.8
TRANS006120,ACC06120,Debit,3273.85
TRANS006121,ACC06121,Debit,2707.74
TRANS006122,ACC06122,Credit,4394.1
TRANS006123,ACC06123,Credit,3076.49
TRANS006124,ACC06124,Debit,4175.35
TRANS006125,ACC06125,Credit,2975.76
TRANS006126,ACC06126,Debit,3348.31
TRANS006127,ACC06127,Credit,702.25
TRANS006128,ACC06128,Credit,2985.0
TRANS006129,ACC06129,Debit,986.34
TRANS006130,ACC06130,Credit,4107.71
TRANS006131,ACC06131,Debit,3110.1
TRANS006132,ACC06132,Debit,929.34
TRANS006133,ACC06133,Credit,715.83
TRANS006134,ACC06134,Debit,4603.35
TRANS006135,ACC06135,Debit,239.66
TRANS006136,ACC06136,Debit,4570.95
TRANS006137,ACC06137,Credit,1992.99
TRANS006138,ACC06138,Debit,1118.28
TRANS006139,ACC06139,Credit,3857.23
TRANS006140,ACC06140,Credit,3130.05
TRANS006141,ACC06141,Debit,2012.06
TRANS006142,ACC06142,Debit,3030.48
TRANS006143,ACC06143,Debit,154.86
TRANS006144,ACC06144,Debit,951.26
TRANS006145,ACC06145,Credit,688.99
TRANS006146,ACC06146,Credit,1146.43
TRANS006147,ACC06147,Debit,4824.99
TRANS006148,ACC06148,Debit,3712.38
TRANS006149,ACC06149,Credit,851.82
TRANS006150,ACC06150,Debit,763.87
TRANS006151,ACC06151,Debit,2755.85
TRANS006152,ACC06152,Credit,4513.4
TRANS006153,ACC06153,Debit,3563.86
TRANS006154,ACC06154,Debit,3758.34
TRANS006155,ACC06155,Credit,3037.35
TRANS006156,ACC06156,Credit,1129.43
TRANS006157,ACC06157,Credit,291.14
TRANS006158,ACC06158,Credit,2128.3
TRANS006159,ACC06159,Credit,1854.23
TRANS006160,ACC06160,Debit,721.78
TRANS006161,ACC06161,Credit,4291.24
TRANS006162,ACC06162,Credit,1889.57
TRANS006163,ACC06163,Debit,1549.97
TRANS006164,ACC06164,Debit,1685.34
TRANS006165,ACC06165,Debit,3743.99
TRANS006166,ACC06166,Credit,4673.26
TRANS006167,ACC06167,Credit,1249.47
TRANS006168,ACC06168,Debit,3432.14
TRANS006169,ACC06169,Credit,418.21
TRANS006170,ACC06170,Credit,563.03
TRANS006171,ACC06171,Credit,1683.88
TRANS006172,ACC06172,Debit,4809.29
TRANS006173,ACC06173,Credit,2265.8
TRANS006174,ACC06174,Debit,1766.76
TRANS006175,ACC06175,Credit,3098.65
TRANS006176,ACC06176,Debit,1117.56
TRANS006177,ACC06177,Credit,3138.64
TRANS006178,ACC06178,Credit,1928.23
TRANS006179,ACC06179,Debit,3701.18
TRANS006180,ACC06180,Debit,464.17
TRANS006181,ACC06181,Debit,1512.6
TRANS006182,ACC06182,Debit,584.6
TRANS006183,ACC06183,Debit,1142.51
TRANS006184,ACC06184,Debit,2174.45
TRANS006185,ACC06185,Credit,1016.15
TRANS006186,ACC06186,Credit,3127.1
TRANS006187,ACC06187,Debit,4349.87
TRANS006188,ACC06188,Credit,3558.27
TRANS006189,ACC06189,Credit,3909.02
TRANS006190,ACC06190,Credit,4106.19
TRANS006191,ACC06191,Credit,962.35
TRANS006192,ACC06192,Credit,41.03
TRANS006193,ACC06193,Credit,800.08
TRANS006194,ACC06194,Credit,4460.12
TRANS006195,ACC06195,Credit,3639.04
TRANS006196,ACC06196,Debit,3218.5
TRANS006197,ACC06197,Credit,2230.98
TRANS006198,ACC06198,Credit,1895.27
TRANS006199,ACC06199,Credit,184.07
TRANS006200,ACC06200,Debit,783.41
TRANS006201,ACC06201,Credit,4377.7
TRANS006202,ACC06202,Debit,3063.58
TRANS006203,ACC06203,Credit,2124.63
TRANS006204,ACC06204,Debit,2530.43
TRANS006205,ACC06205,Debit,4308.55
TRANS006206,ACC06206,Debit,718.25
TRANS006207,ACC06207,Debit,379.18
TRANS006208,ACC06208,Credit,924.8
TRANS006209,ACC06209,Credit,1546.19
TRANS006210,ACC06210,Debit,4580.52
TRANS006211,ACC06211,Credit,2943.2
TRANS006212,ACC06212,Debit,2301.92
TRANS006213,ACC06213,Credit,2852.78
TRANS006214,ACC06214,Credit,406.55
TRANS006215,ACC06215,Credit,1419.89
TRANS006216,ACC06216,Credit,3394.23
TRANS006217,ACC06217,Credit,1818.27
TRANS006218,ACC06218,Credit,698.45
TRANS006219,ACC06219,Debit,2469.67
TRANS006220,ACC06220,Debit,491.61
TRANS006221,ACC06221,Debit,4670.6
TRANS006222,ACC06222,Credit,3656.61
TRANS006223,ACC06223,Debit,359.78
TRANS006224,ACC06224,Credit,2538.84
TRANS006225,ACC06225,Debit,2660.88
TRANS006226,ACC06226,Credit,3907.76
TRANS006227,ACC06227,Credit,4510.35
TRANS006228,ACC06228,Debit,1813.92
TRANS006229,ACC06229,Debit,2037.53
TRANS006230,ACC06230,Credit,2703.63
TRANS006231,ACC06231,Debit,1570.87
TRANS006232,ACC06232,Debit,4702.16
TRANS006233,ACC06233,Credit,3627.91
TRANS006234,ACC06234,Debit,1729.54
TRANS006235,ACC06235,Debit,850.49
TRANS006236,ACC06236,Credit,1084.31
TRANS006237,ACC06237,Credit,1781.59
TRANS006238,ACC06238,Debit,2094.75
TRANS006239,ACC06239,Credit,3942.61
TRANS006240,ACC06240,Debit,3126.65
TRANS006241,ACC06241,Debit,3114.63
TRANS006242,ACC06242,Credit,4682.49
TRANS006243,ACC06243,Debit,2219.16
TRANS006244,ACC06244,Debit,2878.4
TRANS006245,ACC06245,Credit,92.09
TRANS006246,ACC06246,Debit,4070.29
TRANS006247,ACC06247,Credit,2917.73
TRANS006248,ACC06248,Credit,2636.63
TRANS006249,ACC06249,Credit,2507.22
TRANS006250,ACC06250,Debit,4261.87
TRANS006251,ACC06251,Credit,2880.54
TRANS006252,ACC06252,Credit,3762.19
TRANS006253,ACC06253,Debit,3863.59
TRANS006254,ACC06254,Credit,4181.97
TRANS006255,ACC06255,Debit,527.42
TRANS006256,ACC06256,Credit,2396.81
TRANS006257,ACC06257,Credit,311.32
TRANS006258,ACC06258,Credit,2532.71
TRANS006259,ACC06259,Debit,4503.85
TRANS006260,ACC06260,Debit,596.39
TRANS006261,ACC06261,Debit,3528.93
TRANS006262,ACC06262,Credit,1769.98
TRANS006263,ACC06263,Debit,4381.9
TRANS006264,ACC06264,Debit,724.98
TRANS006265,ACC06265,Credit,3150.01
TRANS006266,ACC06266,Debit,929.53
TRANS006267,ACC06267,Credit,4430.86
TRANS006268,ACC06268,Debit,3524.0
TRANS006269,ACC06269,Debit,1357.07
TRANS006270,ACC06270,Debit,295.59
TRANS006271,ACC06271,Credit,3717.57
TRANS006272,ACC06272,Credit,2464.95
TRANS006273,ACC06273,Debit,1962.43
TRANS006274,ACC06274,Debit,974.97
TRANS006275,ACC06275,Credit,2544.14
TRANS006276,ACC06276,Debit,2440.93
TRANS006277,ACC06277,Debit,2087.2
TRANS006278,ACC06278,Credit,660.63
TRANS006279,ACC06279,Credit,4558.13
TRANS006280,ACC06280,Credit,4392.92
TRANS006281,ACC06281,Credit,2935.5
TRANS006282,ACC06282,Debit,809.89
TRANS006283,ACC06283,Debit,2016.56
TRANS006284,ACC06284,Credit,4627.07
TRANS006285,ACC06285,Credit,4547.77
TRANS006286,ACC06286,Debit,2331.87
TRANS006287,ACC06287,Debit,1885.52
TRANS006288,ACC06288,Credit,2777.27
TRANS006289,ACC06289,Debit,1226.17
TRANS006290,ACC06290,Credit,2853.7
TRANS006291,ACC06291,Debit,3762.62
TRANS006292,ACC06292,Debit,4830.89
TRANS006293,ACC06293,Credit,2977.76
TRANS006294,ACC06294,Credit,1294.69
TRANS006295,ACC06295,Debit,4703.99
TRANS006296,ACC06296,Credit,3935.13
TRANS006297,ACC06297,Credit,1884.18
TRANS006298,ACC06298,Credit,3680.71
TRANS006299,ACC06299,Credit,1862.88
TRANS006300,ACC06300,Debit,588.59
TRANS006301,ACC06301,Credit,1983.8
TRANS006302,ACC06302,Credit,1012.96
TRANS006303,ACC06303,Credit,4575.97
TRANS006304,ACC06304,Debit,1018.42
TRANS006305,ACC06305,Debit,2337.75
TRANS006306,ACC06306,Debit,620.76
TRANS006307,ACC06307,Debit,702.81
TRANS006308,ACC06308,Debit,2722.61
TRANS006309,ACC06309,Debit,2046.17
TRANS006310,ACC06310,Debit,4771.93
TRANS006311,ACC06311,Credit,3817.19
TRANS006312,ACC06312,Debit,337.93
TRANS006313,ACC06313,Credit,3029.08
TRANS006314,ACC06314,Debit,400.87
TRANS006315,ACC06315,Credit,3615.12
TRANS006316,ACC06316,Debit,488.4
TRANS006317,ACC06317,Debit,1784.18
TRANS006318,ACC06318,Credit,2415.51
TRANS006319,ACC06319,Debit,1160.72
TRANS006320,ACC06320,Debit,2617.9
TRANS006321,ACC06321,Credit,1036.19
TRANS006322,ACC06322,Debit,3382.34
TRANS006323,ACC06323,Debit,2406.05
TRANS006324,ACC06324,Credit,3285.38
TRANS006325,ACC06325,Debit,3742.77
TRANS006326,ACC06326,Credit,2983.58
TRANS006327,ACC06327,Credit,2615.5
TRANS006328,ACC06328,Debit,2536.12
TRANS006329,ACC06329,Credit,1146.2
TRANS006330,ACC06330,Debit,968.87
TRANS006331,ACC06331,Credit,4639.33
TRANS006332,ACC06332,Debit,4185.25
TRANS006333,ACC06333,Debit,794.87
TRANS006334,ACC06334,Credit,4606.91
TRANS006335,ACC06335,Debit,4074.64
TRANS006336,ACC06336,Credit,674.31
TRANS006337,ACC06337,Credit,1143.24
TRANS006338,ACC06338,Debit,471.09
TRANS006339,ACC06339,Debit,3626.08
TRANS006340,ACC06340,Credit,4320.58
TRANS006341,ACC06341,Credit,4794.92
TRANS006342,ACC06342,Debit,427.05
TRANS006343,ACC06343,Debit,2092.39
TRANS006344,ACC06344,Credit,1207.78
TRANS006345,ACC06345,Credit,4766.7
TRANS006346,ACC06346,Debit,3609.3
TRANS006347,ACC06347,Debit,665.54
TRANS006348,ACC06348,Credit,219.56
TRANS006349,ACC06349,Credit,3214.51
TRANS006350,ACC06350,Debit,1274.1
TRANS006351,ACC06351,Credit,1220.14
TRANS006352,ACC06352,Credit,973.69
TRANS006353,ACC06353,Credit,3587.21
TRANS006354,ACC06354,Debit,4475.62
TRANS006355,ACC06355,Credit,1567.26
TRANS006356,ACC06356,Credit,3148.11
TRANS006357,ACC06357,Debit,4331.45
TRANS006358,ACC06358,Credit,766.83
TRANS006359,ACC06359,Credit,2269.39
TRANS006360,ACC06360,Debit,1649.35
TRANS006361,ACC06361,Credit,1204.72
TRANS006362,ACC06362,Credit,2460.33
TRANS006363,ACC06363,Debit,3080.32
TRANS006364,ACC06364,Debit,1044.79
TRANS006365,ACC06365,Debit,2856.74
TRANS006366,ACC06366,Credit,4856.75
TRANS006367,ACC06367,Debit,785.48
TRANS006368,ACC06368,Debit,2334.15
TRANS006369,ACC06369,Debit,3684.91
TRANS006370,ACC06370,Debit,3688.74
TRANS006371,ACC06371,Credit,4370.36
TRANS006372,ACC06372,Credit,1980.23
TRANS006373,ACC06373,Credit,3937.91
TRANS006374,ACC06374,Credit,3647.5
TRANS006375,ACC06375,Debit,4834.13
TRANS006376,ACC06376,Debit,4838.08
TRANS006377,ACC06377,Credit,3550.17
TRANS006378,ACC06378,Credit,4735.21
TRANS006379,ACC06379,Credit,4103.11
TRANS006380,ACC06380,Credit,4408.26
TRANS006381,ACC06381,Credit,2992.0
TRANS006382,ACC06382,Debit,2267.09
TRANS006383,ACC06383,Credit,509.51
TRANS006384,ACC06384,Credit,3169.93
TRANS006385,ACC06385,Credit,2233.5
TRANS006386,ACC06386,Credit,1885.12
TRANS006387,ACC06387,Credit,2579.2
TRANS006388,ACC06388,Credit,671.18
TRANS006389,ACC06389,Credit,4144.33
TRANS006390,ACC06390,Credit,2776.47
TRANS006391,ACC06391,Debit,3717.13
TRANS006392,ACC06392,Debit,1936.93
TRANS006393,ACC06393,Credit,2080.83
TRANS006394,ACC06394,Credit,2987.07
TRANS006395,ACC06395,Debit,1473.44
TRANS006396,ACC06396,Credit,2985.65
TRANS006397,ACC06397,Credit,4384.43
TRANS006398,ACC06398,Debit,3644.68
TRANS006399,ACC06399,Credit,2036.34
TRANS006400,ACC06400,Debit,684.3
TRANS006401,ACC06401,Credit,442.55
TRANS006402,ACC06402,Credit,462.18
TRANS006403,ACC06403,Debit,1629.31
TRANS006404,ACC06404,Debit,2733.9
TRANS006405,ACC06405,Credit,1340.68
TRANS006406,ACC06406,Credit,706.68
TRANS006407,ACC06407,Debit,859.19
TRANS006408,ACC06408,Debit,1204.42
TRANS006409,ACC06409,Debit,1546.27
TRANS006410,ACC06410,Debit,3516.59
TRANS006411,ACC06411,Debit,487.33
TRANS006412,ACC06412,Credit,579.53
TRANS006413,ACC06413,Credit,2338.92
TRANS006414,ACC06414,Credit,1617.75
TRANS006415,ACC06415,Debit,2999.23
TRANS006416,ACC06416,Credit,2618.03
TRANS006417,ACC06417,Credit,1967.16
TRANS006418,ACC06418,Debit,1188.46
TRANS006419,ACC06419,Debit,2115.64
TRANS006420,ACC06420,Credit,3571.41
TRANS006421,ACC06421,Credit,3057.65
TRANS006422,ACC06422,Debit,4373.46
TRANS006423,ACC06423,Credit,4613.91
TRANS006424,ACC06424,Credit,1426.92
TRANS006425,ACC06425,Credit,3207.34
TRANS006426,ACC06426,Credit,94.82
TRANS006427,ACC06427,Credit,572.93
TRANS006428,ACC06428,Credit,626.57
TRANS006429,ACC06429,Credit,2232.11
TRANS006430,ACC06430,Credit,1721.74
TRANS006431,ACC06431,Debit,446.43
TRANS006432,ACC06432,Credit,4878.56
TRANS006433,ACC06433,Credit,358.35
TRANS006434,ACC06434,Debit,1803.62
TRANS006435,ACC06435,Debit,4725.58
TRANS006436,ACC06436,Debit,2859.12
TRANS006437,ACC06437,Debit,762.27
TRANS006438,ACC06438,Credit,1964.67
TRANS006439,ACC06439,Debit,1520.14
TRANS006440,ACC06440,Credit,3545.57
TRANS006441,ACC06441,Credit,2067.34
TRANS006442,ACC06442,Credit,4658.75
TRANS006443,ACC06443,Debit,3029.97
TRANS006444,ACC06444,Debit,517.95
TRANS006445,ACC06445,Credit,1904.96
TRANS006446,ACC06446,Debit,1182.29
TRANS006447,ACC06447,Debit,1691.32
TRANS006448,ACC06448,Debit,247.48
TRANS006449,ACC06449,Credit,4911.18
TRANS006450,ACC06450,Debit,3111.57
TRANS006451,ACC06451,Credit,2692.04
TRANS006452,ACC06452,Credit,13.52
TRANS006453,ACC06453,Debit,2614.19
TRANS006454,ACC06454,Debit,1640.2
TRANS006455,ACC06455,Credit,1146.78
TRANS006456,ACC06456,Debit,685.5
TRANS006457,ACC06457,Debit,1747.13
TRANS006458,ACC06458,Credit,4176.37
TRANS006459,ACC06459,Credit,1042.36
TRANS006460,ACC06460,Debit,4683.35
TRANS006461,ACC06461,Debit,3948.32
TRANS006462,ACC06462,Credit,3302.29
TRANS006463,ACC06463,Debit,271.7
TRANS006464,ACC06464,Debit,85.13
TRANS006465,ACC06465,Credit,2265.61
TRANS006466,ACC06466,Credit,1225.61
TRANS006467,ACC06467,Credit,521.79
TRANS006468,ACC06468,Debit,1903.34
TRANS006469,ACC06469,Debit,3857.95
TRANS006470,ACC06470,Debit,1706.03
TRANS006471,ACC06471,Debit,107.92
TRANS006472,ACC06472,Credit,1963.79
TRANS006473,ACC06473,Credit,2369.74
TRANS006474,ACC06474,Debit,3108.06
TRANS006475,ACC06475,Debit,1465.4
TRANS006476,ACC06476,Debit,4015.64
TRANS006477,ACC06477,Debit,3575.81
TRANS006478,ACC06478,Debit,1968.83
TRANS006479,ACC06479,Debit,4302.02
TRANS006480,ACC06480,Credit,4681.05
TRANS006481,ACC06481,Credit,4274.2
TRANS006482,ACC06482,Credit,809.17
TRANS006483,ACC06483,Credit,4126.17
TRANS006484,ACC06484,Debit,279.29
TRANS006485,ACC06485,Credit,1152.52
TRANS006486,ACC06486,Debit,1830.2
TRANS006487,ACC06487,Credit,3265.51
TRANS006488,ACC06488,Debit,519.22
TRANS006489,ACC06489,Credit,3723.24
TRANS006490,ACC06490,Credit,2433.81
TRANS006491,ACC06491,Debit,3383.03
TRANS006492,ACC06492,Credit,3130.42
TRANS006493,ACC06493,Credit,17.31
TRANS006494,ACC06494,Debit,3120.77
TRANS006495,ACC06495,Debit,3338.75
TRANS006496,ACC06496,Credit,433.36
TRANS006497,ACC06497,Credit,4365.7
TRANS006498,ACC06498,Credit,2879.27
TRANS006499,ACC06499,Credit,3699.88
TRANS006500,ACC06500,Debit,1891.25
TRANS006501,ACC06501,Debit,375.64
TRANS006502,ACC06502,Debit,4867.56
TRANS006503,ACC06503,Credit,4189.68
TRANS006504,ACC06504,Debit,285.39
TRANS006505,ACC06505,Debit,342.91
TRANS006506,ACC06506,Credit,2182.61
TRANS006507,ACC06507,Debit,1144.39
TRANS006508,ACC06508,Credit,254.48
TRANS006509,ACC06509,Credit,1354.53
TRANS006510,ACC06510,Credit,4974.66
TRANS006511,ACC06511,Credit,2021.85
TRANS006512,ACC06512,Credit,931.98
TRANS006513,ACC06513,Credit,1474.02
TRANS006514,ACC06514,Credit,738.11
TRANS006515,ACC06515,Debit,3895.54
TRANS006516,ACC06516,Credit,3631.05
TRANS006517,ACC06517,Debit,2800.94
TRANS006518,ACC06518,Debit,4107.1
TRANS006519,ACC06519,Credit,1076.71
TRANS006520,ACC06520,Debit,3653.76
TRANS006521,ACC06521,Debit,3779.79
TRANS006522,ACC06522,Debit,606.94
TRANS006523,ACC06523,Credit,1966.67
TRANS006524,ACC06524,Debit,2378.38
TRANS006525,ACC06525,Credit,2005.47
TRANS006526,ACC06526,Debit,3186.18
TRANS006527,ACC06527,Debit,1795.2
TRANS006528,ACC06528,Debit,3374.92
TRANS006529,ACC06529,Debit,3950.84
TRANS006530,ACC06530,Credit,3958.16
TRANS006531,ACC06531,Debit,2275.19
TRANS006532,ACC06532,Credit,2329.15
TRANS006533,ACC06533,Debit,467.84
TRANS006534,ACC06534,Credit,2675.36
TRANS006535,ACC06535,Credit,12.49
TRANS006536,ACC06536,Credit,1240.9
TRANS006537,ACC06537,Credit,1759.34
TRANS006538,ACC06538,Credit,2604.51
TRANS006539,ACC06539,Debit,4968.57
TRANS006540,ACC06540,Credit,1143.58
TRANS006541,ACC06541,Credit,905.49
TRANS006542,ACC06542,Debit,29.77
TRANS006543,ACC06543,Credit,2716.53
TRANS006544,ACC06544,Debit,2958.09
TRANS006545,ACC06545,Debit,1256.34
TRANS006546,ACC06546,Debit,3615.36
TRANS006547,ACC06547,Debit,3345.96
TRANS006548,ACC06548,Credit,2138.93
TRANS006549,ACC06549,Credit,309.97
TRANS006550,ACC06550,Debit,4580.93
TRANS006551,ACC06551,Debit,4882.63
TRANS006552,ACC06552,Debit,2157.35
TRANS006553,ACC06553,Debit,2549.91
TRANS006554,ACC06554,Debit,2742.62
TRANS006555,ACC06555,Debit,1189.37
TRANS006556,ACC06556,Credit,4227.18
TRANS006557,ACC06557,Credit,4715.8
TRANS006558,ACC06558,Debit,1452.44
TRANS006559,ACC06559,Debit,4821.13
TRANS006560,ACC06560,Credit,1148.46
TRANS006561,ACC06561,Debit,1903.82
TRANS006562,ACC06562,Credit,4542.25
TRANS006563,ACC06563,Debit,2562.11
TRANS006564,ACC06564,Credit,1404.76
TRANS006565,ACC06565,Debit,4943.0
TRANS006566,ACC06566,Credit,4452.19
TRANS006567,ACC06567,Debit,4673.46
TRANS006568,ACC06568,Debit,1184.53
TRANS006569,ACC06569,Debit,69.55
TRANS006570,ACC06570,Debit,2460.68
TRANS006571,ACC06571,Debit,4335.45
TRANS006572,ACC06572,Credit,1427.38
TRANS006573,ACC06573,Credit,1620.03
TRANS006574,ACC06574,Credit,3201.03
TRANS006575,ACC06575,Credit,3638.36
TRANS006576,ACC06576,Credit,4832.63
TRANS006577,ACC06577,Credit,1129.65
TRANS006578,ACC06578,Credit,721.9
TRANS006579,ACC06579,Credit,4527.82
TRANS006580,ACC06580,Debit,4735.59
TRANS006581,ACC06581,Credit,1791.89
TRANS006582,ACC06582,Credit,3003.16
TRANS006583,ACC06583,Credit,4363.93
TRANS006584,ACC06584,Credit,2859.16
TRANS006585,ACC06585,Credit,2650.32
TRANS006586,ACC06586,Credit,4901.74
TRANS006587,ACC06587,Credit,3341.95
TRANS006588,ACC06588,Credit,951.06
TRANS006589,ACC06589,Debit,2796.4
TRANS006590,ACC06590,Credit,2617.5
TRANS006591,ACC06591,Credit,554.69
TRANS006592,ACC06592,Credit,2274.23
TRANS006593,ACC06593,Debit,917.99
TRANS006594,ACC06594,Credit,2093.12
TRANS006595,ACC06595,Debit,93.2
TRANS006596,ACC06596,Credit,2149.56
TRANS006597,ACC06597,Credit,3304.83
TRANS006598,ACC06598,Credit,2584.93
TRANS006599,ACC06599,Credit,1569.6
TRANS006600,ACC06600,Debit,416.07
TRANS006601,ACC06601,Debit,2817.83
TRANS006602,ACC06602,Debit,1384.22
TRANS006603,ACC06603,Credit,4822.33
TRANS006604,ACC06604,Debit,2569.16
TRANS006605,ACC06605,Debit,1607.21
TRANS006606,ACC06606,Debit,2293.77
TRANS006607,ACC06607,Debit,3217.51
TRANS006608,ACC06608,Debit,4380.51
TRANS006609,ACC06609,Debit,4395.09
TRANS006610,ACC06610,Debit,2731.52
TRANS006611,ACC06611,Credit,514.53
TRANS006612,ACC06612,Credit,2317.68
TRANS006613,ACC06613,Debit,3613.27
TRANS006614,ACC06614,Debit,1272.04
TRANS006615,ACC06615,Credit,1414.58
TRANS006616,ACC06616,Credit,999.65
TRANS006617,ACC06617,Credit,373.18
TRANS006618,ACC06618,Debit,4838.07
TRANS006619,ACC06619,Credit,4882.91
TRANS006620,ACC06620,Credit,4481.52
TRANS006621,ACC06621,Credit,1767.47
TRANS006622,ACC06622,Credit,933.9
TRANS006623,ACC06623,Debit,471.33
TRANS006624,ACC06624,Credit,1901.21
TRANS006625,ACC06625,Credit,334.89
TRANS006626,ACC06626,Credit,3591.63
TRANS006627,ACC06627,Debit,2961.73
TRANS006628,ACC06628,Debit,1357.13
TRANS006629,ACC06629,Debit,518.73
TRANS006630,ACC06630,Debit,816.43
TRANS006631,ACC06631,Debit,146.43
TRANS006632,ACC06632,Credit,2032.12
TRANS006633,ACC06633,Credit,3654.5
TRANS006634,ACC06634,Debit,438.78
TRANS006635,ACC06635,Credit,4833.79
TRANS006636,ACC06636,Debit,3649.03
TRANS006637,ACC06637,Debit,3561.87
TRANS006638,ACC06638,Debit,1234.3
TRANS006639,ACC06639,Debit,2497.2
TRANS006640,ACC06640,Debit,3260.01
TRANS006641,ACC06641,Credit,1702.6
TRANS006642,ACC06642,Debit,2162.31
TRANS006643,ACC06643,Debit,1047.43
TRANS006644,ACC06644,Debit,1125.71
TRANS006645,ACC06645,Debit,2804.44
TRANS006646,ACC06646,Credit,1793.28
TRANS006647,ACC06647,Debit,4855.9
TRANS006648,ACC06648,Debit,3855.26
TRANS006649,ACC06649,Debit,4307.86
TRANS006650,ACC06650,Debit,1403.85
TRANS006651,ACC06651,Debit,3722.83
TRANS006652,ACC06652,Credit,2654.35
TRANS006653,ACC06653,Credit,1652.58
TRANS006654,ACC06654,Debit,14.95
TRANS006655,ACC06655,Credit,3304.22
TRANS006656,ACC06656,Debit,4527.42
TRANS006657,ACC06657,Credit,3601.4
TRANS006658,ACC06658,Debit,750.79
TRANS006659,ACC06659,Credit,1866.24
TRANS006660,ACC06660,Debit,3287.93
TRANS006661,ACC06661,Credit,4737.44
TRANS006662,ACC06662,Debit,3475.53
TRANS006663,ACC06663,Credit,2848.13
TRANS006664,ACC06664,Debit,55.95
TRANS006665,ACC06665,Credit,4415.56
TRANS006666,ACC06666,Credit,3558.6
TRANS006667,ACC06667,Debit,1394.11
TRANS006668,ACC06668,Debit,976.2
TRANS006669,ACC06669,Credit,3101.6
TRANS006670,ACC06670,Debit,4373.29
TRANS006671,ACC06671,Debit,2964.52
TRANS006672,ACC06672,Credit,1536.64
TRANS006673,ACC06673,Credit,3649.91
TRANS006674,ACC06674,Debit,3153.0
TRANS006675,ACC06675,Credit,2145.84
TRANS006676,ACC06676,Credit,679.77
TRANS006677,ACC06677,Credit,4630.35
TRANS006678,ACC06678,Credit,1796.16
TRANS006679,ACC06679,Credit,1342.26
TRANS006680,ACC06680,Debit,2254.18
TRANS006681,ACC06681,Credit,1089.42
TRANS006682,ACC06682,Credit,4465.31
TRANS006683,ACC06683,Debit,1215.04
TRANS006684,ACC06684,Credit,4305.93
TRANS006685,ACC06685,Credit,304.99
TRANS006686,ACC06686,Debit,1839.47
TRANS006687,ACC06687,Credit,4264.86
TRANS006688,ACC06688,Credit,2350.21
TRANS006689,ACC06689,Credit,3227.35
TRANS006690,ACC06690,Debit,3470.82
TRANS006691,ACC06691,Credit,1420.49
TRANS006692,ACC06692,Credit,4688.26
TRANS006693,ACC06693,Credit,2958.71
TRANS006694,ACC06694,Credit,4127.54
TRANS006695,ACC06695,Credit,1597.3
TRANS006696,ACC06696,Debit,4805.25
TRANS006697,ACC06697,Debit,4142.01
TRANS006698,ACC06698,Debit,4611.07
TRANS006699,ACC06699,Credit,3038.79
TRANS006700,ACC06700,Debit,1503.59
TRANS006701,ACC06701,Credit,4189.77
TRANS006702,ACC06702,Debit,3503.56
TRANS006703,ACC06703,Debit,1429.88
TRANS006704,ACC06704,Debit,755.48
TRANS006705,ACC06705,Credit,330.08
TRANS006706,ACC06706,Debit,831.05
TRANS006707,ACC06707,Debit,2836.07
TRANS006708,ACC06708,Credit,4966.28
TRANS006709,ACC06709,Debit,1472.55
TRANS006710,ACC06710,Debit,350.31
TRANS006711,ACC06711,Debit,4460.35
TRANS006712,ACC06712,Credit,2219.83
TRANS006713,ACC06713,Debit,3606.55
TRANS006714,ACC06714,Debit,4123.78
TRANS006715,ACC06715,Debit,1975.98
TRANS006716,ACC06716,Debit,1905.25
TRANS006717,ACC06717,Credit,2439.57
TRANS006718,ACC06718,Debit,3437.31
TRANS006719,ACC06719,Debit,1861.3
TRANS006720,ACC06720,Debit,4588.83
TRANS006721,ACC06721,Credit,2746.7
TRANS006722,ACC06722,Debit,4016.19
TRANS006723,ACC06723,Debit,3162.89
TRANS006724,ACC06724,Credit,1685.96
TRANS006725,ACC06725,Debit,3413.29
TRANS006726,ACC06726,Credit,3293.79
TRANS006727,ACC06727,Credit,3015.02
TRANS006728,ACC06728,Debit,4609.26
TRANS006729,ACC06729,Debit,3294.34
TRANS006730,ACC06730,Debit,4094.49
TRANS006731,ACC06731,Credit,4191.3
TRANS006732,ACC06732,Credit,982.84
TRANS006733,ACC06733,Credit,2030.48
TRANS006734,ACC06734,Credit,1145.8
TRANS006735,ACC06735,Credit,4879.19
TRANS006736,ACC06736,Credit,4848.44
TRANS006737,ACC06737,Debit,2342.38
TRANS006738,ACC06738,Credit,726.4
TRANS006739,ACC06739,Debit,4809.11
TRANS006740,ACC06740,Credit,1686.57
TRANS006741,ACC06741,Debit,238.48
TRANS006742,ACC06742,Credit,4532.76
TRANS006743,ACC06743,Credit,4979.72
TRANS006744,ACC06744,Credit,1574.61
TRANS006745,ACC06745,Debit,129.65
TRANS006746,ACC06746,Credit,3150.13
TRANS006747,ACC06747,Credit,2280.14
TRANS006748,ACC06748,Credit,2863.51
TRANS006749,ACC06749,Debit,2343.92
TRANS006750,ACC06750,Credit,2459.13
TRANS006751,ACC06751,Debit,2228.42
TRANS006752,ACC06752,Credit,1679.57
TRANS006753,ACC06753,Credit,1267.42
TRANS006754,ACC06754,Credit,2294.29
TRANS006755,ACC06755,Debit,4332.12
TRANS006756,ACC06756,Credit,104.91
TRANS006757,ACC06757,Credit,1796.96
TRANS006758,ACC06758,Debit,2595.92
TRANS006759,ACC06759,Credit,663.54
TRANS006760,ACC06760,Credit,3641.02
TRANS006761,ACC06761,Debit,4590.13
TRANS006762,ACC06762,Credit,3677.01
TRANS006763,ACC06763,Credit,2940.29
TRANS006764,ACC06764,Credit,3185.63
TRANS006765,ACC06765,Debit,1265.4
TRANS006766,ACC06766,Credit,1960.54
TRANS006767,ACC06767,Credit,4494.85
TRANS006768,ACC06768,Debit,2527.91
TRANS006769,ACC06769,Debit,1962.96
TRANS006770,ACC06770,Credit,4730.08
TRANS006771,ACC06771,Debit,1073.73
TRANS006772,ACC06772,Debit,1780.57
TRANS006773,ACC06773,Credit,4886.34
TRANS006774,ACC06774,Credit,1364.55
TRANS006775,ACC06775,Debit,3836.97
TRANS006776,ACC06776,Credit,938.46
TRANS006777,ACC06777,Debit,2388.08
TRANS006778,ACC06778,Debit,1213.63
TRANS006779,ACC06779,Credit,544.87
TRANS006780,ACC06780,Credit,1364.74
TRANS006781,ACC06781,Credit,3534.52
TRANS006782,ACC06782,Debit,2868.73
TRANS006783,ACC06783,Debit,1455.39
TRANS006784,ACC06784,Credit,3854.1
TRANS006785,ACC06785,Debit,1593.58
TRANS006786,ACC06786,Credit,4789.03
TRANS006787,ACC06787,Credit,2764.08
TRANS006788,ACC06788,Debit,4173.73
TRANS006789,ACC06789,Credit,629.6
TRANS006790,ACC06790,Credit,2591.26
TRANS006791,ACC06791,Credit,4370.6
TRANS006792,ACC06792,Debit,2801.07
TRANS006793,ACC06793,Debit,3819.15
TRANS006794,ACC06794,Credit,3500.96
TRANS006795,ACC06795,Credit,1186.58
TRANS006796,ACC06796,Credit,852.33
TRANS006797,ACC06797,Debit,3295.63
TRANS006798,ACC06798,Credit,4081.96
TRANS006799,ACC06799,Credit,4708.22
TRANS006800,ACC06800,Credit,2178.41
TRANS006801,ACC06801,Credit,2931.67
TRANS006802,ACC06802,Credit,2705.68
TRANS006803,ACC06803,Debit,3577.48
TRANS006804,ACC06804,Debit,626.19
TRANS006805,ACC06805,Credit,4073.18
TRANS006806,ACC06806,Debit,3702.64
TRANS006807,ACC06807,Credit,4048.14
TRANS006808,ACC06808,Debit,3011.94
TRANS006809,ACC06809,Debit,2373.32
TRANS006810,ACC06810,Credit,405.74
TRANS006811,ACC06811,Debit,1779.39
TRANS006812,ACC06812,Credit,1084.16
TRANS006813,ACC06813,Credit,3323.32
TRANS006814,ACC06814,Credit,4933.01
TRANS006815,ACC06815,Debit,2370.01
TRANS006816,ACC06816,Debit,4328.45
TRANS006817,ACC06817,Credit,1241.35
TRANS006818,ACC06818,Credit,190.85
TRANS006819,ACC06819,Credit,3440.69
TRANS006820,ACC06820,Debit,3566.52
TRANS006821,ACC06821,Debit,3936.0
TRANS006822,ACC06822,Credit,2780.99
TRANS006823,ACC06823,Credit,2886.4
TRANS006824,ACC06824,Debit,216.06
TRANS006825,ACC06825,Debit,677.64
TRANS006826,ACC06826,Credit,380.05
TRANS006827,ACC06827,Debit,2317.35
TRANS006828,ACC06828,Debit,4887.79
TRANS006829,ACC06829,Credit,129.94
TRANS006830,ACC06830,Credit,1907.42
TRANS006831,ACC06831,Debit,3881.11
TRANS006832,ACC06832,Debit,3129.47
TRANS006833,ACC06833,Debit,4802.57
TRANS006834,ACC06834,Credit,4920.55
TRANS006835,ACC06835,Debit,15.54
TRANS006836,ACC06836,Credit,4702.49
TRANS006837,ACC06837,Debit,1190.01
TRANS006838,ACC06838,Credit,1453.33
TRANS006839,ACC06839,Debit,3295.46
TRANS006840,ACC06840,Credit,329.8
TRANS006841,ACC06841,Credit,2577.18
TRANS006842,ACC06842,Credit,1903.88
TRANS006843,ACC06843,Credit,4953.04
TRANS006844,ACC06844,Debit,4949.65
TRANS006845,ACC06845,Debit,393.72
TRANS006846,ACC06846,Debit,4340.24
TRANS006847,ACC06847,Credit,1535.72
TRANS006848,ACC06848,Debit,2177.03
TRANS006849,ACC06849,Debit,3143.03
TRANS006850,ACC06850,Debit,4066.2
TRANS006851,ACC06851,Debit,4716.69
TRANS006852,ACC06852,Debit,4053.5
TRANS006853,ACC06853,Credit,3046.34
TRANS006854,ACC06854,Debit,1243.56
TRANS006855,ACC06855,Credit,3575.14
TRANS006856,ACC06856,Debit,139.55
TRANS006857,ACC06857,Debit,678.75
TRANS006858,ACC06858,Credit,1496.48
TRANS006859,ACC06859,Credit,331.82
TRANS006860,ACC06860,Debit,3590.3
TRANS006861,ACC06861,Credit,2132.84
TRANS006862,ACC06862,Credit,1211.71
TRANS006863,ACC06863,Debit,4628.69
TRANS006864,ACC06864,Credit,3134.29
TRANS006865,ACC06865,Credit,886.41
TRANS006866,ACC06866,Credit,4115.79
TRANS006867,ACC06867,Credit,2119.33
TRANS006868,ACC06868,Debit,1949.16
TRANS006869,ACC06869,Debit,2926.19
TRANS006870,ACC06870,Credit,1480.1
TRANS006871,ACC06871,Credit,279.27
TRANS006872,ACC06872,Credit,3662.12
TRANS006873,ACC06873,Credit,4377.7
TRANS006874,ACC06874,Credit,3834.56
TRANS006875,ACC06875,Debit,4131.95
TRANS006876,ACC06876,Debit,1651.31
TRANS006877,ACC06877,Credit,1514.22
TRANS006878,ACC06878,Credit,4326.4
TRANS006879,ACC06879,Debit,727.36
TRANS006880,ACC06880,Credit,1216.55
TRANS006881,ACC06881,Debit,2360.47
TRANS006882,ACC06882,Credit,4236.98
TRANS006883,ACC06883,Debit,4526.41
TRANS006884,ACC06884,Debit,147.72
TRANS006885,ACC06885,Debit,1194.35
TRANS006886,ACC06886,Debit,3212.11
TRANS006887,ACC06887,Debit,2595.47
TRANS006888,ACC06888,Debit,3119.59
TRANS006889,ACC06889,Debit,2120.29
TRANS006890,ACC06890,Credit,3566.23
TRANS006891,ACC06891,Credit,518.34
TRANS006892,ACC06892,Debit,4684.1
TRANS006893,ACC06893,Credit,2461.07
TRANS006894,ACC06894,Debit,1107.03
TRANS006895,ACC06895,Credit,2152.06
TRANS006896,ACC06896,Credit,990.62
TRANS006897,ACC06897,Credit,2801.57
TRANS006898,ACC06898,Credit,321.25
TRANS006899,ACC06899,Credit,2458.32
TRANS006900,ACC06900,Credit,792.74
TRANS006901,ACC06901,Credit,1414.97
TRANS006902,ACC06902,Debit,3178.32
TRANS006903,ACC06903,Credit,56.26
TRANS006904,ACC06904,Credit,984.54
TRANS006905,ACC06905,Credit,302.8
TRANS006906,ACC06906,Debit,3169.95
TRANS006907,ACC06907,Credit,4429.65
TRANS006908,ACC06908,Credit,2103.36
TRANS006909,ACC06909,Credit,2659.82
TRANS006910,ACC06910,Credit,1807.24
TRANS006911,ACC06911,Debit,3583.26
TRANS006912,ACC06912,Debit,2556.37
TRANS006913,ACC06913,Debit,77.57
TRANS006914,ACC06914,Credit,2237.36
TRANS006915,ACC06915,Credit,4790.47
TRANS006916,ACC06916,Credit,3437.4
TRANS006917,ACC06917,Debit,682.92
TRANS006918,ACC06918,Credit,1290.95
TRANS006919,ACC06919,Debit,580.62
TRANS006920,ACC06920,Debit,4689.97
TRANS006921,ACC06921,Debit,1214.75
TRANS006922,ACC06922,Debit,3783.64
TRANS006923,ACC06923,Debit,206.91
TRANS006924,ACC06924,Debit,3322.35
TRANS006925,ACC06925,Credit,2029.68
TRANS006926,ACC06926,Debit,3471.14
TRANS006927,ACC06927,Debit,1348.07
TRANS006928,ACC06928,Debit,1831.13
TRANS006929,ACC06929,Credit,3980.55
TRANS006930,ACC06930,Debit,1027.57
TRANS006931,ACC06931,Debit,1201.5
TRANS006932,ACC06932,Debit,2901.27
TRANS006933,ACC06933,Credit,4757.07
TRANS006934,ACC06934,Credit,305.88
TRANS006935,ACC06935,Debit,3875.58
TRANS006936,ACC06936,Credit,4337.72
TRANS006937,ACC06937,Debit,4219.18
TRANS006938,ACC06938,Debit,1794.08
TRANS006939,ACC06939,Credit,889.79
TRANS006940,ACC06940,Credit,3385.32
TRANS006941,ACC06941,Debit,821.58
TRANS006942,ACC06942,Debit,2809.21
TRANS006943,ACC06943,Debit,2051.12
TRANS006944,ACC06944,Credit,1159.9
TRANS006945,ACC06945,Debit,3075.31
TRANS006946,ACC06946,Credit,2941.44
TRANS006947,ACC06947,Credit,4927.8
TRANS006948,ACC06948,Debit,4700.48
TRANS006949,ACC06949,Credit,1976.68
TRANS006950,ACC06950,Credit,3859.13
TRANS006951,ACC06951,Debit,4170.46
TRANS006952,ACC06952,Debit,4464.19
TRANS006953,ACC06953,Credit,308.4
TRANS006954,ACC06954,Debit,172.3
TRANS006955,ACC06955,Debit,3498.45
TRANS006956,ACC06956,Credit,2903.97
TRANS006957,ACC06957,Debit,2916.51
TRANS006958,ACC06958,Credit,4641.58
TRANS006959,ACC06959,Debit,3961.39
TRANS006960,ACC06960,Credit,2411.94
TRANS006961,ACC06961,Debit,3471.79
TRANS006962,ACC06962,Debit,1979.54
TRANS006963,ACC06963,Debit,1823.95
TRANS006964,ACC06964,Debit,4177.29
TRANS006965,ACC06965,Debit,2105.09
TRANS006966,ACC06966,Debit,622.08
TRANS006967,ACC06967,Credit,4165.25
TRANS006968,ACC06968,Credit,3940.43
TRANS006969,ACC06969,Credit,425.61
TRANS006970,ACC06970,Debit,964.35
TRANS006971,ACC06971,Debit,2199.86
TRANS006972,ACC06972,Credit,711.79
TRANS006973,ACC06973,Credit,4425.81
TRANS006974,ACC06974,Credit,3127.35
TRANS006975,ACC06975,Debit,1876.24
TRANS006976,ACC06976,Credit,444.39
TRANS006977,ACC06977,Debit,1491.02
TRANS006978,ACC06978,Credit,1069.31
TRANS006979,ACC06979,Credit,2962.72
TRANS006980,ACC06980,Debit,129.66
TRANS006981,ACC06981,Credit,2695.64
TRANS006982,ACC06982,Debit,1085.21
TRANS006983,ACC06983,Credit,472.54
TRANS006984,ACC06984,Debit,2492.01
TRANS006985,ACC06985,Debit,2613.81
TRANS006986,ACC06986,Debit,1768.53
TRANS006987,ACC06987,Credit,3737.92
TRANS006988,ACC06988,Debit,2011.79
TRANS006989,ACC06989,Debit,1596.65
TRANS006990,ACC06990,Credit,1857.72
TRANS006991,ACC06991,Credit,3281.76
TRANS006992,ACC06992,Debit,2683.45
TRANS006993,ACC06993,Debit,3834.57
TRANS006994,ACC06994,Credit,835.21
TRANS006995,ACC06995,Debit,231.93
TRANS006996,ACC06996,Credit,3492.56
TRANS006997,ACC06997,Credit,4301.19
TRANS006998,ACC06998,Debit,639.72
TRANS006999,ACC06999,Credit,3159.9
TRANS007000,ACC07000,Credit,1349.23
TRANS007001,ACC07001,Debit,2086.72
TRANS007002,ACC07002,Credit,3113.05
TRANS007003,ACC07003,Debit,79.71
TRANS007004,ACC07004,Credit,521.76
TRANS007005,ACC07005,Debit,4664.52
TRANS007006,ACC07006,Debit,2582.04
TRANS007007,ACC07007,Credit,106.04
TRANS007008,ACC07008,Debit,181.15
TRANS007009,ACC07009,Credit,3970.32
TRANS007010,ACC07010,Credit,3992.7
TRANS007011,ACC07011,Debit,436.96
TRANS007012,ACC07012,Credit,3265.95
TRANS007013,ACC07013,Debit,4810.59
TRANS007014,ACC07014,Credit,1127.76
TRANS007015,ACC07015,Credit,4084.59
TRANS007016,ACC07016,Debit,878.93
TRANS007017,ACC07017,Credit,1041.6
TRANS007018,ACC07018,Credit,373.15
TRANS007019,ACC07019,Debit,1017.61
TRANS007020,ACC07020,Credit,1738.58
TRANS007021,ACC07021,Credit,1521.1
TRANS007022,ACC07022,Credit,4082.46
TRANS007023,ACC07023,Credit,2926.34
TRANS007024,ACC07024,Debit,1374.69
TRANS007025,ACC07025,Debit,3667.85
TRANS007026,ACC07026,Debit,3259.78
TRANS007027,ACC07027,Credit,3254.19
TRANS007028,ACC07028,Debit,1799.25
TRANS007029,ACC07029,Credit,454.51
TRANS007030,ACC07030,Debit,3117.34
TRANS007031,ACC07031,Credit,47.38
TRANS007032,ACC07032,Debit,2258.23
TRANS007033,ACC07033,Debit,2072.2
TRANS007034,ACC07034,Debit,3285.59
TRANS007035,ACC07035,Credit,2702.26
TRANS007036,ACC07036,Credit,1423.2
TRANS007037,ACC07037,Credit,4597.48
TRANS007038,ACC07038,Credit,2595.85
TRANS007039,ACC07039,Debit,4600.64
TRANS007040,ACC07040,Debit,1895.83
TRANS007041,ACC07041,Debit,1867.39
TRANS007042,ACC07042,Credit,636.27
TRANS007043,ACC07043,Debit,2654.11
TRANS007044,ACC07044,Credit,4318.33
TRANS007045,ACC07045,Debit,1174.46
TRANS007046,ACC07046,Debit,4662.54
TRANS007047,ACC07047,Credit,128.89
TRANS007048,ACC07048,Debit,2976.81
TRANS007049,ACC07049,Credit,124.41
TRANS007050,ACC07050,Debit,902.78
TRANS007051,ACC07051,Credit,3716.19
TRANS007052,ACC07052,Credit,306.64
TRANS007053,ACC07053,Credit,3457.12
TRANS007054,ACC07054,Credit,4166.63
TRANS007055,ACC07055,Credit,1803.66
TRANS007056,ACC07056,Debit,250.03
TRANS007057,ACC07057,Credit,4916.98
TRANS007058,ACC07058,Credit,2583.18
TRANS007059,ACC07059,Credit,4941.43
TRANS007060,ACC07060,Debit,1519.92
TRANS007061,ACC07061,Debit,4834.34
TRANS007062,ACC07062,Debit,2447.09
TRANS007063,ACC07063,Credit,1187.7
TRANS007064,ACC07064,Credit,4107.36
TRANS007065,ACC07065,Credit,2103.15
TRANS007066,ACC07066,Credit,2821.44
TRANS007067,ACC07067,Credit,3657.09
TRANS007068,ACC07068,Credit,799.07
TRANS007069,ACC07069,Credit,3380.19
TRANS007070,ACC07070,Credit,4831.07
TRANS007071,ACC07071,Debit,409.33
TRANS007072,ACC07072,Credit,3738.97
TRANS007073,ACC07073,Debit,2394.96
TRANS007074,ACC07074,Credit,3731.84
TRANS007075,ACC07075,Debit,127.63
TRANS007076,ACC07076,Credit,4386.7
TRANS007077,ACC07077,Credit,271.66
TRANS007078,ACC07078,Credit,4267.88
TRANS007079,ACC07079,Credit,3599.6
TRANS007080,ACC07080,Debit,1500.83
TRANS007081,ACC07081,Credit,2403.58
TRANS007082,ACC07082,Credit,3968.43
TRANS007083,ACC07083,Debit,545.95
TRANS007084,ACC07084,Debit,2952.03
TRANS007085,ACC07085,Credit,3372.78
TRANS007086,ACC07086,Credit,1659.23
TRANS007087,ACC07087,Debit,2156.45
TRANS007088,ACC07088,Debit,3167.43
TRANS007089,ACC07089,Debit,4415.03
TRANS007090,ACC07090,Credit,2274.81
TRANS007091,ACC07091,Debit,806.79
TRANS007092,ACC07092,Credit,1956.79
TRANS007093,ACC07093,Credit,952.4
TRANS007094,ACC07094,Debit,3051.43
TRANS007095,ACC07095,Debit,4037.45
TRANS007096,ACC07096,Debit,1933.5
TRANS007097,ACC07097,Credit,3904.16
TRANS007098,ACC07098,Credit,3822.74
TRANS007099,ACC07099,Debit,3987.77
TRANS007100,ACC07100,Credit,1156.08
TRANS007101,ACC07101,Credit,865.4
TRANS007102,ACC07102,Debit,346.94
TRANS007103,ACC07103,Debit,3764.34
TRANS007104,ACC07104,Credit,4995.53
TRANS007105,ACC07105,Credit,3401.32
TRANS007106,ACC07106,Debit,3975.67
TRANS007107,ACC07107,Credit,1425.03
TRANS007108,ACC07108,Credit,388.61
TRANS007109,ACC07109,Credit,3318.43
TRANS007110,ACC07110,Credit,3890.55
TRANS007111,ACC07111,Credit,826.59
TRANS007112,ACC07112,Credit,191.54
TRANS007113,ACC07113,Debit,4882.91
TRANS007114,ACC07114,Debit,82.94
TRANS007115,ACC07115,Debit,814.73
TRANS007116,ACC07116,Credit,3483.28
TRANS007117,ACC07117,Debit,118.31
TRANS007118,ACC07118,Debit,3082.98
TRANS007119,ACC07119,Credit,4805.07
TRANS007120,ACC07120,Credit,3674.68
TRANS007121,ACC07121,Debit,3677.18
TRANS007122,ACC07122,Credit,3133.09
TRANS007123,ACC07123,Debit,1884.27
TRANS007124,ACC07124,Debit,3586.19
TRANS007125,ACC07125,Credit,4051.83
TRANS007126,ACC07126,Credit,1430.56
TRANS007127,ACC07127,Debit,1825.21
TRANS007128,ACC07128,Debit,3489.18
TRANS007129,ACC07129,Credit,3323.47
TRANS007130,ACC07130,Debit,2017.73
TRANS007131,ACC07131,Debit,2806.66
TRANS007132,ACC07132,Credit,693.93
TRANS007133,ACC07133,Debit,1169.04
TRANS007134,ACC07134,Debit,837.05
TRANS007135,ACC07135,Debit,3300.19
TRANS007136,ACC07136,Credit,319.17
TRANS007137,ACC07137,Credit,3990.41
TRANS007138,ACC07138,Debit,2651.17
TRANS007139,ACC07139,Debit,1732.97
TRANS007140,ACC07140,Credit,962.64
TRANS007141,ACC07141,Debit,4891.57
TRANS007142,ACC07142,Debit,1473.77
TRANS007143,ACC07143,Debit,2999.49
TRANS007144,ACC07144,Debit,3926.51
TRANS007145,ACC07145,Debit,1053.72
TRANS007146,ACC07146,Debit,2852.49
TRANS007147,ACC07147,Debit,2280.16
TRANS007148,ACC07148,Debit,2384.7
TRANS007149,ACC07149,Debit,46.29
TRANS007150,ACC07150,Credit,1006.61
TRANS007151,ACC07151,Debit,4421.82
TRANS007152,ACC07152,Credit,3627.96
TRANS007153,ACC07153,Credit,2801.85
TRANS007154,ACC07154,Debit,3938.52
TRANS007155,ACC07155,Debit,1121.75
TRANS007156,ACC07156,Credit,873.33
TRANS007157,ACC07157,Debit,605.03
TRANS007158,ACC07158,Debit,2121.83
TRANS007159,ACC07159,Debit,4148.09
TRANS007160,ACC07160,Debit,2170.77
TRANS007161,ACC07161,Credit,3472.25
TRANS007162,ACC07162,Debit,1042.51
TRANS007163,ACC07163,Credit,3308.83
TRANS007164,ACC07164,Credit,1699.33
TRANS007165,ACC07165,Credit,3743.12
TRANS007166,ACC07166,Credit,3494.42
TRANS007167,ACC07167,Credit,100.62
TRANS007168,ACC07168,Debit,4353.0
TRANS007169,ACC07169,Credit,2418.07
TRANS007170,ACC07170,Debit,2385.62
TRANS007171,ACC07171,Credit,1120.44
TRANS007172,ACC07172,Credit,4249.36
TRANS007173,ACC07173,Credit,1544.53
TRANS007174,ACC07174,Debit,1656.26
TRANS007175,ACC07175,Debit,1666.85
TRANS007176,ACC07176,Credit,4705.05
TRANS007177,ACC07177,Credit,1702.04
TRANS007178,ACC07178,Credit,4990.82
TRANS007179,ACC07179,Debit,4309.94
TRANS007180,ACC07180,Debit,186.21
TRANS007181,ACC07181,Credit,219.64
TRANS007182,ACC07182,Credit,4595.18
TRANS007183,ACC07183,Debit,3444.45
TRANS007184,ACC07184,Credit,4694.35
TRANS007185,ACC07185,Credit,1363.78
TRANS007186,ACC07186,Credit,2951.98
TRANS007187,ACC07187,Credit,1984.93
TRANS007188,ACC07188,Credit,2102.65
TRANS007189,ACC07189,Credit,3173.48
TRANS007190,ACC07190,Debit,2004.85
TRANS007191,ACC07191,Debit,266.25
TRANS007192,ACC07192,Credit,1763.04
TRANS007193,ACC07193,Credit,2825.28
TRANS007194,ACC07194,Credit,606.88
TRANS007195,ACC07195,Debit,2968.22
TRANS007196,ACC07196,Credit,1327.41
TRANS007197,ACC07197,Debit,4515.15
TRANS007198,ACC07198,Credit,2594.76
TRANS007199,ACC07199,Credit,3273.89
TRANS007200,ACC07200,Credit,4737.04
TRANS007201,ACC07201,Credit,2506.21
TRANS007202,ACC07202,Debit,960.08
TRANS007203,ACC07203,Debit,2699.0
TRANS007204,ACC07204,Debit,3842.11
TRANS007205,ACC07205,Credit,1092.87
TRANS007206,ACC07206,Credit,417.07
TRANS007207,ACC07207,Credit,2955.22
TRANS007208,ACC07208,Debit,185.51
TRANS007209,ACC07209,Credit,4257.28
TRANS007210,ACC07210,Debit,3036.52
TRANS007211,ACC07211,Credit,2615.79
TRANS007212,ACC07212,Credit,3622.75
TRANS007213,ACC07213,Credit,4939.99
TRANS007214,ACC07214,Credit,4306.49
TRANS007215,ACC07215,Credit,4248.34
TRANS007216,ACC07216,Debit,4807.91
TRANS007217,ACC07217,Credit,660.35
TRANS007218,ACC07218,Debit,4199.84
TRANS007219,ACC07219,Debit,3399.8
TRANS007220,ACC07220,Debit,1831.87
TRANS007221,ACC07221,Debit,1478.84
TRANS007222,ACC07222,Debit,258.34
TRANS007223,ACC07223,Debit,2939.6
TRANS007224,ACC07224,Debit,1547.77
TRANS007225,ACC07225,Debit,1414.47
TRANS007226,ACC07226,Debit,2723.05
TRANS007227,ACC07227,Credit,3597.72
TRANS007228,ACC07228,Credit,1801.85
TRANS007229,ACC07229,Credit,2207.13
TRANS007230,ACC07230,Debit,1327.36
TRANS007231,ACC07231,Debit,503.94
TRANS007232,ACC07232,Debit,1023.94
TRANS007233,ACC07233,Debit,3239.16
TRANS007234,ACC07234,Debit,1824.11
TRANS007235,ACC07235,Credit,1320.7
TRANS007236,ACC07236,Credit,3108.62
TRANS007237,ACC07237,Credit,754.89
TRANS007238,ACC07238,Credit,3213.79
TRANS007239,ACC07239,Debit,1905.69
TRANS007240,ACC07240,Credit,3429.03
TRANS007241,ACC07241,Credit,4604.42
TRANS007242,ACC07242,Credit,2808.84
TRANS007243,ACC07243,Credit,4175.85
TRANS007244,ACC07244,Debit,3797.19
TRANS007245,ACC07245,Debit,3538.81
TRANS007246,ACC07246,Credit,576.61
TRANS007247,ACC07247,Debit,3731.51
TRANS007248,ACC07248,Debit,2592.03
TRANS007249,ACC07249,Debit,3711.4
TRANS007250,ACC07250,Credit,4356.28
TRANS007251,ACC07251,Debit,639.13
TRANS007252,ACC07252,Credit,1954.56
TRANS007253,ACC07253,Debit,3145.37
TRANS007254,ACC07254,Credit,1357.21
TRANS007255,ACC07255,Debit,2407.93
TRANS007256,ACC07256,Credit,1892.93
TRANS007257,ACC07257,Credit,1373.85
TRANS007258,ACC07258,Debit,4313.81
TRANS007259,ACC07259,Credit,3615.72
TRANS007260,ACC07260,Debit,4021.04
TRANS007261,ACC07261,Debit,88.96
TRANS007262,ACC07262,Credit,351.18
TRANS007263,ACC07263,Credit,3976.91
TRANS007264,ACC07264,Credit,3017.27
TRANS007265,ACC07265,Debit,601.98
TRANS007266,ACC07266,Credit,1574.12
TRANS007267,ACC07267,Debit,3333.3
TRANS007268,ACC07268,Credit,706.78
TRANS007269,ACC07269,Credit,666.74
TRANS007270,ACC07270,Credit,4479.43
TRANS007271,ACC07271,Credit,3665.8
TRANS007272,ACC07272,Credit,4745.97
TRANS007273,ACC07273,Credit,4626.48
TRANS007274,ACC07274,Credit,4172.87
TRANS007275,ACC07275,Debit,915.7
TRANS007276,ACC07276,Debit,4832.92
TRANS007277,ACC07277,Debit,3779.62
TRANS007278,ACC07278,Credit,4290.4
TRANS007279,ACC07279,Debit,3357.5
TRANS007280,ACC07280,Credit,3461.46
TRANS007281,ACC07281,Debit,612.3
TRANS007282,ACC07282,Debit,4432.36
TRANS007283,ACC07283,Credit,2169.63
TRANS007284,ACC07284,Credit,2353.89
TRANS007285,ACC07285,Credit,4350.37
TRANS007286,ACC07286,Credit,1992.22
TRANS007287,ACC07287,Credit,3194.43
TRANS007288,ACC07288,Debit,4433.25
TRANS007289,ACC07289,Credit,731.99
TRANS007290,ACC07290,Debit,968.89
TRANS007291,ACC07291,Credit,4118.46
TRANS007292,ACC07292,Debit,1941.56
TRANS007293,ACC07293,Credit,1885.22
TRANS007294,ACC07294,Credit,4863.92
TRANS007295,ACC07295,Credit,2548.2
TRANS007296,ACC07296,Credit,2217.49
TRANS007297,ACC07297,Credit,3969.65
TRANS007298,ACC07298,Debit,3190.26
TRANS007299,ACC07299,Credit,176.14
TRANS007300,ACC07300,Credit,1915.14
TRANS007301,ACC07301,Credit,4328.33
TRANS007302,ACC07302,Credit,4561.55
TRANS007303,ACC07303,Credit,1218.46
TRANS007304,ACC07304,Debit,4100.72
TRANS007305,ACC07305,Credit,2637.07
TRANS007306,ACC07306,Debit,485.87
TRANS007307,ACC07307,Debit,1776.77
TRANS007308,ACC07308,Credit,3058.74
TRANS007309,ACC07309,Credit,2447.61
TRANS007310,ACC07310,Debit,4064.1
TRANS007311,ACC07311,Debit,2653.06
TRANS007312,ACC07312,Credit,4715.5
TRANS007313,ACC07313,Credit,2522.84
TRANS007314,ACC07314,Credit,2414.89
TRANS007315,ACC07315,Credit,1721.39
TRANS007316,ACC07316,Credit,4448.85
TRANS007317,ACC07317,Debit,3368.36
TRANS007318,ACC07318,Credit,4052.52
TRANS007319,ACC07319,Credit,2430.94
TRANS007320,ACC07320,Credit,783.61
TRANS007321,ACC07321,Credit,4072.57
TRANS007322,ACC07322,Debit,4885.79
TRANS007323,ACC07323,Debit,4577.13
TRANS007324,ACC07324,Credit,3018.97
TRANS007325,ACC07325,Debit,2744.66
TRANS007326,ACC07326,Credit,83.28
TRANS007327,ACC07327,Credit,2055.25
TRANS007328,ACC07328,Credit,2389.2
TRANS007329,ACC07329,Credit,1164.54
TRANS007330,ACC07330,Credit,2046.56
TRANS007331,ACC07331,Debit,428.72
TRANS007332,ACC07332,Credit,1541.31
TRANS007333,ACC07333,Credit,4263.41
TRANS007334,ACC07334,Credit,3331.68
TRANS007335,ACC07335,Credit,1957.78
TRANS007336,ACC07336,Debit,4961.41
TRANS007337,ACC07337,Debit,1839.16
TRANS007338,ACC07338,Credit,1484.95
TRANS007339,ACC07339,Debit,4508.13
TRANS007340,ACC07340,Credit,38.56
TRANS007341,ACC07341,Credit,229.09
TRANS007342,ACC07342,Debit,1271.51
TRANS007343,ACC07343,Credit,1819.89
TRANS007344,ACC07344,Debit,98.97
TRANS007345,ACC07345,Debit,3401.83
TRANS007346,ACC07346,Debit,3757.82
TRANS007347,ACC07347,Credit,2597.6
TRANS007348,ACC07348,Debit,4612.59
TRANS007349,ACC07349,Debit,3176.64
TRANS007350,ACC07350,Debit,4754.06
TRANS007351,ACC07351,Credit,500.44
TRANS007352,ACC07352,Credit,256.16
TRANS007353,ACC07353,Debit,723.24
TRANS007354,ACC07354,Debit,4531.36
TRANS007355,ACC07355,Credit,4834.23
TRANS007356,ACC07356,Debit,631.44
TRANS007357,ACC07357,Credit,865.22
TRANS007358,ACC07358,Debit,2440.74
TRANS007359,ACC07359,Credit,1752.5
TRANS007360,ACC07360,Debit,1661.43
TRANS007361,ACC07361,Credit,4677.03
TRANS007362,ACC07362,Credit,4649.8
TRANS007363,ACC07363,Debit,131.06
TRANS007364,ACC07364,Credit,3951.72
TRANS007365,ACC07365,Debit,2117.53
TRANS007366,ACC07366,Debit,3765.37
TRANS007367,ACC07367,Debit,1463.83
TRANS007368,ACC07368,Credit,3160.4
TRANS007369,ACC07369,Debit,866.11
TRANS007370,ACC07370,Credit,897.91
TRANS007371,ACC07371,Debit,3063.06
TRANS007372,ACC07372,Credit,1530.91
TRANS007373,ACC07373,Debit,1885.46
TRANS007374,ACC07374,Credit,3871.57
TRANS007375,ACC07375,Credit,3198.63
TRANS007376,ACC07376,Credit,2895.92
TRANS007377,ACC07377,Credit,2936.23
TRANS007378,ACC07378,Debit,3831.19
TRANS007379,ACC07379,Credit,4877.69
TRANS007380,ACC07380,Debit,4716.18
TRANS007381,ACC07381,Debit,4174.55
TRANS007382,ACC07382,Credit,3477.29
TRANS007383,ACC07383,Credit,147.78
TRANS007384,ACC07384,Credit,1306.98
TRANS007385,ACC07385,Debit,4881.89
TRANS007386,ACC07386,Credit,3230.71
TRANS007387,ACC07387,Debit,2411.2
TRANS007388,ACC07388,Debit,3226.87
TRANS007389,ACC07389,Credit,4765.45
TRANS007390,ACC07390,Credit,1221.01
TRANS007391,ACC07391,Debit,2572.62
TRANS007392,ACC07392,Debit,79.61
TRANS007393,ACC07393,Credit,2951.33
TRANS007394,ACC07394,Credit,4855.93
TRANS007395,ACC07395,Debit,1782.17
TRANS007396,ACC07396,Credit,4640.93
TRANS007397,ACC07397,Credit,1886.67
TRANS007398,ACC07398,Debit,4173.24
TRANS007399,ACC07399,Credit,132.3
TRANS007400,ACC07400,Credit,4758.36
TRANS007401,ACC07401,Credit,1554.63
TRANS007402,ACC07402,Debit,2268.78
TRANS007403,ACC07403,Credit,2908.63
TRANS007404,ACC07404,Credit,185.11
TRANS007405,ACC07405,Debit,1019.75
TRANS007406,ACC07406,Debit,2025.5
TRANS007407,ACC07407,Credit,1504.7
TRANS007408,ACC07408,Credit,954.06
TRANS007409,ACC07409,Credit,3012.17
TRANS007410,ACC07410,Debit,2316.69
TRANS007411,ACC07411,Debit,897.54
TRANS007412,ACC07412,Credit,1498.44
TRANS007413,ACC07413,Credit,798.97
TRANS007414,ACC07414,Debit,905.62
TRANS007415,ACC07415,Credit,3059.8
TRANS007416,ACC07416,Debit,1571.2
TRANS007417,ACC07417,Credit,4713.3
TRANS007418,ACC07418,Credit,4899.88
TRANS007419,ACC07419,Credit,932.49
TRANS007420,ACC07420,Credit,2751.09
TRANS007421,ACC07421,Credit,4445.13
TRANS007422,ACC07422,Credit,3518.95
TRANS007423,ACC07423,Credit,2943.27
TRANS007424,ACC07424,Debit,4884.35
TRANS007425,ACC07425,Debit,3046.49
TRANS007426,ACC07426,Credit,192.69
TRANS007427,ACC07427,Debit,1369.05
TRANS007428,ACC07428,Credit,579.85
TRANS007429,ACC07429,Debit,4818.42
TRANS007430,ACC07430,Credit,786.62
TRANS007431,ACC07431,Credit,4145.02
TRANS007432,ACC07432,Debit,4866.98
TRANS007433,ACC07433,Debit,4623.17
TRANS007434,ACC07434,Credit,1777.23
TRANS007435,ACC07435,Debit,1130.08
TRANS007436,ACC07436,Debit,4622.62
TRANS007437,ACC07437,Debit,2324.35
TRANS007438,ACC07438,Debit,4182.81
TRANS007439,ACC07439,Debit,4104.46
TRANS007440,ACC07440,Credit,1863.69
TRANS007441,ACC07441,Debit,1210.22
TRANS007442,ACC07442,Credit,2420.9
TRANS007443,ACC07443,Credit,4291.71
TRANS007444,ACC07444,Debit,3829.04
TRANS007445,ACC07445,Credit,3229.28
TRANS007446,ACC07446,Debit,2946.85
TRANS007447,ACC07447,Credit,3939.28
TRANS007448,ACC07448,Credit,4985.91
TRANS007449,ACC07449,Debit,3803.36
TRANS007450,ACC07450,Debit,2464.73
TRANS007451,ACC07451,Debit,218.21
TRANS007452,ACC07452,Debit,4396.75
TRANS007453,ACC07453,Debit,3648.45
TRANS007454,ACC07454,Credit,360.76
TRANS007455,ACC07455,Debit,1582.03
TRANS007456,ACC07456,Credit,3054.32
TRANS007457,ACC07457,Credit,1231.41
TRANS007458,ACC07458,Credit,1376.92
TRANS007459,ACC07459,Credit,4778.78
TRANS007460,ACC07460,Credit,3863.95
TRANS007461,ACC07461,Credit,3693.89
TRANS007462,ACC07462,Credit,4912.53
TRANS007463,ACC07463,Credit,4495.04
TRANS007464,ACC07464,Debit,4424.95
TRANS007465,ACC07465,Debit,2693.55
TRANS007466,ACC07466,Debit,1558.93
TRANS007467,ACC07467,Credit,1729.76
TRANS007468,ACC07468,Credit,4546.42
TRANS007469,ACC07469,Credit,2842.02
TRANS007470,ACC07470,Debit,3256.5
TRANS007471,ACC07471,Credit,3198.6
TRANS007472,ACC07472,Credit,1981.34
TRANS007473,ACC07473,Debit,1612.59
TRANS007474,ACC07474,Debit,447.04
TRANS007475,ACC07475,Credit,817.68
TRANS007476,ACC07476,Debit,1444.11
TRANS007477,ACC07477,Debit,4703.24
TRANS007478,ACC07478,Credit,3792.27
TRANS007479,ACC07479,Debit,1067.78
TRANS007480,ACC07480,Credit,3184.02
TRANS007481,ACC07481,Credit,2732.84
TRANS007482,ACC07482,Debit,2532.36
TRANS007483,ACC07483,Debit,1393.7
TRANS007484,ACC07484,Debit,2987.23
TRANS007485,ACC07485,Credit,2383.53
TRANS007486,ACC07486,Debit,2968.9
TRANS007487,ACC07487,Debit,2466.67
TRANS007488,ACC07488,Debit,2303.02
TRANS007489,ACC07489,Debit,967.59
TRANS007490,ACC07490,Credit,4177.43
TRANS007491,ACC07491,Debit,715.72
TRANS007492,ACC07492,Credit,387.66
TRANS007493,ACC07493,Debit,1228.65
TRANS007494,ACC07494,Debit,10.97
TRANS007495,ACC07495,Credit,3673.09
TRANS007496,ACC07496,Debit,3892.63
TRANS007497,ACC07497,Credit,1977.52
TRANS007498,ACC07498,Debit,365.86
TRANS007499,ACC07499,Credit,255.02
TRANS007500,ACC07500,Debit,3546.6
TRANS007501,ACC07501,Credit,4549.45
TRANS007502,ACC07502,Debit,3726.31
TRANS007503,ACC07503,Credit,2281.07
TRANS007504,ACC07504,Credit,3650.07
TRANS007505,ACC07505,Debit,4733.31
TRANS007506,ACC07506,Credit,4357.25
TRANS007507,ACC07507,Debit,2530.74
TRANS007508,ACC07508,Debit,662.71
TRANS007509,ACC07509,Debit,1650.25
TRANS007510,ACC07510,Credit,4911.64
TRANS007511,ACC07511,Debit,3473.66
TRANS007512,ACC07512,Debit,4833.49
TRANS007513,ACC07513,Debit,1231.16
TRANS007514,ACC07514,Credit,1233.33
TRANS007515,ACC07515,Debit,3801.18
TRANS007516,ACC07516,Debit,4775.53
TRANS007517,ACC07517,Debit,1031.89
TRANS007518,ACC07518,Debit,2979.61
TRANS007519,ACC07519,Credit,1014.95
TRANS007520,ACC07520,Credit,665.56
TRANS007521,ACC07521,Credit,3960.98
TRANS007522,ACC07522,Debit,3625.7
TRANS007523,ACC07523,Debit,2734.5
TRANS007524,ACC07524,Debit,2189.42
TRANS007525,ACC07525,Credit,911.14
TRANS007526,ACC07526,Credit,3394.78
TRANS007527,ACC07527,Credit,297.06
TRANS007528,ACC07528,Credit,2545.4
TRANS007529,ACC07529,Credit,327.73
TRANS007530,ACC07530,Credit,4993.15
TRANS007531,ACC07531,Debit,239.5
TRANS007532,ACC07532,Debit,4348.31
TRANS007533,ACC07533,Debit,3295.47
TRANS007534,ACC07534,Credit,570.52
TRANS007535,ACC07535,Debit,522.91
TRANS007536,ACC07536,Credit,2291.4
TRANS007537,ACC07537,Debit,4213.86
TRANS007538,ACC07538,Debit,2186.93
TRANS007539,ACC07539,Credit,4179.59
TRANS007540,ACC07540,Debit,4728.81
TRANS007541,ACC07541,Credit,2907.72
TRANS007542,ACC07542,Credit,2992.12
TRANS007543,ACC07543,Credit,4724.48
TRANS007544,ACC07544,Credit,211.66
TRANS007545,ACC07545,Debit,1420.26
TRANS007546,ACC07546,Debit,998.13
TRANS007547,ACC07547,Credit,4151.82
TRANS007548,ACC07548,Credit,1436.62
TRANS007549,ACC07549,Credit,1196.4
TRANS007550,ACC07550,Credit,4786.05
TRANS007551,ACC07551,Credit,2374.47
TRANS007552,ACC07552,Debit,3445.39
TRANS007553,ACC07553,Credit,4992.21
TRANS007554,ACC07554,Credit,4444.49
TRANS007555,ACC07555,Debit,469.05
TRANS007556,ACC07556,Credit,56.03
TRANS007557,ACC07557,Debit,3723.7
TRANS007558,ACC07558,Credit,4985.23
TRANS007559,ACC07559,Credit,2484.51
TRANS007560,ACC07560,Credit,892.47
TRANS007561,ACC07561,Debit,710.53
TRANS007562,ACC07562,Debit,4670.26
TRANS007563,ACC07563,Debit,4348.05
TRANS007564,ACC07564,Credit,4058.9
TRANS007565,ACC07565,Credit,1896.46
TRANS007566,ACC07566,Debit,3609.48
TRANS007567,ACC07567,Credit,2090.27
TRANS007568,ACC07568,Debit,4764.9
TRANS007569,ACC07569,Debit,3205.65
TRANS007570,ACC07570,Credit,3819.87
TRANS007571,ACC07571,Credit,1707.31
TRANS007572,ACC07572,Debit,531.74
TRANS007573,ACC07573,Credit,966.11
TRANS007574,ACC07574,Credit,501.81
TRANS007575,ACC07575,Credit,3405.94
TRANS007576,ACC07576,Debit,3037.59
TRANS007577,ACC07577,Credit,2705.2
TRANS007578,ACC07578,Debit,2728.49
TRANS007579,ACC07579,Credit,3387.95
TRANS007580,ACC07580,Credit,741.54
TRANS007581,ACC07581,Credit,2940.82
TRANS007582,ACC07582,Credit,4001.44
TRANS007583,ACC07583,Credit,4877.47
TRANS007584,ACC07584,Debit,2645.93
TRANS007585,ACC07585,Debit,1869.47
TRANS007586,ACC07586,Debit,4938.84
TRANS007587,ACC07587,Debit,3284.12
TRANS007588,ACC07588,Debit,2778.43
TRANS007589,ACC07589,Debit,579.19
TRANS007590,ACC07590,Debit,943.55
TRANS007591,ACC07591,Debit,90.13
TRANS007592,ACC07592,Debit,3840.23
TRANS007593,ACC07593,Credit,107.31
TRANS007594,ACC07594,Credit,555.34
TRANS007595,ACC07595,Credit,3901.51
TRANS007596,ACC07596,Credit,4087.79
TRANS007597,ACC07597,Credit,1886.01
TRANS007598,ACC07598,Credit,708.88
TRANS007599,ACC07599,Debit,1603.78
TRANS007600,ACC07600,Debit,1156.45
TRANS007601,ACC07601,Credit,983.55
TRANS007602,ACC07602,Debit,4431.59
TRANS007603,ACC07603,Debit,3251.95
TRANS007604,ACC07604,Debit,2802.33
TRANS007605,ACC07605,Debit,604.84
TRANS007606,ACC07606,Debit,2503.18
TRANS007607,ACC07607,Credit,488.2
TRANS007608,ACC07608,Credit,892.09
TRANS007609,ACC07609,Credit,4850.56
TRANS007610,ACC07610,Debit,2441.14
TRANS007611,ACC07611,Credit,415.46
TRANS007612,ACC07612,Credit,696.34
TRANS007613,ACC07613,Credit,4090.59
TRANS007614,ACC07614,Credit,2440.7
TRANS007615,ACC07615,Credit,2128.68
TRANS007616,ACC07616,Debit,871.7
TRANS007617,ACC07617,Debit,1411.41
TRANS007618,ACC07618,Debit,2197.38
TRANS007619,ACC07619,Debit,2446.91
TRANS007620,ACC07620,Debit,1944.04
TRANS007621,ACC07621,Debit,3864.77
TRANS007622,ACC07622,Debit,4940.65
TRANS007623,ACC07623,Debit,4309.98
TRANS007624,ACC07624,Credit,4528.06
TRANS007625,ACC07625,Debit,3671.48
TRANS007626,ACC07626,Debit,2247.16
TRANS007627,ACC07627,Debit,4216.06
TRANS007628,ACC07628,Debit,43.6
TRANS007629,ACC07629,Credit,2783.99
TRANS007630,ACC07630,Debit,1863.88
TRANS007631,ACC07631,Credit,3921.64
TRANS007632,ACC07632,Credit,1879.08
TRANS007633,ACC07633,Debit,4195.08
TRANS007634,ACC07634,Credit,4769.41
TRANS007635,ACC07635,Debit,2011.17
TRANS007636,ACC07636,Credit,4261.92
TRANS007637,ACC07637,Credit,3853.1
TRANS007638,ACC07638,Credit,2329.35
TRANS007639,ACC07639,Credit,1677.08
TRANS007640,ACC07640,Debit,551.81
TRANS007641,ACC07641,Debit,3511.93
TRANS007642,ACC07642,Credit,2320.39
TRANS007643,ACC07643,Debit,4883.63
TRANS007644,ACC07644,Credit,2431.79
TRANS007645,ACC07645,Credit,2397.82
TRANS007646,ACC07646,Credit,652.14
TRANS007647,ACC07647,Debit,2579.94
TRANS007648,ACC07648,Credit,4012.35
TRANS007649,ACC07649,Debit,403.45
TRANS007650,ACC07650,Credit,1001.82
TRANS007651,ACC07651,Debit,4864.95
TRANS007652,ACC07652,Credit,1787.86
TRANS007653,ACC07653,Credit,769.07
TRANS007654,ACC07654,Credit,4681.15
TRANS007655,ACC07655,Debit,4579.75
TRANS007656,ACC07656,Debit,1885.85
TRANS007657,ACC07657,Debit,4434.24
TRANS007658,ACC07658,Debit,256.29
TRANS007659,ACC07659,Debit,4721.67
TRANS007660,ACC07660,Credit,4195.24
TRANS007661,ACC07661,Credit,1550.0
TRANS007662,ACC07662,Debit,2109.2
TRANS007663,ACC07663,Debit,1064.22
TRANS007664,ACC07664,Credit,2653.3
TRANS007665,ACC07665,Credit,1857.08
TRANS007666,ACC07666,Debit,1401.36
TRANS007667,ACC07667,Credit,3751.44
TRANS007668,ACC07668,Debit,4091.35
TRANS007669,ACC07669,Credit,456.79
TRANS007670,ACC07670,Debit,4124.19
TRANS007671,ACC07671,Debit,2528.29
TRANS007672,ACC07672,Debit,4339.91
TRANS007673,ACC07673,Debit,1880.6
TRANS007674,ACC07674,Debit,4408.6
TRANS007675,ACC07675,Debit,1432.51
TRANS007676,ACC07676,Credit,4733.38
TRANS007677,ACC07677,Credit,649.38
TRANS007678,ACC07678,Credit,1314.39
TRANS007679,ACC07679,Credit,2057.81
TRANS007680,ACC07680,Credit,4029.63
TRANS007681,ACC07681,Credit,1464.62
TRANS007682,ACC07682,Credit,3471.35
TRANS007683,ACC07683,Debit,2993.79
TRANS007684,ACC07684,Credit,343.27
TRANS007685,ACC07685,Credit,3781.08
TRANS007686,ACC07686,Debit,4206.38
TRANS007687,ACC07687,Credit,4705.31
TRANS007688,ACC07688,Debit,1266.57
TRANS007689,ACC07689,Credit,4744.34
TRANS007690,ACC07690,Debit,2932.74
TRANS007691,ACC07691,Credit,251.48
TRANS007692,ACC07692,Debit,4869.59
TRANS007693,ACC07693,Debit,1950.27
TRANS007694,ACC07694,Debit,3260.06
TRANS007695,ACC07695,Debit,3710.29
TRANS007696,ACC07696,Debit,196.17
TRANS007697,ACC07697,Credit,1241.96
TRANS007698,ACC07698,Credit,4214.55
TRANS007699,ACC07699,Credit,1044.18
TRANS007700,ACC07700,Credit,2498.57
TRANS007701,ACC07701,Credit,1308.22
TRANS007702,ACC07702,Credit,3629.86
TRANS007703,ACC07703,Debit,2530.16
TRANS007704,ACC07704,Credit,2408.5
TRANS007705,ACC07705,Debit,3457.91
TRANS007706,ACC07706,Credit,2554.32
TRANS007707,ACC07707,Debit,1765.0
TRANS007708,ACC07708,Debit,1080.11
TRANS007709,ACC07709,Debit,3649.06
TRANS007710,ACC07710,Credit,1018.06
TRANS007711,ACC07711,Debit,1808.71
TRANS007712,ACC07712,Debit,3630.91
TRANS007713,ACC07713,Credit,2932.7
TRANS007714,ACC07714,Credit,1533.49
TRANS007715,ACC07715,Credit,695.32
TRANS007716,ACC07716,Credit,1193.85
TRANS007717,ACC07717,Credit,12.39
TRANS007718,ACC07718,Credit,4070.81
TRANS007719,ACC07719,Credit,1871.19
TRANS007720,ACC07720,Debit,2798.49
TRANS007721,ACC07721,Debit,745.83
TRANS007722,ACC07722,Debit,2954.4
TRANS007723,ACC07723,Credit,1951.34
TRANS007724,ACC07724,Debit,3864.66
TRANS007725,ACC07725,Credit,178.07
TRANS007726,ACC07726,Debit,694.99
TRANS007727,ACC07727,Credit,90.88
TRANS007728,ACC07728,Debit,262.22
TRANS007729,ACC07729,Debit,4698.28
TRANS007730,ACC07730,Debit,3739.51
TRANS007731,ACC07731,Debit,1100.48
TRANS007732,ACC07732,Debit,2553.1
TRANS007733,ACC07733,Credit,1751.86
TRANS007734,ACC07734,Debit,649.28
TRANS007735,ACC07735,Debit,1448.55
TRANS007736,ACC07736,Debit,2594.0
TRANS007737,ACC07737,Debit,1553.93
TRANS007738,ACC07738,Debit,251.61
TRANS007739,ACC07739,Debit,4252.44
TRANS007740,ACC07740,Debit,213.55
TRANS007741,ACC07741,Credit,1959.6
TRANS007742,ACC07742,Debit,612.72
TRANS007743,ACC07743,Debit,2057.88
TRANS007744,ACC07744,Credit,546.41
TRANS007745,ACC07745,Debit,3331.65
TRANS007746,ACC07746,Credit,2122.05
TRANS007747,ACC07747,Debit,2965.85
TRANS007748,ACC07748,Credit,3082.19
TRANS007749,ACC07749,Credit,2151.31
TRANS007750,ACC07750,Debit,4360.19
TRANS007751,ACC07751,Debit,2854.05
TRANS007752,ACC07752,Debit,4303.24
TRANS007753,ACC07753,Credit,1355.21
TRANS007754,ACC07754,Credit,966.82
TRANS007755,ACC07755,Credit,3762.45
TRANS007756,ACC07756,Credit,3338.22
TRANS007757,ACC07757,Debit,1174.62
TRANS007758,ACC07758,Debit,4738.09
TRANS007759,ACC07759,Credit,3944.93
TRANS007760,ACC07760,Debit,2811.84
TRANS007761,ACC07761,Debit,3455.99
TRANS007762,ACC07762,Credit,1145.3
TRANS007763,ACC07763,Credit,3557.04
TRANS007764,ACC07764,Credit,2210.22
TRANS007765,ACC07765,Debit,2945.76
TRANS007766,ACC07766,Debit,4586.41
TRANS007767,ACC07767,Debit,466.0
TRANS007768,ACC07768,Debit,2476.97
TRANS007769,ACC07769,Credit,80.51
TRANS007770,ACC07770,Credit,2650.84
TRANS007771,ACC07771,Debit,2208.04
TRANS007772,ACC07772,Debit,14.27
TRANS007773,ACC07773,Credit,2234.17
TRANS007774,ACC07774,Debit,1531.86
TRANS007775,ACC07775,Credit,492.02
TRANS007776,ACC07776,Credit,3608.34
TRANS007777,ACC07777,Debit,4918.11
TRANS007778,ACC07778,Debit,3517.22
TRANS007779,ACC07779,Debit,3628.08
TRANS007780,ACC07780,Credit,880.67
TRANS007781,ACC07781,Credit,3814.76
TRANS007782,ACC07782,Credit,1177.4
TRANS007783,ACC07783,Credit,4971.19
TRANS007784,ACC07784,Credit,2380.73
TRANS007785,ACC07785,Credit,3363.49
TRANS007786,ACC07786,Debit,3157.86
TRANS007787,ACC07787,Debit,2320.9
TRANS007788,ACC07788,Debit,1370.03
TRANS007789,ACC07789,Debit,4981.67
TRANS007790,ACC07790,Debit,1951.87
TRANS007791,ACC07791,Credit,3791.16
TRANS007792,ACC07792,Debit,3799.72
TRANS007793,ACC07793,Credit,1789.96
TRANS007794,ACC07794,Debit,2397.98
TRANS007795,ACC07795,Credit,2014.17
TRANS007796,ACC07796,Debit,867.29
TRANS007797,ACC07797,Debit,4186.9
TRANS007798,ACC07798,Debit,915.12
TRANS007799,ACC07799,Credit,2631.49
TRANS007800,ACC07800,Credit,2789.32
TRANS007801,ACC07801,Credit,4592.66
TRANS007802,ACC07802,Debit,4889.47
TRANS007803,ACC07803,Credit,131.21
TRANS007804,ACC07804,Credit,1707.92
TRANS007805,ACC07805,Debit,1456.4
TRANS007806,ACC07806,Credit,2635.75
TRANS007807,ACC07807,Credit,4347.01
TRANS007808,ACC07808,Debit,3307.83
TRANS007809,ACC07809,Debit,4573.48
TRANS007810,ACC07810,Debit,4747.24
TRANS007811,ACC07811,Debit,2554.64
TRANS007812,ACC07812,Credit,1255.51
TRANS007813,ACC07813,Debit,2992.08
TRANS007814,ACC07814,Debit,2747.53
TRANS007815,ACC07815,Credit,2913.75
TRANS007816,ACC07816,Credit,4997.24
TRANS007817,ACC07817,Credit,643.71
TRANS007818,ACC07818,Debit,3738.06
TRANS007819,ACC07819,Credit,4176.49
TRANS007820,ACC07820,Credit,3032.81
TRANS007821,ACC07821,Credit,2615.5
TRANS007822,ACC07822,Debit,3374.37
TRANS007823,ACC07823,Debit,489.69
TRANS007824,ACC07824,Credit,4218.49
TRANS007825,ACC07825,Credit,4473.22
TRANS007826,ACC07826,Debit,1902.92
TRANS007827,ACC07827,Debit,580.55
TRANS007828,ACC07828,Debit,3236.32
TRANS007829,ACC07829,Credit,4846.04
TRANS007830,ACC07830,Debit,2156.4
TRANS007831,ACC07831,Debit,4504.81
TRANS007832,ACC07832,Debit,2550.44
TRANS007833,ACC07833,Debit,2807.03
TRANS007834,ACC07834,Credit,1180.04
TRANS007835,ACC07835,Credit,4227.53
TRANS007836,ACC07836,Debit,891.7
TRANS007837,ACC07837,Debit,908.34
TRANS007838,ACC07838,Credit,1576.26
TRANS007839,ACC07839,Debit,4171.62
TRANS007840,ACC07840,Credit,4100.95
TRANS007841,ACC07841,Debit,3828.3
TRANS007842,ACC07842,Credit,1053.14
TRANS007843,ACC07843,Credit,4563.67
TRANS007844,ACC07844,Credit,2513.56
TRANS007845,ACC07845,Credit,456.76
TRANS007846,ACC07846,Debit,1075.2
TRANS007847,ACC07847,Debit,4652.11
TRANS007848,ACC07848,Debit,1280.63
TRANS007849,ACC07849,Debit,2414.68
TRANS007850,ACC07850,Debit,1659.55
TRANS007851,ACC07851,Credit,2201.55
TRANS007852,ACC07852,Debit,1208.92
TRANS007853,ACC07853,Credit,2863.9
TRANS007854,ACC07854,Credit,284.98
TRANS007855,ACC07855,Debit,2686.16
TRANS007856,ACC07856,Credit,2146.26
TRANS007857,ACC07857,Credit,3590.93
TRANS007858,ACC07858,Debit,4187.97
TRANS007859,ACC07859,Credit,3784.37
TRANS007860,ACC07860,Credit,543.0
TRANS007861,ACC07861,Credit,3049.57
TRANS007862,ACC07862,Credit,3234.35
TRANS007863,ACC07863,Debit,790.74
TRANS007864,ACC07864,Debit,1481.16
TRANS007865,ACC07865,Debit,1503.4
TRANS007866,ACC07866,Credit,2724.04
TRANS007867,ACC07867,Credit,1548.67
TRANS007868,ACC07868,Credit,1462.48
TRANS007869,ACC07869,Credit,3396.0
TRANS007870,ACC07870,Credit,2089.5
TRANS007871,ACC07871,Debit,2519.82
TRANS007872,ACC07872,Credit,2652.59
TRANS007873,ACC07873,Debit,1803.64
TRANS007874,ACC07874,Debit,1333.21
TRANS007875,ACC07875,Debit,1483.52
TRANS007876,ACC07876,Credit,2680.08
TRANS007877,ACC07877,Credit,2775.42
TRANS007878,ACC07878,Credit,4548.77
TRANS007879,ACC07879,Credit,1554.55
TRANS007880,ACC07880,Debit,2469.3
TRANS007881,ACC07881,Debit,3275.44
TRANS007882,ACC07882,Credit,2896.3
TRANS007883,ACC07883,Credit,2919.14
TRANS007884,ACC07884,Credit,166.26
TRANS007885,ACC07885,Credit,2194.41
TRANS007886,ACC07886,Credit,2780.17
TRANS007887,ACC07887,Credit,901.4
TRANS007888,ACC07888,Credit,4861.55
TRANS007889,ACC07889,Debit,496.51
TRANS007890,ACC07890,Debit,432.46
TRANS007891,ACC07891,Debit,3888.0
TRANS007892,ACC07892,Debit,3898.31
TRANS007893,ACC07893,Debit,2340.12
TRANS007894,ACC07894,Debit,292.51
TRANS007895,ACC07895,Credit,3956.82
TRANS007896,ACC07896,Debit,745.12
TRANS007897,ACC07897,Debit,4816.16
TRANS007898,ACC07898,Debit,898.8
TRANS007899,ACC07899,Credit,3630.16
TRANS007900,ACC07900,Debit,1687.75
TRANS007901,ACC07901,Debit,2615.34
TRANS007902,ACC07902,Debit,1201.66
TRANS007903,ACC07903,Credit,3156.94
TRANS007904,ACC07904,Debit,3822.6
TRANS007905,ACC07905,Credit,1184.93
TRANS007906,ACC07906,Debit,955.82
TRANS007907,ACC07907,Debit,732.93
TRANS007908,ACC07908,Credit,541.74
TRANS007909,ACC07909,Credit,1554.62
TRANS007910,ACC07910,Credit,606.39
TRANS007911,ACC07911,Debit,4998.94
TRANS007912,ACC07912,Debit,3618.81
TRANS007913,ACC07913,Credit,2286.38
TRANS007914,ACC07914,Credit,1293.6
TRANS007915,ACC07915,Debit,896.92
TRANS007916,ACC07916,Credit,4812.44
TRANS007917,ACC07917,Credit,4386.36
TRANS007918,ACC07918,Debit,1037.76
TRANS007919,ACC07919,Credit,2073.99
TRANS007920,ACC07920,Credit,2923.62
TRANS007921,ACC07921,Debit,888.98
TRANS007922,ACC07922,Credit,210.47
TRANS007923,ACC07923,Credit,489.58
TRANS007924,ACC07924,Credit,2276.16
TRANS007925,ACC07925,Credit,3095.51
TRANS007926,ACC07926,Credit,3135.42
TRANS007927,ACC07927,Credit,3114.44
TRANS007928,ACC07928,Debit,762.17
TRANS007929,ACC07929,Debit,4629.4
TRANS007930,ACC07930,Credit,3626.51
TRANS007931,ACC07931,Debit,3593.68
TRANS007932,ACC07932,Debit,4802.73
TRANS007933,ACC07933,Credit,4695.74
TRANS007934,ACC07934,Debit,3514.21
TRANS007935,ACC07935,Credit,3982.55
TRANS007936,ACC07936,Credit,4938.65
TRANS007937,ACC07937,Debit,1139.18
TRANS007938,ACC07938,Debit,2979.81
TRANS007939,ACC07939,Debit,943.09
TRANS007940,ACC07940,Credit,1444.31
TRANS007941,ACC07941,Credit,4621.01
TRANS007942,ACC07942,Credit,303.31
TRANS007943,ACC07943,Debit,3704.73
TRANS007944,ACC07944,Debit,2179.56
TRANS007945,ACC07945,Credit,328.39
TRANS007946,ACC07946,Credit,3311.6
TRANS007947,ACC07947,Debit,192.36
TRANS007948,ACC07948,Credit,845.8
TRANS007949,ACC07949,Credit,1013.95
TRANS007950,ACC07950,Debit,3909.14
TRANS007951,ACC07951,Credit,2070.3
TRANS007952,ACC07952,Credit,4731.45
TRANS007953,ACC07953,Debit,1702.71
TRANS007954,ACC07954,Credit,183.61
TRANS007955,ACC07955,Credit,1764.78
TRANS007956,ACC07956,Credit,101.39
TRANS007957,ACC07957,Debit,1024.79
TRANS007958,ACC07958,Credit,1267.55
TRANS007959,ACC07959,Credit,805.26
TRANS007960,ACC07960,Credit,2093.15
TRANS007961,ACC07961,Credit,379.4
TRANS007962,ACC07962,Debit,1851.88
TRANS007963,ACC07963,Debit,4189.32
TRANS007964,ACC07964,Debit,2538.94
TRANS007965,ACC07965,Credit,787.87
TRANS007966,ACC07966,Debit,4840.3
TRANS007967,ACC07967,Credit,3030.17
TRANS007968,ACC07968,Credit,2441.93
TRANS007969,ACC07969,Credit,1447.05
TRANS007970,ACC07970,Debit,3941.72
TRANS007971,ACC07971,Debit,1816.31
TRANS007972,ACC07972,Credit,114.39
TRANS007973,ACC07973,Credit,2009.33
TRANS007974,ACC07974,Debit,2293.2
TRANS007975,ACC07975,Debit,951.94
TRANS007976,ACC07976,Debit,4609.28
TRANS007977,ACC07977,Credit,3174.04
TRANS007978,ACC07978,Credit,3274.68
TRANS007979,ACC07979,Debit,4130.99
TRANS007980,ACC07980,Debit,4574.01
TRANS007981,ACC07981,Debit,1952.47
TRANS007982,ACC07982,Credit,3644.76
TRANS007983,ACC07983,Debit,1761.3
TRANS007984,ACC07984,Debit,4173.19
TRANS007985,ACC07985,Debit,3331.9
TRANS007986,ACC07986,Debit,4891.42
TRANS007987,ACC07987,Credit,55.69
TRANS007988,ACC07988,Credit,3356.49
TRANS007989,ACC07989,Credit,4525.14
TRANS007990,ACC07990,Credit,2462.99
TRANS007991,ACC07991,Debit,4280.1
TRANS007992,ACC07992,Credit,803.8
TRANS007993,ACC07993,Debit,3691.94
TRANS007994,ACC07994,Credit,4015.35
TRANS007995,ACC07995,Credit,1884.85
TRANS007996,ACC07996,Debit,4667.53
TRANS007997,ACC07997,Credit,267.79
TRANS007998,ACC07998,Credit,2290.25
TRANS007999,ACC07999,Debit,951.79
TRANS008000,ACC08000,Credit,1565.16
TRANS008001,ACC08001,Credit,4475.48
TRANS008002,ACC08002,Credit,3701.48
TRANS008003,ACC08003,Debit,3074.3
TRANS008004,ACC08004,Debit,4382.38
TRANS008005,ACC08005,Debit,1249.19
TRANS008006,ACC08006,Debit,3986.52
TRANS008007,ACC08007,Credit,4073.43
TRANS008008,ACC08008,Credit,1970.04
TRANS008009,ACC08009,Credit,222.34
TRANS008010,ACC08010,Credit,4825.73
TRANS008011,ACC08011,Credit,4458.39
TRANS008012,ACC08012,Credit,3392.09
TRANS008013,ACC08013,Debit,4364.01
TRANS008014,ACC08014,Debit,3884.45
TRANS008015,ACC08015,Debit,3283.14
TRANS008016,ACC08016,Credit,255.45
TRANS008017,ACC08017,Credit,294.61
TRANS008018,ACC08018,Credit,1953.98
TRANS008019,ACC08019,Credit,2206.37
TRANS008020,ACC08020,Credit,2820.94
TRANS008021,ACC08021,Credit,1247.25
TRANS008022,ACC08022,Debit,4143.09
TRANS008023,ACC08023,Credit,3804.72
TRANS008024,ACC08024,Debit,4772.9
TRANS008025,ACC08025,Credit,4114.54
TRANS008026,ACC08026,Debit,1345.79
TRANS008027,ACC08027,Credit,1837.84
TRANS008028,ACC08028,Credit,1180.68
TRANS008029,ACC08029,Debit,4759.15
TRANS008030,ACC08030,Credit,4831.44
TRANS008031,ACC08031,Debit,2380.3
TRANS008032,ACC08032,Debit,940.9
TRANS008033,ACC08033,Debit,1055.7
TRANS008034,ACC08034,Credit,3169.87
TRANS008035,ACC08035,Debit,1245.7
TRANS008036,ACC08036,Credit,4045.9
TRANS008037,ACC08037,Credit,4648.09
TRANS008038,ACC08038,Credit,4371.77
TRANS008039,ACC08039,Debit,4555.42
TRANS008040,ACC08040,Debit,92.67
TRANS008041,ACC08041,Debit,3223.19
TRANS008042,ACC08042,Debit,1021.8
TRANS008043,ACC08043,Credit,3114.21
TRANS008044,ACC08044,Debit,122.37
TRANS008045,ACC08045,Credit,703.5
TRANS008046,ACC08046,Debit,3313.35
TRANS008047,ACC08047,Debit,3447.52
TRANS008048,ACC08048,Debit,902.44
TRANS008049,ACC08049,Credit,564.54
TRANS008050,ACC08050,Debit,940.93
TRANS008051,ACC08051,Debit,3747.44
TRANS008052,ACC08052,Credit,3733.98
TRANS008053,ACC08053,Debit,797.33
TRANS008054,ACC08054,Debit,1459.54
TRANS008055,ACC08055,Debit,2477.68
TRANS008056,ACC08056,Credit,4875.67
TRANS008057,ACC08057,Credit,395.78
TRANS008058,ACC08058,Credit,4330.81
TRANS008059,ACC08059,Debit,2246.14
TRANS008060,ACC08060,Debit,3112.76
TRANS008061,ACC08061,Debit,2634.3
TRANS008062,ACC08062,Debit,3019.56
TRANS008063,ACC08063,Debit,4609.53
TRANS008064,ACC08064,Credit,2252.93
TRANS008065,ACC08065,Debit,383.3
TRANS008066,ACC08066,Credit,4462.53
TRANS008067,ACC08067,Debit,2319.52
TRANS008068,ACC08068,Debit,4345.02
TRANS008069,ACC08069,Debit,1908.98
TRANS008070,ACC08070,Credit,3832.03
TRANS008071,ACC08071,Debit,2647.91
TRANS008072,ACC08072,Credit,215.15
TRANS008073,ACC08073,Debit,3645.83
TRANS008074,ACC08074,Credit,2364.68
TRANS008075,ACC08075,Debit,3775.74
TRANS008076,ACC08076,Credit,889.05
TRANS008077,ACC08077,Credit,1339.22
TRANS008078,ACC08078,Credit,4896.71
TRANS008079,ACC08079,Credit,4410.11
TRANS008080,ACC08080,Credit,916.99
TRANS008081,ACC08081,Credit,1603.13
TRANS008082,ACC08082,Credit,928.93
TRANS008083,ACC08083,Debit,1912.88
TRANS008084,ACC08084,Debit,478.93
TRANS008085,ACC08085,Credit,2576.89
TRANS008086,ACC08086,Credit,2129.43
TRANS008087,ACC08087,Debit,1344.3
TRANS008088,ACC08088,Debit,4673.16
TRANS008089,ACC08089,Debit,4701.49
TRANS008090,ACC08090,Credit,4146.37
TRANS008091,ACC08091,Debit,4647.41
TRANS008092,ACC08092,Credit,4572.72
TRANS008093,ACC08093,Debit,563.93
TRANS008094,ACC08094,Credit,4281.47
TRANS008095,ACC08095,Debit,423.86
TRANS008096,ACC08096,Credit,3211.19
TRANS008097,ACC08097,Credit,4724.25
TRANS008098,ACC08098,Debit,866.57
TRANS008099,ACC08099,Debit,102.67
TRANS008100,ACC08100,Debit,3401.61
TRANS008101,ACC08101,Credit,3670.5
TRANS008102,ACC08102,Debit,436.8
TRANS008103,ACC08103,Debit,787.36
TRANS008104,ACC08104,Credit,2538.2
TRANS008105,ACC08105,Debit,4089.77
TRANS008106,ACC08106,Credit,2199.67
TRANS008107,ACC08107,Credit,2611.49
TRANS008108,ACC08108,Credit,3329.18
TRANS008109,ACC08109,Credit,1507.69
TRANS008110,ACC08110,Credit,4147.24
TRANS008111,ACC08111,Debit,1872.18
TRANS008112,ACC08112,Credit,311.78
TRANS008113,ACC08113,Credit,3962.17
TRANS008114,ACC08114,Debit,2276.54
TRANS008115,ACC08115,Debit,4464.59
TRANS008116,ACC08116,Debit,1976.3
TRANS008117,ACC08117,Credit,66.95
TRANS008118,ACC08118,Credit,3428.34
TRANS008119,ACC08119,Credit,246.54
TRANS008120,ACC08120,Credit,972.6
TRANS008121,ACC08121,Debit,571.96
TRANS008122,ACC08122,Debit,2157.98
TRANS008123,ACC08123,Debit,4703.38
TRANS008124,ACC08124,Credit,4292.61
TRANS008125,ACC08125,Debit,3417.38
TRANS008126,ACC08126,Credit,3963.82
TRANS008127,ACC08127,Debit,1043.04
TRANS008128,ACC08128,Credit,3086.29
TRANS008129,ACC08129,Debit,3387.34
TRANS008130,ACC08130,Credit,1750.96
TRANS008131,ACC08131,Debit,1705.85
TRANS008132,ACC08132,Credit,1539.65
TRANS008133,ACC08133,Debit,711.66
TRANS008134,ACC08134,Credit,2739.64
TRANS008135,ACC08135,Credit,1632.46
TRANS008136,ACC08136,Credit,3440.58
TRANS008137,ACC08137,Debit,1054.47
TRANS008138,ACC08138,Debit,80.71
TRANS008139,ACC08139,Credit,2196.86
TRANS008140,ACC08140,Debit,1598.88
TRANS008141,ACC08141,Credit,395.41
TRANS008142,ACC08142,Credit,2892.99
TRANS008143,ACC08143,Credit,960.85
TRANS008144,ACC08144,Credit,1295.63
TRANS008145,ACC08145,Credit,1327.06
TRANS008146,ACC08146,Debit,3976.67
TRANS008147,ACC08147,Credit,2266.8
TRANS008148,ACC08148,Credit,2904.18
TRANS008149,ACC08149,Credit,4346.11
TRANS008150,ACC08150,Debit,4586.16
TRANS008151,ACC08151,Debit,1413.74
TRANS008152,ACC08152,Credit,1773.07
TRANS008153,ACC08153,Debit,1479.34
TRANS008154,ACC08154,Debit,1292.92
TRANS008155,ACC08155,Credit,643.67
TRANS008156,ACC08156,Debit,1050.89
TRANS008157,ACC08157,Credit,314.51
TRANS008158,ACC08158,Debit,4362.51
TRANS008159,ACC08159,Debit,4022.63
TRANS008160,ACC08160,Credit,150.23
TRANS008161,ACC08161,Credit,1929.78
TRANS008162,ACC08162,Credit,3190.24
TRANS008163,ACC08163,Debit,932.93
TRANS008164,ACC08164,Credit,4130.85
TRANS008165,ACC08165,Credit,4451.63
TRANS008166,ACC08166,Debit,3643.67
TRANS008167,ACC08167,Debit,4881.96
TRANS008168,ACC08168,Debit,2989.74
TRANS008169,ACC08169,Debit,1227.93
TRANS008170,ACC08170,Credit,2664.42
TRANS008171,ACC08171,Credit,2366.61
TRANS008172,ACC08172,Credit,4230.39
TRANS008173,ACC08173,Credit,516.12
TRANS008174,ACC08174,Debit,3810.14
TRANS008175,ACC08175,Credit,2897.45
TRANS008176,ACC08176,Debit,1001.8
TRANS008177,ACC08177,Credit,2975.51
TRANS008178,ACC08178,Credit,1448.15
TRANS008179,ACC08179,Debit,1682.33
TRANS008180,ACC08180,Credit,1575.3
TRANS008181,ACC08181,Debit,831.6
TRANS008182,ACC08182,Debit,4686.41
TRANS008183,ACC08183,Credit,555.59
TRANS008184,ACC08184,Credit,1854.27
TRANS008185,ACC08185,Credit,2192.27
TRANS008186,ACC08186,Credit,3872.99
TRANS008187,ACC08187,Credit,1610.54
TRANS008188,ACC08188,Debit,2271.1
TRANS008189,ACC08189,Debit,455.23
TRANS008190,ACC08190,Credit,266.57
TRANS008191,ACC08191,Credit,4681.76
TRANS008192,ACC08192,Debit,945.11
TRANS008193,ACC08193,Debit,463.75
TRANS008194,ACC08194,Credit,4227.27
TRANS008195,ACC08195,Debit,2019.28
TRANS008196,ACC08196,Credit,838.16
TRANS008197,ACC08197,Debit,696.46
TRANS008198,ACC08198,Debit,1884.13
TRANS008199,ACC08199,Credit,3691.37
TRANS008200,ACC08200,Credit,1896.28
TRANS008201,ACC08201,Credit,3243.41
TRANS008202,ACC08202,Debit,3365.69
TRANS008203,ACC08203,Credit,2562.32
TRANS008204,ACC08204,Credit,29.49
TRANS008205,ACC08205,Credit,1094.33
TRANS008206,ACC08206,Debit,691.39
TRANS008207,ACC08207,Debit,471.98
TRANS008208,ACC08208,Debit,4703.52
TRANS008209,ACC08209,Debit,1031.68
TRANS008210,ACC08210,Credit,2216.24
TRANS008211,ACC08211,Debit,1241.75
TRANS008212,ACC08212,Credit,3038.95
TRANS008213,ACC08213,Debit,1194.69
TRANS008214,ACC08214,Debit,4826.57
TRANS008215,ACC08215,Credit,3835.4
TRANS008216,ACC08216,Debit,4607.76
TRANS008217,ACC08217,Debit,4368.86
TRANS008218,ACC08218,Credit,3475.33
TRANS008219,ACC08219,Credit,4584.26
TRANS008220,ACC08220,Credit,3796.66
TRANS008221,ACC08221,Debit,1921.86
TRANS008222,ACC08222,Credit,785.6
TRANS008223,ACC08223,Debit,2442.04
TRANS008224,ACC08224,Credit,308.31
TRANS008225,ACC08225,Debit,3656.27
TRANS008226,ACC08226,Credit,4223.69
TRANS008227,ACC08227,Credit,2457.43
TRANS008228,ACC08228,Credit,2386.27
TRANS008229,ACC08229,Debit,4183.42
TRANS008230,ACC08230,Credit,4741.18
TRANS008231,ACC08231,Debit,2402.1
TRANS008232,ACC08232,Debit,4178.04
TRANS008233,ACC08233,Credit,4510.22
TRANS008234,ACC08234,Credit,1644.64
TRANS008235,ACC08235,Credit,612.74
TRANS008236,ACC08236,Debit,922.21
TRANS008237,ACC08237,Credit,2162.24
TRANS008238,ACC08238,Debit,4709.34
TRANS008239,ACC08239,Credit,4559.13
TRANS008240,ACC08240,Credit,487.68
TRANS008241,ACC08241,Debit,3256.84
TRANS008242,ACC08242,Debit,4153.38
TRANS008243,ACC08243,Debit,4404.16
TRANS008244,ACC08244,Credit,2757.23
TRANS008245,ACC08245,Debit,2764.86
TRANS008246,ACC08246,Credit,2845.08
TRANS008247,ACC08247,Debit,2961.0
TRANS008248,ACC08248,Debit,4361.9
TRANS008249,ACC08249,Debit,1041.39
TRANS008250,ACC08250,Debit,4381.4
TRANS008251,ACC08251,Debit,2479.37
TRANS008252,ACC08252,Debit,1229.56
TRANS008253,ACC08253,Debit,89.07
TRANS008254,ACC08254,Debit,1271.55
TRANS008255,ACC08255,Debit,622.51
TRANS008256,ACC08256,Credit,84.43
TRANS008257,ACC08257,Credit,2247.53
TRANS008258,ACC08258,Debit,2617.44
TRANS008259,ACC08259,Credit,4868.31
TRANS008260,ACC08260,Credit,1370.4
TRANS008261,ACC08261,Debit,1700.75
TRANS008262,ACC08262,Credit,294.16
TRANS008263,ACC08263,Debit,2332.64
TRANS008264,ACC08264,Credit,2080.32
TRANS008265,ACC08265,Credit,3120.15
TRANS008266,ACC08266,Credit,2103.04
TRANS008267,ACC08267,Credit,2553.97
TRANS008268,ACC08268,Debit,1032.73
TRANS008269,ACC08269,Credit,181.18
TRANS008270,ACC08270,Credit,582.0
TRANS008271,ACC08271,Credit,2060.28
TRANS008272,ACC08272,Credit,4993.19
TRANS008273,ACC08273,Credit,1194.53
TRANS008274,ACC08274,Debit,4921.15
TRANS008275,ACC08275,Credit,4383.63
TRANS008276,ACC08276,Credit,1767.65
TRANS008277,ACC08277,Debit,1377.52
TRANS008278,ACC08278,Credit,483.93
TRANS008279,ACC08279,Debit,3957.12
TRANS008280,ACC08280,Credit,2888.02
TRANS008281,ACC08281,Debit,3519.93
TRANS008282,ACC08282,Credit,28.96
TRANS008283,ACC08283,Credit,1034.7
TRANS008284,ACC08284,Debit,277.34
TRANS008285,ACC08285,Credit,1011.61
TRANS008286,ACC08286,Debit,2459.44
TRANS008287,ACC08287,Debit,4701.03
TRANS008288,ACC08288,Credit,1522.25
TRANS008289,ACC08289,Credit,2828.19
TRANS008290,ACC08290,Credit,4326.93
TRANS008291,ACC08291,Credit,2368.95
TRANS008292,ACC08292,Debit,114.84
TRANS008293,ACC08293,Debit,1296.37
TRANS008294,ACC08294,Debit,4466.56
TRANS008295,ACC08295,Debit,2997.68
TRANS008296,ACC08296,Credit,3299.64
TRANS008297,ACC08297,Debit,4687.82
TRANS008298,ACC08298,Credit,3093.71
TRANS008299,ACC08299,Debit,233.99
TRANS008300,ACC08300,Debit,2828.08
TRANS008301,ACC08301,Debit,63.27
TRANS008302,ACC08302,Debit,4095.75
TRANS008303,ACC08303,Debit,4616.41
TRANS008304,ACC08304,Debit,2169.25
TRANS008305,ACC08305,Debit,2136.72
TRANS008306,ACC08306,Credit,4256.92
TRANS008307,ACC08307,Debit,3351.57
TRANS008308,ACC08308,Debit,1844.82
TRANS008309,ACC08309,Debit,1579.92
TRANS008310,ACC08310,Debit,1762.58
TRANS008311,ACC08311,Credit,753.31
TRANS008312,ACC08312,Credit,1091.03
TRANS008313,ACC08313,Debit,4649.92
TRANS008314,ACC08314,Debit,2069.42
TRANS008315,ACC08315,Debit,4235.47
TRANS008316,ACC08316,Credit,2483.47
TRANS008317,ACC08317,Debit,4688.74
TRANS008318,ACC08318,Credit,2651.46
TRANS008319,ACC08319,Debit,92.81
TRANS008320,ACC08320,Debit,2837.55
TRANS008321,ACC08321,Credit,2853.81
TRANS008322,ACC08322,Credit,4022.64
TRANS008323,ACC08323,Credit,4372.31
TRANS008324,ACC08324,Credit,4338.62
TRANS008325,ACC08325,Debit,2792.16
TRANS008326,ACC08326,Debit,4349.79
TRANS008327,ACC08327,Debit,991.78
TRANS008328,ACC08328,Credit,1807.78
TRANS008329,ACC08329,Debit,2885.34
TRANS008330,ACC08330,Debit,786.17
TRANS008331,ACC08331,Debit,2873.0
TRANS008332,ACC08332,Debit,934.47
TRANS008333,ACC08333,Credit,4219.38
TRANS008334,ACC08334,Debit,3287.35
TRANS008335,ACC08335,Credit,4553.92
TRANS008336,ACC08336,Debit,4426.82
TRANS008337,ACC08337,Credit,899.14
TRANS008338,ACC08338,Credit,4838.77
TRANS008339,ACC08339,Debit,3357.38
TRANS008340,ACC08340,Credit,1436.35
TRANS008341,ACC08341,Debit,1418.01
TRANS008342,ACC08342,Credit,4299.26
TRANS008343,ACC08343,Debit,419.9
TRANS008344,ACC08344,Credit,745.15
TRANS008345,ACC08345,Debit,3496.56
TRANS008346,ACC08346,Credit,3650.06
TRANS008347,ACC08347,Credit,4164.22
TRANS008348,ACC08348,Debit,4939.37
TRANS008349,ACC08349,Debit,1083.72
TRANS008350,ACC08350,Debit,2691.04
TRANS008351,ACC08351,Debit,4791.11
TRANS008352,ACC08352,Credit,4190.57
TRANS008353,ACC08353,Debit,579.34
TRANS008354,ACC08354,Credit,4547.76
TRANS008355,ACC08355,Debit,3294.31
TRANS008356,ACC08356,Credit,4369.5
TRANS008357,ACC08357,Debit,3629.86
TRANS008358,ACC08358,Credit,3434.02
TRANS008359,ACC08359,Credit,4848.91
TRANS008360,ACC08360,Debit,1669.2
TRANS008361,ACC08361,Debit,510.44
TRANS008362,ACC08362,Credit,1999.82
TRANS008363,ACC08363,Credit,2897.69
TRANS008364,ACC08364,Credit,3139.03
TRANS008365,ACC08365,Debit,2512.51
TRANS008366,ACC08366,Credit,3171.08
TRANS008367,ACC08367,Credit,919.05
TRANS008368,ACC08368,Credit,4327.21
TRANS008369,ACC08369,Credit,4159.21
TRANS008370,ACC08370,Debit,1452.24
TRANS008371,ACC08371,Debit,3650.31
TRANS008372,ACC08372,Debit,1527.53
TRANS008373,ACC08373,Credit,4149.76
TRANS008374,ACC08374,Debit,4432.27
TRANS008375,ACC08375,Credit,487.96
TRANS008376,ACC08376,Debit,4359.87
TRANS008377,ACC08377,Credit,2826.79
TRANS008378,ACC08378,Debit,2676.34
TRANS008379,ACC08379,Credit,2625.13
TRANS008380,ACC08380,Credit,2985.87
TRANS008381,ACC08381,Credit,123.94
TRANS008382,ACC08382,Debit,437.8
TRANS008383,ACC08383,Debit,825.85
TRANS008384,ACC08384,Credit,4478.11
TRANS008385,ACC08385,Credit,4207.65
TRANS008386,ACC08386,Debit,1057.88
TRANS008387,ACC08387,Credit,872.68
TRANS008388,ACC08388,Debit,967.41
TRANS008389,ACC08389,Debit,1044.06
TRANS008390,ACC08390,Credit,3624.69
TRANS008391,ACC08391,Debit,3195.93
TRANS008392,ACC08392,Credit,229.7
TRANS008393,ACC08393,Credit,3949.82
TRANS008394,ACC08394,Credit,615.18
TRANS008395,ACC08395,Debit,242.53
TRANS008396,ACC08396,Credit,4302.85
TRANS008397,ACC08397,Credit,4971.62
TRANS008398,ACC08398,Credit,1006.75
TRANS008399,ACC08399,Debit,568.4
TRANS008400,ACC08400,Credit,277.79
TRANS008401,ACC08401,Credit,2193.12
TRANS008402,ACC08402,Debit,4585.94
TRANS008403,ACC08403,Debit,3145.1
TRANS008404,ACC08404,Credit,4807.81
TRANS008405,ACC08405,Debit,1248.42
TRANS008406,ACC08406,Credit,4958.63
TRANS008407,ACC08407,Credit,4796.14
TRANS008408,ACC08408,Debit,4517.1
TRANS008409,ACC08409,Credit,224.03
TRANS008410,ACC08410,Debit,3986.98
TRANS008411,ACC08411,Credit,3622.86
TRANS008412,ACC08412,Credit,2358.11
TRANS008413,ACC08413,Credit,1208.64
TRANS008414,ACC08414,Credit,3504.62
TRANS008415,ACC08415,Debit,4611.73
TRANS008416,ACC08416,Debit,4593.8
TRANS008417,ACC08417,Debit,874.69
TRANS008418,ACC08418,Credit,2685.04
TRANS008419,ACC08419,Debit,4502.52
TRANS008420,ACC08420,Debit,4990.47
TRANS008421,ACC08421,Debit,2284.07
TRANS008422,ACC08422,Credit,2711.73
TRANS008423,ACC08423,Debit,126.72
TRANS008424,ACC08424,Debit,514.25
TRANS008425,ACC08425,Credit,2586.19
TRANS008426,ACC08426,Debit,1111.75
TRANS008427,ACC08427,Debit,4256.99
TRANS008428,ACC08428,Debit,3129.38
TRANS008429,ACC08429,Credit,56.99
TRANS008430,ACC08430,Debit,963.69
TRANS008431,ACC08431,Debit,1702.02
TRANS008432,ACC08432,Credit,2940.96
TRANS008433,ACC08433,Credit,1048.67
TRANS008434,ACC08434,Credit,1850.73
TRANS008435,ACC08435,Debit,2266.45
TRANS008436,ACC08436,Credit,1616.03
TRANS008437,ACC08437,Debit,412.46
TRANS008438,ACC08438,Credit,2681.96
TRANS008439,ACC08439,Credit,4036.84
TRANS008440,ACC08440,Debit,3597.45
TRANS008441,ACC08441,Debit,1195.07
TRANS008442,ACC08442,Credit,3560.54
TRANS008443,ACC08443,Credit,2558.56
TRANS008444,ACC08444,Credit,4450.82
TRANS008445,ACC08445,Debit,2956.21
TRANS008446,ACC08446,Debit,105.99
TRANS008447,ACC08447,Debit,147.78
TRANS008448,ACC08448,Debit,278.93
TRANS008449,ACC08449,Debit,4216.65
TRANS008450,ACC08450,Debit,4348.3
TRANS008451,ACC08451,Debit,3468.53
TRANS008452,ACC08452,Credit,3104.42
TRANS008453,ACC08453,Debit,3603.7
TRANS008454,ACC08454,Debit,841.15
TRANS008455,ACC08455,Credit,1420.33
TRANS008456,ACC08456,Credit,3636.42
TRANS008457,ACC08457,Debit,641.9
TRANS008458,ACC08458,Credit,2444.89
TRANS008459,ACC08459,Debit,2125.89
TRANS008460,ACC08460,Credit,1619.36
TRANS008461,ACC08461,Debit,3199.47
TRANS008462,ACC08462,Credit,4500.52
TRANS008463,ACC08463,Debit,4847.43
TRANS008464,ACC08464,Debit,4923.57
TRANS008465,ACC08465,Credit,2832.44
TRANS008466,ACC08466,Credit,4399.74
TRANS008467,ACC08467,Credit,13.57
TRANS008468,ACC08468,Debit,4366.76
TRANS008469,ACC08469,Debit,1263.33
TRANS008470,ACC08470,Debit,2174.21
TRANS008471,ACC08471,Debit,1763.68
TRANS008472,ACC08472,Credit,3361.96
TRANS008473,ACC08473,Debit,58.0
TRANS008474,ACC08474,Credit,2614.72
TRANS008475,ACC08475,Credit,517.84
TRANS008476,ACC08476,Debit,975.14
TRANS008477,ACC08477,Debit,3361.94
TRANS008478,ACC08478,Debit,565.03
TRANS008479,ACC08479,Debit,2938.22
TRANS008480,ACC08480,Debit,2030.66
TRANS008481,ACC08481,Credit,1601.62
TRANS008482,ACC08482,Credit,473.84
TRANS008483,ACC08483,Debit,900.73
TRANS008484,ACC08484,Debit,4281.81
TRANS008485,ACC08485,Debit,4139.86
TRANS008486,ACC08486,Debit,2374.94
TRANS008487,ACC08487,Credit,2240.43
TRANS008488,ACC08488,Credit,3334.29
TRANS008489,ACC08489,Credit,2170.9
TRANS008490,ACC08490,Credit,1920.83
TRANS008491,ACC08491,Credit,1911.16
TRANS008492,ACC08492,Debit,2458.47
TRANS008493,ACC08493,Debit,2057.55
TRANS008494,ACC08494,Credit,4210.08
TRANS008495,ACC08495,Credit,2149.71
TRANS008496,ACC08496,Credit,3606.22
TRANS008497,ACC08497,Debit,1916.97
TRANS008498,ACC08498,Credit,3461.35
TRANS008499,ACC08499,Credit,2634.17
TRANS008500,ACC08500,Debit,1541.67
TRANS008501,ACC08501,Credit,1003.94
TRANS008502,ACC08502,Debit,3750.26
TRANS008503,ACC08503,Debit,4691.87
TRANS008504,ACC08504,Debit,62.72
TRANS008505,ACC08505,Debit,955.5
TRANS008506,ACC08506,Debit,439.45
TRANS008507,ACC08507,Credit,1325.11
TRANS008508,ACC08508,Debit,587.14
TRANS008509,ACC08509,Credit,565.79
TRANS008510,ACC08510,Debit,767.37
TRANS008511,ACC08511,Debit,2546.3
TRANS008512,ACC08512,Credit,1311.21
TRANS008513,ACC08513,Debit,4382.73
TRANS008514,ACC08514,Credit,1202.96
TRANS008515,ACC08515,Credit,1328.33
TRANS008516,ACC08516,Credit,2145.79
TRANS008517,ACC08517,Debit,2005.09
TRANS008518,ACC08518,Credit,2506.36
TRANS008519,ACC08519,Credit,1509.18
TRANS008520,ACC08520,Debit,3942.71
TRANS008521,ACC08521,Debit,1112.58
TRANS008522,ACC08522,Credit,3569.83
TRANS008523,ACC08523,Debit,1379.1
TRANS008524,ACC08524,Credit,3420.04
TRANS008525,ACC08525,Credit,3729.98
TRANS008526,ACC08526,Credit,1639.98
TRANS008527,ACC08527,Debit,809.46
TRANS008528,ACC08528,Credit,4454.56
TRANS008529,ACC08529,Debit,2526.16
TRANS008530,ACC08530,Credit,1328.39
TRANS008531,ACC08531,Debit,2710.33
TRANS008532,ACC08532,Credit,707.95
TRANS008533,ACC08533,Credit,4406.82
TRANS008534,ACC08534,Credit,4686.74
TRANS008535,ACC08535,Debit,3758.89
TRANS008536,ACC08536,Credit,1060.57
TRANS008537,ACC08537,Credit,783.96
TRANS008538,ACC08538,Debit,445.01
TRANS008539,ACC08539,Credit,2318.45
TRANS008540,ACC08540,Debit,1764.01
TRANS008541,ACC08541,Debit,789.12
TRANS008542,ACC08542,Debit,3820.44
TRANS008543,ACC08543,Credit,2413.34
TRANS008544,ACC08544,Debit,4546.23
TRANS008545,ACC08545,Debit,2612.46
TRANS008546,ACC08546,Debit,4280.15
TRANS008547,ACC08547,Debit,4742.93
TRANS008548,ACC08548,Credit,3212.74
TRANS008549,ACC08549,Debit,4002.22
TRANS008550,ACC08550,Debit,1285.04
TRANS008551,ACC08551,Credit,757.02
TRANS008552,ACC08552,Debit,2160.88
TRANS008553,ACC08553,Debit,2690.21
TRANS008554,ACC08554,Credit,1792.29
TRANS008555,ACC08555,Credit,2752.61
TRANS008556,ACC08556,Debit,2698.61
TRANS008557,ACC08557,Credit,2419.51
TRANS008558,ACC08558,Debit,848.22
TRANS008559,ACC08559,Credit,1027.62
TRANS008560,ACC08560,Credit,2651.19
TRANS008561,ACC08561,Debit,1002.97
TRANS008562,ACC08562,Debit,3804.94
TRANS008563,ACC08563,Debit,691.9
TRANS008564,ACC08564,Debit,1029.24
TRANS008565,ACC08565,Credit,4908.41
TRANS008566,ACC08566,Credit,824.27
TRANS008567,ACC08567,Credit,1767.43
TRANS008568,ACC08568,Credit,4242.42
TRANS008569,ACC08569,Debit,227.68
TRANS008570,ACC08570,Credit,328.45
TRANS008571,ACC08571,Debit,2295.61
TRANS008572,ACC08572,Debit,944.73
TRANS008573,ACC08573,Debit,3974.53
TRANS008574,ACC08574,Debit,1676.43
TRANS008575,ACC08575,Debit,4195.14
TRANS008576,ACC08576,Credit,2238.61
TRANS008577,ACC08577,Credit,3343.47
TRANS008578,ACC08578,Debit,907.37
TRANS008579,ACC08579,Debit,1701.5
TRANS008580,ACC08580,Debit,2480.16
TRANS008581,ACC08581,Credit,2028.1
TRANS008582,ACC08582,Debit,4524.78
TRANS008583,ACC08583,Credit,928.07
TRANS008584,ACC08584,Credit,2917.68
TRANS008585,ACC08585,Debit,2460.13
TRANS008586,ACC08586,Credit,3970.85
TRANS008587,ACC08587,Debit,3060.75
TRANS008588,ACC08588,Debit,2346.12
TRANS008589,ACC08589,Credit,2140.47
TRANS008590,ACC08590,Credit,3630.27
TRANS008591,ACC08591,Debit,4944.3
TRANS008592,ACC08592,Debit,198.36
TRANS008593,ACC08593,Credit,4782.79
TRANS008594,ACC08594,Credit,3578.58
TRANS008595,ACC08595,Credit,3088.55
TRANS008596,ACC08596,Debit,4790.7
TRANS008597,ACC08597,Credit,25.38
TRANS008598,ACC08598,Credit,2454.1
TRANS008599,ACC08599,Credit,3351.86
TRANS008600,ACC08600,Debit,1604.07
TRANS008601,ACC08601,Credit,1089.59
TRANS008602,ACC08602,Credit,3629.08
TRANS008603,ACC08603,Debit,1881.31
TRANS008604,ACC08604,Debit,2194.77
TRANS008605,ACC08605,Credit,1904.81
TRANS008606,ACC08606,Debit,2744.89
TRANS008607,ACC08607,Debit,4039.5
TRANS008608,ACC08608,Debit,4474.7
TRANS008609,ACC08609,Credit,4545.14
TRANS008610,ACC08610,Debit,3359.97
TRANS008611,ACC08611,Debit,1297.37
TRANS008612,ACC08612,Debit,3089.12
TRANS008613,ACC08613,Debit,475.82
TRANS008614,ACC08614,Credit,235.7
TRANS008615,ACC08615,Credit,322.75
TRANS008616,ACC08616,Debit,4606.94
TRANS008617,ACC08617,Credit,3178.72
TRANS008618,ACC08618,Credit,2159.28
TRANS008619,ACC08619,Credit,1894.97
TRANS008620,ACC08620,Debit,522.48
TRANS008621,ACC08621,Debit,2988.41
TRANS008622,ACC08622,Credit,2958.48
TRANS008623,ACC08623,Debit,1252.96
TRANS008624,ACC08624,Credit,1217.58
TRANS008625,ACC08625,Debit,940.68
TRANS008626,ACC08626,Debit,3348.44
TRANS008627,ACC08627,Debit,3038.11
TRANS008628,ACC08628,Debit,3569.2
TRANS008629,ACC08629,Credit,731.16
TRANS008630,ACC08630,Credit,133.3
TRANS008631,ACC08631,Debit,3654.34
TRANS008632,ACC08632,Credit,4822.92
TRANS008633,ACC08633,Credit,4467.14
TRANS008634,ACC08634,Credit,1223.7
TRANS008635,ACC08635,Debit,4210.37
TRANS008636,ACC08636,Credit,4637.76
TRANS008637,ACC08637,Debit,2632.0
TRANS008638,ACC08638,Debit,2998.08
TRANS008639,ACC08639,Debit,2163.77
TRANS008640,ACC08640,Credit,3732.33
TRANS008641,ACC08641,Debit,758.73
TRANS008642,ACC08642,Debit,2691.98
TRANS008643,ACC08643,Debit,1971.06
TRANS008644,ACC08644,Credit,1738.92
TRANS008645,ACC08645,Credit,2168.88
TRANS008646,ACC08646,Debit,4150.43
TRANS008647,ACC08647,Credit,4537.16
TRANS008648,ACC08648,Credit,4484.22
TRANS008649,ACC08649,Credit,2655.79
TRANS008650,ACC08650,Debit,2625.72
TRANS008651,ACC08651,Credit,3438.88
TRANS008652,ACC08652,Credit,1243.79
TRANS008653,ACC08653,Debit,3045.17
TRANS008654,ACC08654,Credit,2142.42
TRANS008655,ACC08655,Credit,2213.55
TRANS008656,ACC08656,Debit,4223.52
TRANS008657,ACC08657,Debit,3992.56
TRANS008658,ACC08658,Credit,2324.22
TRANS008659,ACC08659,Credit,4708.17
TRANS008660,ACC08660,Debit,1870.65
TRANS008661,ACC08661,Debit,3660.51
TRANS008662,ACC08662,Debit,3594.5
TRANS008663,ACC08663,Debit,686.3
TRANS008664,ACC08664,Credit,361.2
TRANS008665,ACC08665,Credit,2637.2
TRANS008666,ACC08666,Debit,1221.34
TRANS008667,ACC08667,Debit,396.67
TRANS008668,ACC08668,Credit,4358.75
TRANS008669,ACC08669,Credit,59.96
TRANS008670,ACC08670,Credit,3655.68
TRANS008671,ACC08671,Credit,1670.63
TRANS008672,ACC08672,Debit,3365.56
TRANS008673,ACC08673,Credit,4686.41
TRANS008674,ACC08674,Credit,883.78
TRANS008675,ACC08675,Credit,3055.11
TRANS008676,ACC08676,Debit,4779.91
TRANS008677,ACC08677,Credit,1710.86
TRANS008678,ACC08678,Credit,1320.18
TRANS008679,ACC08679,Credit,3039.72
TRANS008680,ACC08680,Debit,4328.47
TRANS008681,ACC08681,Debit,4955.11
TRANS008682,ACC08682,Credit,4133.19
TRANS008683,ACC08683,Credit,2195.78
TRANS008684,ACC08684,Credit,2555.63
TRANS008685,ACC08685,Debit,1410.69
TRANS008686,ACC08686,Debit,1818.96
TRANS008687,ACC08687,Debit,1676.81
TRANS008688,ACC08688,Credit,1847.64
TRANS008689,ACC08689,Credit,75.0
TRANS008690,ACC08690,Credit,4973.53
TRANS008691,ACC08691,Debit,4657.61
TRANS008692,ACC08692,Debit,4657.05
TRANS008693,ACC08693,Debit,2628.88
TRANS008694,ACC08694,Debit,1444.61
TRANS008695,ACC08695,Credit,2387.25
TRANS008696,ACC08696,Debit,2875.52
TRANS008697,ACC08697,Credit,3446.51
TRANS008698,ACC08698,Credit,1757.43
TRANS008699,ACC08699,Credit,2417.66
TRANS008700,ACC08700,Credit,3436.03
TRANS008701,ACC08701,Debit,3699.24
TRANS008702,ACC08702,Credit,4005.55
TRANS008703,ACC08703,Debit,4250.62
TRANS008704,ACC08704,Credit,4381.81
TRANS008705,ACC08705,Credit,2603.63
TRANS008706,ACC08706,Credit,2892.87
TRANS008707,ACC08707,Credit,4981.04
TRANS008708,ACC08708,Credit,3804.18
TRANS008709,ACC08709,Credit,485.18
TRANS008710,ACC08710,Credit,832.84
TRANS008711,ACC08711,Credit,3299.29
TRANS008712,ACC08712,Debit,968.65
TRANS008713,ACC08713,Credit,2059.93
TRANS008714,ACC08714,Debit,3689.02
TRANS008715,ACC08715,Debit,31.36
TRANS008716,ACC08716,Credit,4281.41
TRANS008717,ACC08717,Credit,1737.96
TRANS008718,ACC08718,Debit,1224.79
TRANS008719,ACC08719,Debit,4204.5
TRANS008720,ACC08720,Credit,1570.7
TRANS008721,ACC08721,Debit,2079.8
TRANS008722,ACC08722,Credit,4424.37
TRANS008723,ACC08723,Debit,708.24
TRANS008724,ACC08724,Credit,2470.12
TRANS008725,ACC08725,Debit,2702.04
TRANS008726,ACC08726,Debit,435.97
TRANS008727,ACC08727,Credit,4797.15
TRANS008728,ACC08728,Debit,1495.78
TRANS008729,ACC08729,Credit,1415.14
TRANS008730,ACC08730,Credit,2293.63
TRANS008731,ACC08731,Credit,116.85
TRANS008732,ACC08732,Debit,2678.51
TRANS008733,ACC08733,Debit,4467.43
TRANS008734,ACC08734,Credit,3951.45
TRANS008735,ACC08735,Debit,2951.17
TRANS008736,ACC08736,Debit,3394.57
TRANS008737,ACC08737,Debit,3466.07
TRANS008738,ACC08738,Debit,3875.62
TRANS008739,ACC08739,Credit,137.45
TRANS008740,ACC08740,Credit,4900.61
TRANS008741,ACC08741,Debit,4375.95
TRANS008742,ACC08742,Debit,2443.27
TRANS008743,ACC08743,Credit,1030.2
TRANS008744,ACC08744,Credit,4201.06
TRANS008745,ACC08745,Credit,792.59
TRANS008746,ACC08746,Credit,3726.69
TRANS008747,ACC08747,Debit,1124.12
TRANS008748,ACC08748,Debit,4869.34
TRANS008749,ACC08749,Credit,4579.82
TRANS008750,ACC08750,Debit,3157.95
TRANS008751,ACC08751,Debit,65.49
TRANS008752,ACC08752,Debit,2861.17
TRANS008753,ACC08753,Debit,1828.83
TRANS008754,ACC08754,Debit,1156.08
TRANS008755,ACC08755,Credit,664.74
TRANS008756,ACC08756,Credit,580.57
TRANS008757,ACC08757,Debit,4731.83
TRANS008758,ACC08758,Debit,557.12
TRANS008759,ACC08759,Credit,4554.51
TRANS008760,ACC08760,Debit,3577.0
TRANS008761,ACC08761,Credit,4273.73
TRANS008762,ACC08762,Debit,1051.81
TRANS008763,ACC08763,Debit,1083.91
TRANS008764,ACC08764,Debit,2006.63
TRANS008765,ACC08765,Credit,424.73
TRANS008766,ACC08766,Credit,3825.16
TRANS008767,ACC08767,Debit,2212.65
TRANS008768,ACC08768,Credit,901.9
TRANS008769,ACC08769,Credit,321.42
TRANS008770,ACC08770,Debit,3393.47
TRANS008771,ACC08771,Credit,1378.74
TRANS008772,ACC08772,Credit,4150.2
TRANS008773,ACC08773,Debit,1516.67
TRANS008774,ACC08774,Credit,3214.99
TRANS008775,ACC08775,Credit,4997.24
TRANS008776,ACC08776,Credit,409.08
TRANS008777,ACC08777,Debit,630.43
TRANS008778,ACC08778,Credit,3031.38
TRANS008779,ACC08779,Credit,1877.52
TRANS008780,ACC08780,Credit,4682.04
TRANS008781,ACC08781,Credit,411.92
TRANS008782,ACC08782,Credit,2403.35
TRANS008783,ACC08783,Credit,1618.01
TRANS008784,ACC08784,Debit,690.81
TRANS008785,ACC08785,Debit,71.06
TRANS008786,ACC08786,Debit,2633.07
TRANS008787,ACC08787,Debit,3411.24
TRANS008788,ACC08788,Credit,4256.31
TRANS008789,ACC08789,Debit,494.5
TRANS008790,ACC08790,Credit,3555.7
TRANS008791,ACC08791,Debit,2455.39
TRANS008792,ACC08792,Debit,4418.68
TRANS008793,ACC08793,Debit,1834.45
TRANS008794,ACC08794,Credit,2051.76
TRANS008795,ACC08795,Credit,1117.19
TRANS008796,ACC08796,Credit,2096.85
TRANS008797,ACC08797,Debit,4120.77
TRANS008798,ACC08798,Debit,2590.24
TRANS008799,ACC08799,Debit,3267.78
TRANS008800,ACC08800,Credit,4304.91
TRANS008801,ACC08801,Debit,3237.8
TRANS008802,ACC08802,Credit,211.64
TRANS008803,ACC08803,Debit,148.57
TRANS008804,ACC08804,Debit,2366.29
TRANS008805,ACC08805,Credit,4002.47
TRANS008806,ACC08806,Credit,4334.93
TRANS008807,ACC08807,Debit,3914.13
TRANS008808,ACC08808,Debit,4693.79
TRANS008809,ACC08809,Debit,701.84
TRANS008810,ACC08810,Debit,1304.24
TRANS008811,ACC08811,Debit,4320.15
TRANS008812,ACC08812,Debit,4945.94
TRANS008813,ACC08813,Debit,3490.46
TRANS008814,ACC08814,Credit,3686.16
TRANS008815,ACC08815,Credit,4596.86
TRANS008816,ACC08816,Debit,1787.83
TRANS008817,ACC08817,Credit,3573.0
TRANS008818,ACC08818,Debit,369.12
TRANS008819,ACC08819,Credit,3314.22
TRANS008820,ACC08820,Debit,2669.35
TRANS008821,ACC08821,Debit,509.55
TRANS008822,ACC08822,Debit,4288.64
TRANS008823,ACC08823,Debit,4287.0
TRANS008824,ACC08824,Credit,4229.3
TRANS008825,ACC08825,Debit,4396.44
TRANS008826,ACC08826,Debit,3365.79
TRANS008827,ACC08827,Debit,2736.7
TRANS008828,ACC08828,Debit,4923.04
TRANS008829,ACC08829,Credit,508.92
TRANS008830,ACC08830,Credit,203.12
TRANS008831,ACC08831,Debit,430.01
TRANS008832,ACC08832,Credit,652.25
TRANS008833,ACC08833,Debit,290.33
TRANS008834,ACC08834,Credit,1202.48
TRANS008835,ACC08835,Debit,3120.23
TRANS008836,ACC08836,Debit,4513.61
TRANS008837,ACC08837,Debit,1601.94
TRANS008838,ACC08838,Credit,4087.34
TRANS008839,ACC08839,Credit,3203.42
TRANS008840,ACC08840,Credit,3647.42
TRANS008841,ACC08841,Debit,4716.72
TRANS008842,ACC08842,Debit,2982.11
TRANS008843,ACC08843,Credit,2510.73
TRANS008844,ACC08844,Debit,3423.1
TRANS008845,ACC08845,Credit,2331.92
TRANS008846,ACC08846,Credit,426.0
TRANS008847,ACC08847,Debit,1534.0
TRANS008848,ACC08848,Debit,1450.72
TRANS008849,ACC08849,Debit,758.47
TRANS008850,ACC08850,Credit,3852.82
TRANS008851,ACC08851,Debit,2353.36
TRANS008852,ACC08852,Credit,1340.01
TRANS008853,ACC08853,Credit,2422.94
TRANS008854,ACC08854,Debit,2677.68
TRANS008855,ACC08855,Debit,4625.57
TRANS008856,ACC08856,Credit,2093.18
TRANS008857,ACC08857,Credit,4367.14
TRANS008858,ACC08858,Debit,2835.86
TRANS008859,ACC08859,Debit,2775.31
TRANS008860,ACC08860,Debit,175.67
TRANS008861,ACC08861,Debit,1446.44
TRANS008862,ACC08862,Debit,59.73
TRANS008863,ACC08863,Debit,1060.5
TRANS008864,ACC08864,Credit,2886.81
TRANS008865,ACC08865,Credit,695.98
TRANS008866,ACC08866,Credit,3806.56
TRANS008867,ACC08867,Debit,4791.71
TRANS008868,ACC08868,Credit,1170.12
TRANS008869,ACC08869,Credit,701.16
TRANS008870,ACC08870,Credit,3662.05
TRANS008871,ACC08871,Debit,1394.6
TRANS008872,ACC08872,Credit,642.39
TRANS008873,ACC08873,Debit,4295.84
TRANS008874,ACC08874,Credit,4165.76
TRANS008875,ACC08875,Credit,4050.49
TRANS008876,ACC08876,Debit,2699.11
TRANS008877,ACC08877,Credit,3756.11
TRANS008878,ACC08878,Debit,4971.23
TRANS008879,ACC08879,Debit,4476.23
TRANS008880,ACC08880,Credit,3856.88
TRANS008881,ACC08881,Debit,4505.33
TRANS008882,ACC08882,Credit,595.82
TRANS008883,ACC08883,Debit,2489.94
TRANS008884,ACC08884,Credit,1808.94
TRANS008885,ACC08885,Debit,479.1
TRANS008886,ACC08886,Debit,4291.65
TRANS008887,ACC08887,Debit,1460.68
TRANS008888,ACC08888,Debit,2236.12
TRANS008889,ACC08889,Credit,1373.23
TRANS008890,ACC08890,Credit,4772.77
TRANS008891,ACC08891,Credit,2136.98
TRANS008892,ACC08892,Debit,2407.64
TRANS008893,ACC08893,Credit,108.15
TRANS008894,ACC08894,Debit,2914.32
TRANS008895,ACC08895,Credit,1788.5
TRANS008896,ACC08896,Credit,2945.61
TRANS008897,ACC08897,Debit,1692.45
TRANS008898,ACC08898,Debit,4214.01
TRANS008899,ACC08899,Debit,2006.49
TRANS008900,ACC08900,Debit,1710.95
TRANS008901,ACC08901,Credit,1198.43
TRANS008902,ACC08902,Debit,3200.43
TRANS008903,ACC08903,Credit,3441.25
TRANS008904,ACC08904,Debit,2047.97
TRANS008905,ACC08905,Credit,585.27
TRANS008906,ACC08906,Debit,4474.6
TRANS008907,ACC08907,Debit,1182.55
TRANS008908,ACC08908,Debit,2167.97
TRANS008909,ACC08909,Debit,1705.88
TRANS008910,ACC08910,Credit,3153.21
TRANS008911,ACC08911,Credit,2726.19
TRANS008912,ACC08912,Credit,291.52
TRANS008913,ACC08913,Debit,4672.24
TRANS008914,ACC08914,Credit,2380.02
TRANS008915,ACC08915,Credit,2476.01
TRANS008916,ACC08916,Debit,3724.43
TRANS008917,ACC08917,Credit,1907.89
TRANS008918,ACC08918,Debit,2541.83
TRANS008919,ACC08919,Debit,2550.95
TRANS008920,ACC08920,Debit,1215.61
TRANS008921,ACC08921,Credit,3358.62
TRANS008922,ACC08922,Debit,3557.54
TRANS008923,ACC08923,Debit,1285.36
TRANS008924,ACC08924,Credit,4495.75
TRANS008925,ACC08925,Credit,4934.92
TRANS008926,ACC08926,Credit,1956.17
TRANS008927,ACC08927,Credit,4483.64
TRANS008928,ACC08928,Debit,1917.44
TRANS008929,ACC08929,Debit,4530.45
TRANS008930,ACC08930,Credit,1865.64
TRANS008931,ACC08931,Credit,4620.73
TRANS008932,ACC08932,Credit,3303.83
TRANS008933,ACC08933,Credit,2453.61
TRANS008934,ACC08934,Credit,452.97
TRANS008935,ACC08935,Credit,2786.49
TRANS008936,ACC08936,Credit,4005.29
TRANS008937,ACC08937,Debit,3107.55
TRANS008938,ACC08938,Credit,3516.79
TRANS008939,ACC08939,Credit,775.0
TRANS008940,ACC08940,Credit,2658.16
TRANS008941,ACC08941,Debit,3661.43
TRANS008942,ACC08942,Debit,728.94
TRANS008943,ACC08943,Credit,933.05
TRANS008944,ACC08944,Credit,3418.7
TRANS008945,ACC08945,Credit,3295.62
TRANS008946,ACC08946,Debit,889.43
TRANS008947,ACC08947,Debit,1916.32
TRANS008948,ACC08948,Credit,600.22
TRANS008949,ACC08949,Credit,615.76
TRANS008950,ACC08950,Credit,1510.25
TRANS008951,ACC08951,Credit,3016.93
TRANS008952,ACC08952,Debit,2432.89
TRANS008953,ACC08953,Credit,4396.26
TRANS008954,ACC08954,Credit,303.78
TRANS008955,ACC08955,Credit,4051.27
TRANS008956,ACC08956,Debit,2165.95
TRANS008957,ACC08957,Credit,3696.75
TRANS008958,ACC08958,Debit,287.87
TRANS008959,ACC08959,Debit,4419.8
TRANS008960,ACC08960,Credit,497.91
TRANS008961,ACC08961,Debit,776.14
TRANS008962,ACC08962,Debit,1383.19
TRANS008963,ACC08963,Credit,1556.94
TRANS008964,ACC08964,Credit,3852.34
TRANS008965,ACC08965,Credit,3858.92
TRANS008966,ACC08966,Debit,883.01
TRANS008967,ACC08967,Debit,2910.28
TRANS008968,ACC08968,Debit,2681.94
TRANS008969,ACC08969,Credit,4457.88
TRANS008970,ACC08970,Debit,978.31
TRANS008971,ACC08971,Debit,3717.96
TRANS008972,ACC08972,Debit,2777.07
TRANS008973,ACC08973,Debit,367.63
TRANS008974,ACC08974,Credit,3917.62
TRANS008975,ACC08975,Credit,1176.33
TRANS008976,ACC08976,Credit,56.91
TRANS008977,ACC08977,Debit,3938.99
TRANS008978,ACC08978,Credit,3044.79
TRANS008979,ACC08979,Debit,1491.16
TRANS008980,ACC08980,Credit,3904.49
TRANS008981,ACC08981,Debit,601.69
TRANS008982,ACC08982,Credit,2872.15
TRANS008983,ACC08983,Debit,2512.37
TRANS008984,ACC08984,Debit,347.96
TRANS008985,ACC08985,Credit,4823.52
TRANS008986,ACC08986,Debit,2749.45
TRANS008987,ACC08987,Credit,4651.93
TRANS008988,ACC08988,Credit,3526.08
TRANS008989,ACC08989,Credit,2093.25
TRANS008990,ACC08990,Credit,4577.72
TRANS008991,ACC08991,Credit,934.32
TRANS008992,ACC08992,Debit,4658.72
TRANS008993,ACC08993,Credit,2350.39
TRANS008994,ACC08994,Debit,3009.89
TRANS008995,ACC08995,Credit,3086.01
TRANS008996,ACC08996,Debit,489.68
TRANS008997,ACC08997,Debit,662.26
TRANS008998,ACC08998,Credit,2500.79
TRANS008999,ACC08999,Debit,665.31
TRANS009000,ACC09000,Debit,3185.58
TRANS009001,ACC09001,Credit,2158.93
TRANS009002,ACC09002,Credit,88.42
TRANS009003,ACC09003,Debit,2414.69
TRANS009004,ACC09004,Credit,728.88
TRANS009005,ACC09005,Credit,3332.71
TRANS009006,ACC09006,Debit,4158.2
TRANS009007,ACC09007,Credit,2108.18
TRANS009008,ACC09008,Debit,324.21
TRANS009009,ACC09009,Credit,1594.33
TRANS009010,ACC09010,Credit,2009.91
TRANS009011,ACC09011,Debit,3176.63
TRANS009012,ACC09012,Credit,3765.81
TRANS009013,ACC09013,Debit,2813.02
TRANS009014,ACC09014,Credit,3546.46
TRANS009015,ACC09015,Debit,3016.25
TRANS009016,ACC09016,Credit,2020.84
TRANS009017,ACC09017,Credit,1618.47
TRANS009018,ACC09018,Debit,2430.35
TRANS009019,ACC09019,Debit,4160.5
TRANS009020,ACC09020,Debit,4178.27
TRANS009021,ACC09021,Credit,4999.65
TRANS009022,ACC09022,Credit,84.86
TRANS009023,ACC09023,Credit,4264.01
TRANS009024,ACC09024,Debit,2777.06
TRANS009025,ACC09025,Debit,4538.61
TRANS009026,ACC09026,Debit,4868.15
TRANS009027,ACC09027,Debit,1622.09
TRANS009028,ACC09028,Debit,4598.85
TRANS009029,ACC09029,Credit,905.79
TRANS009030,ACC09030,Debit,1932.64
TRANS009031,ACC09031,Debit,1556.71
TRANS009032,ACC09032,Credit,4776.19
TRANS009033,ACC09033,Debit,3722.71
TRANS009034,ACC09034,Debit,599.45
TRANS009035,ACC09035,Debit,2922.32
TRANS009036,ACC09036,Credit,179.24
TRANS009037,ACC09037,Credit,4291.72
TRANS009038,ACC09038,Debit,3935.71
TRANS009039,ACC09039,Credit,618.81
TRANS009040,ACC09040,Debit,2565.9
TRANS009041,ACC09041,Credit,3850.47
TRANS009042,ACC09042,Credit,4447.39
TRANS009043,ACC09043,Credit,503.14
TRANS009044,ACC09044,Credit,2795.12
TRANS009045,ACC09045,Credit,663.35
TRANS009046,ACC09046,Debit,4587.72
TRANS009047,ACC09047,Debit,1126.75
TRANS009048,ACC09048,Credit,818.01
TRANS009049,ACC09049,Debit,4254.77
TRANS009050,ACC09050,Credit,2805.47
TRANS009051,ACC09051,Debit,2430.35
TRANS009052,ACC09052,Credit,1013.66
TRANS009053,ACC09053,Credit,3034.36
TRANS009054,ACC09054,Debit,221.18
TRANS009055,ACC09055,Credit,4187.39
TRANS009056,ACC09056,Credit,4384.38
TRANS009057,ACC09057,Debit,3326.1
TRANS009058,ACC09058,Debit,3129.43
TRANS009059,ACC09059,Credit,1029.61
TRANS009060,ACC09060,Credit,747.09
TRANS009061,ACC09061,Debit,4537.99
TRANS009062,ACC09062,Credit,3673.41
TRANS009063,ACC09063,Debit,2759.28
TRANS009064,ACC09064,Credit,4706.94
TRANS009065,ACC09065,Debit,2464.92
TRANS009066,ACC09066,Debit,4025.09
TRANS009067,ACC09067,Credit,2249.44
TRANS009068,ACC09068,Credit,698.13
TRANS009069,ACC09069,Credit,3904.07
TRANS009070,ACC09070,Debit,1900.01
TRANS009071,ACC09071,Debit,4988.32
TRANS009072,ACC09072,Credit,60.31
TRANS009073,ACC09073,Debit,4508.22
TRANS009074,ACC09074,Credit,869.01
TRANS009075,ACC09075,Debit,664.45
TRANS009076,ACC09076,Debit,1345.75
TRANS009077,ACC09077,Credit,4549.97
TRANS009078,ACC09078,Credit,3372.57
TRANS009079,ACC09079,Debit,3530.58
TRANS009080,ACC09080,Credit,821.99
TRANS009081,ACC09081,Debit,3820.53
TRANS009082,ACC09082,Credit,2533.79
TRANS009083,ACC09083,Debit,863.45
TRANS009084,ACC09084,Debit,4178.74
TRANS009085,ACC09085,Credit,2227.83
TRANS009086,ACC09086,Debit,4136.48
TRANS009087,ACC09087,Debit,3301.16
TRANS009088,ACC09088,Credit,2554.58
TRANS009089,ACC09089,Credit,2704.85
TRANS009090,ACC09090,Debit,715.88
TRANS009091,ACC09091,Credit,3140.72
TRANS009092,ACC09092,Credit,1269.79
TRANS009093,ACC09093,Credit,313.82
TRANS009094,ACC09094,Debit,4615.53
TRANS009095,ACC09095,Credit,2205.03
TRANS009096,ACC09096,Debit,2340.32
TRANS009097,ACC09097,Credit,3746.39
TRANS009098,ACC09098,Debit,1479.3
TRANS009099,ACC09099,Debit,1485.26
TRANS009100,ACC09100,Debit,1468.5
TRANS009101,ACC09101,Debit,3534.29
TRANS009102,ACC09102,Debit,395.06
TRANS009103,ACC09103,Debit,2370.32
TRANS009104,ACC09104,Credit,3572.01
TRANS009105,ACC09105,Credit,3000.72
TRANS009106,ACC09106,Credit,4338.27
TRANS009107,ACC09107,Debit,4030.19
TRANS009108,ACC09108,Credit,4043.26
TRANS009109,ACC09109,Debit,2610.35
TRANS009110,ACC09110,Debit,3366.35
TRANS009111,ACC09111,Debit,2018.72
TRANS009112,ACC09112,Debit,2252.17
TRANS009113,ACC09113,Credit,2144.79
TRANS009114,ACC09114,Debit,3375.21
TRANS009115,ACC09115,Credit,1751.48
TRANS009116,ACC09116,Debit,2376.03
TRANS009117,ACC09117,Debit,4090.64
TRANS009118,ACC09118,Debit,2410.37
TRANS009119,ACC09119,Credit,3425.17
TRANS009120,ACC09120,Debit,463.97
TRANS009121,ACC09121,Debit,4030.29
TRANS009122,ACC09122,Credit,3937.89
TRANS009123,ACC09123,Debit,1757.31
TRANS009124,ACC09124,Debit,921.63
TRANS009125,ACC09125,Credit,2767.42
TRANS009126,ACC09126,Credit,3461.4
TRANS009127,ACC09127,Debit,4337.85
TRANS009128,ACC09128,Credit,4885.03
TRANS009129,ACC09129,Credit,4597.78
TRANS009130,ACC09130,Debit,436.87
TRANS009131,ACC09131,Credit,4968.04
TRANS009132,ACC09132,Credit,65.8
TRANS009133,ACC09133,Credit,2874.98
TRANS009134,ACC09134,Debit,300.46
TRANS009135,ACC09135,Credit,276.31
TRANS009136,ACC09136,Debit,4574.75
TRANS009137,ACC09137,Credit,1552.89
TRANS009138,ACC09138,Debit,1923.73
TRANS009139,ACC09139,Debit,311.45
TRANS009140,ACC09140,Credit,4315.05
TRANS009141,ACC09141,Credit,3804.62
TRANS009142,ACC09142,Debit,1388.95
TRANS009143,ACC09143,Credit,1594.85
TRANS009144,ACC09144,Debit,1225.99
TRANS009145,ACC09145,Debit,4979.14
TRANS009146,ACC09146,Debit,2479.81
TRANS009147,ACC09147,Credit,2126.31
TRANS009148,ACC09148,Debit,1961.12
TRANS009149,ACC09149,Credit,2306.18
TRANS009150,ACC09150,Debit,1439.75
TRANS009151,ACC09151,Credit,2229.45
TRANS009152,ACC09152,Debit,3656.68
TRANS009153,ACC09153,Credit,510.81
TRANS009154,ACC09154,Credit,1432.96
TRANS009155,ACC09155,Debit,1095.78
TRANS009156,ACC09156,Credit,4781.66
TRANS009157,ACC09157,Debit,2786.91
TRANS009158,ACC09158,Credit,3220.89
TRANS009159,ACC09159,Debit,2605.11
TRANS009160,ACC09160,Debit,3751.54
TRANS009161,ACC09161,Credit,2626.78
TRANS009162,ACC09162,Debit,4052.16
TRANS009163,ACC09163,Debit,4476.39
TRANS009164,ACC09164,Credit,234.49
TRANS009165,ACC09165,Debit,4405.52
TRANS009166,ACC09166,Credit,3056.25
TRANS009167,ACC09167,Debit,4633.37
TRANS009168,ACC09168,Credit,963.28
TRANS009169,ACC09169,Debit,3092.54
TRANS009170,ACC09170,Debit,1516.41
TRANS009171,ACC09171,Credit,4570.93
TRANS009172,ACC09172,Debit,4170.57
TRANS009173,ACC09173,Debit,3681.2
TRANS009174,ACC09174,Debit,3989.38
TRANS009175,ACC09175,Credit,738.16
TRANS009176,ACC09176,Credit,4986.16
TRANS009177,ACC09177,Debit,3707.93
TRANS009178,ACC09178,Debit,2584.62
TRANS009179,ACC09179,Debit,82.93
TRANS009180,ACC09180,Credit,44.4
TRANS009181,ACC09181,Debit,1835.04
TRANS009182,ACC09182,Debit,566.09
TRANS009183,ACC09183,Debit,3590.01
TRANS009184,ACC09184,Debit,711.43
TRANS009185,ACC09185,Credit,1113.67
TRANS009186,ACC09186,Debit,4113.38
TRANS009187,ACC09187,Debit,1132.68
TRANS009188,ACC09188,Debit,2198.97
TRANS009189,ACC09189,Credit,1688.08
TRANS009190,ACC09190,Credit,113.85
TRANS009191,ACC09191,Debit,1532.85
TRANS009192,ACC09192,Credit,4257.34
TRANS009193,ACC09193,Credit,320.48
TRANS009194,ACC09194,Debit,2777.49
TRANS009195,ACC09195,Credit,1509.54
TRANS009196,ACC09196,Debit,813.84
TRANS009197,ACC09197,Credit,4848.32
TRANS009198,ACC09198,Credit,2128.45
TRANS009199,ACC09199,Debit,3614.95
TRANS009200,ACC09200,Debit,203.95
TRANS009201,ACC09201,Debit,784.9
TRANS009202,ACC09202,Debit,3461.35
TRANS009203,ACC09203,Debit,3826.02
TRANS009204,ACC09204,Debit,3364.92
TRANS009205,ACC09205,Debit,3721.32
TRANS009206,ACC09206,Credit,3689.43
TRANS009207,ACC09207,Debit,4568.59
TRANS009208,ACC09208,Credit,2939.49
TRANS009209,ACC09209,Credit,2524.98
TRANS009210,ACC09210,Credit,3279.03
TRANS009211,ACC09211,Debit,81.24
TRANS009212,ACC09212,Debit,2292.09
TRANS009213,ACC09213,Debit,4458.23
TRANS009214,ACC09214,Credit,2839.52
TRANS009215,ACC09215,Credit,3307.2
TRANS009216,ACC09216,Debit,955.31
TRANS009217,ACC09217,Debit,1123.04
TRANS009218,ACC09218,Credit,1834.93
TRANS009219,ACC09219,Credit,3133.67
TRANS009220,ACC09220,Debit,339.09
TRANS009221,ACC09221,Credit,516.69
TRANS009222,ACC09222,Debit,4856.36
TRANS009223,ACC09223,Credit,392.51
TRANS009224,ACC09224,Debit,3991.7
TRANS009225,ACC09225,Debit,4126.01
TRANS009226,ACC09226,Debit,759.7
TRANS009227,ACC09227,Credit,4735.3
TRANS009228,ACC09228,Debit,2999.77
TRANS009229,ACC09229,Credit,3462.02
TRANS009230,ACC09230,Debit,856.05
TRANS009231,ACC09231,Debit,1841.58
TRANS009232,ACC09232,Debit,622.19
TRANS009233,ACC09233,Credit,2760.95
TRANS009234,ACC09234,Credit,3669.51
TRANS009235,ACC09235,Credit,531.81
TRANS009236,ACC09236,Credit,1306.66
TRANS009237,ACC09237,Debit,3564.18
TRANS009238,ACC09238,Credit,4524.43
TRANS009239,ACC09239,Credit,1773.94
TRANS009240,ACC09240,Credit,1061.22
TRANS009241,ACC09241,Credit,2801.72
TRANS009242,ACC09242,Credit,4227.43
TRANS009243,ACC09243,Credit,1926.27
TRANS009244,ACC09244,Debit,1089.03
TRANS009245,ACC09245,Credit,4948.29
TRANS009246,ACC09246,Credit,3856.98
TRANS009247,ACC09247,Credit,4548.89
TRANS009248,ACC09248,Credit,4371.26
TRANS009249,ACC09249,Credit,40.77
TRANS009250,ACC09250,Debit,2166.85
TRANS009251,ACC09251,Debit,4274.8
TRANS009252,ACC09252,Debit,1503.48
TRANS009253,ACC09253,Credit,3676.77
TRANS009254,ACC09254,Debit,445.83
TRANS009255,ACC09255,Debit,3080.88
TRANS009256,ACC09256,Credit,2488.0
TRANS009257,ACC09257,Debit,4330.8
TRANS009258,ACC09258,Credit,3319.4
TRANS009259,ACC09259,Debit,4164.86
TRANS009260,ACC09260,Debit,1457.93
TRANS009261,ACC09261,Debit,2100.06
TRANS009262,ACC09262,Credit,4600.05
TRANS009263,ACC09263,Credit,4320.16
TRANS009264,ACC09264,Debit,2606.72
TRANS009265,ACC09265,Debit,201.02
TRANS009266,ACC09266,Credit,1718.25
TRANS009267,ACC09267,Credit,1884.44
TRANS009268,ACC09268,Credit,3747.24
TRANS009269,ACC09269,Debit,1929.85
TRANS009270,ACC09270,Debit,1655.24
TRANS009271,ACC09271,Credit,2626.98
TRANS009272,ACC09272,Debit,4070.67
TRANS009273,ACC09273,Debit,1700.03
TRANS009274,ACC09274,Debit,3675.08
TRANS009275,ACC09275,Debit,2258.7
TRANS009276,ACC09276,Debit,306.0
TRANS009277,ACC09277,Credit,3484.8
TRANS009278,ACC09278,Debit,2802.87
TRANS009279,ACC09279,Credit,2488.73
TRANS009280,ACC09280,Debit,2275.35
TRANS009281,ACC09281,Debit,915.25
TRANS009282,ACC09282,Debit,2455.95
TRANS009283,ACC09283,Credit,2944.16
TRANS009284,ACC09284,Debit,3088.43
TRANS009285,ACC09285,Credit,972.35
TRANS009286,ACC09286,Credit,2747.47
TRANS009287,ACC09287,Debit,1376.51
TRANS009288,ACC09288,Credit,1978.5
TRANS009289,ACC09289,Debit,4191.54
TRANS009290,ACC09290,Credit,2945.13
TRANS009291,ACC09291,Credit,3272.05
TRANS009292,ACC09292,Debit,1015.71
TRANS009293,ACC09293,Debit,572.74
TRANS009294,ACC09294,Debit,2377.03
TRANS009295,ACC09295,Debit,3770.45
TRANS009296,ACC09296,Credit,2953.98
TRANS009297,ACC09297,Debit,488.65
TRANS009298,ACC09298,Credit,2558.25
TRANS009299,ACC09299,Credit,1733.81
TRANS009300,ACC09300,Debit,2147.99
TRANS009301,ACC09301,Credit,4647.18
TRANS009302,ACC09302,Debit,1207.65
TRANS009303,ACC09303,Debit,3095.93
TRANS009304,ACC09304,Debit,3087.89
TRANS009305,ACC09305,Debit,1616.19
TRANS009306,ACC09306,Debit,3613.21
TRANS009307,ACC09307,Credit,4581.0
TRANS009308,ACC09308,Debit,147.62
TRANS009309,ACC09309,Debit,1203.74
TRANS009310,ACC09310,Debit,1534.6
TRANS009311,ACC09311,Credit,4461.95
TRANS009312,ACC09312,Credit,425.44
TRANS009313,ACC09313,Debit,2478.27
TRANS009314,ACC09314,Debit,1721.9
TRANS009315,ACC09315,Credit,174.32
TRANS009316,ACC09316,Debit,1809.95
TRANS009317,ACC09317,Credit,365.75
TRANS009318,ACC09318,Debit,3058.51
TRANS009319,ACC09319,Debit,3932.74
TRANS009320,ACC09320,Debit,3161.73
TRANS009321,ACC09321,Credit,2084.41
TRANS009322,ACC09322,Credit,1577.99
TRANS009323,ACC09323,Debit,3616.94
TRANS009324,ACC09324,Debit,4609.35
TRANS009325,ACC09325,Credit,1985.16
TRANS009326,ACC09326,Debit,1142.59
TRANS009327,ACC09327,Credit,3087.67
TRANS009328,ACC09328,Credit,3620.07
TRANS009329,ACC09329,Debit,2004.76
TRANS009330,ACC09330,Credit,1911.32
TRANS009331,ACC09331,Credit,4687.17
TRANS009332,ACC09332,Credit,4210.63
TRANS009333,ACC09333,Credit,508.07
TRANS009334,ACC09334,Debit,2465.98
TRANS009335,ACC09335,Debit,2125.04
TRANS009336,ACC09336,Credit,662.43
TRANS009337,ACC09337,Credit,4203.71
TRANS009338,ACC09338,Debit,938.6
TRANS009339,ACC09339,Credit,2937.41
TRANS009340,ACC09340,Credit,1817.98
TRANS009341,ACC09341,Credit,807.74
TRANS009342,ACC09342,Debit,4937.66
TRANS009343,ACC09343,Credit,1999.76
TRANS009344,ACC09344,Credit,1521.99
TRANS009345,ACC09345,Debit,4879.09
TRANS009346,ACC09346,Debit,2317.72
TRANS009347,ACC09347,Credit,4404.69
TRANS009348,ACC09348,Credit,3873.34
TRANS009349,ACC09349,Debit,4633.21
TRANS009350,ACC09350,Credit,4424.28
TRANS009351,ACC09351,Debit,2529.29
TRANS009352,ACC09352,Credit,4264.59
TRANS009353,ACC09353,Credit,3844.9
TRANS009354,ACC09354,Debit,3132.32
TRANS009355,ACC09355,Credit,2960.4
TRANS009356,ACC09356,Debit,4005.49
TRANS009357,ACC09357,Credit,3223.23
TRANS009358,ACC09358,Credit,2488.33
TRANS009359,ACC09359,Credit,3349.84
TRANS009360,ACC09360,Credit,1814.55
TRANS009361,ACC09361,Credit,2053.68
TRANS009362,ACC09362,Debit,3276.22
TRANS009363,ACC09363,Credit,1972.57
TRANS009364,ACC09364,Credit,3219.24
TRANS009365,ACC09365,Credit,4356.67
TRANS009366,ACC09366,Debit,880.37
TRANS009367,ACC09367,Credit,2560.96
TRANS009368,ACC09368,Credit,1920.08
TRANS009369,ACC09369,Credit,2984.24
TRANS009370,ACC09370,Debit,1633.68
TRANS009371,ACC09371,Credit,2462.68
TRANS009372,ACC09372,Debit,69.91
TRANS009373,ACC09373,Credit,1078.32
TRANS009374,ACC09374,Credit,535.21
TRANS009375,ACC09375,Credit,2296.46
TRANS009376,ACC09376,Debit,1567.32
TRANS009377,ACC09377,Debit,2365.77
TRANS009378,ACC09378,Debit,1052.05
TRANS009379,ACC09379,Credit,1913.32
TRANS009380,ACC09380,Debit,3629.32
TRANS009381,ACC09381,Credit,2146.11
TRANS009382,ACC09382,Credit,2498.6
TRANS009383,ACC09383,Debit,4622.6
TRANS009384,ACC09384,Debit,486.55
TRANS009385,ACC09385,Credit,1316.82
TRANS009386,ACC09386,Credit,4555.19
TRANS009387,ACC09387,Credit,4714.04
TRANS009388,ACC09388,Credit,1845.21
TRANS009389,ACC09389,Credit,737.44
TRANS009390,ACC09390,Credit,4667.81
TRANS009391,ACC09391,Debit,1628.34
TRANS009392,ACC09392,Debit,3953.28
TRANS009393,ACC09393,Debit,1979.3
TRANS009394,ACC09394,Debit,4022.0
TRANS009395,ACC09395,Debit,1764.38
TRANS009396,ACC09396,Debit,3246.41
TRANS009397,ACC09397,Credit,248.31
TRANS009398,ACC09398,Debit,521.9
TRANS009399,ACC09399,Credit,3511.79
TRANS009400,ACC09400,Credit,3206.97
TRANS009401,ACC09401,Debit,4361.57
TRANS009402,ACC09402,Credit,1134.98
TRANS009403,ACC09403,Debit,2549.24
TRANS009404,ACC09404,Credit,4964.49
TRANS009405,ACC09405,Credit,1806.01
TRANS009406,ACC09406,Debit,969.36
TRANS009407,ACC09407,Debit,4204.74
TRANS009408,ACC09408,Debit,1238.18
TRANS009409,ACC09409,Debit,4007.48
TRANS009410,ACC09410,Debit,502.55
TRANS009411,ACC09411,Credit,2385.8
TRANS009412,ACC09412,Debit,4459.52
TRANS009413,ACC09413,Debit,1074.24
TRANS009414,ACC09414,Credit,1746.4
TRANS009415,ACC09415,Credit,4284.96
TRANS009416,ACC09416,Debit,3287.28
TRANS009417,ACC09417,Debit,3016.74
TRANS009418,ACC09418,Credit,3723.74
TRANS009419,ACC09419,Credit,808.39
TRANS009420,ACC09420,Debit,4776.67
TRANS009421,ACC09421,Credit,3064.55
TRANS009422,ACC09422,Credit,940.87
TRANS009423,ACC09423,Credit,2014.28
TRANS009424,ACC09424,Debit,995.29
TRANS009425,ACC09425,Debit,4859.2
TRANS009426,ACC09426,Debit,458.23
TRANS009427,ACC09427,Credit,4424.71
TRANS009428,ACC09428,Debit,1664.46
TRANS009429,ACC09429,Debit,943.01
TRANS009430,ACC09430,Debit,4354.75
TRANS009431,ACC09431,Credit,3186.47
TRANS009432,ACC09432,Credit,624.07
TRANS009433,ACC09433,Credit,609.18
TRANS009434,ACC09434,Debit,3839.44
TRANS009435,ACC09435,Debit,2305.36
TRANS009436,ACC09436,Credit,963.34
TRANS009437,ACC09437,Debit,2928.17
TRANS009438,ACC09438,Debit,1004.3
TRANS009439,ACC09439,Credit,1233.31
TRANS009440,ACC09440,Debit,4232.08
TRANS009441,ACC09441,Debit,318.08
TRANS009442,ACC09442,Credit,1767.92
TRANS009443,ACC09443,Credit,615.88
TRANS009444,ACC09444,Credit,577.78
TRANS009445,ACC09445,Debit,4496.36
TRANS009446,ACC09446,Debit,4458.4
TRANS009447,ACC09447,Credit,4955.03
TRANS009448,ACC09448,Debit,4155.96
TRANS009449,ACC09449,Credit,931.93
TRANS009450,ACC09450,Credit,1905.61
TRANS009451,ACC09451,Debit,3215.85
TRANS009452,ACC09452,Credit,2306.38
TRANS009453,ACC09453,Credit,4069.04
TRANS009454,ACC09454,Credit,4772.82
TRANS009455,ACC09455,Credit,24.4
TRANS009456,ACC09456,Debit,4432.02
TRANS009457,ACC09457,Debit,4408.06
TRANS009458,ACC09458,Debit,709.7
TRANS009459,ACC09459,Credit,3076.26
TRANS009460,ACC09460,Credit,2732.72
TRANS009461,ACC09461,Debit,3047.67
TRANS009462,ACC09462,Credit,1570.46
TRANS009463,ACC09463,Credit,4121.35
TRANS009464,ACC09464,Debit,2714.28
TRANS009465,ACC09465,Credit,161.7
TRANS009466,ACC09466,Credit,1327.15
TRANS009467,ACC09467,Debit,3164.68
TRANS009468,ACC09468,Credit,1385.7
TRANS009469,ACC09469,Credit,1697.85
TRANS009470,ACC09470,Credit,1665.41
TRANS009471,ACC09471,Credit,2102.25
TRANS009472,ACC09472,Credit,4432.28
TRANS009473,ACC09473,Debit,2239.45
TRANS009474,ACC09474,Credit,301.26
TRANS009475,ACC09475,Debit,4705.93
TRANS009476,ACC09476,Credit,2624.73
TRANS009477,ACC09477,Credit,3793.5
TRANS009478,ACC09478,Credit,1430.52
TRANS009479,ACC09479,Credit,4828.85
TRANS009480,ACC09480,Debit,4723.18
TRANS009481,ACC09481,Debit,4718.25
TRANS009482,ACC09482,Credit,104.27
TRANS009483,ACC09483,Credit,3052.35
TRANS009484,ACC09484,Debit,3506.23
TRANS009485,ACC09485,Debit,4837.24
TRANS009486,ACC09486,Debit,1993.52
TRANS009487,ACC09487,Credit,3165.42
TRANS009488,ACC09488,Debit,1799.27
TRANS009489,ACC09489,Credit,3828.57
TRANS009490,ACC09490,Credit,1327.28
TRANS009491,ACC09491,Debit,34.31
TRANS009492,ACC09492,Credit,795.1
TRANS009493,ACC09493,Debit,245.42
TRANS009494,ACC09494,Credit,1091.56
TRANS009495,ACC09495,Debit,2559.08
TRANS009496,ACC09496,Debit,3566.38
TRANS009497,ACC09497,Credit,621.03
TRANS009498,ACC09498,Credit,590.51
TRANS009499,ACC09499,Debit,4630.22
TRANS009500,ACC09500,Debit,1279.74
TRANS009501,ACC09501,Debit,1021.62
TRANS009502,ACC09502,Credit,3066.62
TRANS009503,ACC09503,Credit,1773.98
TRANS009504,ACC09504,Debit,3978.68
TRANS009505,ACC09505,Credit,1673.32
TRANS009506,ACC09506,Debit,2321.06
TRANS009507,ACC09507,Credit,4066.02
TRANS009508,ACC09508,Debit,3737.14
TRANS009509,ACC09509,Credit,2983.06
TRANS009510,ACC09510,Credit,3716.99
TRANS009511,ACC09511,Credit,4844.4
TRANS009512,ACC09512,Debit,1191.88
TRANS009513,ACC09513,Debit,2362.61
TRANS009514,ACC09514,Debit,2299.95
TRANS009515,ACC09515,Credit,3541.38
TRANS009516,ACC09516,Debit,838.09
TRANS009517,ACC09517,Debit,3071.11
TRANS009518,ACC09518,Credit,3149.11
TRANS009519,ACC09519,Credit,4469.07
TRANS009520,ACC09520,Credit,2545.17
TRANS009521,ACC09521,Credit,101.63
TRANS009522,ACC09522,Debit,2769.79
TRANS009523,ACC09523,Credit,3052.31
TRANS009524,ACC09524,Credit,4633.33
TRANS009525,ACC09525,Debit,4763.62
TRANS009526,ACC09526,Debit,1194.89
TRANS009527,ACC09527,Debit,3078.11
TRANS009528,ACC09528,Debit,1924.16
TRANS009529,ACC09529,Debit,4953.85
TRANS009530,ACC09530,Debit,1449.66
TRANS009531,ACC09531,Debit,4211.92
TRANS009532,ACC09532,Debit,3355.12
TRANS009533,ACC09533,Credit,674.03
TRANS009534,ACC09534,Debit,2395.63
TRANS009535,ACC09535,Credit,1306.74
TRANS009536,ACC09536,Credit,140.25
TRANS009537,ACC09537,Credit,2635.5
TRANS009538,ACC09538,Debit,1318.89
TRANS009539,ACC09539,Credit,3782.17
TRANS009540,ACC09540,Debit,779.68
TRANS009541,ACC09541,Credit,2517.78
TRANS009542,ACC09542,Credit,616.42
TRANS009543,ACC09543,Debit,345.32
TRANS009544,ACC09544,Credit,1180.02
TRANS009545,ACC09545,Debit,1239.18
TRANS009546,ACC09546,Debit,2836.94
TRANS009547,ACC09547,Credit,740.84
TRANS009548,ACC09548,Debit,3508.28
TRANS009549,ACC09549,Debit,3354.19
TRANS009550,ACC09550,Credit,1129.75
TRANS009551,ACC09551,Credit,1677.44
TRANS009552,ACC09552,Credit,3026.47
TRANS009553,ACC09553,Debit,2093.98
TRANS009554,ACC09554,Credit,4222.03
TRANS009555,ACC09555,Credit,200.74
TRANS009556,ACC09556,Credit,1540.21
TRANS009557,ACC09557,Debit,2418.21
TRANS009558,ACC09558,Credit,3176.97
TRANS009559,ACC09559,Credit,4853.46
TRANS009560,ACC09560,Debit,3069.44
TRANS009561,ACC09561,Debit,3506.12
TRANS009562,ACC09562,Credit,4140.49
TRANS009563,ACC09563,Debit,3496.63
TRANS009564,ACC09564,Debit,2183.86
TRANS009565,ACC09565,Debit,4964.44
TRANS009566,ACC09566,Debit,4746.07
TRANS009567,ACC09567,Debit,2408.31
TRANS009568,ACC09568,Credit,4928.64
TRANS009569,ACC09569,Debit,828.87
TRANS009570,ACC09570,Debit,4388.36
TRANS009571,ACC09571,Debit,39.75
TRANS009572,ACC09572,Debit,1764.08
TRANS009573,ACC09573,Debit,1478.14
TRANS009574,ACC09574,Credit,1139.98
TRANS009575,ACC09575,Credit,4003.04
TRANS009576,ACC09576,Debit,1397.18
TRANS009577,ACC09577,Debit,2243.99
TRANS009578,ACC09578,Credit,75.53
TRANS009579,ACC09579,Credit,1872.45
TRANS009580,ACC09580,Credit,2154.39
TRANS009581,ACC09581,Debit,4087.25
TRANS009582,ACC09582,Debit,1211.47
TRANS009583,ACC09583,Credit,476.13
TRANS009584,ACC09584,Credit,4514.87
TRANS009585,ACC09585,Debit,2394.8
TRANS009586,ACC09586,Credit,3655.76
TRANS009587,ACC09587,Debit,4619.17
TRANS009588,ACC09588,Credit,4441.56
TRANS009589,ACC09589,Debit,4285.4
TRANS009590,ACC09590,Debit,3798.46
TRANS009591,ACC09591,Debit,860.76
TRANS009592,ACC09592,Debit,2956.22
TRANS009593,ACC09593,Credit,487.85
TRANS009594,ACC09594,Credit,3395.14
TRANS009595,ACC09595,Credit,714.49
TRANS009596,ACC09596,Debit,1556.11
TRANS009597,ACC09597,Credit,4321.17
TRANS009598,ACC09598,Debit,70.37
TRANS009599,ACC09599,Credit,1132.88
TRANS009600,ACC09600,Debit,2395.07
TRANS009601,ACC09601,Credit,1790.44
TRANS009602,ACC09602,Credit,4835.1
TRANS009603,ACC09603,Credit,2809.17
TRANS009604,ACC09604,Debit,271.96
TRANS009605,ACC09605,Credit,2775.69
TRANS009606,ACC09606,Debit,2160.49
TRANS009607,ACC09607,Debit,2528.39
TRANS009608,ACC09608,Debit,4224.86
TRANS009609,ACC09609,Debit,4115.28
TRANS009610,ACC09610,Credit,2013.17
TRANS009611,ACC09611,Credit,4716.03
TRANS009612,ACC09612,Credit,3496.32
TRANS009613,ACC09613,Credit,3923.31
TRANS009614,ACC09614,Debit,2723.23
TRANS009615,ACC09615,Debit,2248.82
TRANS009616,ACC09616,Debit,454.47
TRANS009617,ACC09617,Credit,263.63
TRANS009618,ACC09618,Credit,4300.99
TRANS009619,ACC09619,Credit,2098.32
TRANS009620,ACC09620,Debit,3839.75
TRANS009621,ACC09621,Debit,1250.43
TRANS009622,ACC09622,Credit,4013.6
TRANS009623,ACC09623,Credit,3518.95
TRANS009624,ACC09624,Credit,2694.85
TRANS009625,ACC09625,Credit,4217.89
TRANS009626,ACC09626,Debit,4872.46
TRANS009627,ACC09627,Debit,286.03
TRANS009628,ACC09628,Credit,4265.17
TRANS009629,ACC09629,Debit,1826.25
TRANS009630,ACC09630,Debit,4676.16
TRANS009631,ACC09631,Credit,4500.08
TRANS009632,ACC09632,Debit,2135.93
TRANS009633,ACC09633,Credit,4275.23
TRANS009634,ACC09634,Debit,33.9
TRANS009635,ACC09635,Credit,4010.21
TRANS009636,ACC09636,Credit,1165.82
TRANS009637,ACC09637,Debit,647.08
TRANS009638,ACC09638,Credit,312.25
TRANS009639,ACC09639,Credit,2331.38
TRANS009640,ACC09640,Credit,305.13
TRANS009641,ACC09641,Credit,641.83
TRANS009642,ACC09642,Debit,3905.86
TRANS009643,ACC09643,Credit,4720.29
TRANS009644,ACC09644,Debit,1759.65
TRANS009645,ACC09645,Debit,3089.46
TRANS009646,ACC09646,Debit,4748.92
TRANS009647,ACC09647,Debit,74.85
TRANS009648,ACC09648,Debit,2218.91
TRANS009649,ACC09649,Debit,3866.9
TRANS009650,ACC09650,Debit,4239.65
TRANS009651,ACC09651,Debit,3490.43
TRANS009652,ACC09652,Debit,4814.55
TRANS009653,ACC09653,Credit,1282.89
TRANS009654,ACC09654,Debit,1777.63
TRANS009655,ACC09655,Debit,4623.46
TRANS009656,ACC09656,Debit,3207.31
TRANS009657,ACC09657,Debit,4023.18
TRANS009658,ACC09658,Credit,175.62
TRANS009659,ACC09659,Debit,2422.66
TRANS009660,ACC09660,Credit,3867.31
TRANS009661,ACC09661,Credit,303.76
TRANS009662,ACC09662,Debit,883.9
TRANS009663,ACC09663,Debit,4610.59
TRANS009664,ACC09664,Credit,4888.53
TRANS009665,ACC09665,Debit,963.46
TRANS009666,ACC09666,Credit,908.21
TRANS009667,ACC09667,Debit,3885.26
TRANS009668,ACC09668,Debit,2940.14
TRANS009669,ACC09669,Credit,3759.6
TRANS009670,ACC09670,Credit,3796.41
TRANS009671,ACC09671,Debit,2847.53
TRANS009672,ACC09672,Credit,891.23
TRANS009673,ACC09673,Credit,1961.03
TRANS009674,ACC09674,Credit,3666.73
TRANS009675,ACC09675,Credit,1941.33
TRANS009676,ACC09676,Debit,2255.73
TRANS009677,ACC09677,Credit,1677.77
TRANS009678,ACC09678,Credit,979.28
TRANS009679,ACC09679,Credit,2944.41
TRANS009680,ACC09680,Credit,3731.62
TRANS009681,ACC09681,Credit,4781.14
TRANS009682,ACC09682,Credit,4622.37
TRANS009683,ACC09683,Credit,2782.09
TRANS009684,ACC09684,Debit,2511.59
TRANS009685,ACC09685,Credit,2704.4
TRANS009686,ACC09686,Credit,1680.99
TRANS009687,ACC09687,Credit,1096.35
TRANS009688,ACC09688,Credit,4624.55
TRANS009689,ACC09689,Credit,1928.92
TRANS009690,ACC09690,Credit,2687.15
TRANS009691,ACC09691,Debit,2107.14
TRANS009692,ACC09692,Credit,4626.4
TRANS009693,ACC09693,Debit,2973.04
TRANS009694,ACC09694,Credit,575.94
TRANS009695,ACC09695,Credit,4784.29
TRANS009696,ACC09696,Credit,2024.59
TRANS009697,ACC09697,Debit,3338.82
TRANS009698,ACC09698,Credit,1633.32
TRANS009699,ACC09699,Debit,4422.5
TRANS009700,ACC09700,Debit,1684.15
TRANS009701,ACC09701,Debit,489.06
TRANS009702,ACC09702,Debit,4437.28
TRANS009703,ACC09703,Credit,2210.81
TRANS009704,ACC09704,Credit,2014.48
TRANS009705,ACC09705,Debit,179.63
TRANS009706,ACC09706,Debit,817.54
TRANS009707,ACC09707,Credit,1311.82
TRANS009708,ACC09708,Debit,2663.34
TRANS009709,ACC09709,Credit,2191.56
TRANS009710,ACC09710,Credit,206.55
TRANS009711,ACC09711,Debit,695.6
TRANS009712,ACC09712,Debit,879.99
TRANS009713,ACC09713,Debit,2720.01
TRANS009714,ACC09714,Credit,272.16
TRANS009715,ACC09715,Credit,4349.01
TRANS009716,ACC09716,Debit,2414.28
TRANS009717,ACC09717,Debit,2671.06
TRANS009718,ACC09718,Debit,584.47
TRANS009719,ACC09719,Credit,1371.76
TRANS009720,ACC09720,Debit,671.36
TRANS009721,ACC09721,Credit,1844.17
TRANS009722,ACC09722,Credit,3445.13
TRANS009723,ACC09723,Credit,3371.75
TRANS009724,ACC09724,Debit,3132.11
TRANS009725,ACC09725,Debit,1951.36
TRANS009726,ACC09726,Debit,3144.04
TRANS009727,ACC09727,Credit,3111.19
TRANS009728,ACC09728,Debit,376.01
TRANS009729,ACC09729,Credit,1926.02
TRANS009730,ACC09730,Debit,1478.47
TRANS009731,ACC09731,Debit,2830.2
TRANS009732,ACC09732,Credit,346.33
TRANS009733,ACC09733,Credit,3710.67
TRANS009734,ACC09734,Credit,2427.06
TRANS009735,ACC09735,Credit,124.94
TRANS009736,ACC09736,Debit,3847.49
TRANS009737,ACC09737,Credit,4983.03
TRANS009738,ACC09738,Credit,1146.76
TRANS009739,ACC09739,Credit,199.83
TRANS009740,ACC09740,Credit,2428.46
TRANS009741,ACC09741,Credit,4151.94
TRANS009742,ACC09742,Debit,2672.47
TRANS009743,ACC09743,Credit,4339.81
TRANS009744,ACC09744,Debit,1066.29
TRANS009745,ACC09745,Credit,3957.28
TRANS009746,ACC09746,Credit,3963.13
TRANS009747,ACC09747,Debit,4651.07
TRANS009748,ACC09748,Debit,4174.41
TRANS009749,ACC09749,Credit,2800.59
TRANS009750,ACC09750,Credit,1377.93
TRANS009751,ACC09751,Debit,540.54
TRANS009752,ACC09752,Debit,240.99
TRANS009753,ACC09753,Debit,2128.73
TRANS009754,ACC09754,Credit,4412.31
TRANS009755,ACC09755,Credit,3921.23
TRANS009756,ACC09756,Debit,4048.79
TRANS009757,ACC09757,Debit,966.99
TRANS009758,ACC09758,Debit,3057.71
TRANS009759,ACC09759,Debit,4825.32
TRANS009760,ACC09760,Credit,2638.33
TRANS009761,ACC09761,Debit,1282.63
TRANS009762,ACC09762,Credit,4983.79
TRANS009763,ACC09763,Debit,514.04
TRANS009764,ACC09764,Credit,2435.23
TRANS009765,ACC09765,Debit,953.06
TRANS009766,ACC09766,Credit,4623.6
TRANS009767,ACC09767,Credit,4555.85
TRANS009768,ACC09768,Debit,1183.22
TRANS009769,ACC09769,Credit,840.51
TRANS009770,ACC09770,Credit,2109.77
TRANS009771,ACC09771,Credit,667.6
TRANS009772,ACC09772,Debit,1711.92
TRANS009773,ACC09773,Credit,3495.2
TRANS009774,ACC09774,Credit,839.22
TRANS009775,ACC09775,Debit,4215.97
TRANS009776,ACC09776,Debit,3055.48
TRANS009777,ACC09777,Debit,2248.76
TRANS009778,ACC09778,Credit,3502.89
TRANS009779,ACC09779,Credit,2917.54
TRANS009780,ACC09780,Credit,3503.53
TRANS009781,ACC09781,Credit,3383.75
TRANS009782,ACC09782,Debit,3405.32
TRANS009783,ACC09783,Credit,2867.86
TRANS009784,ACC09784,Debit,3219.1
TRANS009785,ACC09785,Credit,2845.16
TRANS009786,ACC09786,Debit,4626.04
TRANS009787,ACC09787,Debit,414.01
TRANS009788,ACC09788,Debit,3100.92
TRANS009789,ACC09789,Credit,4205.57
TRANS009790,ACC09790,Debit,970.03
TRANS009791,ACC09791,Credit,3017.98
TRANS009792,ACC09792,Debit,2374.78
TRANS009793,ACC09793,Debit,3401.35
TRANS009794,ACC09794,Debit,945.83
TRANS009795,ACC09795,Credit,2567.88
TRANS009796,ACC09796,Credit,103.56
TRANS009797,ACC09797,Debit,4321.68
TRANS009798,ACC09798,Debit,4912.28
TRANS009799,ACC09799,Credit,1602.82
TRANS009800,ACC09800,Credit,360.65
TRANS009801,ACC09801,Debit,3269.78
TRANS009802,ACC09802,Debit,4100.16
TRANS009803,ACC09803,Credit,4534.36
TRANS009804,ACC09804,Credit,4783.6
TRANS009805,ACC09805,Debit,964.62
TRANS009806,ACC09806,Credit,1255.27
TRANS009807,ACC09807,Credit,115.85
TRANS009808,ACC09808,Credit,3996.41
TRANS009809,ACC09809,Debit,489.46
TRANS009810,ACC09810,Debit,4129.93
TRANS009811,ACC09811,Credit,444.32
TRANS009812,ACC09812,Debit,4922.47
TRANS009813,ACC09813,Debit,2865.7
TRANS009814,ACC09814,Debit,2287.52
TRANS009815,ACC09815,Credit,4852.88
TRANS009816,ACC09816,Credit,2215.28
TRANS009817,ACC09817,Debit,4537.2
TRANS009818,ACC09818,Debit,2425.97
TRANS009819,ACC09819,Debit,158.05
TRANS009820,ACC09820,Debit,4119.48
TRANS009821,ACC09821,Debit,1854.37
TRANS009822,ACC09822,Debit,4514.1
TRANS009823,ACC09823,Debit,4958.21
TRANS009824,ACC09824,Credit,4307.29
TRANS009825,ACC09825,Credit,2876.96
TRANS009826,ACC09826,Credit,788.84
TRANS009827,ACC09827,Credit,455.27
TRANS009828,ACC09828,Credit,4834.87
TRANS009829,ACC09829,Credit,61.86
TRANS009830,ACC09830,Debit,3831.82
TRANS009831,ACC09831,Debit,3552.37
TRANS009832,ACC09832,Credit,2160.58
TRANS009833,ACC09833,Debit,750.42
TRANS009834,ACC09834,Debit,1442.37
TRANS009835,ACC09835,Debit,837.5
TRANS009836,ACC09836,Credit,4910.81
TRANS009837,ACC09837,Debit,65.16
TRANS009838,ACC09838,Debit,2672.22
TRANS009839,ACC09839,Debit,2289.91
TRANS009840,ACC09840,Credit,4052.69
TRANS009841,ACC09841,Debit,3471.23
TRANS009842,ACC09842,Credit,4989.63
TRANS009843,ACC09843,Credit,2238.01
TRANS009844,ACC09844,Debit,959.92
TRANS009845,ACC09845,Credit,1233.72
TRANS009846,ACC09846,Debit,4595.97
TRANS009847,ACC09847,Credit,3429.96
TRANS009848,ACC09848,Credit,430.39
TRANS009849,ACC09849,Debit,4370.99
TRANS009850,ACC09850,Debit,4700.41
TRANS009851,ACC09851,Debit,1137.35
TRANS009852,ACC09852,Credit,1866.84
TRANS009853,ACC09853,Debit,2476.56
TRANS009854,ACC09854,Credit,2382.86
TRANS009855,ACC09855,Credit,1400.65
TRANS009856,ACC09856,Credit,2588.04
TRANS009857,ACC09857,Debit,1520.98
TRANS009858,ACC09858,Credit,2268.58
TRANS009859,ACC09859,Credit,3289.19
TRANS009860,ACC09860,Debit,586.41
TRANS009861,ACC09861,Debit,2331.55
TRANS009862,ACC09862,Credit,1339.31
TRANS009863,ACC09863,Debit,4097.98
TRANS009864,ACC09864,Debit,2414.36
TRANS009865,ACC09865,Credit,4977.14
TRANS009866,ACC09866,Credit,3479.87
TRANS009867,ACC09867,Credit,928.56
TRANS009868,ACC09868,Credit,3936.57
TRANS009869,ACC09869,Debit,3377.88
TRANS009870,ACC09870,Credit,3230.78
TRANS009871,ACC09871,Credit,1719.97
TRANS009872,ACC09872,Debit,123.77
TRANS009873,ACC09873,Debit,3525.98
TRANS009874,ACC09874,Debit,3959.9
TRANS009875,ACC09875,Credit,369.95
TRANS009876,ACC09876,Debit,3356.86
TRANS009877,ACC09877,Debit,3694.42
TRANS009878,ACC09878,Credit,2626.05
TRANS009879,ACC09879,Credit,2434.68
TRANS009880,ACC09880,Debit,3566.71
TRANS009881,ACC09881,Credit,3078.64
TRANS009882,ACC09882,Credit,150.23
TRANS009883,ACC09883,Debit,4053.5
TRANS009884,ACC09884,Credit,2266.89
TRANS009885,ACC09885,Debit,3253.28
TRANS009886,ACC09886,Credit,4233.54
TRANS009887,ACC09887,Debit,3110.05
TRANS009888,ACC09888,Credit,2556.1
TRANS009889,ACC09889,Credit,1548.83
TRANS009890,ACC09890,Debit,3063.01
TRANS009891,ACC09891,Debit,4670.9
TRANS009892,ACC09892,Credit,1229.01
TRANS009893,ACC09893,Debit,772.35
TRANS009894,ACC09894,Credit,3594.72
TRANS009895,ACC09895,Debit,1254.99
TRANS009896,ACC09896,Debit,4990.79
TRANS009897,ACC09897,Credit,4450.63
TRANS009898,ACC09898,Credit,632.4
TRANS009899,ACC09899,Debit,3553.0
TRANS009900,ACC09900,Credit,1876.05
TRANS009901,ACC09901,Credit,4451.06
TRANS009902,ACC09902,Debit,2495.81
TRANS009903,ACC09903,Debit,4780.61
TRANS009904,ACC09904,Debit,4795.06
TRANS009905,ACC09905,Debit,4301.51
TRANS009906,ACC09906,Debit,3786.97
TRANS009907,ACC09907,Debit,170.3
TRANS009908,ACC09908,Credit,4755.19
TRANS009909,ACC09909,Debit,1429.99
TRANS009910,ACC09910,Credit,4581.43
TRANS009911,ACC09911,Debit,254.35
TRANS009912,ACC09912,Debit,2551.13
TRANS009913,ACC09913,Credit,2946.19
TRANS009914,ACC09914,Debit,4693.82
TRANS009915,ACC09915,Debit,3096.87
TRANS009916,ACC09916,Debit,2743.56
TRANS009917,ACC09917,Debit,3331.67
TRANS009918,ACC09918,Debit,4068.3
TRANS009919,ACC09919,Debit,269.87
TRANS009920,ACC09920,Credit,2940.93
TRANS009921,ACC09921,Debit,4519.3
TRANS009922,ACC09922,Debit,864.69
TRANS009923,ACC09923,Credit,2360.79
TRANS009924,ACC09924,Credit,4298.14
TRANS009925,ACC09925,Credit,2128.15
TRANS009926,ACC09926,Credit,2508.97
TRANS009927,ACC09927,Debit,4128.69
TRANS009928,ACC09928,Debit,282.87
TRANS009929,ACC09929,Debit,2882.4
TRANS009930,ACC09930,Debit,424.75
TRANS009931,ACC09931,Credit,4264.91
TRANS009932,ACC09932,Debit,3963.59
TRANS009933,ACC09933,Debit,4641.44
TRANS009934,ACC09934,Debit,3449.14
TRANS009935,ACC09935,Credit,4547.09
TRANS009936,ACC09936,Debit,2062.39
TRANS009937,ACC09937,Debit,1225.09
TRANS009938,ACC09938,Credit,4666.7
TRANS009939,ACC09939,Debit,566.78
TRANS009940,ACC09940,Credit,3538.19
TRANS009941,ACC09941,Credit,1697.04
TRANS009942,ACC09942,Credit,27.56
TRANS009943,ACC09943,Debit,614.77
TRANS009944,ACC09944,Debit,1356.16
TRANS009945,ACC09945,Credit,310.73
TRANS009946,ACC09946,Debit,2207.66
TRANS009947,ACC09947,Debit,3530.86
TRANS009948,ACC09948,Debit,3131.15
TRANS009949,ACC09949,Debit,4345.71
TRANS009950,ACC09950,Debit,4083.89
TRANS009951,ACC09951,Credit,450.95
TRANS009952,ACC09952,Credit,545.78
TRANS009953,ACC09953,Debit,3389.73
TRANS009954,ACC09954,Credit,396.87
TRANS009955,ACC09955,Debit,3786.17
TRANS009956,ACC09956,Debit,1865.11
TRANS009957,ACC09957,Debit,1509.13
TRANS009958,ACC09958,Credit,3807.95
TRANS009959,ACC09959,Debit,3124.85
TRANS009960,ACC09960,Credit,4695.24
TRANS009961,ACC09961,Debit,4228.17
TRANS009962,ACC09962,Credit,4099.1
TRANS009963,ACC09963,Credit,1728.43
TRANS009964,ACC09964,Debit,3160.11
TRANS009965,ACC09965,Debit,4810.85
TRANS009966,ACC09966,Debit,1298.1
TRANS009967,ACC09967,Credit,963.78
TRANS009968,ACC09968,Debit,2010.61
TRANS009969,ACC09969,Credit,2033.94
TRANS009970,ACC09970,Debit,1033.45
TRANS009971,ACC09971,Debit,1416.75
TRANS009972,ACC09972,Credit,455.55
TRANS009973,ACC09973,Debit,2694.55
TRANS009974,ACC09974,Debit,3726.04
TRANS009975,ACC09975,Debit,1102.5
TRANS009976,ACC09976,Credit,488.41
TRANS009977,ACC09977,Debit,3967.76
TRANS009978,ACC09978,Credit,4239.48
TRANS009979,ACC09979,Credit,3636.97
TRANS009980,ACC09980,Debit,3062.25
TRANS009981,ACC09981,Debit,4937.0
TRANS009982,ACC09982,Credit,666.26
TRANS009983,ACC09983,Debit,3531.63
TRANS009984,ACC09984,Credit,4992.59
TRANS009985,ACC09985,Debit,1988.88
TRANS009986,ACC09986,Debit,2858.24
TRANS009987,ACC09987,Debit,4436.15
TRANS009988,ACC09988,Debit,903.56
TRANS009989,ACC09989,Credit,122.96
TRANS009990,ACC09990,Credit,1765.01
TRANS009991,ACC09991,Credit,3409.54
TRANS009992,ACC09992,Credit,3231.63
TRANS009993,ACC09993,Debit,927.71
TRANS009994,ACC09994,Credit,299.33
TRANS009995,ACC09995,Credit,2862.74
TRANS009996,ACC09996,Debit,400.96
TRANS009997,ACC09997,Debit,3736.7
TRANS009998,ACC09998,Credit,4002.91
TRANS009999,ACC09999,Debit,866.9
TRANS010000,ACC10000,Debit,3932.81
