Account ID,Customer ID,Account Type,Branch,Balance,Currency
ACC00001,CUST0001,Recurring Deposit,New York,36676.19,GBP
ACC00002,CUST0002,Recurring Deposit,Houston,28582.82,USD
ACC00003,CUST0003,Current,New York,76599.56,GBP
ACC00004,CUST0004,Recurring Deposit,Philadelphia,62317.6,INR
ACC00005,CUST0005,Current,Philadelphia,85515.21,INR
ACC00006,CUST0006,Savings,New York,43853.88,INR
ACC00007,CUST0007,Savings,New York,8712.06,USD
ACC00008,CUST0008,Fixed Deposit,San Diego,41826.02,GBP
ACC00009,CUST0009,Current,Philadelphia,99240.82,INR
ACC00010,CUST0010,Current,New York,67885.77,EUR
ACC00011,CUST0011,Savings,San Diego,5455.21,GBP
ACC00012,CUST0012,Recurring Deposit,Chicago,98421.25,EUR
ACC00013,CUST0013,Recurring Deposit,Los Angeles,94234.05,JPY
ACC00014,CUST0014,Fixed Deposit,New York,4666.74,EUR
ACC00015,CUST0015,Fixed Deposit,Philadelphia,59424.05,USD
ACC00016,CUST0016,Recurring Deposit,New York,9361.88,JPY
ACC00017,CUST0017,Fixed Deposit,Houston,38544.65,GBP
ACC00018,CUST0018,Fixed Deposit,San Antonio,75061.47,USD
ACC00019,CUST0019,Savings,Philadelphia,6589.13,GBP
ACC00020,CUST0020,Current,Los Angeles,82842.03,USD
ACC00021,CUST0021,Savings,Houston,10526.6,INR
ACC00022,CUST0022,Fixed Deposit,Phoenix,69502.82,INR
ACC00023,CUST0023,Savings,New York,18660.25,GBP
ACC00024,CUST0024,Current,Los Angeles,96065.91,GBP
ACC00025,CUST0025,Current,New York,61228.85,USD
ACC00026,CUST0026,Current,Houston,29512.91,JPY
ACC00027,CUST0027,Fixed Deposit,Phoenix,81274.27,USD
ACC00028,CUST0028,Current,New York,5871.26,EUR
ACC00029,CUST0029,Current,Los Angeles,82536.62,GBP
ACC00030,CUST0030,Fixed Deposit,Los Angeles,61707.2,INR
ACC00031,CUST0031,Current,Phoenix,17274.5,USD
ACC00032,CUST0032,Savings,Chicago,21325.21,JPY
ACC00033,CUST0033,Recurring Deposit,San Diego,82879.74,USD
ACC00034,CUST0034,Fixed Deposit,Chicago,16335.32,JPY
ACC00035,CUST0035,Savings,Phoenix,59576.91,USD
ACC00036,CUST0036,Fixed Deposit,New York,35213.26,USD
ACC00037,CUST0037,Fixed Deposit,Philadelphia,16522.71,USD
ACC00038,CUST0038,Savings,San Antonio,65268.42,INR
ACC00039,CUST0039,Savings,Philadelphia,99366.77,EUR
ACC00040,CUST0040,Recurring Deposit,Houston,55714.59,GBP
ACC00041,CUST0041,Recurring Deposit,Houston,73403.15,INR
ACC00042,CUST0042,Current,Philadelphia,21902.07,USD
ACC00043,CUST0043,Savings,Philadelphia,48114.64,USD
ACC00044,CUST0044,Fixed Deposit,San Antonio,796.81,INR
ACC00045,CUST0045,Recurring Deposit,Chicago,42236.84,USD
ACC00046,CUST0046,Current,Houston,79001.83,JPY
ACC00047,CUST0047,Fixed Deposit,Phoenix,32235.25,USD
ACC00048,CUST0048,Current,Philadelphia,18562.59,EUR
ACC00049,CUST0049,Savings,Chicago,50649.93,INR
ACC00050,CUST0050,Fixed Deposit,San Diego,2109.83,GBP
ACC00051,CUST0051,Fixed Deposit,Houston,68715.56,GBP
ACC00052,CUST0052,Fixed Deposit,Chicago,17227.18,INR
ACC00053,CUST0053,Current,Philadelphia,48218.88,INR
ACC00054,CUST0054,Recurring Deposit,Houston,77919.1,GBP
ACC00055,CUST0055,Fixed Deposit,San Diego,34015.59,GBP
ACC00056,CUST0056,Recurring Deposit,Philadelphia,3690.84,GBP
ACC00057,CUST0057,Savings,Philadelphia,62999.01,INR
ACC00058,CUST0058,Fixed Deposit,Chicago,43875.17,GBP
ACC00059,CUST0059,Recurring Deposit,Philadelphia,23910.78,GBP
ACC00060,CUST0060,Savings,Chicago,75769.2,JPY
ACC00061,CUST0061,Current,San Diego,57726.31,JPY
ACC00062,CUST0062,Fixed Deposit,Philadelphia,7176.95,USD
ACC00063,CUST0063,Fixed Deposit,Phoenix,47326.29,EUR
ACC00064,CUST0064,Savings,Los Angeles,393.01,GBP
ACC00065,CUST0065,Fixed Deposit,Philadelphia,41720.66,EUR
ACC00066,CUST0066,Current,Houston,90044.47,USD
ACC00067,CUST0067,Savings,Phoenix,72696.16,GBP
ACC00068,CUST0068,Fixed Deposit,Chicago,63754.65,EUR
ACC00069,CUST0069,Recurring Deposit,San Antonio,74679.01,EUR
ACC00070,CUST0070,Fixed Deposit,Houston,18542.64,GBP
ACC00071,CUST0071,Savings,Los Angeles,46234.57,JPY
ACC00072,CUST0072,Savings,Houston,26729.26,JPY
ACC00073,CUST0073,Recurring Deposit,Houston,71837.22,EUR
ACC00074,CUST0074,Fixed Deposit,Houston,7499.09,JPY
ACC00075,CUST0075,Current,Los Angeles,49465.99,EUR
ACC00076,CUST0076,Recurring Deposit,Chicago,31823.94,GBP
ACC00077,CUST0077,Current,Chicago,57360.65,USD
ACC00078,CUST0078,Recurring Deposit,Phoenix,67980.1,EUR
ACC00079,CUST0079,Fixed Deposit,Houston,52708.8,EUR
ACC00080,CUST0080,Savings,Chicago,82039.35,EUR
ACC00081,CUST0081,Current,Phoenix,62071.52,GBP
ACC00082,CUST0082,Current,San Diego,74837.43,USD
ACC00083,CUST0083,Recurring Deposit,Philadelphia,13249.1,USD
ACC00084,CUST0084,Current,Chicago,72086.45,JPY
ACC00085,CUST0085,Savings,Houston,54334.89,JPY
ACC00086,CUST0086,Savings,San Antonio,34592.58,JPY
ACC00087,CUST0087,Current,New York,85560.53,JPY
ACC00088,CUST0088,Current,New York,66553.43,EUR
ACC00089,CUST0089,Fixed Deposit,San Antonio,57810.54,EUR
ACC00090,CUST0090,Savings,New York,8477.59,GBP
ACC00091,CUST0091,Fixed Deposit,San Diego,82704.91,JPY
ACC00092,CUST0092,Fixed Deposit,Phoenix,40293.48,GBP
ACC00093,CUST0093,Current,Chicago,54243.13,GBP
ACC00094,CUST0094,Recurring Deposit,New York,7602.26,JPY
ACC00095,CUST0095,Savings,San Antonio,22733.84,EUR
ACC00096,CUST0096,Recurring Deposit,Phoenix,57032.59,JPY
ACC00097,CUST0097,Fixed Deposit,Houston,34227.02,INR
ACC00098,CUST0098,Current,San Diego,75490.27,USD
ACC00099,CUST0099,Fixed Deposit,New York,11541.32,GBP
ACC00100,CUST0100,Current,Philadelphia,5805.76,EUR
ACC00101,CUST0101,Savings,Los Angeles,65478.82,USD
ACC00102,CUST0102,Fixed Deposit,Houston,64493.0,GBP
ACC00103,CUST0103,Current,Los Angeles,18139.57,INR
ACC00104,CUST0104,Fixed Deposit,Philadelphia,64629.04,JPY
ACC00105,CUST0105,Current,San Diego,88451.49,JPY
ACC00106,CUST0106,Recurring Deposit,Houston,60738.52,JPY
ACC00107,CUST0107,Current,San Diego,81862.74,GBP
ACC00108,CUST0108,Savings,Houston,15243.42,JPY
ACC00109,CUST0109,Current,Philadelphia,27536.16,USD
ACC00110,CUST0110,Current,New York,39278.85,GBP
ACC00111,CUST0111,Savings,San Antonio,72000.67,GBP
ACC00112,CUST0112,Recurring Deposit,San Antonio,14370.6,INR
ACC00113,CUST0113,Current,Chicago,2803.2,GBP
ACC00114,CUST0114,Savings,New York,1181.77,GBP
ACC00115,CUST0115,Savings,San Antonio,69366.06,GBP
ACC00116,CUST0116,Current,Houston,42922.35,JPY
ACC00117,CUST0117,Fixed Deposit,Los Angeles,45435.62,JPY
ACC00118,CUST0118,Savings,Houston,55210.31,INR
ACC00119,CUST0119,Current,Chicago,60043.73,GBP
ACC00120,CUST0120,Savings,Phoenix,38811.2,INR
ACC00121,CUST0121,Current,Los Angeles,49593.54,EUR
ACC00122,CUST0122,Savings,San Diego,94999.8,INR
ACC00123,CUST0123,Fixed Deposit,Chicago,57477.82,EUR
ACC00124,CUST0124,Savings,Los Angeles,4791.01,GBP
ACC00125,CUST0125,Savings,Houston,54789.44,EUR
ACC00126,CUST0126,Current,Houston,28614.45,GBP
ACC00127,CUST0127,Fixed Deposit,Houston,59388.02,EUR
ACC00128,CUST0128,Recurring Deposit,Philadelphia,77266.43,USD
ACC00129,CUST0129,Recurring Deposit,San Diego,71341.11,USD
ACC00130,CUST0130,Savings,Philadelphia,86450.54,GBP
ACC00131,CUST0131,Recurring Deposit,Philadelphia,70506.03,USD
ACC00132,CUST0132,Fixed Deposit,Los Angeles,27825.15,JPY
ACC00133,CUST0133,Fixed Deposit,Los Angeles,52812.22,GBP
ACC00134,CUST0134,Savings,Houston,3592.61,GBP
ACC00135,CUST0135,Fixed Deposit,San Antonio,25151.8,USD
ACC00136,CUST0136,Recurring Deposit,Houston,42526.33,INR
ACC00137,CUST0137,Current,Phoenix,1808.02,JPY
ACC00138,CUST0138,Recurring Deposit,San Diego,60952.19,JPY
ACC00139,CUST0139,Recurring Deposit,Philadelphia,14695.17,EUR
ACC00140,CUST0140,Savings,San Antonio,95252.64,JPY
ACC00141,CUST0141,Current,New York,11038.48,JPY
ACC00142,CUST0142,Current,New York,85507.61,EUR
ACC00143,CUST0143,Current,San Antonio,19856.63,GBP
ACC00144,CUST0144,Savings,Los Angeles,50135.53,JPY
ACC00145,CUST0145,Recurring Deposit,San Diego,66049.06,GBP
ACC00146,CUST0146,Current,Philadelphia,8192.57,INR
ACC00147,CUST0147,Recurring Deposit,San Diego,19960.22,INR
ACC00148,CUST0148,Fixed Deposit,Houston,63421.46,GBP
ACC00149,CUST0149,Savings,Philadelphia,96323.23,INR
ACC00150,CUST0150,Fixed Deposit,Houston,15546.48,GBP
ACC00151,CUST0151,Savings,San Diego,36733.96,GBP
ACC00152,CUST0152,Recurring Deposit,New York,19069.79,GBP
ACC00153,CUST0153,Fixed Deposit,San Diego,79708.13,USD
ACC00154,CUST0154,Recurring Deposit,Los Angeles,9261.58,JPY
ACC00155,CUST0155,Current,Los Angeles,99470.42,JPY
ACC00156,CUST0156,Recurring Deposit,Chicago,39978.31,USD
ACC00157,CUST0157,Recurring Deposit,Chicago,60105.54,JPY
ACC00158,CUST0158,Savings,San Diego,29161.1,GBP
ACC00159,CUST0159,Savings,Los Angeles,51599.39,INR
ACC00160,CUST0160,Recurring Deposit,Phoenix,29944.09,EUR
ACC00161,CUST0161,Current,New York,1773.55,JPY
ACC00162,CUST0162,Recurring Deposit,San Diego,66413.02,GBP
ACC00163,CUST0163,Fixed Deposit,San Antonio,89726.37,GBP
ACC00164,CUST0164,Current,Los Angeles,67614.29,USD
ACC00165,CUST0165,Recurring Deposit,Chicago,64593.35,GBP
ACC00166,CUST0166,Recurring Deposit,San Antonio,30762.0,EUR
ACC00167,CUST0167,Recurring Deposit,Chicago,13215.91,EUR
ACC00168,CUST0168,Savings,Chicago,92951.88,INR
ACC00169,CUST0169,Current,Houston,25222.31,JPY
ACC00170,CUST0170,Recurring Deposit,San Diego,15221.54,USD
ACC00171,CUST0171,Savings,Houston,48382.31,JPY
ACC00172,CUST0172,Savings,San Antonio,7807.42,USD
ACC00173,CUST0173,Fixed Deposit,Houston,8992.86,USD
ACC00174,CUST0174,Savings,San Diego,30465.71,JPY
ACC00175,CUST0175,Savings,Chicago,52814.05,JPY
ACC00176,CUST0176,Recurring Deposit,Los Angeles,58832.56,GBP
ACC00177,CUST0177,Recurring Deposit,Philadelphia,18474.6,GBP
ACC00178,CUST0178,Recurring Deposit,San Antonio,4914.24,JPY
ACC00179,CUST0179,Current,Houston,9694.06,GBP
ACC00180,CUST0180,Fixed Deposit,San Diego,60021.87,EUR
ACC00181,CUST0181,Savings,Los Angeles,79270.03,GBP
ACC00182,CUST0182,Recurring Deposit,Chicago,35576.53,USD
ACC00183,CUST0183,Savings,Houston,78821.22,INR
ACC00184,CUST0184,Fixed Deposit,New York,41946.55,JPY
ACC00185,CUST0185,Recurring Deposit,Phoenix,73330.09,USD
ACC00186,CUST0186,Current,Philadelphia,15174.4,EUR
ACC00187,CUST0187,Savings,Los Angeles,84290.22,GBP
ACC00188,CUST0188,Current,Houston,5219.29,INR
ACC00189,CUST0189,Fixed Deposit,Los Angeles,89197.25,GBP
ACC00190,CUST0190,Fixed Deposit,New York,615.52,USD
ACC00191,CUST0191,Fixed Deposit,San Antonio,84772.88,EUR
ACC00192,CUST0192,Current,Los Angeles,16072.37,EUR
ACC00193,CUST0193,Savings,New York,51471.04,EUR
ACC00194,CUST0194,Recurring Deposit,Philadelphia,80436.76,USD
ACC00195,CUST0195,Current,New York,99920.6,INR
ACC00196,CUST0196,Recurring Deposit,Chicago,96479.09,JPY
ACC00197,CUST0197,Savings,San Antonio,94916.15,INR
ACC00198,CUST0198,Recurring Deposit,Philadelphia,23187.02,EUR
ACC00199,CUST0199,Recurring Deposit,Los Angeles,59192.07,GBP
ACC00200,CUST0200,Recurring Deposit,New York,17434.95,INR
ACC00201,CUST0201,Fixed Deposit,Houston,68358.96,JPY
ACC00202,CUST0202,Fixed Deposit,Phoenix,2829.77,USD
ACC00203,CUST0203,Fixed Deposit,San Diego,89923.05,INR
ACC00204,CUST0204,Savings,San Diego,1904.35,INR
ACC00205,CUST0205,Savings,New York,77032.65,GBP
ACC00206,CUST0206,Savings,Los Angeles,58402.21,GBP
ACC00207,CUST0207,Savings,San Antonio,44143.5,JPY
ACC00208,CUST0208,Current,Houston,18977.34,EUR
ACC00209,CUST0209,Fixed Deposit,Phoenix,60201.45,USD
ACC00210,CUST0210,Savings,San Diego,10930.33,JPY
ACC00211,CUST0211,Current,New York,66262.6,USD
ACC00212,CUST0212,Current,San Antonio,40798.15,JPY
ACC00213,CUST0213,Savings,San Antonio,38688.31,USD
ACC00214,CUST0214,Recurring Deposit,Chicago,59547.47,INR
ACC00215,CUST0215,Fixed Deposit,Chicago,80119.84,GBP
ACC00216,CUST0216,Fixed Deposit,Philadelphia,36136.25,USD
ACC00217,CUST0217,Fixed Deposit,Los Angeles,5037.03,EUR
ACC00218,CUST0218,Recurring Deposit,San Antonio,614.12,EUR
ACC00219,CUST0219,Fixed Deposit,Los Angeles,19772.44,GBP
ACC00220,CUST0220,Savings,Los Angeles,65401.75,GBP
ACC00221,CUST0221,Current,New York,82385.8,GBP
ACC00222,CUST0222,Current,Phoenix,68593.58,EUR
ACC00223,CUST0223,Current,Phoenix,73863.31,JPY
ACC00224,CUST0224,Current,Houston,40291.97,EUR
ACC00225,CUST0225,Fixed Deposit,Los Angeles,76334.67,GBP
ACC00226,CUST0226,Fixed Deposit,Houston,52174.69,EUR
ACC00227,CUST0227,Recurring Deposit,San Diego,17285.67,USD
ACC00228,CUST0228,Current,Houston,67549.42,JPY
ACC00229,CUST0229,Savings,Houston,43994.24,EUR
ACC00230,CUST0230,Savings,Los Angeles,59189.39,JPY
ACC00231,CUST0231,Fixed Deposit,San Antonio,93988.74,USD
ACC00232,CUST0232,Savings,Los Angeles,58148.6,JPY
ACC00233,CUST0233,Savings,Los Angeles,33251.35,EUR
ACC00234,CUST0234,Savings,Philadelphia,32559.64,USD
ACC00235,CUST0235,Current,Houston,13610.23,GBP
ACC00236,CUST0236,Recurring Deposit,San Diego,52957.31,JPY
ACC00237,CUST0237,Savings,San Antonio,63900.54,INR
ACC00238,CUST0238,Current,San Antonio,24949.77,GBP
ACC00239,CUST0239,Fixed Deposit,Houston,15017.67,JPY
ACC00240,CUST0240,Current,San Antonio,36758.98,GBP
ACC00241,CUST0241,Fixed Deposit,San Diego,87714.9,INR
ACC00242,CUST0242,Current,Houston,15949.47,EUR
ACC00243,CUST0243,Savings,Los Angeles,56152.02,JPY
ACC00244,CUST0244,Current,San Diego,37182.13,JPY
ACC00245,CUST0245,Current,Phoenix,92813.69,EUR
ACC00246,CUST0246,Recurring Deposit,New York,74435.08,USD
ACC00247,CUST0247,Current,Phoenix,83648.85,JPY
ACC00248,CUST0248,Current,San Antonio,30168.91,GBP
ACC00249,CUST0249,Savings,Houston,32454.44,JPY
ACC00250,CUST0250,Fixed Deposit,Phoenix,25374.32,JPY
ACC00251,CUST0251,Savings,Chicago,95059.31,GBP
ACC00252,CUST0252,Current,Los Angeles,25740.07,USD
ACC00253,CUST0253,Fixed Deposit,Houston,70482.73,USD
ACC00254,CUST0254,Fixed Deposit,Chicago,67898.57,GBP
ACC00255,CUST0255,Recurring Deposit,San Diego,56970.14,USD
ACC00256,CUST0256,Recurring Deposit,Phoenix,66838.33,EUR
ACC00257,CUST0257,Current,Chicago,99388.43,EUR
ACC00258,CUST0258,Current,Los Angeles,73078.35,JPY
ACC00259,CUST0259,Savings,Chicago,51838.95,EUR
ACC00260,CUST0260,Recurring Deposit,Los Angeles,60471.77,JPY
ACC00261,CUST0261,Recurring Deposit,Phoenix,93490.65,JPY
ACC00262,CUST0262,Savings,Phoenix,32904.29,JPY
ACC00263,CUST0263,Current,Los Angeles,1409.48,INR
ACC00264,CUST0264,Current,San Diego,80151.8,JPY
ACC00265,CUST0265,Current,Houston,76755.97,USD
ACC00266,CUST0266,Fixed Deposit,Philadelphia,48224.66,GBP
ACC00267,CUST0267,Current,San Diego,4727.93,USD
ACC00268,CUST0268,Fixed Deposit,San Antonio,49471.24,USD
ACC00269,CUST0269,Savings,New York,89036.51,JPY
ACC00270,CUST0270,Fixed Deposit,San Diego,76259.81,INR
ACC00271,CUST0271,Current,Chicago,11122.43,INR
ACC00272,CUST0272,Savings,Los Angeles,27489.59,USD
ACC00273,CUST0273,Savings,New York,47868.48,USD
ACC00274,CUST0274,Fixed Deposit,Phoenix,99118.46,INR
ACC00275,CUST0275,Current,New York,7551.2,USD
ACC00276,CUST0276,Recurring Deposit,San Antonio,69975.17,EUR
ACC00277,CUST0277,Savings,Chicago,71190.45,GBP
ACC00278,CUST0278,Recurring Deposit,Los Angeles,18561.04,GBP
ACC00279,CUST0279,Savings,San Antonio,98954.65,INR
ACC00280,CUST0280,Savings,Philadelphia,41920.48,INR
ACC00281,CUST0281,Fixed Deposit,New York,4968.2,EUR
ACC00282,CUST0282,Savings,San Antonio,88039.66,EUR
ACC00283,CUST0283,Recurring Deposit,Houston,35023.99,INR
ACC00284,CUST0284,Recurring Deposit,New York,65927.42,EUR
ACC00285,CUST0285,Current,Phoenix,61588.85,EUR
ACC00286,CUST0286,Fixed Deposit,New York,20145.15,INR
ACC00287,CUST0287,Savings,Houston,73199.76,USD
ACC00288,CUST0288,Recurring Deposit,Los Angeles,91371.46,EUR
ACC00289,CUST0289,Recurring Deposit,New York,60615.66,GBP
ACC00290,CUST0290,Current,San Antonio,33522.83,INR
ACC00291,CUST0291,Current,Phoenix,95573.65,JPY
ACC00292,CUST0292,Current,Phoenix,19601.79,JPY
ACC00293,CUST0293,Recurring Deposit,San Diego,4127.42,GBP
ACC00294,CUST0294,Recurring Deposit,San Diego,58058.51,USD
ACC00295,CUST0295,Fixed Deposit,Houston,25189.89,JPY
ACC00296,CUST0296,Savings,Chicago,37102.2,GBP
ACC00297,CUST0297,Savings,Chicago,58217.64,INR
ACC00298,CUST0298,Recurring Deposit,Los Angeles,50363.68,INR
ACC00299,CUST0299,Savings,San Antonio,31721.04,USD
ACC00300,CUST0300,Current,New York,7248.31,GBP
ACC00301,CUST0301,Recurring Deposit,Houston,93957.12,JPY
ACC00302,CUST0302,Fixed Deposit,San Antonio,9743.63,EUR
ACC00303,CUST0303,Savings,San Antonio,35803.04,INR
ACC00304,CUST0304,Current,Chicago,55805.61,EUR
ACC00305,CUST0305,Recurring Deposit,Philadelphia,33377.81,GBP
ACC00306,CUST0306,Current,Los Angeles,99284.36,INR
ACC00307,CUST0307,Savings,Chicago,63870.04,EUR
ACC00308,CUST0308,Current,San Antonio,54879.03,EUR
ACC00309,CUST0309,Savings,New York,63761.9,INR
ACC00310,CUST0310,Current,Chicago,98333.38,USD
ACC00311,CUST0311,Current,San Diego,83142.37,EUR
ACC00312,CUST0312,Current,Philadelphia,47851.47,USD
ACC00313,CUST0313,Current,San Diego,57125.63,EUR
ACC00314,CUST0314,Current,Philadelphia,93298.59,EUR
ACC00315,CUST0315,Savings,Chicago,79133.21,INR
ACC00316,CUST0316,Savings,Los Angeles,75810.08,INR
ACC00317,CUST0317,Savings,Phoenix,99835.61,USD
ACC00318,CUST0318,Current,San Diego,81911.81,EUR
ACC00319,CUST0319,Savings,Houston,39260.19,EUR
ACC00320,CUST0320,Current,Phoenix,94595.87,GBP
ACC00321,CUST0321,Savings,Phoenix,44707.27,EUR
ACC00322,CUST0322,Savings,Chicago,54282.83,USD
ACC00323,CUST0323,Savings,Philadelphia,19698.92,JPY
ACC00324,CUST0324,Current,San Antonio,90379.36,EUR
ACC00325,CUST0325,Fixed Deposit,San Diego,96778.48,EUR
ACC00326,CUST0326,Savings,Houston,31246.52,INR
ACC00327,CUST0327,Fixed Deposit,Los Angeles,69066.15,USD
ACC00328,CUST0328,Recurring Deposit,Phoenix,62808.31,EUR
ACC00329,CUST0329,Savings,San Antonio,76902.06,INR
ACC00330,CUST0330,Fixed Deposit,New York,32721.84,EUR
ACC00331,CUST0331,Savings,Chicago,48164.97,INR
ACC00332,CUST0332,Current,Los Angeles,58027.59,INR
ACC00333,CUST0333,Current,Los Angeles,4699.33,GBP
ACC00334,CUST0334,Savings,Philadelphia,13215.16,EUR
ACC00335,CUST0335,Current,Phoenix,48179.7,JPY
ACC00336,CUST0336,Recurring Deposit,Houston,47590.43,EUR
ACC00337,CUST0337,Recurring Deposit,Los Angeles,36640.19,EUR
ACC00338,CUST0338,Current,New York,37018.11,GBP
ACC00339,CUST0339,Savings,Philadelphia,80217.71,INR
ACC00340,CUST0340,Fixed Deposit,Philadelphia,83802.19,JPY
ACC00341,CUST0341,Savings,New York,66258.57,INR
ACC00342,CUST0342,Savings,San Antonio,87395.72,JPY
ACC00343,CUST0343,Savings,New York,7471.6,EUR
ACC00344,CUST0344,Current,New York,47499.52,INR
ACC00345,CUST0345,Current,Los Angeles,81173.69,JPY
ACC00346,CUST0346,Current,Los Angeles,80689.08,GBP
ACC00347,CUST0347,Recurring Deposit,Phoenix,93692.25,EUR
ACC00348,CUST0348,Recurring Deposit,New York,26089.92,JPY
ACC00349,CUST0349,Savings,Los Angeles,55184.99,EUR
ACC00350,CUST0350,Current,San Diego,27103.6,USD
ACC00351,CUST0351,Current,Houston,88658.1,JPY
ACC00352,CUST0352,Current,San Diego,90247.3,GBP
ACC00353,CUST0353,Recurring Deposit,Chicago,51531.13,GBP
ACC00354,CUST0354,Current,Houston,21794.56,EUR
ACC00355,CUST0355,Fixed Deposit,San Diego,62318.66,EUR
ACC00356,CUST0356,Fixed Deposit,San Diego,23174.15,USD
ACC00357,CUST0357,Current,Phoenix,87931.26,JPY
ACC00358,CUST0358,Recurring Deposit,Chicago,61195.96,USD
ACC00359,CUST0359,Fixed Deposit,Phoenix,81502.83,EUR
ACC00360,CUST0360,Recurring Deposit,Chicago,53470.16,GBP
ACC00361,CUST0361,Current,San Diego,62295.34,INR
ACC00362,CUST0362,Recurring Deposit,Houston,39753.37,USD
ACC00363,CUST0363,Recurring Deposit,Los Angeles,84240.87,JPY
ACC00364,CUST0364,Savings,Chicago,24408.01,EUR
ACC00365,CUST0006,Fixed Deposit,New York,35058.88,USD
ACC00366,CUST0365,Savings,Philadelphia,23279.68,EUR
ACC00367,CUST0366,Savings,Houston,94556.06,JPY
ACC00368,CUST0367,Current,Philadelphia,93111.29,INR
ACC00369,CUST0368,Fixed Deposit,Philadelphia,66187.75,GBP
ACC00370,CUST0369,Savings,Phoenix,19936.98,USD
ACC00371,CUST0370,Recurring Deposit,Los Angeles,24950.86,INR
ACC00372,CUST0371,Recurring Deposit,San Diego,57806.71,EUR
ACC00373,CUST0372,Fixed Deposit,Houston,24847.49,GBP
ACC00374,CUST0373,Fixed Deposit,San Diego,94527.03,INR
ACC00375,CUST0374,Recurring Deposit,San Antonio,20180.91,USD
ACC00376,CUST0375,Savings,Philadelphia,61847.96,GBP
ACC00377,CUST0376,Savings,San Diego,99256.08,USD
ACC00378,CUST0377,Current,Los Angeles,36010.48,EUR
ACC00379,CUST0378,Current,New York,81958.76,INR
ACC00380,CUST0379,Recurring Deposit,New York,45011.42,GBP
ACC00381,CUST0380,Fixed Deposit,Houston,67579.48,EUR
ACC00382,CUST0381,Savings,Chicago,29292.73,JPY
ACC00383,CUST0382,Recurring Deposit,San Diego,32079.37,JPY
ACC00384,CUST0383,Savings,New York,64172.71,GBP
ACC00385,CUST0384,Savings,Chicago,3419.3,INR
ACC00386,CUST0385,Fixed Deposit,Phoenix,51583.29,GBP
ACC00387,CUST0386,Recurring Deposit,New York,69600.21,EUR
ACC00388,CUST0387,Recurring Deposit,New York,47661.83,GBP
ACC00389,CUST0388,Fixed Deposit,New York,92937.51,JPY
ACC00390,CUST0389,Current,San Diego,88331.15,INR
ACC00391,CUST0390,Savings,New York,92381.46,INR
ACC00392,CUST0391,Fixed Deposit,San Antonio,27467.13,EUR
ACC00393,CUST0392,Recurring Deposit,Phoenix,53707.02,EUR
ACC00394,CUST0393,Fixed Deposit,Los Angeles,743.88,USD
ACC00395,CUST0394,Current,New York,27327.03,EUR
ACC00396,CUST0395,Current,Phoenix,57582.96,EUR
ACC00397,CUST0396,Current,Phoenix,5300.0,GBP
ACC00398,CUST0397,Current,Houston,24654.22,USD
ACC00399,CUST0398,Recurring Deposit,Houston,1592.23,INR
ACC00400,CUST0399,Savings,San Diego,75343.43,EUR
ACC00401,CUST0400,Current,Philadelphia,93663.12,INR
ACC00402,CUST0401,Current,Phoenix,6409.01,JPY
ACC00403,CUST0402,Recurring Deposit,Phoenix,76640.07,EUR
ACC00404,CUST0403,Savings,San Diego,96257.94,USD
ACC00405,CUST0404,Recurring Deposit,Chicago,32028.51,EUR
ACC00406,CUST0405,Current,New York,9182.85,USD
ACC00407,CUST0406,Fixed Deposit,San Antonio,65707.75,GBP
ACC00408,CUST0407,Fixed Deposit,New York,69242.07,GBP
ACC00409,CUST0408,Fixed Deposit,Chicago,68143.25,GBP
ACC00410,CUST0409,Savings,San Antonio,9480.57,JPY
ACC00411,CUST0410,Savings,Los Angeles,26010.42,USD
ACC00412,CUST0411,Savings,San Diego,74246.27,JPY
ACC00413,CUST0412,Fixed Deposit,San Diego,2523.05,GBP
ACC00414,CUST0413,Fixed Deposit,Houston,67861.55,GBP
ACC00415,CUST0414,Current,San Diego,41503.94,GBP
ACC00416,CUST0415,Savings,San Diego,51291.36,INR
ACC00417,CUST0416,Savings,Chicago,41587.19,JPY
ACC00418,CUST0417,Savings,Philadelphia,5394.33,JPY
ACC00419,CUST0418,Fixed Deposit,Chicago,91112.97,GBP
ACC00420,CUST0419,Current,Los Angeles,58893.7,USD
ACC00421,CUST0420,Fixed Deposit,Houston,53203.28,EUR
ACC00422,CUST0421,Savings,Los Angeles,80745.86,INR
ACC00423,CUST0422,Recurring Deposit,New York,29972.41,EUR
ACC00424,CUST0423,Current,Phoenix,11061.27,GBP
ACC00425,CUST0424,Current,New York,9267.84,USD
ACC00426,CUST0425,Fixed Deposit,Chicago,45897.28,EUR
ACC00427,CUST0426,Savings,Philadelphia,67643.34,INR
ACC00428,CUST0427,Recurring Deposit,San Diego,97954.35,JPY
ACC00429,CUST0428,Fixed Deposit,San Antonio,91948.72,INR
ACC00430,CUST0429,Current,Philadelphia,63814.33,USD
ACC00431,CUST0430,Fixed Deposit,Los Angeles,73830.9,JPY
ACC00432,CUST0431,Current,Chicago,88706.59,EUR
ACC00433,CUST0432,Recurring Deposit,Houston,58026.26,JPY
ACC00434,CUST0433,Recurring Deposit,Los Angeles,9540.45,GBP
ACC00435,CUST0434,Fixed Deposit,Philadelphia,74345.31,GBP
ACC00436,CUST0435,Current,San Diego,60132.32,GBP
ACC00437,CUST0436,Current,Houston,64355.31,EUR
ACC00438,CUST0437,Savings,Los Angeles,82198.29,USD
ACC00439,CUST0438,Recurring Deposit,Phoenix,16321.87,INR
ACC00440,CUST0439,Current,Philadelphia,89070.82,INR
ACC00441,CUST0440,Current,Los Angeles,35883.25,EUR
ACC00442,CUST0441,Recurring Deposit,Los Angeles,3047.98,GBP
ACC00443,CUST0442,Fixed Deposit,Houston,20675.46,GBP
ACC00444,CUST0443,Current,Houston,61573.25,USD
ACC00445,CUST0444,Current,Philadelphia,70391.99,INR
ACC00446,CUST0445,Recurring Deposit,San Antonio,7524.79,GBP
ACC00447,CUST0446,Recurring Deposit,Philadelphia,66509.27,EUR
ACC00448,CUST0447,Savings,San Diego,98827.34,JPY
ACC00449,CUST0448,Current,Los Angeles,58508.33,INR
ACC00450,CUST0449,Recurring Deposit,New York,52545.05,JPY
ACC00451,CUST0450,Recurring Deposit,Phoenix,21673.86,JPY
ACC00452,CUST0451,Savings,Los Angeles,18453.76,EUR
ACC00453,CUST0452,Fixed Deposit,San Diego,27937.16,EUR
ACC00454,CUST0453,Current,Los Angeles,96389.98,INR
ACC00455,CUST0454,Current,Chicago,74705.09,JPY
ACC00456,CUST0455,Savings,Houston,55896.9,INR
ACC00457,CUST0456,Current,Philadelphia,81250.3,GBP
ACC00458,CUST0457,Savings,Phoenix,20141.25,USD
ACC00459,CUST0458,Savings,Phoenix,71270.59,INR
ACC00460,CUST0459,Current,New York,1978.88,EUR
ACC00461,CUST0460,Savings,San Antonio,10411.01,EUR
ACC00462,CUST0461,Savings,Los Angeles,24641.86,GBP
ACC00463,CUST0462,Recurring Deposit,Los Angeles,46668.73,GBP
ACC00464,CUST0463,Current,Philadelphia,4046.3,USD
ACC00465,CUST0464,Current,Chicago,85273.28,EUR
ACC00466,CUST0465,Recurring Deposit,Philadelphia,71729.79,INR
ACC00467,CUST0466,Fixed Deposit,Chicago,47401.24,JPY
ACC00468,CUST0467,Current,Los Angeles,7697.21,EUR
ACC00469,CUST0468,Recurring Deposit,San Antonio,10489.95,USD
ACC00470,CUST0469,Savings,San Diego,85246.81,USD
ACC00471,CUST0470,Savings,Philadelphia,47542.7,GBP
ACC00472,CUST0471,Fixed Deposit,New York,39504.75,JPY
ACC00473,CUST0472,Fixed Deposit,Philadelphia,63433.65,JPY
ACC00474,CUST0473,Savings,Houston,19394.73,JPY
ACC00475,CUST0474,Current,Chicago,64163.2,JPY
ACC00476,CUST0475,Current,San Antonio,65348.18,INR
ACC00477,CUST0476,Current,New York,20839.68,EUR
ACC00478,CUST0477,Current,Phoenix,27660.76,GBP
ACC00479,CUST0478,Recurring Deposit,Los Angeles,70828.84,JPY
ACC00480,CUST0479,Current,San Antonio,23620.23,GBP
ACC00481,CUST0239,Fixed Deposit,Chicago,92210.79,JPY
ACC00482,CUST0480,Current,Phoenix,422.37,INR
ACC00483,CUST0481,Current,Los Angeles,75131.57,INR
ACC00484,CUST0482,Savings,Houston,81669.05,INR
ACC00485,CUST0483,Recurring Deposit,Phoenix,563.15,USD
ACC00486,CUST0484,Current,San Antonio,83103.52,JPY
ACC00487,CUST0485,Fixed Deposit,San Antonio,2208.23,USD
ACC00488,CUST0486,Fixed Deposit,Houston,10823.85,GBP
ACC00489,CUST0487,Savings,San Antonio,70898.14,EUR
ACC00490,CUST0488,Recurring Deposit,San Diego,92730.77,GBP
ACC00491,CUST0489,Fixed Deposit,Chicago,12357.5,JPY
ACC00492,CUST0490,Savings,San Antonio,6224.34,USD
ACC00493,CUST0491,Fixed Deposit,Los Angeles,34486.36,JPY
ACC00494,CUST0492,Fixed Deposit,San Diego,72570.9,USD
ACC00495,CUST0493,Recurring Deposit,Phoenix,93337.89,JPY
ACC00496,CUST0494,Current,Los Angeles,975.74,USD
ACC00497,CUST0495,Current,Phoenix,58387.59,JPY
ACC00498,CUST0496,Recurring Deposit,New York,93018.61,USD
ACC00499,CUST0497,Recurring Deposit,Houston,24123.43,INR
ACC00500,CUST0498,Recurring Deposit,Chicago,89571.18,USD
ACC00501,CUST0499,Current,New York,46633.37,INR
ACC00502,CUST0500,Recurring Deposit,New York,37486.49,JPY
ACC00503,CUST0501,Fixed Deposit,Houston,23891.27,JPY
ACC00504,CUST0502,Recurring Deposit,Philadelphia,71994.91,GBP
ACC00505,CUST0503,Savings,New York,70994.96,INR
ACC00506,CUST0504,Current,Philadelphia,68811.61,USD
ACC00507,CUST0505,Fixed Deposit,Houston,75620.56,INR
ACC00508,CUST0506,Savings,San Diego,90954.28,EUR
ACC00509,CUST0507,Savings,San Antonio,61896.24,GBP
ACC00510,CUST0508,Fixed Deposit,Phoenix,93037.17,USD
ACC00511,CUST0509,Fixed Deposit,Phoenix,23555.49,USD
ACC00512,CUST0510,Current,Phoenix,8762.83,EUR
ACC00513,CUST0511,Recurring Deposit,San Diego,67849.41,INR
ACC00514,CUST0512,Fixed Deposit,New York,26732.97,EUR
ACC00515,CUST0513,Current,Philadelphia,89889.29,GBP
ACC00516,CUST0514,Current,New York,95139.49,USD
ACC00517,CUST0515,Recurring Deposit,Philadelphia,33534.47,JPY
ACC00518,CUST0516,Savings,New York,54410.75,EUR
ACC00519,CUST0517,Current,New York,39312.83,EUR
ACC00520,CUST0518,Fixed Deposit,Houston,62916.94,GBP
ACC00521,CUST0519,Recurring Deposit,San Antonio,95611.49,EUR
ACC00522,CUST0520,Savings,Chicago,291.9,EUR
ACC00523,CUST0521,Fixed Deposit,Los Angeles,52019.4,USD
ACC00524,CUST0522,Current,Houston,8990.92,USD
ACC00525,CUST0523,Recurring Deposit,Los Angeles,55773.85,GBP
ACC00526,CUST0524,Recurring Deposit,San Diego,52491.94,EUR
ACC00527,CUST0525,Recurring Deposit,Los Angeles,91127.99,JPY
ACC00528,CUST0526,Fixed Deposit,New York,43918.39,USD
ACC00529,CUST0527,Current,Los Angeles,85021.2,JPY
ACC00530,CUST0528,Fixed Deposit,San Antonio,54319.57,GBP
ACC00531,CUST0529,Current,Houston,89096.24,GBP
ACC00532,CUST0530,Current,Chicago,63913.85,GBP
ACC00533,CUST0531,Recurring Deposit,Chicago,95396.73,JPY
ACC00534,CUST0532,Savings,Philadelphia,16377.82,GBP
ACC00535,CUST0533,Savings,San Diego,8782.41,EUR
ACC00536,CUST0534,Savings,San Diego,6910.05,USD
ACC00537,CUST0535,Recurring Deposit,San Diego,63087.74,EUR
ACC00538,CUST0536,Current,San Diego,78568.59,INR
ACC00539,CUST0537,Current,Houston,21132.22,INR
ACC00540,CUST0538,Fixed Deposit,Los Angeles,42494.85,EUR
ACC00541,CUST0539,Fixed Deposit,New York,14547.39,INR
ACC00542,CUST0540,Fixed Deposit,San Diego,21028.29,EUR
ACC00543,CUST0541,Fixed Deposit,Los Angeles,84455.21,GBP
ACC00544,CUST0542,Savings,Philadelphia,5887.71,JPY
ACC00545,CUST0543,Fixed Deposit,Phoenix,92077.49,EUR
ACC00546,CUST0544,Savings,San Diego,92631.61,EUR
ACC00547,CUST0545,Current,Phoenix,43573.17,GBP
ACC00548,CUST0546,Savings,New York,99975.59,GBP
ACC00549,CUST0547,Recurring Deposit,San Diego,73728.62,USD
ACC00550,CUST0548,Recurring Deposit,Philadelphia,44620.04,EUR
ACC00551,CUST0549,Recurring Deposit,Houston,46986.31,GBP
ACC00552,CUST0550,Recurring Deposit,Phoenix,28639.68,GBP
ACC00553,CUST0551,Recurring Deposit,New York,95926.94,USD
ACC00554,CUST0552,Current,Houston,240.37,EUR
ACC00555,CUST0553,Current,Chicago,27985.3,USD
ACC00556,CUST0554,Current,Phoenix,64845.49,INR
ACC00557,CUST0555,Fixed Deposit,Chicago,57784.4,EUR
ACC00558,CUST0556,Savings,New York,95937.58,USD
ACC00559,CUST0557,Recurring Deposit,Chicago,19866.95,USD
ACC00560,CUST0558,Recurring Deposit,Los Angeles,10742.37,INR
ACC00561,CUST0191,Savings,Philadelphia,37990.45,USD
ACC00562,CUST0559,Fixed Deposit,San Antonio,56569.07,JPY
ACC00563,CUST0560,Current,Houston,90513.62,INR
ACC00564,CUST0561,Fixed Deposit,Philadelphia,50382.46,GBP
ACC00565,CUST0562,Savings,Los Angeles,2505.13,EUR
ACC00566,CUST0563,Fixed Deposit,Philadelphia,77792.42,EUR
ACC00567,CUST0564,Current,San Diego,72096.7,GBP
ACC00568,CUST0565,Fixed Deposit,New York,48076.24,EUR
ACC00569,CUST0566,Fixed Deposit,San Diego,85127.22,JPY
ACC00570,CUST0567,Fixed Deposit,Phoenix,71613.54,INR
ACC00571,CUST0568,Savings,Philadelphia,24378.62,EUR
ACC00572,CUST0569,Current,New York,40786.35,GBP
ACC00573,CUST0570,Recurring Deposit,Houston,78094.56,EUR
ACC00574,CUST0571,Fixed Deposit,San Diego,10214.87,JPY
ACC00575,CUST0572,Current,Phoenix,16542.62,JPY
ACC00576,CUST0573,Current,San Diego,13196.21,GBP
ACC00577,CUST0574,Current,San Diego,77583.3,EUR
ACC00578,CUST0575,Savings,San Antonio,28480.22,USD
ACC00579,CUST0576,Current,New York,8417.41,GBP
ACC00580,CUST0577,Savings,San Antonio,72194.87,JPY
ACC00581,CUST0578,Fixed Deposit,San Antonio,78515.97,INR
ACC00582,CUST0579,Fixed Deposit,San Antonio,68445.84,GBP
ACC00583,CUST0580,Recurring Deposit,Chicago,99698.02,JPY
ACC00584,CUST0581,Current,Phoenix,60473.42,EUR
ACC00585,CUST0582,Savings,Philadelphia,3314.25,JPY
ACC00586,CUST0583,Fixed Deposit,Philadelphia,20616.37,INR
ACC00587,CUST0584,Recurring Deposit,Los Angeles,41049.41,EUR
ACC00588,CUST0585,Recurring Deposit,New York,27750.03,USD
ACC00589,CUST0586,Recurring Deposit,Phoenix,38961.9,EUR
ACC00590,CUST0587,Recurring Deposit,Chicago,5499.98,EUR
ACC00591,CUST0588,Savings,Philadelphia,86290.74,USD
ACC00592,CUST0589,Fixed Deposit,Phoenix,50700.19,JPY
ACC00593,CUST0590,Fixed Deposit,Chicago,83055.62,USD
ACC00594,CUST0591,Fixed Deposit,New York,75973.09,USD
ACC00595,CUST0592,Fixed Deposit,San Antonio,8004.29,EUR
ACC00596,CUST0593,Savings,Phoenix,46441.4,INR
ACC00597,CUST0594,Recurring Deposit,San Antonio,65129.53,USD
ACC00598,CUST0595,Fixed Deposit,Chicago,67649.78,JPY
ACC00599,CUST0596,Current,Philadelphia,91500.87,EUR
ACC00600,CUST0597,Recurring Deposit,Chicago,67475.58,GBP
ACC00601,CUST0598,Savings,Phoenix,7750.98,INR
ACC00602,CUST0599,Current,Chicago,14318.31,INR
ACC00603,CUST0600,Recurring Deposit,San Antonio,92036.77,EUR
ACC00604,CUST0601,Fixed Deposit,San Antonio,80796.18,EUR
ACC00605,CUST0602,Current,Los Angeles,74522.82,JPY
ACC00606,CUST0603,Fixed Deposit,Philadelphia,32799.67,JPY
ACC00607,CUST0604,Savings,San Antonio,30521.62,JPY
ACC00608,CUST0605,Current,Phoenix,37448.63,JPY
ACC00609,CUST0606,Recurring Deposit,Chicago,34057.0,JPY
ACC00610,CUST0607,Current,Los Angeles,25148.77,USD
ACC00611,CUST0608,Recurring Deposit,Philadelphia,71515.14,USD
ACC00612,CUST0609,Current,Los Angeles,27029.1,USD
ACC00613,CUST0610,Current,Houston,86259.36,GBP
ACC00614,CUST0611,Current,Houston,92842.23,GBP
ACC00615,CUST0612,Fixed Deposit,San Diego,16535.47,GBP
ACC00616,CUST0613,Current,San Diego,18168.63,JPY
ACC00617,CUST0614,Fixed Deposit,Philadelphia,44501.63,EUR
ACC00618,CUST0615,Savings,New York,85749.1,INR
ACC00619,CUST0616,Fixed Deposit,Phoenix,83000.52,INR
ACC00620,CUST0617,Savings,Chicago,33810.0,JPY
ACC00621,CUST0618,Recurring Deposit,Houston,8219.37,EUR
ACC00622,CUST0619,Fixed Deposit,New York,41761.55,INR
ACC00623,CUST0620,Savings,San Antonio,24421.38,INR
ACC00624,CUST0621,Fixed Deposit,New York,60924.04,JPY
ACC00625,CUST0622,Recurring Deposit,San Antonio,61221.49,INR
ACC00626,CUST0623,Recurring Deposit,San Antonio,38298.82,GBP
ACC00627,CUST0624,Current,Phoenix,7799.56,GBP
ACC00628,CUST0625,Savings,Los Angeles,37004.4,GBP
ACC00629,CUST0626,Recurring Deposit,Houston,27210.66,USD
ACC00630,CUST0627,Fixed Deposit,Los Angeles,86257.11,USD
ACC00631,CUST0628,Current,Los Angeles,54970.56,INR
ACC00632,CUST0629,Current,Phoenix,52387.44,JPY
ACC00633,CUST0630,Savings,New York,25392.34,GBP
ACC00634,CUST0631,Savings,Los Angeles,72483.33,USD
ACC00635,CUST0632,Recurring Deposit,Philadelphia,9453.03,INR
ACC00636,CUST0633,Recurring Deposit,Chicago,1311.83,INR
ACC00637,CUST0634,Current,San Diego,72318.51,EUR
ACC00638,CUST0635,Recurring Deposit,Chicago,92313.22,USD
ACC00639,CUST0636,Recurring Deposit,Philadelphia,135.96,JPY
ACC00640,CUST0637,Current,Phoenix,45018.53,JPY
ACC00641,CUST0638,Current,San Antonio,7298.36,INR
ACC00642,CUST0639,Savings,San Diego,72840.68,JPY
ACC00643,CUST0640,Savings,Phoenix,31967.1,USD
ACC00644,CUST0641,Current,Philadelphia,11163.82,GBP
ACC00645,CUST0642,Fixed Deposit,Phoenix,98473.09,USD
ACC00646,CUST0643,Fixed Deposit,New York,9305.75,JPY
ACC00647,CUST0644,Current,Houston,1651.17,EUR
ACC00648,CUST0645,Savings,San Diego,11643.8,JPY
ACC00649,CUST0646,Current,Chicago,10687.03,GBP
ACC00650,CUST0647,Fixed Deposit,Houston,91801.29,EUR
ACC00651,CUST0648,Fixed Deposit,Philadelphia,71409.25,INR
ACC00652,CUST0649,Savings,Chicago,44903.27,INR
ACC00653,CUST0650,Current,New York,41841.53,USD
ACC00654,CUST0651,Fixed Deposit,Houston,934.46,INR
ACC00655,CUST0652,Fixed Deposit,Philadelphia,19903.33,JPY
ACC00656,CUST0653,Fixed Deposit,Phoenix,81621.25,JPY
ACC00657,CUST0654,Recurring Deposit,San Antonio,29115.23,JPY
ACC00658,CUST0655,Current,New York,69526.26,JPY
ACC00659,CUST0656,Fixed Deposit,Houston,64640.05,JPY
ACC00660,CUST0657,Recurring Deposit,Houston,48100.12,USD
ACC00661,CUST0658,Fixed Deposit,Chicago,30208.89,JPY
ACC00662,CUST0659,Savings,Chicago,4698.84,GBP
ACC00663,CUST0660,Recurring Deposit,Houston,69883.5,GBP
ACC00664,CUST0661,Current,Houston,62881.41,GBP
ACC00665,CUST0662,Savings,Los Angeles,85085.47,INR
ACC00666,CUST0663,Fixed Deposit,San Antonio,38446.18,USD
ACC00667,CUST0664,Current,Phoenix,12575.16,USD
ACC00668,CUST0665,Fixed Deposit,San Diego,95534.12,JPY
ACC00669,CUST0666,Recurring Deposit,Chicago,38213.26,GBP
ACC00670,CUST0667,Recurring Deposit,Phoenix,42309.58,INR
ACC00671,CUST0668,Fixed Deposit,San Diego,62109.71,JPY
ACC00672,CUST0669,Current,Philadelphia,15809.16,EUR
ACC00673,CUST0670,Fixed Deposit,San Diego,18960.78,USD
ACC00674,CUST0671,Savings,Los Angeles,65112.47,GBP
ACC00675,CUST0672,Savings,Chicago,44789.69,GBP
ACC00676,CUST0673,Recurring Deposit,Philadelphia,78111.39,JPY
ACC00677,CUST0674,Recurring Deposit,Philadelphia,64297.52,JPY
ACC00678,CUST0675,Current,Los Angeles,1880.98,GBP
ACC00679,CUST0676,Current,New York,29325.15,EUR
ACC00680,CUST0677,Current,Phoenix,89982.98,USD
ACC00681,CUST0678,Fixed Deposit,Phoenix,53674.94,GBP
ACC00682,CUST0679,Recurring Deposit,Houston,56198.9,EUR
ACC00683,CUST0680,Recurring Deposit,Los Angeles,70640.35,GBP
ACC00684,CUST0681,Recurring Deposit,New York,40989.5,INR
ACC00685,CUST0682,Savings,New York,4855.92,USD
ACC00686,CUST0683,Recurring Deposit,Philadelphia,46281.49,USD
ACC00687,CUST0684,Savings,Houston,20107.1,GBP
ACC00688,CUST0685,Recurring Deposit,Phoenix,69469.93,JPY
ACC00689,CUST0319,Recurring Deposit,San Antonio,66648.44,GBP
ACC00690,CUST0686,Current,Phoenix,61488.6,INR
ACC00691,CUST0687,Recurring Deposit,New York,41098.28,INR
ACC00692,CUST0688,Recurring Deposit,Phoenix,81473.52,EUR
ACC00693,CUST0689,Current,Los Angeles,75530.24,GBP
ACC00694,CUST0690,Recurring Deposit,New York,35365.75,INR
ACC00695,CUST0691,Current,San Diego,22475.46,JPY
ACC00696,CUST0692,Recurring Deposit,Houston,84952.98,EUR
ACC00697,CUST0693,Fixed Deposit,Los Angeles,64145.92,INR
ACC00698,CUST0694,Current,New York,77238.27,USD
ACC00699,CUST0695,Savings,New York,46008.38,INR
ACC00700,CUST0696,Recurring Deposit,Philadelphia,36318.76,USD
ACC00701,CUST0697,Savings,Chicago,65240.37,JPY
ACC00702,CUST0698,Recurring Deposit,Chicago,43869.44,JPY
ACC00703,CUST0699,Fixed Deposit,Chicago,26919.68,INR
ACC00704,CUST0700,Savings,Los Angeles,3410.09,GBP
ACC00705,CUST0701,Recurring Deposit,Philadelphia,15802.24,JPY
ACC00706,CUST0702,Savings,New York,57191.53,INR
ACC00707,CUST0703,Fixed Deposit,Philadelphia,72038.0,JPY
ACC00708,CUST0704,Savings,Chicago,92584.37,JPY
ACC00709,CUST0705,Current,New York,97680.74,USD
ACC00710,CUST0706,Fixed Deposit,Los Angeles,93718.82,USD
ACC00711,CUST0707,Recurring Deposit,Philadelphia,1268.74,GBP
ACC00712,CUST0708,Current,San Diego,40708.55,JPY
ACC00713,CUST0709,Savings,Los Angeles,51281.22,USD
ACC00714,CUST0710,Fixed Deposit,Houston,61009.21,JPY
ACC00715,CUST0711,Savings,San Diego,83390.15,USD
ACC00716,CUST0712,Recurring Deposit,San Antonio,8797.68,GBP
ACC00717,CUST0713,Recurring Deposit,San Antonio,99518.61,JPY
ACC00718,CUST0714,Current,Los Angeles,95688.52,INR
ACC00719,CUST0715,Savings,Philadelphia,29188.7,GBP
ACC00720,CUST0716,Recurring Deposit,New York,75955.56,USD
ACC00721,CUST0717,Savings,San Antonio,57829.24,JPY
ACC00722,CUST0718,Recurring Deposit,Phoenix,18146.04,EUR
ACC00723,CUST0719,Recurring Deposit,San Antonio,11230.57,EUR
ACC00724,CUST0720,Savings,San Antonio,30767.11,GBP
ACC00725,CUST0721,Fixed Deposit,New York,22375.96,INR
ACC00726,CUST0722,Current,Philadelphia,84159.68,USD
ACC00727,CUST0723,Savings,Philadelphia,34472.01,INR
ACC00728,CUST0724,Savings,Philadelphia,37354.86,EUR
ACC00729,CUST0725,Savings,Houston,32716.7,GBP
ACC00730,CUST0726,Current,Phoenix,83088.42,JPY
ACC00731,CUST0727,Recurring Deposit,San Antonio,26534.73,JPY
ACC00732,CUST0728,Fixed Deposit,San Diego,18374.49,INR
ACC00733,CUST0729,Savings,Philadelphia,85805.68,GBP
ACC00734,CUST0730,Savings,Philadelphia,13850.47,INR
ACC00735,CUST0731,Recurring Deposit,New York,96808.03,JPY
ACC00736,CUST0732,Current,Phoenix,41236.94,GBP
ACC00737,CUST0733,Savings,Los Angeles,86864.49,EUR
ACC00738,CUST0734,Savings,San Diego,93792.51,USD
ACC00739,CUST0735,Savings,San Diego,29506.64,INR
ACC00740,CUST0736,Current,Houston,44591.07,GBP
ACC00741,CUST0737,Fixed Deposit,Philadelphia,67056.62,GBP
ACC00742,CUST0738,Fixed Deposit,Los Angeles,53703.95,EUR
ACC00743,CUST0464,Fixed Deposit,Chicago,48013.99,USD
ACC00744,CUST0739,Current,Chicago,69564.99,INR
ACC00745,CUST0740,Current,Chicago,50572.61,USD
ACC00746,CUST0741,Fixed Deposit,San Diego,20141.57,USD
ACC00747,CUST0742,Recurring Deposit,San Antonio,2074.2,INR
ACC00748,CUST0743,Fixed Deposit,Philadelphia,88727.04,USD
ACC00749,CUST0744,Recurring Deposit,Los Angeles,61906.34,USD
ACC00750,CUST0745,Savings,Los Angeles,97085.59,INR
ACC00751,CUST0746,Recurring Deposit,San Diego,24384.1,USD
ACC00752,CUST0747,Recurring Deposit,New York,72330.25,GBP
ACC00753,CUST0748,Current,New York,74271.67,EUR
ACC00754,CUST0749,Recurring Deposit,San Diego,22775.61,EUR
ACC00755,CUST0750,Recurring Deposit,New York,90833.78,INR
ACC00756,CUST0751,Fixed Deposit,San Diego,81154.5,USD
ACC00757,CUST0752,Savings,San Antonio,56167.29,INR
ACC00758,CUST0753,Recurring Deposit,San Antonio,23615.62,INR
ACC00759,CUST0754,Savings,Houston,13820.43,EUR
ACC00760,CUST0755,Savings,Phoenix,23123.25,INR
ACC00761,CUST0756,Savings,Philadelphia,51126.06,USD
ACC00762,CUST0757,Fixed Deposit,New York,9302.76,USD
ACC00763,CUST0758,Recurring Deposit,Phoenix,12193.09,USD
ACC00764,CUST0759,Savings,Los Angeles,92230.28,EUR
ACC00765,CUST0760,Recurring Deposit,New York,44932.84,EUR
ACC00766,CUST0761,Current,San Diego,63227.04,EUR
ACC00767,CUST0762,Fixed Deposit,Los Angeles,22787.08,JPY
ACC00768,CUST0763,Savings,San Antonio,70737.34,INR
ACC00769,CUST0764,Fixed Deposit,San Antonio,4281.07,INR
ACC00770,CUST0765,Fixed Deposit,Philadelphia,58170.41,INR
ACC00771,CUST0766,Savings,San Antonio,40298.49,GBP
ACC00772,CUST0767,Current,New York,67560.38,USD
ACC00773,CUST0768,Savings,San Antonio,36527.21,USD
ACC00774,CUST0769,Fixed Deposit,San Diego,86689.76,USD
ACC00775,CUST0394,Fixed Deposit,Phoenix,11728.11,INR
ACC00776,CUST0770,Savings,Phoenix,59930.1,GBP
ACC00777,CUST0771,Current,Los Angeles,837.52,GBP
ACC00778,CUST0772,Savings,New York,24772.25,INR
ACC00779,CUST0773,Current,San Diego,4844.14,GBP
ACC00780,CUST0774,Savings,Los Angeles,25209.47,JPY
ACC00781,CUST0775,Current,San Diego,57534.08,INR
ACC00782,CUST0776,Savings,Chicago,53657.11,INR
ACC00783,CUST0777,Recurring Deposit,Philadelphia,85374.15,INR
ACC00784,CUST0778,Savings,San Diego,57612.38,EUR
ACC00785,CUST0779,Recurring Deposit,Los Angeles,6349.67,EUR
ACC00786,CUST0780,Fixed Deposit,Phoenix,28623.89,USD
ACC00787,CUST0781,Current,Chicago,58073.9,GBP
ACC00788,CUST0782,Current,New York,64479.44,JPY
ACC00789,CUST0783,Fixed Deposit,Los Angeles,93182.52,INR
ACC00790,CUST0784,Savings,Philadelphia,69319.7,USD
ACC00791,CUST0785,Savings,San Diego,88305.73,GBP
ACC00792,CUST0786,Recurring Deposit,New York,72035.77,INR
ACC00793,CUST0787,Savings,Phoenix,76500.67,INR
ACC00794,CUST0788,Current,Chicago,71401.28,USD
ACC00795,CUST0789,Current,Chicago,38319.4,EUR
ACC00796,CUST0790,Recurring Deposit,Phoenix,38245.43,EUR
ACC00797,CUST0791,Fixed Deposit,Philadelphia,10201.59,GBP
ACC00798,CUST0792,Recurring Deposit,San Antonio,34045.56,EUR
ACC00799,CUST0793,Fixed Deposit,New York,89785.83,INR
ACC00800,CUST0794,Fixed Deposit,San Antonio,30937.93,JPY
ACC00801,CUST0795,Current,San Antonio,20218.32,INR
ACC00802,CUST0796,Fixed Deposit,New York,48372.63,INR
ACC00803,CUST0797,Savings,New York,28044.73,GBP
ACC00804,CUST0798,Fixed Deposit,New York,60439.28,INR
ACC00805,CUST0799,Savings,New York,95650.52,USD
ACC00806,CUST0800,Recurring Deposit,Houston,25526.88,EUR
ACC00807,CUST0801,Fixed Deposit,Houston,7620.78,EUR
ACC00808,CUST0802,Current,Phoenix,40843.62,INR
ACC00809,CUST0803,Current,Phoenix,31458.53,GBP
ACC00810,CUST0804,Fixed Deposit,New York,9520.79,GBP
ACC00811,CUST0805,Savings,Los Angeles,47239.7,JPY
ACC00812,CUST0806,Fixed Deposit,New York,32696.34,JPY
ACC00813,CUST0807,Recurring Deposit,San Antonio,96314.22,JPY
ACC00814,CUST0808,Savings,Los Angeles,44603.13,JPY
ACC00815,CUST0809,Current,Phoenix,37083.52,USD
ACC00816,CUST0810,Recurring Deposit,Phoenix,23928.82,INR
ACC00817,CUST0811,Savings,Chicago,80206.17,EUR
ACC00818,CUST0812,Savings,San Diego,77482.17,USD
ACC00819,CUST0813,Savings,San Diego,44818.19,GBP
ACC00820,CUST0814,Recurring Deposit,San Antonio,21634.69,USD
ACC00821,CUST0815,Savings,Los Angeles,77160.5,GBP
ACC00822,CUST0816,Savings,San Antonio,44131.23,INR
ACC00823,CUST0817,Current,Philadelphia,86432.29,INR
ACC00824,CUST0818,Recurring Deposit,Chicago,52767.62,USD
ACC00825,CUST0819,Recurring Deposit,San Antonio,35336.06,INR
ACC00826,CUST0820,Fixed Deposit,Phoenix,6669.93,JPY
ACC00827,CUST0821,Current,Los Angeles,69097.38,JPY
ACC00828,CUST0822,Current,Houston,28926.79,JPY
ACC00829,CUST0823,Current,Houston,77213.25,EUR
ACC00830,CUST0824,Fixed Deposit,New York,17419.95,EUR
ACC00831,CUST0825,Current,Phoenix,18122.34,USD
ACC00832,CUST0826,Current,Houston,23305.46,GBP
ACC00833,CUST0827,Recurring Deposit,Philadelphia,48961.06,USD
ACC00834,CUST0828,Recurring Deposit,New York,17742.31,GBP
ACC00835,CUST0829,Recurring Deposit,Phoenix,95859.41,INR
ACC00836,CUST0830,Fixed Deposit,Houston,35960.48,JPY
ACC00837,CUST0831,Recurring Deposit,Los Angeles,36200.53,EUR
ACC00838,CUST0832,Savings,Houston,38957.0,JPY
ACC00839,CUST0833,Savings,Philadelphia,16732.89,INR
ACC00840,CUST0834,Savings,Los Angeles,75718.66,USD
ACC00841,CUST0835,Current,San Antonio,2092.11,JPY
ACC00842,CUST0836,Current,Houston,64445.28,USD
ACC00843,CUST0837,Savings,San Diego,34728.12,USD
ACC00844,CUST0838,Fixed Deposit,Houston,6482.23,INR
ACC00845,CUST0839,Savings,Los Angeles,70955.94,INR
ACC00846,CUST0840,Current,Los Angeles,95977.49,JPY
ACC00847,CUST0841,Savings,San Antonio,39126.98,EUR
ACC00848,CUST0842,Recurring Deposit,New York,64357.06,JPY
ACC00849,CUST0843,Current,Philadelphia,21429.7,GBP
ACC00850,CUST0844,Recurring Deposit,Chicago,28256.07,INR
ACC00851,CUST0845,Recurring Deposit,Houston,81402.89,USD
ACC00852,CUST0846,Fixed Deposit,San Diego,56954.0,JPY
ACC00853,CUST0847,Fixed Deposit,Phoenix,94987.52,EUR
ACC00854,CUST0848,Fixed Deposit,Philadelphia,45918.9,INR
ACC00855,CUST0849,Recurring Deposit,San Diego,73807.71,USD
ACC00856,CUST0850,Recurring Deposit,Los Angeles,62243.73,JPY
ACC00857,CUST0851,Current,Houston,27341.68,JPY
ACC00858,CUST0852,Savings,San Antonio,27457.3,JPY
ACC00859,CUST0853,Savings,Chicago,19148.66,GBP
ACC00860,CUST0854,Recurring Deposit,Houston,96989.03,EUR
ACC00861,CUST0855,Recurring Deposit,Phoenix,10452.45,INR
ACC00862,CUST0856,Savings,Houston,32656.51,JPY
ACC00863,CUST0857,Current,Philadelphia,36405.44,JPY
ACC00864,CUST0858,Fixed Deposit,New York,82437.62,GBP
ACC00865,CUST0859,Fixed Deposit,Philadelphia,37782.31,JPY
ACC00866,CUST0860,Savings,Philadelphia,94167.32,USD
ACC00867,CUST0861,Current,Houston,71223.38,GBP
ACC00868,CUST0862,Savings,San Antonio,23179.19,GBP
ACC00869,CUST0863,Recurring Deposit,New York,76215.63,GBP
ACC00870,CUST0864,Fixed Deposit,Philadelphia,85040.76,INR
ACC00871,CUST0865,Fixed Deposit,Philadelphia,19351.15,INR
ACC00872,CUST0866,Current,Phoenix,78280.15,EUR
ACC00873,CUST0867,Fixed Deposit,San Diego,52994.99,JPY
ACC00874,CUST0868,Current,Philadelphia,57142.16,JPY
ACC00875,CUST0869,Current,Phoenix,16607.48,INR
ACC00876,CUST0870,Recurring Deposit,Phoenix,96833.99,JPY
ACC00877,CUST0871,Current,Phoenix,40839.36,GBP
ACC00878,CUST0872,Fixed Deposit,Los Angeles,13071.72,USD
ACC00879,CUST0873,Current,Chicago,85297.71,INR
ACC00880,CUST0874,Recurring Deposit,Houston,47576.63,GBP
ACC00881,CUST0875,Recurring Deposit,Philadelphia,20892.35,USD
ACC00882,CUST0876,Fixed Deposit,Chicago,4668.59,GBP
ACC00883,CUST0877,Savings,Chicago,25071.12,GBP
ACC00884,CUST0878,Fixed Deposit,New York,10357.75,EUR
ACC00885,CUST0879,Fixed Deposit,New York,66526.07,EUR
ACC00886,CUST0880,Fixed Deposit,Chicago,7811.51,USD
ACC00887,CUST0881,Current,Phoenix,80943.7,GBP
ACC00888,CUST0882,Fixed Deposit,San Antonio,96161.6,EUR
ACC00889,CUST0883,Current,Philadelphia,74957.47,USD
ACC00890,CUST0884,Fixed Deposit,San Diego,40288.95,EUR
ACC00891,CUST0885,Fixed Deposit,Los Angeles,5348.97,USD
ACC00892,CUST0886,Fixed Deposit,Chicago,49408.21,EUR
ACC00893,CUST0887,Fixed Deposit,New York,15454.25,GBP
ACC00894,CUST0888,Savings,Los Angeles,59483.91,JPY
ACC00895,CUST0889,Fixed Deposit,Phoenix,31432.06,USD
ACC00896,CUST0890,Fixed Deposit,Chicago,90951.48,USD
ACC00897,CUST0891,Savings,Philadelphia,85662.95,EUR
ACC00898,CUST0892,Fixed Deposit,Houston,93174.26,USD
ACC00899,CUST0893,Current,Los Angeles,22566.39,EUR
ACC00900,CUST0894,Fixed Deposit,Chicago,74399.02,GBP
ACC00901,CUST0895,Current,Houston,55397.19,INR
ACC00902,CUST0896,Current,San Antonio,99917.98,USD
ACC00903,CUST0897,Fixed Deposit,Chicago,61941.67,EUR
ACC00904,CUST0898,Recurring Deposit,Philadelphia,664.79,JPY
ACC00905,CUST0899,Savings,Philadelphia,95541.53,INR
ACC00906,CUST0900,Current,Chicago,45746.43,USD
ACC00907,CUST0901,Savings,New York,74856.36,GBP
ACC00908,CUST0902,Current,San Diego,24942.52,GBP
ACC00909,CUST0903,Savings,Houston,52596.69,USD
ACC00910,CUST0904,Savings,Phoenix,58825.0,INR
ACC00911,CUST0905,Savings,Houston,77775.69,EUR
ACC00912,CUST0906,Current,Houston,14919.7,JPY
ACC00913,CUST0907,Fixed Deposit,Phoenix,62483.76,INR
ACC00914,CUST0908,Fixed Deposit,Phoenix,4426.2,EUR
ACC00915,CUST0909,Fixed Deposit,San Diego,39541.14,JPY
ACC00916,CUST0910,Savings,San Antonio,74490.82,USD
ACC00917,CUST0911,Current,New York,5929.26,INR
ACC00918,CUST0912,Recurring Deposit,New York,13675.56,EUR
ACC00919,CUST0913,Current,Chicago,74174.85,JPY
ACC00920,CUST0914,Fixed Deposit,San Antonio,49140.53,GBP
ACC00921,CUST0915,Fixed Deposit,Chicago,75576.21,INR
ACC00922,CUST0916,Recurring Deposit,Phoenix,73218.58,USD
ACC00923,CUST0917,Fixed Deposit,Phoenix,31192.59,GBP
ACC00924,CUST0918,Current,Chicago,22150.56,USD
ACC00925,CUST0919,Fixed Deposit,Philadelphia,77589.56,INR
ACC00926,CUST0920,Current,Phoenix,93710.59,EUR
ACC00927,CUST0921,Savings,New York,83592.09,USD
ACC00928,CUST0922,Fixed Deposit,Los Angeles,13284.69,GBP
ACC00929,CUST0923,Savings,Houston,40279.65,INR
ACC00930,CUST0924,Current,New York,14123.51,EUR
ACC00931,CUST0925,Recurring Deposit,Philadelphia,52789.21,GBP
ACC00932,CUST0926,Savings,San Diego,92363.8,GBP
ACC00933,CUST0811,Current,Chicago,44305.63,EUR
ACC00934,CUST0927,Fixed Deposit,Phoenix,46358.28,INR
ACC00935,CUST0928,Current,New York,96410.59,JPY
ACC00936,CUST0929,Recurring Deposit,Philadelphia,10284.31,USD
ACC00937,CUST0930,Fixed Deposit,New York,48111.34,USD
ACC00938,CUST0931,Savings,San Diego,8436.34,JPY
ACC00939,CUST0932,Current,Philadelphia,26410.38,JPY
ACC00940,CUST0933,Savings,Phoenix,76121.46,USD
ACC00941,CUST0934,Fixed Deposit,Phoenix,53403.27,USD
ACC00942,CUST0935,Recurring Deposit,Phoenix,51865.56,GBP
ACC00943,CUST0936,Fixed Deposit,Chicago,78981.46,INR
ACC00944,CUST0937,Recurring Deposit,Chicago,25831.33,USD
ACC00945,CUST0938,Fixed Deposit,Philadelphia,78575.61,USD
ACC00946,CUST0939,Recurring Deposit,Los Angeles,86890.9,JPY
ACC00947,CUST0940,Savings,San Antonio,84520.26,USD
ACC00948,CUST0941,Recurring Deposit,New York,82075.52,GBP
ACC00949,CUST0942,Recurring Deposit,Phoenix,63299.25,GBP
ACC00950,CUST0943,Fixed Deposit,Los Angeles,94435.24,JPY
ACC00951,CUST0944,Fixed Deposit,San Antonio,36352.14,EUR
ACC00952,CUST0945,Current,Houston,21883.54,EUR
ACC00953,CUST0946,Savings,Los Angeles,42745.99,JPY
ACC00954,CUST0947,Current,San Antonio,90387.53,USD
ACC00955,CUST0948,Savings,New York,7255.38,USD
ACC00956,CUST0949,Fixed Deposit,Chicago,24789.96,GBP
ACC00957,CUST0950,Savings,San Diego,89353.4,INR
ACC00958,CUST0951,Savings,Los Angeles,43420.09,GBP
ACC00959,CUST0952,Recurring Deposit,New York,6454.51,EUR
ACC00960,CUST0953,Fixed Deposit,Los Angeles,28026.76,EUR
ACC00961,CUST0954,Savings,Phoenix,54173.23,EUR
ACC00962,CUST0955,Recurring Deposit,Philadelphia,45660.95,INR
ACC00963,CUST0956,Current,New York,60472.75,JPY
ACC00964,CUST0957,Savings,Los Angeles,23816.96,EUR
ACC00965,CUST0958,Savings,Houston,43988.21,USD
ACC00966,CUST0959,Fixed Deposit,New York,79163.8,EUR
ACC00967,CUST0960,Savings,Houston,35481.96,EUR
ACC00968,CUST0961,Recurring Deposit,San Diego,23248.36,JPY
ACC00969,CUST0962,Recurring Deposit,Chicago,25464.89,JPY
ACC00970,CUST0963,Current,Philadelphia,23245.6,JPY
ACC00971,CUST0964,Fixed Deposit,Phoenix,2160.83,EUR
ACC00972,CUST0965,Fixed Deposit,Houston,59385.68,INR
ACC00973,CUST0966,Recurring Deposit,San Antonio,40785.63,JPY
ACC00974,CUST0967,Savings,San Antonio,52917.19,EUR
ACC00975,CUST0968,Current,Chicago,7944.11,USD
ACC00976,CUST0969,Fixed Deposit,Philadelphia,22815.74,EUR
ACC00977,CUST0970,Recurring Deposit,Houston,91994.24,JPY
ACC00978,CUST0971,Recurring Deposit,San Diego,96465.63,INR
ACC00979,CUST0972,Savings,New York,34259.93,GBP
ACC00980,CUST0973,Savings,New York,9996.41,GBP
ACC00981,CUST0974,Savings,Houston,62027.11,GBP
ACC00982,CUST0975,Current,Los Angeles,2926.38,JPY
ACC00983,CUST0976,Fixed Deposit,New York,91259.05,USD
ACC00984,CUST0977,Savings,Phoenix,78398.57,JPY
ACC00985,CUST0978,Savings,San Diego,31699.92,USD
ACC00986,CUST0979,Recurring Deposit,Philadelphia,31317.24,EUR
ACC00987,CUST0980,Savings,San Antonio,89122.01,JPY
ACC00988,CUST0981,Fixed Deposit,Los Angeles,31374.63,INR
ACC00989,CUST0982,Recurring Deposit,San Antonio,30799.46,JPY
ACC00990,CUST0983,Recurring Deposit,San Diego,35789.88,JPY
ACC00991,CUST0984,Current,Los Angeles,78602.56,INR
ACC00992,CUST0985,Recurring Deposit,Chicago,83190.63,USD
ACC00993,CUST0986,Savings,New York,51857.82,GBP
ACC00994,CUST0987,Fixed Deposit,Los Angeles,46079.38,EUR
ACC00995,CUST0988,Current,New York,70461.7,JPY
ACC00996,CUST0989,Recurring Deposit,Houston,21854.26,INR
ACC00997,CUST0990,Recurring Deposit,San Antonio,8000.44,EUR
ACC00998,CUST0991,Fixed Deposit,Philadelphia,58425.73,EUR
ACC00999,CUST0992,Savings,Philadelphia,67366.02,GBP
ACC01000,CUST0993,Fixed Deposit,San Diego,37277.34,GBP
ACC01001,CUST0994,Current,New York,66416.33,USD
ACC01002,CUST0995,Current,New York,17972.34,JPY
ACC01003,CUST0996,Current,Philadelphia,50424.42,EUR
ACC01004,CUST0997,Recurring Deposit,Los Angeles,8038.29,EUR
ACC01005,CUST0998,Current,San Antonio,91922.77,INR
ACC01006,CUST0999,Current,San Diego,64981.12,EUR
ACC01007,CUST1000,Savings,San Diego,66309.48,EUR
ACC01008,CUST1001,Savings,San Diego,96246.6,INR
ACC01009,CUST1002,Recurring Deposit,Chicago,3437.38,INR
ACC01010,CUST1003,Savings,San Diego,46642.83,EUR
ACC01011,CUST1004,Fixed Deposit,San Antonio,76802.39,USD
ACC01012,CUST1005,Current,Los Angeles,35277.64,USD
ACC01013,CUST1006,Fixed Deposit,Houston,65546.95,EUR
ACC01014,CUST1007,Fixed Deposit,Philadelphia,14910.19,JPY
ACC01015,CUST1008,Recurring Deposit,Houston,55015.13,JPY
ACC01016,CUST1009,Recurring Deposit,Philadelphia,85034.44,JPY
ACC01017,CUST1010,Recurring Deposit,Los Angeles,89550.24,EUR
ACC01018,CUST1011,Savings,Philadelphia,73852.62,USD
ACC01019,CUST1012,Fixed Deposit,New York,71864.39,GBP
ACC01020,CUST1013,Fixed Deposit,Houston,58289.48,JPY
ACC01021,CUST1014,Fixed Deposit,New York,40355.37,GBP
ACC01022,CUST1015,Recurring Deposit,Chicago,87183.44,GBP
ACC01023,CUST1016,Recurring Deposit,Los Angeles,72294.49,INR
ACC01024,CUST1017,Recurring Deposit,Chicago,93917.75,GBP
ACC01025,CUST1018,Recurring Deposit,Houston,27074.92,INR
ACC01026,CUST1019,Current,Philadelphia,64607.42,USD
ACC01027,CUST1020,Fixed Deposit,Los Angeles,4329.84,INR
ACC01028,CUST1021,Current,San Antonio,58064.57,JPY
ACC01029,CUST1022,Savings,Chicago,70280.69,USD
ACC01030,CUST1023,Savings,Phoenix,84882.4,USD
ACC01031,CUST1024,Fixed Deposit,San Diego,25835.55,USD
ACC01032,CUST1025,Savings,New York,40852.6,GBP
ACC01033,CUST0345,Savings,San Antonio,62817.95,GBP
ACC01034,CUST1026,Fixed Deposit,Phoenix,24916.53,EUR
ACC01035,CUST1027,Recurring Deposit,San Antonio,94397.88,EUR
ACC01036,CUST1028,Fixed Deposit,San Diego,62598.9,EUR
ACC01037,CUST1029,Savings,New York,31129.57,USD
ACC01038,CUST1030,Savings,Phoenix,40571.22,GBP
ACC01039,CUST1031,Fixed Deposit,San Diego,43346.06,JPY
ACC01040,CUST1032,Fixed Deposit,Chicago,64578.79,INR
ACC01041,CUST1029,Fixed Deposit,Los Angeles,74893.21,EUR
ACC01042,CUST1033,Current,New York,74133.31,EUR
ACC01043,CUST1034,Fixed Deposit,San Diego,62426.25,USD
ACC01044,CUST1035,Current,San Diego,80976.55,JPY
ACC01045,CUST1036,Fixed Deposit,Los Angeles,90627.82,INR
ACC01046,CUST1037,Recurring Deposit,Philadelphia,55641.98,EUR
ACC01047,CUST1038,Current,Philadelphia,98810.75,INR
ACC01048,CUST1039,Current,Los Angeles,97083.27,USD
ACC01049,CUST1040,Savings,San Diego,84042.53,INR
ACC01050,CUST1041,Savings,Chicago,97470.56,INR
ACC01051,CUST1042,Savings,San Diego,77399.37,EUR
ACC01052,CUST1043,Fixed Deposit,San Diego,55046.41,INR
ACC01053,CUST1044,Fixed Deposit,Houston,70717.03,GBP
ACC01054,CUST1045,Fixed Deposit,New York,26261.1,JPY
ACC01055,CUST1046,Fixed Deposit,San Antonio,66403.51,GBP
ACC01056,CUST1047,Current,Philadelphia,44110.11,INR
ACC01057,CUST1048,Current,New York,29172.58,INR
ACC01058,CUST1049,Fixed Deposit,Los Angeles,6800.82,GBP
ACC01059,CUST1050,Savings,Chicago,42172.29,USD
ACC01060,CUST1051,Recurring Deposit,Los Angeles,25746.4,GBP
ACC01061,CUST1052,Recurring Deposit,Phoenix,53206.89,INR
ACC01062,CUST1053,Fixed Deposit,Houston,42842.94,INR
ACC01063,CUST1054,Savings,San Diego,56975.04,USD
ACC01064,CUST1055,Recurring Deposit,San Diego,63782.08,JPY
ACC01065,CUST1056,Fixed Deposit,Los Angeles,7500.85,USD
ACC01066,CUST1057,Fixed Deposit,San Antonio,45316.76,JPY
ACC01067,CUST1058,Fixed Deposit,New York,23288.98,GBP
ACC01068,CUST1059,Current,Houston,2722.9,JPY
ACC01069,CUST1060,Fixed Deposit,Houston,81595.75,INR
ACC01070,CUST1061,Savings,Chicago,78906.61,JPY
ACC01071,CUST1062,Current,San Antonio,11859.59,USD
ACC01072,CUST1063,Savings,San Diego,75228.06,EUR
ACC01073,CUST1064,Current,Philadelphia,36164.56,INR
ACC01074,CUST0855,Fixed Deposit,Phoenix,58716.05,USD
ACC01075,CUST1065,Recurring Deposit,Philadelphia,38480.77,INR
ACC01076,CUST1066,Current,Philadelphia,71567.52,JPY
ACC01077,CUST1067,Current,Philadelphia,4980.91,JPY
ACC01078,CUST1068,Savings,New York,52181.35,USD
ACC01079,CUST1069,Recurring Deposit,Phoenix,17309.92,GBP
ACC01080,CUST1070,Recurring Deposit,New York,62664.48,JPY
ACC01081,CUST1071,Savings,Chicago,95637.21,USD
ACC01082,CUST1072,Fixed Deposit,Phoenix,13537.91,USD
ACC01083,CUST1073,Fixed Deposit,New York,42511.07,GBP
ACC01084,CUST1074,Recurring Deposit,New York,87451.66,INR
ACC01085,CUST1075,Fixed Deposit,Phoenix,22187.73,INR
ACC01086,CUST1076,Fixed Deposit,Houston,87870.36,GBP
ACC01087,CUST1077,Current,Houston,23366.4,EUR
ACC01088,CUST1078,Current,San Diego,51085.87,JPY
ACC01089,CUST1079,Fixed Deposit,New York,58060.77,INR
ACC01090,CUST1080,Recurring Deposit,San Antonio,79630.17,INR
ACC01091,CUST1081,Fixed Deposit,Philadelphia,36093.24,GBP
ACC01092,CUST1082,Recurring Deposit,San Antonio,96482.41,USD
ACC01093,CUST1083,Savings,Phoenix,55284.33,INR
ACC01094,CUST1084,Savings,San Diego,24741.31,GBP
ACC01095,CUST1085,Recurring Deposit,New York,32187.72,USD
ACC01096,CUST1086,Current,Houston,67125.91,USD
ACC01097,CUST1087,Current,New York,76607.79,EUR
ACC01098,CUST1088,Current,San Antonio,91078.72,GBP
ACC01099,CUST1089,Current,Houston,51303.92,INR
ACC01100,CUST1090,Current,Houston,19327.96,USD
ACC01101,CUST1091,Recurring Deposit,Chicago,6392.61,INR
ACC01102,CUST1092,Recurring Deposit,San Diego,32911.93,JPY
ACC01103,CUST1093,Recurring Deposit,Phoenix,61279.62,USD
ACC01104,CUST1094,Current,Chicago,34646.55,INR
ACC01105,CUST1095,Fixed Deposit,Phoenix,55322.85,USD
ACC01106,CUST1096,Fixed Deposit,Houston,11400.66,JPY
ACC01107,CUST1097,Fixed Deposit,Chicago,86210.66,EUR
ACC01108,CUST1098,Savings,Los Angeles,64802.72,EUR
ACC01109,CUST1099,Current,Los Angeles,79174.36,GBP
ACC01110,CUST1100,Fixed Deposit,New York,43604.27,USD
ACC01111,CUST1101,Fixed Deposit,Chicago,38858.53,EUR
ACC01112,CUST1102,Current,Philadelphia,24627.02,JPY
ACC01113,CUST1103,Fixed Deposit,Los Angeles,5073.03,EUR
ACC01114,CUST1104,Current,San Diego,48958.03,GBP
ACC01115,CUST1105,Recurring Deposit,Los Angeles,89065.17,JPY
ACC01116,CUST1106,Savings,Philadelphia,51769.48,JPY
ACC01117,CUST1107,Fixed Deposit,Houston,36075.75,USD
ACC01118,CUST1108,Savings,Chicago,37836.08,EUR
ACC01119,CUST1109,Current,San Antonio,98217.17,GBP
ACC01120,CUST1110,Current,Houston,68469.78,INR
ACC01121,CUST1111,Savings,New York,27201.66,GBP
ACC01122,CUST1112,Fixed Deposit,San Diego,55874.59,USD
ACC01123,CUST1113,Fixed Deposit,Phoenix,67744.23,USD
ACC01124,CUST1114,Fixed Deposit,New York,38432.7,JPY
ACC01125,CUST1115,Recurring Deposit,San Diego,44971.38,USD
ACC01126,CUST1116,Recurring Deposit,Houston,62943.96,USD
ACC01127,CUST1117,Current,San Antonio,39849.01,EUR
ACC01128,CUST1118,Current,Phoenix,48974.1,USD
ACC01129,CUST1119,Recurring Deposit,Los Angeles,24985.26,INR
ACC01130,CUST1120,Current,Philadelphia,68044.86,JPY
ACC01131,CUST1121,Savings,Houston,61169.36,GBP
ACC01132,CUST1122,Fixed Deposit,Chicago,95947.56,JPY
ACC01133,CUST1123,Fixed Deposit,Philadelphia,41948.3,JPY
ACC01134,CUST1124,Recurring Deposit,Los Angeles,14172.54,INR
ACC01135,CUST1125,Fixed Deposit,Chicago,28904.93,USD
ACC01136,CUST1126,Recurring Deposit,Chicago,73860.32,EUR
ACC01137,CUST1127,Fixed Deposit,San Antonio,75293.02,EUR
ACC01138,CUST1128,Savings,Los Angeles,17954.03,INR
ACC01139,CUST1129,Recurring Deposit,Los Angeles,98560.78,USD
ACC01140,CUST1130,Recurring Deposit,Los Angeles,73081.23,JPY
ACC01141,CUST1131,Fixed Deposit,Los Angeles,62301.38,EUR
ACC01142,CUST1132,Savings,Chicago,42005.75,EUR
ACC01143,CUST1133,Recurring Deposit,Philadelphia,96246.78,JPY
ACC01144,CUST1134,Savings,Chicago,20019.09,JPY
ACC01145,CUST1135,Fixed Deposit,New York,28876.04,EUR
ACC01146,CUST1136,Current,Houston,19867.38,INR
ACC01147,CUST1137,Fixed Deposit,San Diego,35827.25,JPY
ACC01148,CUST1138,Current,Houston,64614.23,INR
ACC01149,CUST1139,Savings,Chicago,53899.31,EUR
ACC01150,CUST1140,Fixed Deposit,San Diego,2128.99,EUR
ACC01151,CUST1141,Current,Phoenix,20652.68,INR
ACC01152,CUST1142,Recurring Deposit,Los Angeles,89902.48,INR
ACC01153,CUST1143,Fixed Deposit,Chicago,23750.5,GBP
ACC01154,CUST1144,Recurring Deposit,Houston,88999.25,EUR
ACC01155,CUST1145,Savings,San Antonio,45532.36,INR
ACC01156,CUST1146,Fixed Deposit,Los Angeles,20999.8,INR
ACC01157,CUST1147,Recurring Deposit,San Diego,41383.79,EUR
ACC01158,CUST1148,Current,Houston,71482.2,INR
ACC01159,CUST1149,Current,Phoenix,89190.17,USD
ACC01160,CUST1150,Savings,San Antonio,81422.7,EUR
ACC01161,CUST1151,Savings,Chicago,96704.51,EUR
ACC01162,CUST1152,Recurring Deposit,San Diego,50144.64,JPY
ACC01163,CUST1153,Current,San Diego,7291.91,INR
ACC01164,CUST1154,Savings,New York,3528.64,GBP
ACC01165,CUST1155,Current,Phoenix,81209.05,USD
ACC01166,CUST1156,Recurring Deposit,Los Angeles,2965.29,JPY
ACC01167,CUST1157,Fixed Deposit,Houston,16798.67,JPY
ACC01168,CUST1158,Fixed Deposit,San Diego,81136.61,EUR
ACC01169,CUST1159,Recurring Deposit,Los Angeles,36260.39,JPY
ACC01170,CUST1160,Fixed Deposit,Philadelphia,63672.85,USD
ACC01171,CUST1161,Current,Philadelphia,17455.94,EUR
ACC01172,CUST1162,Current,Phoenix,58067.42,GBP
ACC01173,CUST1163,Fixed Deposit,San Antonio,11419.45,INR
ACC01174,CUST1164,Savings,Los Angeles,42582.41,INR
ACC01175,CUST1165,Savings,San Antonio,17112.3,GBP
ACC01176,CUST1166,Fixed Deposit,San Diego,698.56,USD
ACC01177,CUST1167,Fixed Deposit,Philadelphia,46489.87,JPY
ACC01178,CUST1168,Recurring Deposit,Phoenix,1206.46,INR
ACC01179,CUST1169,Fixed Deposit,Los Angeles,89932.38,GBP
ACC01180,CUST1170,Recurring Deposit,Phoenix,65521.13,INR
ACC01181,CUST1171,Current,Houston,62198.75,INR
ACC01182,CUST1172,Fixed Deposit,Los Angeles,14554.65,INR
ACC01183,CUST1173,Current,New York,19182.89,GBP
ACC01184,CUST1174,Recurring Deposit,New York,13283.75,JPY
ACC01185,CUST1175,Recurring Deposit,New York,15053.34,INR
ACC01186,CUST1176,Savings,San Antonio,58300.92,EUR
ACC01187,CUST1177,Recurring Deposit,Phoenix,10815.56,JPY
ACC01188,CUST1178,Savings,San Antonio,11610.41,USD
ACC01189,CUST1179,Current,Phoenix,91619.16,JPY
ACC01190,CUST1180,Savings,Chicago,32384.37,EUR
ACC01191,CUST1181,Fixed Deposit,Chicago,84163.28,GBP
ACC01192,CUST1182,Current,Los Angeles,92956.9,JPY
ACC01193,CUST1183,Recurring Deposit,San Antonio,365.16,EUR
ACC01194,CUST1184,Recurring Deposit,San Antonio,28299.62,GBP
ACC01195,CUST1185,Savings,New York,90931.08,GBP
ACC01196,CUST1186,Current,Philadelphia,89196.08,INR
ACC01197,CUST1187,Current,Chicago,42129.49,GBP
ACC01198,CUST1188,Recurring Deposit,Houston,61895.92,USD
ACC01199,CUST1189,Fixed Deposit,Houston,4650.96,USD
ACC01200,CUST1190,Fixed Deposit,Los Angeles,16493.55,GBP
ACC01201,CUST1191,Savings,Houston,92121.18,JPY
ACC01202,CUST1192,Current,San Antonio,69493.5,INR
ACC01203,CUST1193,Fixed Deposit,San Antonio,90057.97,EUR
ACC01204,CUST1194,Recurring Deposit,Los Angeles,32723.17,EUR
ACC01205,CUST1195,Savings,New York,67081.24,USD
ACC01206,CUST1196,Fixed Deposit,New York,34893.47,USD
ACC01207,CUST1197,Current,San Antonio,18612.89,INR
ACC01208,CUST1198,Recurring Deposit,Los Angeles,99555.41,JPY
ACC01209,CUST1199,Savings,Phoenix,32192.66,USD
ACC01210,CUST1200,Savings,Phoenix,36971.93,JPY
ACC01211,CUST1201,Savings,Houston,97147.43,JPY
ACC01212,CUST0345,Savings,Philadelphia,86753.27,JPY
ACC01213,CUST1202,Recurring Deposit,Houston,94758.72,JPY
ACC01214,CUST1203,Current,Philadelphia,33371.6,INR
ACC01215,CUST1204,Fixed Deposit,New York,10988.05,USD
ACC01216,CUST1205,Fixed Deposit,Philadelphia,13447.67,EUR
ACC01217,CUST1206,Savings,Philadelphia,54187.72,JPY
ACC01218,CUST1207,Current,San Diego,89446.28,JPY
ACC01219,CUST0577,Fixed Deposit,Los Angeles,97102.11,EUR
ACC01220,CUST1208,Current,Houston,64036.72,GBP
ACC01221,CUST1209,Current,Chicago,8622.2,USD
ACC01222,CUST1210,Savings,Phoenix,78718.08,GBP
ACC01223,CUST1211,Savings,New York,19562.94,JPY
ACC01224,CUST1212,Savings,Los Angeles,20755.27,EUR
ACC01225,CUST1213,Fixed Deposit,Phoenix,6966.3,EUR
ACC01226,CUST1214,Current,San Antonio,82015.98,GBP
ACC01227,CUST1215,Fixed Deposit,San Diego,18176.52,EUR
ACC01228,CUST1216,Recurring Deposit,San Antonio,78385.84,USD
ACC01229,CUST1217,Savings,San Antonio,11867.49,GBP
ACC01230,CUST1218,Fixed Deposit,Houston,26588.89,INR
ACC01231,CUST1219,Fixed Deposit,Phoenix,70394.99,JPY
ACC01232,CUST1220,Current,Phoenix,82264.12,INR
ACC01233,CUST1221,Current,Chicago,56218.11,USD
ACC01234,CUST1222,Recurring Deposit,San Antonio,81263.78,EUR
ACC01235,CUST1223,Savings,Phoenix,40033.13,EUR
ACC01236,CUST1224,Current,Houston,92029.15,JPY
ACC01237,CUST1225,Current,Houston,83690.64,EUR
ACC01238,CUST1226,Fixed Deposit,San Diego,35836.66,JPY
ACC01239,CUST1227,Fixed Deposit,Chicago,45012.69,JPY
ACC01240,CUST1228,Current,Philadelphia,55639.23,INR
ACC01241,CUST1229,Recurring Deposit,San Antonio,9812.94,JPY
ACC01242,CUST1230,Recurring Deposit,Houston,99783.17,JPY
ACC01243,CUST1231,Recurring Deposit,Phoenix,81444.93,GBP
ACC01244,CUST1232,Savings,Philadelphia,8284.44,EUR
ACC01245,CUST1233,Current,Los Angeles,88738.34,GBP
ACC01246,CUST1234,Current,Phoenix,17052.41,JPY
ACC01247,CUST1235,Recurring Deposit,Houston,48166.11,EUR
ACC01248,CUST1236,Recurring Deposit,Los Angeles,89845.16,USD
ACC01249,CUST1237,Savings,San Antonio,86314.26,INR
ACC01250,CUST1238,Current,Phoenix,97346.93,GBP
ACC01251,CUST1239,Savings,Chicago,25814.12,JPY
ACC01252,CUST1240,Current,Houston,40151.88,GBP
ACC01253,CUST1241,Fixed Deposit,San Antonio,93807.42,INR
ACC01254,CUST1242,Savings,Chicago,41283.36,GBP
ACC01255,CUST1243,Current,San Antonio,60207.57,USD
ACC01256,CUST1244,Recurring Deposit,San Diego,18936.76,GBP
ACC01257,CUST1245,Savings,New York,78991.55,GBP
ACC01258,CUST1246,Recurring Deposit,San Antonio,42748.34,USD
ACC01259,CUST1247,Current,New York,99465.06,GBP
ACC01260,CUST1248,Recurring Deposit,San Antonio,14923.07,USD
ACC01261,CUST1249,Savings,New York,45633.31,GBP
ACC01262,CUST1250,Fixed Deposit,Philadelphia,17968.93,EUR
ACC01263,CUST1251,Recurring Deposit,San Diego,61332.0,GBP
ACC01264,CUST1252,Fixed Deposit,Philadelphia,47587.97,INR
ACC01265,CUST1253,Fixed Deposit,Philadelphia,15100.62,EUR
ACC01266,CUST1254,Fixed Deposit,San Diego,16315.3,EUR
ACC01267,CUST1255,Recurring Deposit,Phoenix,42999.91,INR
ACC01268,CUST1256,Savings,Philadelphia,61696.06,GBP
ACC01269,CUST1257,Fixed Deposit,San Antonio,46397.85,USD
ACC01270,CUST1258,Recurring Deposit,San Diego,9519.74,JPY
ACC01271,CUST0107,Current,Houston,34883.02,JPY
ACC01272,CUST1259,Savings,New York,98524.19,GBP
ACC01273,CUST1260,Fixed Deposit,Phoenix,56243.42,INR
ACC01274,CUST1261,Fixed Deposit,Philadelphia,2145.07,GBP
ACC01275,CUST1262,Fixed Deposit,Houston,37820.16,EUR
ACC01276,CUST1263,Current,San Antonio,68968.06,JPY
ACC01277,CUST1264,Savings,Philadelphia,32424.83,USD
ACC01278,CUST1265,Savings,Phoenix,11570.11,EUR
ACC01279,CUST1266,Current,San Diego,56593.29,INR
ACC01280,CUST1267,Savings,Chicago,14795.48,GBP
ACC01281,CUST1268,Recurring Deposit,Houston,29833.42,GBP
ACC01282,CUST1269,Fixed Deposit,Philadelphia,55883.03,GBP
ACC01283,CUST1270,Savings,San Diego,713.8,USD
ACC01284,CUST1271,Current,Los Angeles,96282.74,USD
ACC01285,CUST1272,Savings,Philadelphia,69019.87,GBP
ACC01286,CUST1273,Current,Los Angeles,18203.79,EUR
ACC01287,CUST1274,Savings,Chicago,90203.54,GBP
ACC01288,CUST1275,Recurring Deposit,Chicago,40524.14,JPY
ACC01289,CUST1276,Recurring Deposit,New York,82485.49,EUR
ACC01290,CUST1277,Recurring Deposit,Los Angeles,70134.6,INR
ACC01291,CUST1278,Current,Phoenix,2095.08,GBP
ACC01292,CUST1279,Current,Philadelphia,28705.48,EUR
ACC01293,CUST1280,Current,Houston,89329.83,USD
ACC01294,CUST1281,Current,Chicago,83392.19,GBP
ACC01295,CUST1282,Savings,New York,35719.32,JPY
ACC01296,CUST1283,Savings,San Antonio,3195.43,JPY
ACC01297,CUST1284,Recurring Deposit,Chicago,55533.52,EUR
ACC01298,CUST1285,Current,Los Angeles,16534.45,JPY
ACC01299,CUST1286,Fixed Deposit,Philadelphia,36569.86,USD
ACC01300,CUST1287,Fixed Deposit,Phoenix,37104.44,INR
ACC01301,CUST1288,Savings,Los Angeles,39543.93,INR
ACC01302,CUST1289,Current,Los Angeles,11211.07,JPY
ACC01303,CUST1290,Savings,Los Angeles,47791.68,GBP
ACC01304,CUST1291,Fixed Deposit,Phoenix,1422.26,INR
ACC01305,CUST1292,Savings,Los Angeles,12665.82,EUR
ACC01306,CUST1293,Fixed Deposit,Chicago,2076.76,GBP
ACC01307,CUST1294,Fixed Deposit,Los Angeles,19672.6,USD
ACC01308,CUST1295,Savings,Chicago,27398.03,GBP
ACC01309,CUST1296,Savings,San Diego,62041.96,USD
ACC01310,CUST1297,Recurring Deposit,Houston,99698.32,INR
ACC01311,CUST1298,Fixed Deposit,San Antonio,27318.05,INR
ACC01312,CUST1299,Recurring Deposit,Philadelphia,49210.08,INR
ACC01313,CUST1300,Recurring Deposit,San Antonio,6694.85,USD
ACC01314,CUST1301,Fixed Deposit,San Diego,94217.72,EUR
ACC01315,CUST1302,Fixed Deposit,Chicago,1685.49,USD
ACC01316,CUST1303,Fixed Deposit,Philadelphia,95955.95,EUR
ACC01317,CUST1304,Current,San Antonio,58199.08,GBP
ACC01318,CUST1305,Savings,New York,99746.53,EUR
ACC01319,CUST1306,Savings,Philadelphia,25660.37,GBP
ACC01320,CUST1307,Fixed Deposit,Phoenix,59903.96,JPY
ACC01321,CUST1308,Fixed Deposit,Phoenix,93174.17,GBP
ACC01322,CUST1309,Recurring Deposit,Philadelphia,60639.08,EUR
ACC01323,CUST1310,Recurring Deposit,San Diego,92151.63,EUR
ACC01324,CUST1311,Savings,San Antonio,16379.35,INR
ACC01325,CUST1312,Current,Houston,54104.18,INR
ACC01326,CUST1313,Fixed Deposit,New York,30180.55,EUR
ACC01327,CUST1314,Savings,San Antonio,96598.51,GBP
ACC01328,CUST1315,Recurring Deposit,Philadelphia,69645.24,INR
ACC01329,CUST1316,Current,San Diego,31915.17,EUR
ACC01330,CUST1317,Recurring Deposit,San Antonio,67837.87,EUR
ACC01331,CUST1318,Savings,Phoenix,94688.26,USD
ACC01332,CUST1319,Savings,Phoenix,24419.19,GBP
ACC01333,CUST1320,Current,San Diego,3980.76,GBP
ACC01334,CUST1321,Recurring Deposit,Houston,98391.08,EUR
ACC01335,CUST1322,Recurring Deposit,Philadelphia,13247.42,GBP
ACC01336,CUST1323,Fixed Deposit,Houston,64481.47,USD
ACC01337,CUST1324,Recurring Deposit,Phoenix,92159.45,INR
ACC01338,CUST1325,Recurring Deposit,Chicago,85551.39,JPY
ACC01339,CUST1326,Recurring Deposit,New York,43917.99,INR
ACC01340,CUST1327,Recurring Deposit,New York,98679.21,INR
ACC01341,CUST1328,Savings,Philadelphia,99794.97,GBP
ACC01342,CUST1329,Current,San Antonio,979.1,JPY
ACC01343,CUST1330,Current,Houston,9236.13,GBP
ACC01344,CUST1331,Current,Los Angeles,10915.36,INR
ACC01345,CUST1332,Fixed Deposit,Los Angeles,37672.38,USD
ACC01346,CUST1333,Recurring Deposit,San Diego,55091.78,JPY
ACC01347,CUST1334,Savings,Phoenix,9122.13,USD
ACC01348,CUST1335,Current,New York,16105.91,GBP
ACC01349,CUST1336,Fixed Deposit,Philadelphia,55894.73,INR
ACC01350,CUST1337,Current,Houston,26522.31,GBP
ACC01351,CUST1338,Recurring Deposit,Philadelphia,54935.46,EUR
ACC01352,CUST1339,Fixed Deposit,Phoenix,84855.62,EUR
ACC01353,CUST1340,Savings,Chicago,44901.65,USD
ACC01354,CUST1341,Fixed Deposit,Phoenix,3986.03,INR
ACC01355,CUST1342,Savings,San Antonio,27885.8,EUR
ACC01356,CUST1343,Current,Chicago,24194.51,JPY
ACC01357,CUST1344,Fixed Deposit,Chicago,25768.23,INR
ACC01358,CUST1345,Savings,New York,63982.57,JPY
ACC01359,CUST1346,Fixed Deposit,Houston,73603.09,EUR
ACC01360,CUST1347,Current,San Antonio,39855.88,USD
ACC01361,CUST1348,Fixed Deposit,San Antonio,84511.37,GBP
ACC01362,CUST1349,Savings,Chicago,11262.61,JPY
ACC01363,CUST1350,Savings,Chicago,68753.07,GBP
ACC01364,CUST1351,Savings,New York,99376.37,JPY
ACC01365,CUST1352,Savings,Chicago,92390.25,INR
ACC01366,CUST0520,Fixed Deposit,Phoenix,99176.55,GBP
ACC01367,CUST1353,Savings,Los Angeles,31293.21,USD
ACC01368,CUST1354,Current,Chicago,89587.06,EUR
ACC01369,CUST1355,Savings,San Diego,40569.86,USD
ACC01370,CUST1356,Recurring Deposit,Phoenix,59433.78,JPY
ACC01371,CUST1357,Recurring Deposit,San Antonio,20518.45,GBP
ACC01372,CUST1358,Current,Houston,7118.76,GBP
ACC01373,CUST1359,Current,Houston,69207.37,JPY
ACC01374,CUST1360,Fixed Deposit,San Antonio,74199.57,EUR
ACC01375,CUST1361,Savings,Houston,75362.33,JPY
ACC01376,CUST1362,Current,San Antonio,63268.5,USD
ACC01377,CUST1363,Recurring Deposit,Los Angeles,28062.9,EUR
ACC01378,CUST1364,Recurring Deposit,San Diego,99060.59,JPY
ACC01379,CUST1365,Fixed Deposit,Phoenix,62484.45,GBP
ACC01380,CUST1366,Fixed Deposit,Houston,95081.81,JPY
ACC01381,CUST1367,Recurring Deposit,New York,87992.47,GBP
ACC01382,CUST1368,Savings,Philadelphia,4169.2,INR
ACC01383,CUST1369,Fixed Deposit,Los Angeles,85490.34,INR
ACC01384,CUST1370,Savings,New York,41127.1,JPY
ACC01385,CUST1371,Fixed Deposit,Philadelphia,57213.56,USD
ACC01386,CUST1372,Fixed Deposit,Los Angeles,98419.7,JPY
ACC01387,CUST1373,Recurring Deposit,Chicago,3423.46,EUR
ACC01388,CUST1374,Fixed Deposit,San Diego,52239.32,EUR
ACC01389,CUST1375,Savings,San Antonio,74443.46,USD
ACC01390,CUST1376,Current,Los Angeles,13674.38,INR
ACC01391,CUST1377,Recurring Deposit,Houston,64858.18,INR
ACC01392,CUST1378,Current,Los Angeles,22481.62,INR
ACC01393,CUST1379,Current,Chicago,35165.33,USD
ACC01394,CUST1380,Fixed Deposit,Philadelphia,78009.61,USD
ACC01395,CUST1381,Fixed Deposit,New York,1725.82,EUR
ACC01396,CUST1382,Fixed Deposit,San Antonio,98942.04,INR
ACC01397,CUST1383,Fixed Deposit,Houston,72410.65,EUR
ACC01398,CUST1384,Recurring Deposit,Los Angeles,40836.16,EUR
ACC01399,CUST1385,Savings,Philadelphia,49384.85,USD
ACC01400,CUST1386,Current,San Diego,97243.77,USD
ACC01401,CUST1387,Recurring Deposit,Los Angeles,26291.23,GBP
ACC01402,CUST1388,Current,Houston,44060.71,INR
ACC01403,CUST1389,Recurring Deposit,San Antonio,93225.68,USD
ACC01404,CUST1390,Current,San Antonio,57978.79,INR
ACC01405,CUST1391,Fixed Deposit,Phoenix,84426.77,INR
ACC01406,CUST1392,Current,New York,4575.07,EUR
ACC01407,CUST1393,Current,Philadelphia,2319.46,EUR
ACC01408,CUST1394,Recurring Deposit,San Diego,16868.95,GBP
ACC01409,CUST1395,Recurring Deposit,Houston,63233.87,USD
ACC01410,CUST1396,Fixed Deposit,San Antonio,21099.47,USD
ACC01411,CUST1397,Fixed Deposit,Houston,23384.24,USD
ACC01412,CUST1398,Recurring Deposit,Chicago,79852.8,EUR
ACC01413,CUST1399,Current,San Diego,2651.7,GBP
ACC01414,CUST1400,Savings,Phoenix,63316.47,JPY
ACC01415,CUST1401,Savings,Chicago,63357.93,GBP
ACC01416,CUST1402,Savings,New York,5586.09,GBP
ACC01417,CUST1403,Recurring Deposit,Los Angeles,85808.48,EUR
ACC01418,CUST1404,Savings,Houston,17939.92,USD
ACC01419,CUST1405,Recurring Deposit,Phoenix,55381.55,USD
ACC01420,CUST1406,Recurring Deposit,Houston,15178.85,INR
ACC01421,CUST1407,Recurring Deposit,New York,68891.05,INR
ACC01422,CUST1408,Fixed Deposit,San Diego,92051.92,GBP
ACC01423,CUST0985,Fixed Deposit,Los Angeles,78444.36,USD
ACC01424,CUST1409,Savings,Houston,14982.05,INR
ACC01425,CUST1410,Recurring Deposit,San Antonio,87735.85,JPY
ACC01426,CUST1411,Savings,Chicago,15755.32,USD
ACC01427,CUST1412,Current,New York,71483.13,EUR
ACC01428,CUST1413,Recurring Deposit,Houston,48852.11,GBP
ACC01429,CUST1414,Current,New York,70360.87,INR
ACC01430,CUST1415,Current,Philadelphia,10711.65,GBP
ACC01431,CUST1416,Current,Houston,25576.58,EUR
ACC01432,CUST1417,Savings,San Diego,42102.39,GBP
ACC01433,CUST1418,Fixed Deposit,New York,69448.44,JPY
ACC01434,CUST1419,Current,Houston,66288.32,EUR
ACC01435,CUST1420,Current,Chicago,5314.73,EUR
ACC01436,CUST1421,Savings,Philadelphia,22070.66,JPY
ACC01437,CUST1422,Current,Los Angeles,34497.47,GBP
ACC01438,CUST1423,Recurring Deposit,New York,78654.94,GBP
ACC01439,CUST0589,Recurring Deposit,Philadelphia,45793.76,USD
ACC01440,CUST1424,Current,Los Angeles,95122.26,GBP
ACC01441,CUST1425,Current,Phoenix,68984.0,INR
ACC01442,CUST1426,Current,New York,73794.28,USD
ACC01443,CUST1427,Recurring Deposit,Los Angeles,57568.37,EUR
ACC01444,CUST1428,Savings,San Antonio,92955.68,EUR
ACC01445,CUST1429,Savings,Phoenix,918.48,JPY
ACC01446,CUST1430,Savings,New York,40326.21,INR
ACC01447,CUST1431,Savings,Philadelphia,98458.89,GBP
ACC01448,CUST1432,Current,Houston,51512.76,INR
ACC01449,CUST1433,Current,Chicago,36515.15,GBP
ACC01450,CUST1434,Recurring Deposit,Philadelphia,59433.97,INR
ACC01451,CUST1435,Current,Chicago,33954.39,GBP
ACC01452,CUST1436,Recurring Deposit,San Diego,5693.85,USD
ACC01453,CUST1437,Recurring Deposit,New York,49761.06,INR
ACC01454,CUST1438,Savings,San Antonio,50522.46,GBP
ACC01455,CUST1439,Current,Philadelphia,83687.35,GBP
ACC01456,CUST1440,Current,Phoenix,82297.61,INR
ACC01457,CUST1441,Fixed Deposit,Phoenix,52476.72,GBP
ACC01458,CUST1442,Recurring Deposit,New York,59528.96,GBP
ACC01459,CUST1443,Current,San Diego,16791.63,USD
ACC01460,CUST1444,Fixed Deposit,Chicago,78831.37,JPY
ACC01461,CUST1445,Recurring Deposit,Los Angeles,88575.68,EUR
ACC01462,CUST1446,Current,New York,45398.5,USD
ACC01463,CUST1447,Fixed Deposit,San Diego,30105.07,USD
ACC01464,CUST1448,Recurring Deposit,Chicago,60489.56,GBP
ACC01465,CUST1449,Recurring Deposit,Los Angeles,32489.44,EUR
ACC01466,CUST1450,Fixed Deposit,New York,70503.2,USD
ACC01467,CUST1451,Savings,Philadelphia,41144.9,INR
ACC01468,CUST1452,Fixed Deposit,Philadelphia,55589.36,INR
ACC01469,CUST1453,Fixed Deposit,San Antonio,6027.99,GBP
ACC01470,CUST1454,Savings,Los Angeles,27073.17,USD
ACC01471,CUST1455,Current,Houston,37900.31,USD
ACC01472,CUST1456,Fixed Deposit,Houston,56236.57,EUR
ACC01473,CUST1457,Fixed Deposit,Houston,48359.7,USD
ACC01474,CUST1458,Current,Philadelphia,63709.08,USD
ACC01475,CUST1459,Fixed Deposit,Chicago,56647.5,USD
ACC01476,CUST1460,Savings,San Antonio,95106.74,USD
ACC01477,CUST1461,Fixed Deposit,Chicago,85611.18,GBP
ACC01478,CUST1462,Recurring Deposit,San Diego,21893.9,EUR
ACC01479,CUST1463,Fixed Deposit,Houston,38062.1,USD
ACC01480,CUST1464,Fixed Deposit,Chicago,46182.17,USD
ACC01481,CUST1465,Current,New York,95158.42,GBP
ACC01482,CUST1466,Fixed Deposit,Chicago,44066.49,JPY
ACC01483,CUST1467,Savings,San Antonio,97822.51,INR
ACC01484,CUST1468,Recurring Deposit,San Diego,86630.69,INR
ACC01485,CUST1469,Fixed Deposit,Phoenix,49073.9,JPY
ACC01486,CUST1470,Fixed Deposit,Phoenix,48659.27,JPY
ACC01487,CUST0172,Current,Houston,99669.15,GBP
ACC01488,CUST1471,Fixed Deposit,Chicago,43580.39,EUR
ACC01489,CUST1472,Recurring Deposit,San Diego,50472.62,GBP
ACC01490,CUST1473,Current,San Diego,75535.83,GBP
ACC01491,CUST1474,Fixed Deposit,Philadelphia,215.51,INR
ACC01492,CUST1475,Savings,San Antonio,4594.06,EUR
ACC01493,CUST1476,Recurring Deposit,New York,62962.9,EUR
ACC01494,CUST1477,Savings,New York,64134.59,GBP
ACC01495,CUST1478,Savings,San Diego,20162.48,EUR
ACC01496,CUST1479,Recurring Deposit,San Antonio,3384.83,USD
ACC01497,CUST1480,Recurring Deposit,Philadelphia,9303.1,JPY
ACC01498,CUST1481,Recurring Deposit,Phoenix,14368.87,EUR
ACC01499,CUST1482,Savings,Chicago,52094.94,USD
ACC01500,CUST1483,Current,San Antonio,13200.49,EUR
ACC01501,CUST1484,Savings,New York,41125.98,EUR
ACC01502,CUST1485,Savings,New York,19622.06,USD
ACC01503,CUST1486,Recurring Deposit,New York,18440.39,EUR
ACC01504,CUST1487,Recurring Deposit,San Antonio,7309.0,USD
ACC01505,CUST1488,Fixed Deposit,Los Angeles,61027.05,USD
ACC01506,CUST1489,Savings,Los Angeles,5105.08,USD
ACC01507,CUST1490,Current,San Diego,40739.6,EUR
ACC01508,CUST1491,Current,San Diego,64053.09,JPY
ACC01509,CUST1492,Current,Houston,81439.94,USD
ACC01510,CUST1493,Fixed Deposit,San Antonio,31740.84,INR
ACC01511,CUST1494,Savings,San Antonio,2631.33,INR
ACC01512,CUST1495,Recurring Deposit,Phoenix,54805.97,USD
ACC01513,CUST1496,Current,Houston,44560.56,INR
ACC01514,CUST1497,Recurring Deposit,Houston,2390.92,INR
ACC01515,CUST1498,Recurring Deposit,San Antonio,53524.13,EUR
ACC01516,CUST1499,Current,Chicago,2274.68,INR
ACC01517,CUST1500,Current,Houston,57125.13,EUR
ACC01518,CUST1501,Fixed Deposit,Houston,56215.85,INR
ACC01519,CUST1502,Current,Los Angeles,52438.16,USD
ACC01520,CUST1503,Current,Philadelphia,99000.82,GBP
ACC01521,CUST1504,Current,Philadelphia,12465.09,USD
ACC01522,CUST1505,Current,San Antonio,58454.95,JPY
ACC01523,CUST1506,Fixed Deposit,San Antonio,44513.86,USD
ACC01524,CUST1507,Fixed Deposit,San Antonio,3907.46,JPY
ACC01525,CUST1508,Fixed Deposit,Phoenix,67630.94,GBP
ACC01526,CUST1509,Savings,Los Angeles,81621.58,JPY
ACC01527,CUST1510,Current,Philadelphia,42310.98,JPY
ACC01528,CUST1511,Recurring Deposit,Phoenix,5793.0,USD
ACC01529,CUST1512,Current,Los Angeles,69381.75,EUR
ACC01530,CUST1513,Recurring Deposit,Philadelphia,76057.32,JPY
ACC01531,CUST1514,Fixed Deposit,Los Angeles,74748.05,USD
ACC01532,CUST1515,Current,New York,32220.01,GBP
ACC01533,CUST1516,Current,San Diego,14284.65,INR
ACC01534,CUST1517,Savings,New York,40574.75,INR
ACC01535,CUST1518,Recurring Deposit,Los Angeles,21663.79,USD
ACC01536,CUST1519,Fixed Deposit,Phoenix,75711.76,INR
ACC01537,CUST1520,Recurring Deposit,Chicago,43351.71,INR
ACC01538,CUST1521,Savings,Philadelphia,70764.25,GBP
ACC01539,CUST1522,Savings,Philadelphia,6992.24,USD
ACC01540,CUST1523,Savings,Chicago,86622.82,USD
ACC01541,CUST1524,Current,San Diego,27885.14,GBP
ACC01542,CUST1525,Recurring Deposit,Phoenix,4584.97,JPY
ACC01543,CUST1526,Recurring Deposit,Philadelphia,98102.18,JPY
ACC01544,CUST1527,Recurring Deposit,Houston,21892.04,INR
ACC01545,CUST0518,Savings,Houston,46099.29,INR
ACC01546,CUST1528,Fixed Deposit,Chicago,48422.17,GBP
ACC01547,CUST1529,Savings,Los Angeles,64984.91,EUR
ACC01548,CUST1530,Fixed Deposit,New York,81851.72,EUR
ACC01549,CUST1531,Current,Chicago,23381.2,GBP
ACC01550,CUST1532,Fixed Deposit,Los Angeles,44135.19,JPY
ACC01551,CUST1533,Fixed Deposit,Chicago,21409.16,EUR
ACC01552,CUST1534,Recurring Deposit,San Antonio,24205.26,JPY
ACC01553,CUST1535,Recurring Deposit,Houston,46619.36,INR
ACC01554,CUST1536,Fixed Deposit,San Antonio,53327.81,JPY
ACC01555,CUST1537,Current,Los Angeles,30377.4,JPY
ACC01556,CUST1538,Fixed Deposit,Los Angeles,71797.81,JPY
ACC01557,CUST1539,Current,San Antonio,97301.78,GBP
ACC01558,CUST0123,Fixed Deposit,Philadelphia,93312.21,EUR
ACC01559,CUST1540,Current,Chicago,42996.58,JPY
ACC01560,CUST1541,Fixed Deposit,New York,71367.97,JPY
ACC01561,CUST1542,Current,San Antonio,93756.46,EUR
ACC01562,CUST1543,Recurring Deposit,New York,35422.17,EUR
ACC01563,CUST1544,Recurring Deposit,San Diego,66040.42,USD
ACC01564,CUST1545,Fixed Deposit,San Antonio,96296.43,JPY
ACC01565,CUST1546,Fixed Deposit,Chicago,33719.67,GBP
ACC01566,CUST1547,Current,Phoenix,33206.24,GBP
ACC01567,CUST1548,Fixed Deposit,New York,97992.21,INR
ACC01568,CUST1549,Fixed Deposit,San Diego,81675.27,GBP
ACC01569,CUST1550,Fixed Deposit,Los Angeles,82496.2,JPY
ACC01570,CUST1551,Current,Los Angeles,47035.41,USD
ACC01571,CUST1552,Recurring Deposit,Philadelphia,52464.66,JPY
ACC01572,CUST1553,Savings,Phoenix,96338.58,EUR
ACC01573,CUST1554,Savings,San Diego,12686.44,EUR
ACC01574,CUST1555,Recurring Deposit,San Antonio,38201.73,INR
ACC01575,CUST1556,Savings,Philadelphia,57302.02,GBP
ACC01576,CUST1557,Current,Phoenix,92004.84,JPY
ACC01577,CUST1558,Recurring Deposit,Los Angeles,84829.29,INR
ACC01578,CUST1559,Recurring Deposit,San Antonio,85900.35,JPY
ACC01579,CUST1560,Fixed Deposit,Chicago,23724.07,EUR
ACC01580,CUST1561,Recurring Deposit,Phoenix,18726.48,INR
ACC01581,CUST1562,Recurring Deposit,Los Angeles,44165.94,GBP
ACC01582,CUST1563,Recurring Deposit,San Diego,52890.65,USD
ACC01583,CUST1564,Fixed Deposit,Los Angeles,68882.32,JPY
ACC01584,CUST1565,Savings,New York,3805.59,EUR
ACC01585,CUST1566,Fixed Deposit,Chicago,93093.56,USD
ACC01586,CUST1567,Recurring Deposit,New York,5867.07,USD
ACC01587,CUST1310,Savings,New York,40476.72,INR
ACC01588,CUST1568,Savings,Los Angeles,9323.58,GBP
ACC01589,CUST1569,Recurring Deposit,San Diego,2494.05,USD
ACC01590,CUST1570,Savings,Philadelphia,4225.62,INR
ACC01591,CUST1571,Savings,Los Angeles,57292.24,USD
ACC01592,CUST0488,Recurring Deposit,Phoenix,14264.53,JPY
ACC01593,CUST1572,Current,San Antonio,47050.04,USD
ACC01594,CUST1573,Fixed Deposit,San Antonio,66782.75,INR
ACC01595,CUST1574,Current,New York,43406.28,INR
ACC01596,CUST1575,Savings,Philadelphia,31734.1,EUR
ACC01597,CUST1576,Current,San Diego,21801.11,GBP
ACC01598,CUST1577,Recurring Deposit,Los Angeles,45164.07,GBP
ACC01599,CUST1578,Savings,Phoenix,45451.14,USD
ACC01600,CUST1579,Current,Houston,89096.91,EUR
ACC01601,CUST1580,Fixed Deposit,San Antonio,17514.55,GBP
ACC01602,CUST1581,Fixed Deposit,Philadelphia,16682.63,INR
ACC01603,CUST1582,Fixed Deposit,San Diego,51175.56,JPY
ACC01604,CUST1583,Fixed Deposit,Philadelphia,40238.2,INR
ACC01605,CUST1584,Fixed Deposit,Chicago,7700.2,JPY
ACC01606,CUST1585,Current,Houston,71347.2,JPY
ACC01607,CUST1586,Savings,Philadelphia,94917.87,INR
ACC01608,CUST1587,Recurring Deposit,San Diego,47794.32,JPY
ACC01609,CUST1588,Savings,New York,94673.28,JPY
ACC01610,CUST1589,Recurring Deposit,New York,88353.24,EUR
ACC01611,CUST1590,Fixed Deposit,Phoenix,2028.8,USD
ACC01612,CUST1591,Fixed Deposit,Philadelphia,184.65,JPY
ACC01613,CUST1592,Fixed Deposit,Philadelphia,58356.91,USD
ACC01614,CUST1593,Recurring Deposit,San Antonio,44602.85,INR
ACC01615,CUST1594,Recurring Deposit,Houston,71467.28,EUR
ACC01616,CUST1595,Savings,San Antonio,73116.0,USD
ACC01617,CUST1596,Fixed Deposit,Philadelphia,44654.26,JPY
ACC01618,CUST1597,Savings,Philadelphia,94178.45,JPY
ACC01619,CUST1598,Fixed Deposit,Chicago,24635.38,EUR
ACC01620,CUST1599,Current,Phoenix,66877.98,USD
ACC01621,CUST1600,Fixed Deposit,San Antonio,3902.47,EUR
ACC01622,CUST1601,Recurring Deposit,San Diego,11868.74,INR
ACC01623,CUST1602,Savings,Houston,12074.28,USD
ACC01624,CUST1603,Fixed Deposit,San Diego,21431.96,INR
ACC01625,CUST1604,Fixed Deposit,San Diego,93468.89,EUR
ACC01626,CUST1605,Recurring Deposit,Chicago,87776.96,GBP
ACC01627,CUST1606,Fixed Deposit,Houston,10043.01,JPY
ACC01628,CUST1607,Savings,San Antonio,44895.51,INR
ACC01629,CUST1608,Savings,San Antonio,75253.15,JPY
ACC01630,CUST1609,Current,San Diego,5497.08,JPY
ACC01631,CUST1610,Savings,Philadelphia,48992.02,USD
ACC01632,CUST1611,Savings,Phoenix,9069.31,GBP
ACC01633,CUST1612,Savings,Phoenix,16672.67,GBP
ACC01634,CUST1613,Recurring Deposit,New York,4407.63,USD
ACC01635,CUST1614,Recurring Deposit,Los Angeles,82175.92,EUR
ACC01636,CUST1455,Current,San Antonio,3992.89,JPY
ACC01637,CUST1615,Current,Houston,56143.98,INR
ACC01638,CUST1616,Savings,Philadelphia,20487.15,GBP
ACC01639,CUST1617,Savings,New York,33840.36,GBP
ACC01640,CUST1618,Fixed Deposit,New York,8709.05,JPY
ACC01641,CUST1619,Fixed Deposit,Houston,60310.36,GBP
ACC01642,CUST1620,Fixed Deposit,Philadelphia,60580.83,INR
ACC01643,CUST1621,Savings,Chicago,60575.36,EUR
ACC01644,CUST0626,Current,Philadelphia,87880.97,EUR
ACC01645,CUST0349,Savings,Phoenix,62958.81,GBP
ACC01646,CUST1622,Savings,San Antonio,52669.61,GBP
ACC01647,CUST1623,Recurring Deposit,Phoenix,28772.25,GBP
ACC01648,CUST1624,Savings,Philadelphia,13938.78,EUR
ACC01649,CUST1625,Savings,San Antonio,46092.33,EUR
ACC01650,CUST1626,Recurring Deposit,Philadelphia,67546.1,JPY
ACC01651,CUST1627,Savings,Chicago,92949.44,INR
ACC01652,CUST1628,Current,Houston,55866.52,EUR
ACC01653,CUST1629,Current,Chicago,55223.86,EUR
ACC01654,CUST1630,Recurring Deposit,San Antonio,371.44,GBP
ACC01655,CUST1631,Recurring Deposit,Philadelphia,98276.69,EUR
ACC01656,CUST1632,Current,San Antonio,80494.03,EUR
ACC01657,CUST1633,Current,San Diego,52502.9,GBP
ACC01658,CUST1634,Current,Chicago,15348.07,EUR
ACC01659,CUST1635,Current,Los Angeles,55926.05,INR
ACC01660,CUST1636,Current,Chicago,75012.28,EUR
ACC01661,CUST1637,Savings,Houston,14133.63,JPY
ACC01662,CUST1638,Fixed Deposit,Philadelphia,97223.5,GBP
ACC01663,CUST1639,Recurring Deposit,San Antonio,3241.57,USD
ACC01664,CUST1640,Recurring Deposit,Los Angeles,78997.87,INR
ACC01665,CUST1641,Fixed Deposit,Chicago,78247.85,JPY
ACC01666,CUST1642,Savings,Phoenix,37490.07,USD
ACC01667,CUST1643,Fixed Deposit,Phoenix,95155.11,EUR
ACC01668,CUST1644,Savings,Houston,65718.44,GBP
ACC01669,CUST1645,Savings,Chicago,19467.5,EUR
ACC01670,CUST1646,Recurring Deposit,New York,20715.02,GBP
ACC01671,CUST1647,Savings,Los Angeles,21652.26,GBP
ACC01672,CUST1648,Recurring Deposit,Los Angeles,55454.48,INR
ACC01673,CUST1649,Current,Phoenix,70155.8,EUR
ACC01674,CUST1650,Fixed Deposit,San Antonio,75382.27,EUR
ACC01675,CUST0439,Recurring Deposit,Chicago,88492.14,JPY
ACC01676,CUST1651,Recurring Deposit,San Diego,90738.55,EUR
ACC01677,CUST1652,Current,Los Angeles,3777.34,JPY
ACC01678,CUST1653,Current,Phoenix,1250.24,EUR
ACC01679,CUST1654,Current,Chicago,55198.15,INR
ACC01680,CUST1655,Fixed Deposit,Philadelphia,80282.29,JPY
ACC01681,CUST1656,Fixed Deposit,Los Angeles,32311.37,USD
ACC01682,CUST1657,Current,Philadelphia,26252.69,INR
ACC01683,CUST1658,Current,New York,94201.0,JPY
ACC01684,CUST1659,Recurring Deposit,San Diego,22081.76,EUR
ACC01685,CUST1660,Recurring Deposit,Los Angeles,1567.62,GBP
ACC01686,CUST1661,Current,Chicago,62049.62,USD
ACC01687,CUST1662,Current,Phoenix,19059.17,JPY
ACC01688,CUST1663,Savings,Los Angeles,35243.54,GBP
ACC01689,CUST1664,Fixed Deposit,Los Angeles,87371.54,INR
ACC01690,CUST1665,Fixed Deposit,Chicago,91783.05,INR
ACC01691,CUST1666,Recurring Deposit,New York,16623.27,EUR
ACC01692,CUST1667,Savings,Houston,28401.59,EUR
ACC01693,CUST1668,Recurring Deposit,San Antonio,71375.3,JPY
ACC01694,CUST1669,Recurring Deposit,Phoenix,35615.42,USD
ACC01695,CUST1670,Current,Philadelphia,89617.7,INR
ACC01696,CUST1671,Fixed Deposit,Philadelphia,64702.89,GBP
ACC01697,CUST1672,Recurring Deposit,Los Angeles,56899.3,USD
ACC01698,CUST1673,Fixed Deposit,Houston,23544.66,INR
ACC01699,CUST1674,Fixed Deposit,San Diego,45782.31,USD
ACC01700,CUST1675,Current,Chicago,46261.33,USD
ACC01701,CUST1676,Fixed Deposit,New York,26831.65,GBP
ACC01702,CUST1677,Current,San Diego,53784.5,USD
ACC01703,CUST1678,Current,Phoenix,24627.38,JPY
ACC01704,CUST1679,Fixed Deposit,Philadelphia,59614.36,GBP
ACC01705,CUST1680,Recurring Deposit,Phoenix,73900.31,GBP
ACC01706,CUST1681,Fixed Deposit,Houston,72598.61,INR
ACC01707,CUST1682,Current,San Diego,25327.34,EUR
ACC01708,CUST1683,Savings,Houston,16041.52,EUR
ACC01709,CUST1684,Fixed Deposit,Phoenix,8596.47,GBP
ACC01710,CUST1685,Fixed Deposit,Houston,38505.23,GBP
ACC01711,CUST1686,Savings,San Antonio,88687.7,JPY
ACC01712,CUST1687,Current,Phoenix,29718.47,USD
ACC01713,CUST1688,Current,Chicago,88066.0,INR
ACC01714,CUST1689,Current,New York,62470.06,GBP
ACC01715,CUST1690,Savings,Philadelphia,37478.51,GBP
ACC01716,CUST1691,Recurring Deposit,New York,30727.74,JPY
ACC01717,CUST1692,Savings,Philadelphia,55023.04,EUR
ACC01718,CUST1693,Savings,San Antonio,50680.2,JPY
ACC01719,CUST1694,Current,San Antonio,30460.18,EUR
ACC01720,CUST1695,Recurring Deposit,San Diego,63228.58,USD
ACC01721,CUST1696,Fixed Deposit,Phoenix,87849.27,GBP
ACC01722,CUST1697,Savings,San Diego,83318.06,INR
ACC01723,CUST1698,Recurring Deposit,New York,65681.46,INR
ACC01724,CUST1699,Current,San Antonio,92885.85,EUR
ACC01725,CUST1700,Fixed Deposit,Houston,59244.99,GBP
ACC01726,CUST1701,Fixed Deposit,Los Angeles,51594.4,USD
ACC01727,CUST1702,Current,San Antonio,21569.72,JPY
ACC01728,CUST1703,Recurring Deposit,Chicago,94794.0,EUR
ACC01729,CUST1704,Savings,San Diego,19818.37,USD
ACC01730,CUST1705,Fixed Deposit,New York,48442.47,JPY
ACC01731,CUST1706,Savings,Los Angeles,73740.68,INR
ACC01732,CUST1707,Recurring Deposit,San Diego,78027.53,INR
ACC01733,CUST1708,Current,San Antonio,39557.75,JPY
ACC01734,CUST1709,Savings,Chicago,15481.11,JPY
ACC01735,CUST1710,Savings,San Diego,90901.66,EUR
ACC01736,CUST1711,Fixed Deposit,San Antonio,62785.01,USD
ACC01737,CUST1712,Current,Los Angeles,96259.32,EUR
ACC01738,CUST1713,Recurring Deposit,Chicago,83954.91,EUR
ACC01739,CUST1714,Recurring Deposit,Houston,90964.67,EUR
ACC01740,CUST1715,Current,San Antonio,85241.62,INR
ACC01741,CUST1716,Recurring Deposit,New York,33657.69,EUR
ACC01742,CUST1717,Fixed Deposit,Los Angeles,58509.64,INR
ACC01743,CUST1718,Fixed Deposit,Los Angeles,63290.5,JPY
ACC01744,CUST1719,Current,New York,40711.77,GBP
ACC01745,CUST1720,Savings,San Diego,77497.88,USD
ACC01746,CUST1721,Savings,Houston,64999.6,JPY
ACC01747,CUST1722,Savings,Houston,73014.51,JPY
ACC01748,CUST1723,Recurring Deposit,New York,18521.38,JPY
ACC01749,CUST1724,Recurring Deposit,New York,6663.77,GBP
ACC01750,CUST1725,Recurring Deposit,San Diego,72229.44,JPY
ACC01751,CUST1726,Fixed Deposit,New York,61403.97,USD
ACC01752,CUST1727,Savings,San Antonio,31347.63,JPY
ACC01753,CUST1728,Fixed Deposit,Los Angeles,90747.24,JPY
ACC01754,CUST1729,Recurring Deposit,Phoenix,64325.86,EUR
ACC01755,CUST1730,Recurring Deposit,Chicago,28662.13,INR
ACC01756,CUST1731,Savings,Phoenix,54624.99,GBP
ACC01757,CUST1732,Savings,Los Angeles,16994.54,INR
ACC01758,CUST1733,Fixed Deposit,New York,71206.9,INR
ACC01759,CUST1734,Current,Chicago,94683.37,JPY
ACC01760,CUST1735,Recurring Deposit,Chicago,10188.9,EUR
ACC01761,CUST1736,Savings,Chicago,58523.92,USD
ACC01762,CUST1737,Recurring Deposit,Philadelphia,95289.62,EUR
ACC01763,CUST1738,Fixed Deposit,Chicago,11980.87,INR
ACC01764,CUST1739,Current,Chicago,50412.75,JPY
ACC01765,CUST1740,Savings,San Antonio,65832.25,JPY
ACC01766,CUST1741,Current,Phoenix,36437.71,EUR
ACC01767,CUST1742,Fixed Deposit,Chicago,84489.58,GBP
ACC01768,CUST1743,Fixed Deposit,San Antonio,15702.11,INR
ACC01769,CUST1744,Current,New York,5351.62,INR
ACC01770,CUST1745,Recurring Deposit,Philadelphia,16618.92,EUR
ACC01771,CUST1746,Fixed Deposit,Los Angeles,30591.1,EUR
ACC01772,CUST1747,Savings,Chicago,14492.28,JPY
ACC01773,CUST1748,Fixed Deposit,San Diego,33245.1,GBP
ACC01774,CUST1749,Current,Phoenix,41898.75,USD
ACC01775,CUST1750,Savings,San Diego,48383.95,GBP
ACC01776,CUST1751,Savings,Phoenix,81924.39,USD
ACC01777,CUST1752,Savings,Chicago,46731.29,INR
ACC01778,CUST1753,Current,Houston,73217.11,GBP
ACC01779,CUST1754,Fixed Deposit,San Antonio,16257.25,JPY
ACC01780,CUST1755,Fixed Deposit,Philadelphia,9690.65,USD
ACC01781,CUST1756,Recurring Deposit,Phoenix,90699.1,GBP
ACC01782,CUST1757,Savings,Chicago,10387.93,GBP
ACC01783,CUST1758,Current,Houston,81166.32,JPY
ACC01784,CUST1759,Current,San Antonio,15260.51,GBP
ACC01785,CUST1760,Fixed Deposit,Chicago,82081.65,USD
ACC01786,CUST1761,Savings,New York,12580.58,INR
ACC01787,CUST1762,Current,New York,98633.9,USD
ACC01788,CUST1763,Current,Phoenix,76601.38,GBP
ACC01789,CUST1764,Recurring Deposit,Chicago,73959.22,JPY
ACC01790,CUST1765,Fixed Deposit,New York,875.57,INR
ACC01791,CUST1714,Savings,New York,72094.55,GBP
ACC01792,CUST1766,Current,Philadelphia,33623.81,INR
ACC01793,CUST1767,Current,San Diego,47047.17,GBP
ACC01794,CUST1768,Savings,San Antonio,93994.84,EUR
ACC01795,CUST1769,Recurring Deposit,Chicago,91040.59,EUR
ACC01796,CUST1770,Current,Chicago,20944.44,GBP
ACC01797,CUST1771,Fixed Deposit,San Antonio,75195.84,GBP
ACC01798,CUST1772,Current,New York,78970.3,GBP
ACC01799,CUST1773,Savings,Houston,84881.45,JPY
ACC01800,CUST1774,Fixed Deposit,Los Angeles,51270.45,GBP
ACC01801,CUST1775,Fixed Deposit,Phoenix,29420.44,EUR
ACC01802,CUST1776,Fixed Deposit,San Antonio,70137.32,JPY
ACC01803,CUST1777,Recurring Deposit,New York,89247.69,INR
ACC01804,CUST1778,Recurring Deposit,Philadelphia,59071.92,INR
ACC01805,CUST1779,Savings,San Antonio,12112.44,USD
ACC01806,CUST1780,Savings,New York,56676.54,INR
ACC01807,CUST1781,Fixed Deposit,San Diego,16807.89,USD
ACC01808,CUST1782,Fixed Deposit,Houston,31206.68,USD
ACC01809,CUST1783,Savings,Philadelphia,68765.84,USD
ACC01810,CUST1784,Recurring Deposit,Phoenix,69363.75,JPY
ACC01811,CUST1785,Savings,New York,19928.4,JPY
ACC01812,CUST1786,Fixed Deposit,San Antonio,78813.43,GBP
ACC01813,CUST1787,Savings,Philadelphia,85872.43,INR
ACC01814,CUST1788,Savings,Houston,12283.11,JPY
ACC01815,CUST1789,Recurring Deposit,Los Angeles,12689.8,JPY
ACC01816,CUST1790,Current,San Diego,37381.9,JPY
ACC01817,CUST1791,Savings,San Antonio,81287.85,USD
ACC01818,CUST1792,Recurring Deposit,San Antonio,50713.57,USD
ACC01819,CUST1793,Fixed Deposit,Philadelphia,58213.69,EUR
ACC01820,CUST1794,Current,San Antonio,63107.8,USD
ACC01821,CUST1795,Current,Philadelphia,51802.03,JPY
ACC01822,CUST1796,Savings,San Antonio,53872.72,GBP
ACC01823,CUST1797,Fixed Deposit,Chicago,88948.2,EUR
ACC01824,CUST1798,Savings,San Diego,12172.15,INR
ACC01825,CUST1799,Recurring Deposit,Houston,57270.55,INR
ACC01826,CUST1800,Fixed Deposit,Philadelphia,39661.71,GBP
ACC01827,CUST1801,Recurring Deposit,San Diego,59330.03,EUR
ACC01828,CUST1802,Fixed Deposit,Chicago,58538.44,INR
ACC01829,CUST1803,Savings,Los Angeles,73416.59,EUR
ACC01830,CUST1804,Fixed Deposit,Houston,12251.5,GBP
ACC01831,CUST1805,Recurring Deposit,Houston,48209.58,USD
ACC01832,CUST1806,Fixed Deposit,Chicago,98612.2,GBP
ACC01833,CUST1807,Savings,Chicago,89367.63,GBP
ACC01834,CUST1808,Fixed Deposit,San Antonio,67339.97,USD
ACC01835,CUST1809,Savings,San Antonio,11052.16,USD
ACC01836,CUST1810,Current,Chicago,80304.68,INR
ACC01837,CUST1811,Recurring Deposit,Houston,5693.42,INR
ACC01838,CUST1812,Savings,San Diego,8327.48,INR
ACC01839,CUST1813,Savings,San Antonio,89825.13,EUR
ACC01840,CUST1814,Savings,Houston,68772.09,GBP
ACC01841,CUST1815,Savings,New York,79589.76,EUR
ACC01842,CUST1816,Current,Philadelphia,57865.02,GBP
ACC01843,CUST1817,Current,Phoenix,28355.2,GBP
ACC01844,CUST1818,Current,San Diego,50148.86,JPY
ACC01845,CUST1819,Fixed Deposit,San Diego,62739.62,INR
ACC01846,CUST1820,Fixed Deposit,Philadelphia,87282.17,JPY
ACC01847,CUST1821,Recurring Deposit,Phoenix,12748.65,USD
ACC01848,CUST0453,Current,Los Angeles,25121.99,USD
ACC01849,CUST1822,Savings,Phoenix,30544.14,INR
ACC01850,CUST1823,Current,New York,69910.49,JPY
ACC01851,CUST1824,Savings,New York,20422.6,JPY
ACC01852,CUST1825,Savings,Philadelphia,80788.67,EUR
ACC01853,CUST1826,Current,Philadelphia,18028.05,USD
ACC01854,CUST1827,Current,Philadelphia,20455.9,EUR
ACC01855,CUST1298,Recurring Deposit,Houston,72658.62,GBP
ACC01856,CUST1828,Recurring Deposit,New York,87218.08,USD
ACC01857,CUST1829,Recurring Deposit,San Diego,40147.62,EUR
ACC01858,CUST1830,Savings,New York,22426.11,GBP
ACC01859,CUST1831,Recurring Deposit,San Diego,22744.65,GBP
ACC01860,CUST1832,Fixed Deposit,San Antonio,24653.34,EUR
ACC01861,CUST1833,Current,Philadelphia,44005.49,USD
ACC01862,CUST1834,Fixed Deposit,Houston,84254.77,JPY
ACC01863,CUST1835,Recurring Deposit,Houston,40935.43,EUR
ACC01864,CUST1836,Savings,Phoenix,63872.18,GBP
ACC01865,CUST1837,Current,Chicago,18406.37,JPY
ACC01866,CUST1838,Fixed Deposit,Phoenix,8383.12,EUR
ACC01867,CUST1839,Recurring Deposit,Phoenix,55120.78,EUR
ACC01868,CUST1840,Fixed Deposit,Phoenix,17619.84,GBP
ACC01869,CUST1042,Fixed Deposit,Philadelphia,52397.89,EUR
ACC01870,CUST1841,Savings,Philadelphia,49033.2,GBP
ACC01871,CUST1842,Fixed Deposit,New York,50427.45,INR
ACC01872,CUST1843,Fixed Deposit,Chicago,75664.11,GBP
ACC01873,CUST1844,Current,San Diego,16631.17,JPY
ACC01874,CUST1845,Current,Philadelphia,50288.87,GBP
ACC01875,CUST1846,Current,Chicago,66765.39,GBP
ACC01876,CUST1847,Savings,Phoenix,59138.4,EUR
ACC01877,CUST1848,Fixed Deposit,Philadelphia,61437.46,EUR
ACC01878,CUST1849,Current,San Antonio,3796.02,GBP
ACC01879,CUST1850,Current,New York,78744.03,GBP
ACC01880,CUST1851,Current,New York,87143.64,EUR
ACC01881,CUST1852,Current,San Antonio,97237.22,GBP
ACC01882,CUST1853,Current,New York,78625.33,EUR
ACC01883,CUST1854,Savings,Phoenix,80594.36,USD
ACC01884,CUST1855,Savings,Phoenix,80545.36,INR
ACC01885,CUST1856,Recurring Deposit,New York,58175.61,JPY
ACC01886,CUST1857,Fixed Deposit,New York,23124.33,JPY
ACC01887,CUST1858,Fixed Deposit,New York,15891.11,EUR
ACC01888,CUST1859,Recurring Deposit,San Antonio,87846.08,INR
ACC01889,CUST1860,Fixed Deposit,Phoenix,43156.07,JPY
ACC01890,CUST1861,Savings,Chicago,65200.59,JPY
ACC01891,CUST1862,Savings,Los Angeles,271.07,EUR
ACC01892,CUST1863,Current,Chicago,69108.01,JPY
ACC01893,CUST1864,Recurring Deposit,Chicago,25708.43,INR
ACC01894,CUST1865,Current,Phoenix,37608.02,JPY
ACC01895,CUST1866,Fixed Deposit,Philadelphia,35727.2,JPY
ACC01896,CUST1867,Current,Houston,88467.49,JPY
ACC01897,CUST1868,Savings,Philadelphia,74081.33,USD
ACC01898,CUST1869,Savings,Philadelphia,5854.24,EUR
ACC01899,CUST1870,Current,Phoenix,94179.15,USD
ACC01900,CUST1871,Recurring Deposit,Houston,32161.44,JPY
ACC01901,CUST1872,Recurring Deposit,Los Angeles,94346.17,USD
ACC01902,CUST1873,Current,Los Angeles,69146.92,INR
ACC01903,CUST1874,Current,Houston,20203.46,INR
ACC01904,CUST1875,Fixed Deposit,New York,56615.59,EUR
ACC01905,CUST1876,Fixed Deposit,San Diego,8807.87,USD
ACC01906,CUST1877,Fixed Deposit,San Diego,14261.56,JPY
ACC01907,CUST1878,Savings,Phoenix,60584.56,GBP
ACC01908,CUST1879,Current,San Antonio,61108.7,GBP
ACC01909,CUST1880,Savings,Chicago,22579.54,EUR
ACC01910,CUST1881,Current,San Antonio,17604.02,USD
ACC01911,CUST1882,Fixed Deposit,San Diego,63313.68,INR
ACC01912,CUST1883,Current,Los Angeles,94413.79,JPY
ACC01913,CUST1884,Savings,San Diego,51923.5,JPY
ACC01914,CUST1885,Recurring Deposit,Philadelphia,20019.47,EUR
ACC01915,CUST1886,Recurring Deposit,Los Angeles,22450.72,INR
ACC01916,CUST1887,Current,Chicago,53016.63,USD
ACC01917,CUST1888,Fixed Deposit,San Antonio,92038.06,USD
ACC01918,CUST1889,Recurring Deposit,Chicago,17130.93,GBP
ACC01919,CUST1890,Recurring Deposit,Los Angeles,1411.83,EUR
ACC01920,CUST1891,Current,Houston,89935.85,JPY
ACC01921,CUST1892,Current,Chicago,98783.35,EUR
ACC01922,CUST1893,Fixed Deposit,Los Angeles,30135.7,JPY
ACC01923,CUST1894,Fixed Deposit,Houston,28721.51,EUR
ACC01924,CUST1895,Recurring Deposit,Los Angeles,76668.33,JPY
ACC01925,CUST1896,Fixed Deposit,Houston,92423.01,EUR
ACC01926,CUST1897,Current,Chicago,65065.87,INR
ACC01927,CUST1898,Savings,Philadelphia,19153.58,GBP
ACC01928,CUST1899,Recurring Deposit,Chicago,31900.27,EUR
ACC01929,CUST1900,Current,Houston,58739.94,EUR
ACC01930,CUST0161,Fixed Deposit,New York,90054.64,GBP
ACC01931,CUST1901,Savings,Houston,86678.57,USD
ACC01932,CUST1902,Current,Chicago,80518.08,GBP
ACC01933,CUST1903,Savings,San Antonio,80165.04,USD
ACC01934,CUST1904,Recurring Deposit,San Antonio,48321.38,USD
ACC01935,CUST1905,Savings,San Antonio,46311.26,EUR
ACC01936,CUST1906,Current,Houston,18661.73,INR
ACC01937,CUST1907,Fixed Deposit,Houston,4614.55,INR
ACC01938,CUST1908,Recurring Deposit,New York,74990.04,GBP
ACC01939,CUST1909,Savings,New York,44710.73,JPY
ACC01940,CUST1910,Fixed Deposit,Chicago,26027.11,JPY
ACC01941,CUST1911,Current,New York,4799.48,GBP
ACC01942,CUST1912,Savings,San Antonio,40327.19,JPY
ACC01943,CUST1913,Savings,Phoenix,19781.58,INR
ACC01944,CUST1914,Savings,Los Angeles,18224.1,EUR
ACC01945,CUST1915,Recurring Deposit,Philadelphia,16374.89,GBP
ACC01946,CUST1916,Fixed Deposit,Chicago,66380.55,EUR
ACC01947,CUST1917,Current,San Diego,17984.04,USD
ACC01948,CUST1918,Current,Philadelphia,57906.17,GBP
ACC01949,CUST1919,Current,Philadelphia,78007.58,GBP
ACC01950,CUST1920,Savings,San Diego,81458.63,USD
ACC01951,CUST1921,Current,Philadelphia,18251.86,USD
ACC01952,CUST1922,Recurring Deposit,Philadelphia,85995.88,INR
ACC01953,CUST1923,Fixed Deposit,San Diego,20837.45,INR
ACC01954,CUST1924,Current,San Antonio,53530.05,EUR
ACC01955,CUST1925,Savings,San Antonio,6681.32,GBP
ACC01956,CUST1926,Current,San Antonio,11664.39,GBP
ACC01957,CUST1927,Savings,Houston,98385.65,GBP
ACC01958,CUST1928,Fixed Deposit,New York,43751.88,JPY
ACC01959,CUST1929,Savings,Houston,26138.52,JPY
ACC01960,CUST1930,Fixed Deposit,San Antonio,23278.49,GBP
ACC01961,CUST1931,Current,Los Angeles,13478.11,EUR
ACC01962,CUST1932,Savings,San Antonio,3283.99,GBP
ACC01963,CUST1933,Fixed Deposit,Chicago,5846.39,JPY
ACC01964,CUST1934,Recurring Deposit,New York,95887.01,INR
ACC01965,CUST1935,Recurring Deposit,New York,1327.76,GBP
ACC01966,CUST1936,Fixed Deposit,Houston,36573.0,EUR
ACC01967,CUST1937,Current,San Diego,32246.26,EUR
ACC01968,CUST1938,Current,Philadelphia,2006.19,JPY
ACC01969,CUST1939,Savings,Philadelphia,95328.06,GBP
ACC01970,CUST1940,Recurring Deposit,Phoenix,12524.04,GBP
ACC01971,CUST1941,Current,Phoenix,83379.32,JPY
ACC01972,CUST1942,Recurring Deposit,Los Angeles,53911.14,GBP
ACC01973,CUST1943,Savings,Phoenix,50135.62,GBP
ACC01974,CUST1944,Fixed Deposit,Chicago,3407.56,GBP
ACC01975,CUST1945,Fixed Deposit,Houston,45440.26,USD
ACC01976,CUST1946,Recurring Deposit,Houston,43511.34,INR
ACC01977,CUST1947,Fixed Deposit,San Diego,85921.77,INR
ACC01978,CUST1948,Current,Houston,44756.21,EUR
ACC01979,CUST1949,Current,Los Angeles,87793.46,JPY
ACC01980,CUST1950,Savings,New York,42102.13,USD
ACC01981,CUST1951,Savings,Chicago,22701.72,USD
ACC01982,CUST1952,Recurring Deposit,Chicago,81963.38,USD
ACC01983,CUST1953,Fixed Deposit,Philadelphia,95416.56,INR
ACC01984,CUST1954,Fixed Deposit,Phoenix,37178.74,USD
ACC01985,CUST1955,Current,Houston,93613.57,EUR
ACC01986,CUST1956,Current,Los Angeles,9960.28,USD
ACC01987,CUST1957,Savings,Los Angeles,85906.73,JPY
ACC01988,CUST1958,Fixed Deposit,San Antonio,59259.2,EUR
ACC01989,CUST1959,Current,San Antonio,44956.22,JPY
ACC01990,CUST1960,Fixed Deposit,San Diego,69479.29,INR
ACC01991,CUST1961,Fixed Deposit,Philadelphia,27619.49,INR
ACC01992,CUST1962,Fixed Deposit,New York,15264.26,JPY
ACC01993,CUST1963,Savings,Chicago,71445.8,INR
ACC01994,CUST1964,Fixed Deposit,San Diego,51619.68,USD
ACC01995,CUST1965,Current,Houston,33685.25,INR
ACC01996,CUST1966,Fixed Deposit,Philadelphia,32955.45,JPY
ACC01997,CUST1967,Fixed Deposit,Houston,2455.6,GBP
ACC01998,CUST1968,Savings,San Diego,11246.63,USD
ACC01999,CUST1969,Savings,Phoenix,18833.99,EUR
ACC02000,CUST1970,Recurring Deposit,New York,86417.94,GBP
ACC02001,CUST1971,Current,Phoenix,42343.66,USD
ACC02002,CUST1972,Current,Phoenix,69097.9,JPY
ACC02003,CUST1973,Current,Philadelphia,23434.86,EUR
ACC02004,CUST1974,Savings,Phoenix,51330.56,USD
ACC02005,CUST1975,Savings,Chicago,12581.21,INR
ACC02006,CUST1976,Savings,San Antonio,93503.99,GBP
ACC02007,CUST0823,Fixed Deposit,New York,70520.53,INR
ACC02008,CUST1977,Savings,San Diego,49341.65,JPY
ACC02009,CUST1978,Savings,New York,42570.87,USD
ACC02010,CUST1979,Fixed Deposit,San Diego,82321.2,GBP
ACC02011,CUST1980,Savings,Phoenix,26302.22,USD
ACC02012,CUST1981,Savings,Philadelphia,92533.89,JPY
ACC02013,CUST1982,Fixed Deposit,Chicago,21078.44,JPY
ACC02014,CUST1983,Current,New York,91269.37,JPY
ACC02015,CUST1984,Fixed Deposit,San Antonio,92540.85,INR
ACC02016,CUST1985,Fixed Deposit,Phoenix,46558.05,GBP
ACC02017,CUST0834,Savings,Chicago,77606.8,GBP
ACC02018,CUST1986,Recurring Deposit,Chicago,30752.73,EUR
ACC02019,CUST1987,Savings,San Antonio,5128.96,USD
ACC02020,CUST1988,Fixed Deposit,New York,62680.5,INR
ACC02021,CUST1989,Recurring Deposit,San Diego,57857.02,INR
ACC02022,CUST1990,Fixed Deposit,Houston,965.32,EUR
ACC02023,CUST1991,Current,San Diego,27301.78,GBP
ACC02024,CUST1992,Savings,Phoenix,4171.31,USD
ACC02025,CUST1993,Current,Phoenix,36819.51,JPY
ACC02026,CUST1994,Recurring Deposit,San Antonio,30928.82,EUR
ACC02027,CUST1995,Savings,San Diego,9432.5,EUR
ACC02028,CUST1996,Savings,Los Angeles,39414.92,JPY
ACC02029,CUST1997,Recurring Deposit,Chicago,69554.0,GBP
ACC02030,CUST1998,Fixed Deposit,New York,66378.46,INR
ACC02031,CUST1999,Current,Philadelphia,10763.02,GBP
ACC02032,CUST2000,Recurring Deposit,San Diego,98120.98,GBP
ACC02033,CUST2001,Current,Los Angeles,26629.87,USD
ACC02034,CUST2002,Recurring Deposit,San Diego,57762.32,INR
ACC02035,CUST2003,Current,Chicago,52199.36,EUR
ACC02036,CUST2004,Savings,San Antonio,79559.86,GBP
ACC02037,CUST2005,Fixed Deposit,San Antonio,74438.91,USD
ACC02038,CUST2006,Recurring Deposit,Philadelphia,38722.69,GBP
ACC02039,CUST2007,Fixed Deposit,San Diego,39311.15,INR
ACC02040,CUST1188,Fixed Deposit,Houston,37695.71,EUR
ACC02041,CUST2008,Recurring Deposit,Phoenix,30577.47,EUR
ACC02042,CUST2009,Savings,Chicago,87967.2,GBP
ACC02043,CUST2010,Savings,San Diego,2956.25,USD
ACC02044,CUST2011,Fixed Deposit,Phoenix,19438.26,INR
ACC02045,CUST2012,Recurring Deposit,Philadelphia,79836.14,EUR
ACC02046,CUST2013,Recurring Deposit,Houston,99032.08,INR
ACC02047,CUST2014,Recurring Deposit,San Diego,70992.67,GBP
ACC02048,CUST2015,Current,New York,45978.21,INR
ACC02049,CUST2016,Fixed Deposit,Chicago,65816.64,GBP
ACC02050,CUST2017,Current,San Antonio,1005.07,JPY
ACC02051,CUST2018,Current,Phoenix,13128.83,EUR
ACC02052,CUST2019,Current,Houston,96939.42,USD
ACC02053,CUST2020,Fixed Deposit,San Antonio,76086.26,USD
ACC02054,CUST2021,Current,Chicago,53609.5,INR
ACC02055,CUST2022,Savings,San Antonio,87018.35,EUR
ACC02056,CUST2023,Savings,New York,84754.12,JPY
ACC02057,CUST2024,Current,Philadelphia,79833.65,EUR
ACC02058,CUST2025,Current,New York,81841.08,USD
ACC02059,CUST2026,Current,Philadelphia,80996.3,USD
ACC02060,CUST2027,Fixed Deposit,New York,33148.67,JPY
ACC02061,CUST2028,Recurring Deposit,New York,79572.46,JPY
ACC02062,CUST2029,Savings,Los Angeles,918.53,USD
ACC02063,CUST2030,Current,Phoenix,98749.7,GBP
ACC02064,CUST2031,Fixed Deposit,Chicago,1499.62,JPY
ACC02065,CUST2032,Recurring Deposit,San Antonio,80440.89,EUR
ACC02066,CUST2033,Current,San Diego,6589.39,EUR
ACC02067,CUST2034,Fixed Deposit,Phoenix,30098.07,EUR
ACC02068,CUST2035,Recurring Deposit,Houston,96604.68,JPY
ACC02069,CUST2036,Recurring Deposit,Chicago,48070.25,USD
ACC02070,CUST2037,Recurring Deposit,San Diego,63654.18,GBP
ACC02071,CUST2038,Savings,San Antonio,84153.72,USD
ACC02072,CUST2039,Savings,Houston,86278.29,USD
ACC02073,CUST2040,Recurring Deposit,Phoenix,27395.36,EUR
ACC02074,CUST2041,Savings,Houston,84810.55,JPY
ACC02075,CUST2042,Recurring Deposit,Philadelphia,19919.58,INR
ACC02076,CUST2043,Recurring Deposit,San Diego,40397.67,EUR
ACC02077,CUST2044,Savings,Chicago,57488.09,GBP
ACC02078,CUST2045,Fixed Deposit,Houston,33830.12,INR
ACC02079,CUST2046,Current,Houston,25524.45,USD
ACC02080,CUST2047,Fixed Deposit,San Diego,97277.56,JPY
ACC02081,CUST2048,Savings,San Antonio,87282.69,INR
ACC02082,CUST0895,Savings,Chicago,27453.96,JPY
ACC02083,CUST2049,Recurring Deposit,Philadelphia,60753.59,GBP
ACC02084,CUST2050,Recurring Deposit,San Diego,92347.59,INR
ACC02085,CUST2051,Recurring Deposit,Houston,41214.6,EUR
ACC02086,CUST2052,Fixed Deposit,Philadelphia,38939.55,GBP
ACC02087,CUST2053,Savings,Houston,5099.19,INR
ACC02088,CUST2054,Recurring Deposit,San Antonio,77526.15,USD
ACC02089,CUST2055,Fixed Deposit,Los Angeles,34939.12,JPY
ACC02090,CUST2056,Savings,San Diego,16283.75,INR
ACC02091,CUST2057,Recurring Deposit,Chicago,35983.41,EUR
ACC02092,CUST2058,Recurring Deposit,Houston,77566.69,USD
ACC02093,CUST2059,Recurring Deposit,Philadelphia,25076.18,JPY
ACC02094,CUST2060,Savings,Houston,55505.2,INR
ACC02095,CUST2061,Current,Philadelphia,17010.26,JPY
ACC02096,CUST2062,Savings,Philadelphia,72451.89,JPY
ACC02097,CUST2063,Fixed Deposit,San Antonio,14428.72,INR
ACC02098,CUST2064,Savings,Chicago,73088.06,USD
ACC02099,CUST2065,Savings,San Antonio,32712.91,USD
ACC02100,CUST2066,Recurring Deposit,Chicago,38029.92,INR
ACC02101,CUST2067,Current,Houston,36205.95,USD
ACC02102,CUST2068,Recurring Deposit,San Diego,18443.06,USD
ACC02103,CUST1747,Current,Chicago,52863.38,USD
ACC02104,CUST2069,Current,Los Angeles,41258.41,GBP
ACC02105,CUST2070,Fixed Deposit,Chicago,15796.14,JPY
ACC02106,CUST2071,Savings,San Antonio,82160.73,EUR
ACC02107,CUST2072,Current,San Antonio,40703.02,JPY
ACC02108,CUST2073,Recurring Deposit,New York,46032.96,JPY
ACC02109,CUST2074,Recurring Deposit,Houston,13514.81,JPY
ACC02110,CUST2075,Recurring Deposit,Phoenix,13685.72,INR
ACC02111,CUST2076,Savings,Los Angeles,75603.39,EUR
ACC02112,CUST2077,Recurring Deposit,San Diego,25212.22,JPY
ACC02113,CUST2078,Recurring Deposit,San Diego,7800.78,USD
ACC02114,CUST2079,Savings,Los Angeles,63627.55,EUR
ACC02115,CUST2080,Fixed Deposit,Houston,34064.54,USD
ACC02116,CUST2081,Savings,Los Angeles,92114.56,JPY
ACC02117,CUST2082,Current,Chicago,67782.26,EUR
ACC02118,CUST2083,Savings,San Diego,42265.33,EUR
ACC02119,CUST2084,Recurring Deposit,Phoenix,68370.19,INR
ACC02120,CUST2085,Savings,New York,10109.29,USD
ACC02121,CUST2086,Savings,New York,23799.07,EUR
ACC02122,CUST2087,Savings,San Diego,87972.94,EUR
ACC02123,CUST2088,Savings,Los Angeles,63497.66,EUR
ACC02124,CUST2089,Fixed Deposit,Chicago,47345.1,JPY
ACC02125,CUST2090,Current,Chicago,33548.72,GBP
ACC02126,CUST2091,Fixed Deposit,Los Angeles,42897.21,JPY
ACC02127,CUST2092,Savings,Philadelphia,20717.87,USD
ACC02128,CUST2093,Savings,San Diego,32289.48,EUR
ACC02129,CUST2094,Fixed Deposit,Houston,94193.09,INR
ACC02130,CUST2095,Current,San Diego,5060.59,GBP
ACC02131,CUST2096,Fixed Deposit,Phoenix,35041.39,INR
ACC02132,CUST2097,Fixed Deposit,Los Angeles,35691.18,INR
ACC02133,CUST2098,Current,New York,59717.73,JPY
ACC02134,CUST2099,Savings,Phoenix,9373.25,GBP
ACC02135,CUST2100,Recurring Deposit,Houston,82289.19,INR
ACC02136,CUST2000,Fixed Deposit,San Antonio,59495.91,JPY
ACC02137,CUST2101,Savings,New York,80817.39,EUR
ACC02138,CUST2102,Fixed Deposit,Houston,47022.79,GBP
ACC02139,CUST2103,Recurring Deposit,Philadelphia,94950.6,USD
ACC02140,CUST2104,Recurring Deposit,Phoenix,23143.33,USD
ACC02141,CUST2105,Fixed Deposit,San Diego,30247.39,JPY
ACC02142,CUST2106,Savings,Chicago,54028.09,USD
ACC02143,CUST2107,Savings,Philadelphia,68588.59,GBP
ACC02144,CUST2108,Savings,San Antonio,14549.85,INR
ACC02145,CUST2109,Current,Phoenix,71955.04,EUR
ACC02146,CUST2110,Fixed Deposit,Houston,99749.57,JPY
ACC02147,CUST2111,Fixed Deposit,San Antonio,44851.4,JPY
ACC02148,CUST2112,Fixed Deposit,Houston,17920.13,EUR
ACC02149,CUST2113,Fixed Deposit,Los Angeles,78060.0,EUR
ACC02150,CUST2114,Current,New York,53509.9,USD
ACC02151,CUST0713,Recurring Deposit,Chicago,27312.7,GBP
ACC02152,CUST2115,Savings,Philadelphia,82071.71,GBP
ACC02153,CUST2116,Recurring Deposit,New York,11487.65,JPY
ACC02154,CUST1310,Fixed Deposit,New York,20478.6,INR
ACC02155,CUST2117,Current,Houston,37781.61,EUR
ACC02156,CUST2118,Recurring Deposit,Los Angeles,81107.44,INR
ACC02157,CUST2119,Current,Chicago,82904.7,GBP
ACC02158,CUST2120,Savings,Houston,18057.96,JPY
ACC02159,CUST2121,Fixed Deposit,Phoenix,62989.31,USD
ACC02160,CUST2122,Recurring Deposit,San Diego,12602.02,GBP
ACC02161,CUST2123,Savings,Los Angeles,86430.85,INR
ACC02162,CUST2124,Savings,Phoenix,45013.48,USD
ACC02163,CUST2125,Savings,Houston,34311.21,USD
ACC02164,CUST2126,Current,Los Angeles,80008.57,INR
ACC02165,CUST2127,Recurring Deposit,New York,58048.21,USD
ACC02166,CUST2128,Savings,Phoenix,15095.22,GBP
ACC02167,CUST2129,Recurring Deposit,Phoenix,13247.55,USD
ACC02168,CUST2130,Fixed Deposit,Chicago,30915.58,EUR
ACC02169,CUST2131,Recurring Deposit,Chicago,67237.29,USD
ACC02170,CUST2132,Current,New York,96853.38,USD
ACC02171,CUST2133,Savings,San Diego,71781.37,EUR
ACC02172,CUST1588,Fixed Deposit,Philadelphia,84005.39,USD
ACC02173,CUST2134,Savings,San Diego,57367.75,EUR
ACC02174,CUST2135,Recurring Deposit,Houston,39578.06,GBP
ACC02175,CUST2136,Recurring Deposit,San Antonio,52846.37,EUR
ACC02176,CUST2137,Savings,New York,41347.15,EUR
ACC02177,CUST2138,Recurring Deposit,Chicago,93453.36,GBP
ACC02178,CUST2139,Current,Philadelphia,44141.18,GBP
ACC02179,CUST2140,Fixed Deposit,Houston,93868.36,EUR
ACC02180,CUST2141,Savings,New York,58036.6,USD
ACC02181,CUST2142,Fixed Deposit,New York,3693.5,INR
ACC02182,CUST2143,Recurring Deposit,Phoenix,28905.22,EUR
ACC02183,CUST2144,Recurring Deposit,Los Angeles,11223.72,EUR
ACC02184,CUST2145,Current,San Diego,14181.23,JPY
ACC02185,CUST2146,Fixed Deposit,New York,31372.51,USD
ACC02186,CUST2147,Savings,Chicago,75891.58,EUR
ACC02187,CUST2148,Savings,Chicago,24436.46,USD
ACC02188,CUST2149,Current,Los Angeles,7827.9,EUR
ACC02189,CUST1605,Recurring Deposit,Houston,46871.53,GBP
ACC02190,CUST2150,Fixed Deposit,Houston,80086.03,GBP
ACC02191,CUST2151,Current,Philadelphia,72840.41,EUR
ACC02192,CUST2152,Fixed Deposit,Los Angeles,49235.46,USD
ACC02193,CUST2153,Savings,New York,10106.9,USD
ACC02194,CUST2154,Recurring Deposit,Chicago,22713.21,JPY
ACC02195,CUST2155,Recurring Deposit,Houston,30549.77,INR
ACC02196,CUST2156,Savings,Houston,4272.34,EUR
ACC02197,CUST2157,Current,Houston,30537.01,USD
ACC02198,CUST2158,Recurring Deposit,Chicago,42687.2,INR
ACC02199,CUST2159,Recurring Deposit,San Diego,64766.64,GBP
ACC02200,CUST2160,Current,Los Angeles,85493.5,USD
ACC02201,CUST2161,Fixed Deposit,Phoenix,45802.64,USD
ACC02202,CUST2162,Fixed Deposit,San Diego,88091.81,JPY
ACC02203,CUST0008,Savings,Houston,82557.91,INR
ACC02204,CUST2163,Fixed Deposit,New York,84942.52,INR
ACC02205,CUST2164,Fixed Deposit,Houston,94297.84,USD
ACC02206,CUST2165,Fixed Deposit,Chicago,12506.73,JPY
ACC02207,CUST2166,Fixed Deposit,San Antonio,80118.73,USD
ACC02208,CUST2167,Current,New York,92066.82,USD
ACC02209,CUST2168,Fixed Deposit,Chicago,97462.12,EUR
ACC02210,CUST2169,Recurring Deposit,Los Angeles,62548.73,INR
ACC02211,CUST2170,Current,San Diego,6413.96,USD
ACC02212,CUST2171,Fixed Deposit,Chicago,43535.19,GBP
ACC02213,CUST2172,Fixed Deposit,Chicago,51518.82,INR
ACC02214,CUST2173,Recurring Deposit,Chicago,22278.8,USD
ACC02215,CUST2174,Fixed Deposit,San Diego,75632.26,EUR
ACC02216,CUST2175,Savings,Philadelphia,28099.64,INR
ACC02217,CUST2176,Savings,Houston,86272.93,EUR
ACC02218,CUST2177,Fixed Deposit,Los Angeles,31970.12,JPY
ACC02219,CUST2178,Fixed Deposit,San Antonio,60114.29,EUR
ACC02220,CUST2179,Fixed Deposit,Los Angeles,88837.94,EUR
ACC02221,CUST2180,Current,Philadelphia,32504.24,INR
ACC02222,CUST2181,Recurring Deposit,New York,91069.82,GBP
ACC02223,CUST2182,Savings,Chicago,14851.39,GBP
ACC02224,CUST2183,Current,Phoenix,10637.7,JPY
ACC02225,CUST2184,Current,Los Angeles,22592.2,USD
ACC02226,CUST2185,Savings,Phoenix,76945.14,EUR
ACC02227,CUST2186,Fixed Deposit,Phoenix,91795.42,GBP
ACC02228,CUST2187,Recurring Deposit,New York,55951.15,JPY
ACC02229,CUST2188,Savings,San Antonio,70600.47,INR
ACC02230,CUST2189,Savings,Chicago,30871.02,USD
ACC02231,CUST2190,Recurring Deposit,San Diego,79868.91,USD
ACC02232,CUST2191,Current,Los Angeles,52894.44,GBP
ACC02233,CUST2192,Current,Philadelphia,46160.19,JPY
ACC02234,CUST2193,Savings,Phoenix,82573.41,USD
ACC02235,CUST2194,Savings,Houston,78983.0,USD
ACC02236,CUST2195,Fixed Deposit,Phoenix,33720.89,EUR
ACC02237,CUST2196,Fixed Deposit,New York,96708.34,USD
ACC02238,CUST2197,Recurring Deposit,San Antonio,75494.02,GBP
ACC02239,CUST2198,Current,San Antonio,93738.22,JPY
ACC02240,CUST2199,Savings,Los Angeles,53239.52,USD
ACC02241,CUST2200,Savings,New York,73896.61,INR
ACC02242,CUST2201,Recurring Deposit,New York,23031.35,USD
ACC02243,CUST2202,Savings,Los Angeles,42537.41,INR
ACC02244,CUST2203,Current,Los Angeles,73595.78,GBP
ACC02245,CUST2204,Current,New York,23871.06,INR
ACC02246,CUST2205,Savings,San Diego,47923.35,GBP
ACC02247,CUST2206,Savings,New York,30593.26,GBP
ACC02248,CUST2207,Savings,Houston,43574.94,INR
ACC02249,CUST2208,Fixed Deposit,Phoenix,61466.87,USD
ACC02250,CUST2209,Current,Philadelphia,25722.72,EUR
ACC02251,CUST2210,Savings,Chicago,84746.03,EUR
ACC02252,CUST2211,Recurring Deposit,Chicago,9028.59,USD
ACC02253,CUST2212,Savings,Houston,5063.7,USD
ACC02254,CUST2213,Fixed Deposit,Houston,46639.98,USD
ACC02255,CUST2214,Fixed Deposit,Chicago,64457.02,GBP
ACC02256,CUST2215,Current,San Diego,82479.17,INR
ACC02257,CUST2216,Recurring Deposit,San Antonio,14397.41,EUR
ACC02258,CUST2217,Current,Houston,15845.71,JPY
ACC02259,CUST2218,Current,Chicago,96439.27,EUR
ACC02260,CUST2219,Savings,Phoenix,60405.18,JPY
ACC02261,CUST2220,Savings,Phoenix,33960.52,GBP
ACC02262,CUST2221,Savings,Chicago,25302.82,JPY
ACC02263,CUST2222,Current,New York,8995.5,JPY
ACC02264,CUST2223,Current,Los Angeles,40712.42,INR
ACC02265,CUST2224,Fixed Deposit,Philadelphia,16186.69,EUR
ACC02266,CUST2225,Recurring Deposit,Los Angeles,11642.22,GBP
ACC02267,CUST2226,Savings,San Antonio,92714.1,INR
ACC02268,CUST2227,Savings,New York,30386.08,USD
ACC02269,CUST2228,Recurring Deposit,Houston,94007.43,INR
ACC02270,CUST2229,Recurring Deposit,Philadelphia,17150.81,USD
ACC02271,CUST2230,Recurring Deposit,New York,52639.71,EUR
ACC02272,CUST2231,Savings,New York,35515.4,GBP
ACC02273,CUST2232,Recurring Deposit,Houston,75918.28,USD
ACC02274,CUST2233,Recurring Deposit,Houston,77320.28,EUR
ACC02275,CUST2234,Savings,Philadelphia,43369.36,USD
ACC02276,CUST2235,Fixed Deposit,Houston,34860.93,JPY
ACC02277,CUST2236,Recurring Deposit,Philadelphia,64982.95,JPY
ACC02278,CUST2237,Fixed Deposit,Philadelphia,9162.38,USD
ACC02279,CUST2238,Savings,Phoenix,50386.14,JPY
ACC02280,CUST2239,Fixed Deposit,San Antonio,9432.72,EUR
ACC02281,CUST2240,Fixed Deposit,Phoenix,41925.22,INR
ACC02282,CUST2241,Savings,Phoenix,43004.11,INR
ACC02283,CUST2242,Savings,Phoenix,3934.92,GBP
ACC02284,CUST2243,Current,Los Angeles,73835.82,USD
ACC02285,CUST2244,Savings,Houston,89491.32,JPY
ACC02286,CUST2245,Recurring Deposit,Chicago,81742.13,JPY
ACC02287,CUST2246,Recurring Deposit,Chicago,90428.25,INR
ACC02288,CUST2247,Current,Philadelphia,68354.77,JPY
ACC02289,CUST2248,Fixed Deposit,San Diego,67115.69,INR
ACC02290,CUST2249,Recurring Deposit,San Diego,59972.63,EUR
ACC02291,CUST2250,Recurring Deposit,Houston,84094.08,EUR
ACC02292,CUST2251,Current,Houston,98399.29,EUR
ACC02293,CUST2252,Current,Phoenix,76593.24,EUR
ACC02294,CUST2253,Fixed Deposit,Los Angeles,62040.26,JPY
ACC02295,CUST2254,Savings,New York,58624.77,JPY
ACC02296,CUST2255,Current,San Antonio,12918.85,JPY
ACC02297,CUST2256,Savings,Los Angeles,21600.35,GBP
ACC02298,CUST2257,Recurring Deposit,Phoenix,70772.46,EUR
ACC02299,CUST2258,Current,San Antonio,12862.93,JPY
ACC02300,CUST2259,Current,New York,72299.81,INR
ACC02301,CUST2260,Fixed Deposit,Phoenix,25257.51,JPY
ACC02302,CUST2261,Current,Philadelphia,28194.78,GBP
ACC02303,CUST2262,Savings,San Antonio,39580.75,JPY
ACC02304,CUST2263,Savings,San Diego,75408.54,JPY
ACC02305,CUST2264,Savings,San Diego,27197.57,USD
ACC02306,CUST2265,Fixed Deposit,Chicago,68392.19,INR
ACC02307,CUST2266,Current,Phoenix,23833.87,GBP
ACC02308,CUST2267,Fixed Deposit,Houston,35641.88,USD
ACC02309,CUST2268,Savings,Philadelphia,28378.49,GBP
ACC02310,CUST2269,Recurring Deposit,San Antonio,7045.34,JPY
ACC02311,CUST2270,Savings,Chicago,47907.21,USD
ACC02312,CUST2271,Savings,Philadelphia,57027.68,INR
ACC02313,CUST2272,Recurring Deposit,San Antonio,72268.77,EUR
ACC02314,CUST2273,Fixed Deposit,San Antonio,17379.72,INR
ACC02315,CUST2274,Recurring Deposit,Los Angeles,2788.3,JPY
ACC02316,CUST2275,Recurring Deposit,Philadelphia,86502.14,GBP
ACC02317,CUST2276,Fixed Deposit,Phoenix,48882.38,JPY
ACC02318,CUST2277,Recurring Deposit,Phoenix,51676.29,EUR
ACC02319,CUST2278,Current,New York,38280.11,EUR
ACC02320,CUST2279,Savings,Los Angeles,69942.01,EUR
ACC02321,CUST2280,Savings,Chicago,19327.54,USD
ACC02322,CUST2281,Fixed Deposit,Phoenix,91178.21,EUR
ACC02323,CUST2282,Fixed Deposit,Los Angeles,7047.35,GBP
ACC02324,CUST2283,Current,Philadelphia,45998.02,JPY
ACC02325,CUST2284,Current,San Antonio,11407.55,JPY
ACC02326,CUST2285,Savings,Los Angeles,73699.01,INR
ACC02327,CUST2286,Recurring Deposit,Houston,3917.99,INR
ACC02328,CUST2287,Recurring Deposit,Phoenix,19073.76,EUR
ACC02329,CUST2288,Recurring Deposit,Philadelphia,59759.21,INR
ACC02330,CUST2289,Recurring Deposit,Phoenix,62369.28,EUR
ACC02331,CUST2290,Recurring Deposit,San Antonio,84589.22,EUR
ACC02332,CUST2291,Savings,New York,10190.54,INR
ACC02333,CUST2292,Savings,San Antonio,54792.91,USD
ACC02334,CUST2293,Savings,New York,58508.45,GBP
ACC02335,CUST2294,Savings,New York,74517.58,JPY
ACC02336,CUST2295,Savings,Phoenix,20136.05,GBP
ACC02337,CUST2296,Recurring Deposit,Chicago,85401.3,INR
ACC02338,CUST2297,Fixed Deposit,New York,28651.04,GBP
ACC02339,CUST2298,Savings,Phoenix,99092.1,USD
ACC02340,CUST2299,Recurring Deposit,Houston,13371.59,EUR
ACC02341,CUST2300,Fixed Deposit,Los Angeles,24345.12,GBP
ACC02342,CUST2301,Current,Houston,12903.24,USD
ACC02343,CUST2302,Current,Chicago,29555.84,JPY
ACC02344,CUST2303,Fixed Deposit,Houston,4116.43,GBP
ACC02345,CUST2304,Fixed Deposit,San Antonio,19809.89,USD
ACC02346,CUST2305,Savings,Phoenix,85724.18,USD
ACC02347,CUST2306,Recurring Deposit,Philadelphia,56114.56,JPY
ACC02348,CUST0451,Current,Chicago,8905.99,EUR
ACC02349,CUST2307,Savings,Chicago,10166.45,USD
ACC02350,CUST2308,Fixed Deposit,New York,69976.14,GBP
ACC02351,CUST2309,Fixed Deposit,Chicago,22876.03,USD
ACC02352,CUST2310,Savings,New York,61908.87,EUR
ACC02353,CUST2311,Fixed Deposit,Houston,32653.53,USD
ACC02354,CUST2312,Savings,New York,84339.98,GBP
ACC02355,CUST2313,Current,Chicago,37861.65,EUR
ACC02356,CUST2314,Savings,Philadelphia,4798.05,USD
ACC02357,CUST2315,Recurring Deposit,New York,27700.17,GBP
ACC02358,CUST2316,Recurring Deposit,Philadelphia,77986.48,GBP
ACC02359,CUST2317,Current,Philadelphia,40008.36,EUR
ACC02360,CUST2318,Fixed Deposit,Houston,18694.67,USD
ACC02361,CUST2319,Fixed Deposit,Houston,94228.93,USD
ACC02362,CUST2320,Fixed Deposit,San Diego,37125.17,INR
ACC02363,CUST2321,Savings,San Antonio,11074.13,USD
ACC02364,CUST2322,Current,Phoenix,16527.16,USD
ACC02365,CUST2323,Savings,Phoenix,3488.26,JPY
ACC02366,CUST2324,Fixed Deposit,Houston,1077.89,JPY
ACC02367,CUST2325,Recurring Deposit,Houston,74979.36,USD
ACC02368,CUST2326,Fixed Deposit,New York,6273.96,USD
ACC02369,CUST2327,Savings,Philadelphia,92748.58,INR
ACC02370,CUST2328,Savings,Los Angeles,7901.9,INR
ACC02371,CUST2329,Current,New York,19274.95,JPY
ACC02372,CUST2330,Recurring Deposit,Philadelphia,34223.8,GBP
ACC02373,CUST2331,Savings,Los Angeles,20492.61,USD
ACC02374,CUST2332,Recurring Deposit,Houston,30224.38,JPY
ACC02375,CUST2333,Current,San Antonio,50980.1,USD
ACC02376,CUST2334,Recurring Deposit,Chicago,96958.4,USD
ACC02377,CUST2335,Savings,Philadelphia,53181.97,GBP
ACC02378,CUST1037,Fixed Deposit,New York,3022.15,JPY
ACC02379,CUST2336,Savings,Phoenix,29304.73,EUR
ACC02380,CUST2337,Savings,San Diego,14503.93,INR
ACC02381,CUST1352,Fixed Deposit,Phoenix,19352.06,JPY
ACC02382,CUST2338,Recurring Deposit,Los Angeles,91249.37,INR
ACC02383,CUST2339,Recurring Deposit,Phoenix,77870.98,INR
ACC02384,CUST2340,Savings,Los Angeles,38358.52,INR
ACC02385,CUST2341,Current,Philadelphia,16845.29,EUR
ACC02386,CUST2342,Savings,Phoenix,44808.54,EUR
ACC02387,CUST0920,Fixed Deposit,San Antonio,35127.91,INR
ACC02388,CUST2343,Recurring Deposit,Chicago,75243.03,EUR
ACC02389,CUST2344,Recurring Deposit,Chicago,74660.3,GBP
ACC02390,CUST2345,Savings,Phoenix,94657.66,JPY
ACC02391,CUST2346,Current,Chicago,5954.66,INR
ACC02392,CUST2347,Current,Philadelphia,47478.96,USD
ACC02393,CUST2348,Savings,Houston,31768.16,JPY
ACC02394,CUST2349,Recurring Deposit,Los Angeles,76864.09,USD
ACC02395,CUST2350,Savings,Houston,66114.84,JPY
ACC02396,CUST2351,Current,Houston,1491.9,INR
ACC02397,CUST2352,Recurring Deposit,San Diego,44004.69,JPY
ACC02398,CUST2353,Savings,Los Angeles,47183.1,INR
ACC02399,CUST2354,Savings,Los Angeles,65151.47,USD
ACC02400,CUST2355,Current,Los Angeles,47429.85,USD
ACC02401,CUST2356,Current,New York,20420.7,JPY
ACC02402,CUST2357,Recurring Deposit,San Diego,90884.35,EUR
ACC02403,CUST2358,Current,San Antonio,16633.21,GBP
ACC02404,CUST2359,Fixed Deposit,Chicago,37867.36,GBP
ACC02405,CUST2360,Fixed Deposit,Los Angeles,1925.64,JPY
ACC02406,CUST2361,Fixed Deposit,New York,24401.33,USD
ACC02407,CUST2362,Current,New York,98453.33,EUR
ACC02408,CUST2363,Fixed Deposit,San Diego,21952.21,EUR
ACC02409,CUST2364,Current,Chicago,22906.31,EUR
ACC02410,CUST2365,Savings,Houston,30498.71,GBP
ACC02411,CUST2366,Recurring Deposit,Los Angeles,76838.7,EUR
ACC02412,CUST2367,Fixed Deposit,Los Angeles,43865.1,JPY
ACC02413,CUST2368,Savings,Houston,68074.47,GBP
ACC02414,CUST2369,Current,Chicago,549.46,INR
ACC02415,CUST2370,Savings,Chicago,69192.02,EUR
ACC02416,CUST2371,Fixed Deposit,San Antonio,43911.21,USD
ACC02417,CUST2372,Current,San Antonio,98040.95,USD
ACC02418,CUST2373,Savings,Chicago,52292.92,JPY
ACC02419,CUST2374,Fixed Deposit,San Diego,72554.36,INR
ACC02420,CUST1308,Savings,Houston,32530.06,USD
ACC02421,CUST2375,Recurring Deposit,New York,42837.79,USD
ACC02422,CUST2376,Fixed Deposit,Chicago,44282.79,INR
ACC02423,CUST2377,Fixed Deposit,Phoenix,2199.46,GBP
ACC02424,CUST1510,Savings,San Antonio,520.02,JPY
ACC02425,CUST2378,Fixed Deposit,San Diego,9745.48,INR
ACC02426,CUST2379,Fixed Deposit,Los Angeles,19424.23,INR
ACC02427,CUST2380,Savings,New York,583.34,USD
ACC02428,CUST2381,Fixed Deposit,Houston,70504.84,USD
ACC02429,CUST2382,Current,Phoenix,4056.26,INR
ACC02430,CUST2383,Current,Los Angeles,45092.19,EUR
ACC02431,CUST2384,Current,Los Angeles,69716.84,INR
ACC02432,CUST2385,Savings,Los Angeles,20996.35,INR
ACC02433,CUST1310,Current,San Antonio,11403.27,GBP
ACC02434,CUST2386,Fixed Deposit,Los Angeles,5243.79,GBP
ACC02435,CUST1310,Current,New York,36179.35,GBP
ACC02436,CUST2387,Current,New York,4087.2,JPY
ACC02437,CUST2388,Current,Los Angeles,75193.68,JPY
ACC02438,CUST2389,Current,Houston,20004.06,GBP
ACC02439,CUST2390,Fixed Deposit,Philadelphia,11936.58,EUR
ACC02440,CUST2391,Current,San Antonio,31286.12,USD
ACC02441,CUST2392,Fixed Deposit,New York,47745.38,INR
ACC02442,CUST2393,Current,Houston,88567.94,EUR
ACC02443,CUST2394,Savings,San Diego,70842.34,JPY
ACC02444,CUST2395,Savings,Los Angeles,15122.57,GBP
ACC02445,CUST2396,Current,Philadelphia,29130.68,GBP
ACC02446,CUST2397,Recurring Deposit,Phoenix,13516.1,EUR
ACC02447,CUST2398,Fixed Deposit,Chicago,44594.36,USD
ACC02448,CUST2399,Recurring Deposit,San Antonio,63877.75,JPY
ACC02449,CUST2400,Current,Philadelphia,13080.75,JPY
ACC02450,CUST2401,Savings,Los Angeles,94714.9,GBP
ACC02451,CUST2402,Recurring Deposit,San Antonio,5967.34,EUR
ACC02452,CUST2403,Fixed Deposit,Los Angeles,83150.49,GBP
ACC02453,CUST2404,Recurring Deposit,San Antonio,18921.42,GBP
ACC02454,CUST2405,Savings,Chicago,57647.73,GBP
ACC02455,CUST2406,Savings,San Antonio,91032.61,JPY
ACC02456,CUST2407,Current,San Antonio,58037.89,EUR
ACC02457,CUST2408,Current,Chicago,95140.38,INR
ACC02458,CUST2409,Current,Houston,43199.35,INR
ACC02459,CUST2410,Current,Los Angeles,49853.12,USD
ACC02460,CUST2411,Current,Chicago,92512.9,EUR
ACC02461,CUST0163,Recurring Deposit,Philadelphia,52444.78,USD
ACC02462,CUST2412,Current,Philadelphia,6780.91,INR
ACC02463,CUST2413,Savings,Chicago,13053.73,EUR
ACC02464,CUST2414,Current,Chicago,18118.49,JPY
ACC02465,CUST2415,Fixed Deposit,Chicago,13238.76,USD
ACC02466,CUST2416,Recurring Deposit,San Antonio,67821.69,JPY
ACC02467,CUST2417,Fixed Deposit,San Diego,38318.92,USD
ACC02468,CUST2418,Current,Houston,97567.87,JPY
ACC02469,CUST2419,Savings,Houston,19937.51,JPY
ACC02470,CUST2420,Savings,Houston,46201.86,INR
ACC02471,CUST2421,Savings,New York,55020.3,GBP
ACC02472,CUST2422,Fixed Deposit,Los Angeles,76648.46,JPY
ACC02473,CUST2423,Savings,Phoenix,88538.42,EUR
ACC02474,CUST2424,Recurring Deposit,Philadelphia,8547.64,USD
ACC02475,CUST2425,Recurring Deposit,San Diego,54956.54,EUR
ACC02476,CUST2426,Recurring Deposit,Philadelphia,67212.25,USD
ACC02477,CUST2427,Savings,Chicago,95959.41,EUR
ACC02478,CUST2428,Savings,Chicago,68975.21,GBP
ACC02479,CUST2429,Recurring Deposit,New York,3392.09,EUR
ACC02480,CUST2430,Recurring Deposit,San Diego,3966.85,EUR
ACC02481,CUST2431,Current,Houston,44223.13,INR
ACC02482,CUST2432,Current,Philadelphia,9998.38,GBP
ACC02483,CUST2433,Fixed Deposit,Chicago,62381.48,GBP
ACC02484,CUST2434,Recurring Deposit,San Antonio,57412.5,GBP
ACC02485,CUST2435,Current,Phoenix,10243.02,JPY
ACC02486,CUST2436,Recurring Deposit,Philadelphia,41514.61,INR
ACC02487,CUST2437,Recurring Deposit,Chicago,67307.79,JPY
ACC02488,CUST2438,Savings,San Diego,95980.35,INR
ACC02489,CUST2439,Current,Chicago,46217.35,GBP
ACC02490,CUST2440,Savings,Chicago,8747.44,USD
ACC02491,CUST2441,Savings,Phoenix,4430.89,EUR
ACC02492,CUST2442,Recurring Deposit,San Diego,63707.29,INR
ACC02493,CUST2443,Savings,Houston,52864.23,USD
ACC02494,CUST2444,Savings,Philadelphia,54814.63,GBP
ACC02495,CUST2445,Recurring Deposit,Houston,63759.88,GBP
ACC02496,CUST2446,Fixed Deposit,San Diego,21228.39,INR
ACC02497,CUST2447,Recurring Deposit,Philadelphia,48529.06,GBP
ACC02498,CUST2448,Savings,Los Angeles,37352.74,JPY
ACC02499,CUST2449,Current,Los Angeles,48270.83,EUR
ACC02500,CUST2450,Current,New York,91835.55,JPY
ACC02501,CUST2451,Fixed Deposit,Los Angeles,76974.0,EUR
ACC02502,CUST2452,Recurring Deposit,San Diego,52764.72,EUR
ACC02503,CUST2453,Savings,San Antonio,59460.16,EUR
ACC02504,CUST2454,Recurring Deposit,San Diego,28527.27,EUR
ACC02505,CUST2455,Savings,New York,34929.73,GBP
ACC02506,CUST2456,Savings,San Antonio,43423.05,USD
ACC02507,CUST2457,Current,New York,66337.28,USD
ACC02508,CUST2458,Savings,Phoenix,561.25,USD
ACC02509,CUST2459,Current,Houston,95544.94,INR
ACC02510,CUST2460,Recurring Deposit,San Antonio,6842.67,INR
ACC02511,CUST2461,Recurring Deposit,Los Angeles,99109.87,JPY
ACC02512,CUST2462,Fixed Deposit,Phoenix,79036.42,EUR
ACC02513,CUST2463,Recurring Deposit,Philadelphia,4784.85,USD
ACC02514,CUST2464,Current,Chicago,5596.2,USD
ACC02515,CUST2465,Fixed Deposit,Phoenix,36205.2,JPY
ACC02516,CUST2466,Recurring Deposit,Chicago,19118.39,EUR
ACC02517,CUST2467,Current,Chicago,52605.75,EUR
ACC02518,CUST1564,Recurring Deposit,Los Angeles,33731.41,EUR
ACC02519,CUST2468,Savings,Philadelphia,13241.22,JPY
ACC02520,CUST2469,Fixed Deposit,Los Angeles,99845.17,GBP
ACC02521,CUST2470,Fixed Deposit,Phoenix,88662.36,JPY
ACC02522,CUST2471,Fixed Deposit,San Antonio,6655.11,JPY
ACC02523,CUST2472,Fixed Deposit,Houston,38131.55,EUR
ACC02524,CUST2473,Savings,New York,15588.54,USD
ACC02525,CUST2474,Recurring Deposit,Los Angeles,88993.01,GBP
ACC02526,CUST2475,Fixed Deposit,San Antonio,35046.99,INR
ACC02527,CUST2476,Fixed Deposit,Chicago,37575.76,EUR
ACC02528,CUST2477,Current,New York,30777.01,GBP
ACC02529,CUST2478,Current,Houston,94191.76,USD
ACC02530,CUST2479,Fixed Deposit,Chicago,76765.82,EUR
ACC02531,CUST2480,Current,Houston,62211.08,JPY
ACC02532,CUST2481,Savings,Philadelphia,1899.0,JPY
ACC02533,CUST2482,Recurring Deposit,Houston,20301.63,GBP
ACC02534,CUST2279,Recurring Deposit,San Antonio,77064.28,USD
ACC02535,CUST2483,Recurring Deposit,San Diego,81219.74,JPY
ACC02536,CUST2484,Current,Philadelphia,21899.85,EUR
ACC02537,CUST2485,Fixed Deposit,Phoenix,63128.07,USD
ACC02538,CUST2486,Savings,Chicago,54934.04,USD
ACC02539,CUST2487,Savings,Philadelphia,53606.77,GBP
ACC02540,CUST2488,Fixed Deposit,Houston,47147.02,GBP
ACC02541,CUST2489,Savings,Phoenix,87282.21,USD
ACC02542,CUST2490,Recurring Deposit,Houston,21938.93,EUR
ACC02543,CUST2491,Savings,New York,9712.63,GBP
ACC02544,CUST2492,Recurring Deposit,Phoenix,2158.69,GBP
ACC02545,CUST2493,Fixed Deposit,San Antonio,4465.13,INR
ACC02546,CUST2494,Fixed Deposit,New York,18131.64,JPY
ACC02547,CUST2495,Recurring Deposit,San Diego,4274.72,EUR
ACC02548,CUST2496,Recurring Deposit,New York,82573.4,JPY
ACC02549,CUST2497,Recurring Deposit,Los Angeles,23678.69,JPY
ACC02550,CUST2498,Current,San Diego,5528.78,JPY
ACC02551,CUST2499,Current,Chicago,63991.63,INR
ACC02552,CUST2500,Current,Los Angeles,30299.97,EUR
ACC02553,CUST2501,Current,Houston,22609.46,INR
ACC02554,CUST2502,Current,Los Angeles,28888.75,INR
ACC02555,CUST2503,Recurring Deposit,San Antonio,84945.25,GBP
ACC02556,CUST2504,Recurring Deposit,Los Angeles,74952.1,INR
ACC02557,CUST2505,Current,Phoenix,18504.82,USD
ACC02558,CUST2506,Savings,Philadelphia,67858.63,EUR
ACC02559,CUST2507,Savings,Phoenix,14456.37,JPY
ACC02560,CUST2508,Savings,Philadelphia,5960.67,INR
ACC02561,CUST2509,Recurring Deposit,San Diego,31107.07,EUR
ACC02562,CUST2510,Current,Phoenix,92452.23,GBP
ACC02563,CUST2511,Current,San Diego,55699.9,USD
ACC02564,CUST2512,Recurring Deposit,Houston,70900.06,GBP
ACC02565,CUST2513,Savings,Phoenix,34168.03,JPY
ACC02566,CUST2514,Fixed Deposit,Los Angeles,79713.56,GBP
ACC02567,CUST2515,Recurring Deposit,Houston,82956.02,JPY
ACC02568,CUST2516,Fixed Deposit,Houston,80350.72,EUR
ACC02569,CUST2517,Savings,San Antonio,10070.88,INR
ACC02570,CUST2518,Fixed Deposit,San Diego,42450.96,JPY
ACC02571,CUST2519,Savings,Houston,96085.49,GBP
ACC02572,CUST2520,Current,Philadelphia,10240.92,INR
ACC02573,CUST2521,Current,Phoenix,72710.78,EUR
ACC02574,CUST2522,Recurring Deposit,Philadelphia,31950.3,GBP
ACC02575,CUST2523,Fixed Deposit,Philadelphia,85749.45,INR
ACC02576,CUST2524,Savings,Los Angeles,2017.61,JPY
ACC02577,CUST2525,Current,Chicago,3838.22,JPY
ACC02578,CUST2008,Savings,Philadelphia,9034.44,USD
ACC02579,CUST2526,Fixed Deposit,New York,63071.78,USD
ACC02580,CUST2527,Current,San Diego,89000.72,INR
ACC02581,CUST2528,Savings,San Antonio,8011.8,JPY
ACC02582,CUST2529,Current,Houston,69424.92,JPY
ACC02583,CUST2530,Savings,New York,87654.1,INR
ACC02584,CUST2531,Current,Philadelphia,71310.89,INR
ACC02585,CUST2532,Fixed Deposit,Chicago,39690.24,GBP
ACC02586,CUST2533,Recurring Deposit,San Antonio,5954.27,JPY
ACC02587,CUST2534,Fixed Deposit,Houston,15883.73,JPY
ACC02588,CUST2535,Recurring Deposit,Philadelphia,9999.95,USD
ACC02589,CUST2536,Fixed Deposit,San Antonio,56896.3,JPY
ACC02590,CUST2537,Savings,Houston,85804.99,USD
ACC02591,CUST2538,Savings,San Diego,65428.84,USD
ACC02592,CUST2539,Savings,Phoenix,77261.41,JPY
ACC02593,CUST2540,Current,San Diego,58121.42,USD
ACC02594,CUST2541,Recurring Deposit,Los Angeles,14614.25,INR
ACC02595,CUST2542,Savings,Chicago,74072.19,USD
ACC02596,CUST2543,Fixed Deposit,San Antonio,21674.52,USD
ACC02597,CUST2544,Savings,Los Angeles,39419.37,EUR
ACC02598,CUST2545,Fixed Deposit,Los Angeles,63218.3,JPY
ACC02599,CUST2546,Fixed Deposit,San Antonio,65411.53,EUR
ACC02600,CUST2547,Recurring Deposit,New York,25902.57,JPY
ACC02601,CUST2548,Savings,San Antonio,5678.02,GBP
ACC02602,CUST2549,Recurring Deposit,Philadelphia,83876.69,GBP
ACC02603,CUST2550,Recurring Deposit,Chicago,20385.31,JPY
ACC02604,CUST2551,Fixed Deposit,San Antonio,26851.26,JPY
ACC02605,CUST1491,Recurring Deposit,Chicago,46251.58,GBP
ACC02606,CUST2552,Savings,San Diego,77944.45,USD
ACC02607,CUST2553,Recurring Deposit,Houston,45112.97,INR
ACC02608,CUST2554,Savings,San Antonio,56475.54,EUR
ACC02609,CUST2555,Savings,Phoenix,97887.34,GBP
ACC02610,CUST2556,Current,San Antonio,5376.2,GBP
ACC02611,CUST2557,Recurring Deposit,Chicago,81758.59,EUR
ACC02612,CUST2558,Current,Los Angeles,35943.9,INR
ACC02613,CUST2559,Current,San Antonio,84357.24,USD
ACC02614,CUST2560,Current,Los Angeles,29250.48,JPY
ACC02615,CUST2561,Recurring Deposit,San Antonio,60049.59,GBP
ACC02616,CUST2562,Recurring Deposit,Philadelphia,44729.19,USD
ACC02617,CUST2563,Savings,Chicago,6995.54,INR
ACC02618,CUST2564,Fixed Deposit,San Antonio,57518.61,GBP
ACC02619,CUST2565,Fixed Deposit,San Antonio,39554.19,JPY
ACC02620,CUST2566,Current,Los Angeles,5095.61,USD
ACC02621,CUST2567,Recurring Deposit,Phoenix,58443.52,EUR
ACC02622,CUST2568,Recurring Deposit,Chicago,7832.92,GBP
ACC02623,CUST2569,Savings,San Antonio,49697.46,JPY
ACC02624,CUST2570,Fixed Deposit,Philadelphia,50446.16,INR
ACC02625,CUST2571,Fixed Deposit,Houston,52211.07,JPY
ACC02626,CUST2572,Current,Houston,36699.7,USD
ACC02627,CUST2573,Recurring Deposit,Philadelphia,11191.8,JPY
ACC02628,CUST2574,Recurring Deposit,San Antonio,55614.74,USD
ACC02629,CUST2575,Savings,Phoenix,15053.59,INR
ACC02630,CUST2576,Recurring Deposit,Phoenix,10660.62,JPY
ACC02631,CUST2577,Current,Los Angeles,3396.0,EUR
ACC02632,CUST2578,Savings,Houston,39740.96,USD
ACC02633,CUST2579,Current,Chicago,87858.92,EUR
ACC02634,CUST2580,Fixed Deposit,Phoenix,9088.14,GBP
ACC02635,CUST2581,Recurring Deposit,San Antonio,50977.54,EUR
ACC02636,CUST2582,Fixed Deposit,Chicago,53651.11,EUR
ACC02637,CUST2583,Savings,Los Angeles,73084.36,JPY
ACC02638,CUST2584,Savings,New York,76241.48,JPY
ACC02639,CUST2585,Recurring Deposit,Chicago,44522.05,USD
ACC02640,CUST2586,Fixed Deposit,Phoenix,20526.27,JPY
ACC02641,CUST2587,Recurring Deposit,Chicago,33773.55,USD
ACC02642,CUST2588,Current,New York,83987.46,INR
ACC02643,CUST2589,Fixed Deposit,Los Angeles,52199.71,INR
ACC02644,CUST2590,Recurring Deposit,Los Angeles,70571.85,INR
ACC02645,CUST2591,Recurring Deposit,Phoenix,41585.97,GBP
ACC02646,CUST2592,Current,Houston,62711.5,EUR
ACC02647,CUST2593,Savings,Los Angeles,31450.74,INR
ACC02648,CUST2594,Recurring Deposit,Los Angeles,1821.61,USD
ACC02649,CUST2595,Recurring Deposit,Los Angeles,39480.11,INR
ACC02650,CUST2596,Current,New York,89744.67,EUR
ACC02651,CUST2597,Fixed Deposit,Chicago,82163.19,GBP
ACC02652,CUST2598,Current,San Diego,74986.77,USD
ACC02653,CUST2599,Fixed Deposit,Los Angeles,23382.53,INR
ACC02654,CUST0123,Savings,Phoenix,57820.55,EUR
ACC02655,CUST2600,Fixed Deposit,New York,22815.16,EUR
ACC02656,CUST2601,Savings,New York,72385.3,INR
ACC02657,CUST2602,Savings,New York,99133.0,INR
ACC02658,CUST2603,Current,New York,74920.66,INR
ACC02659,CUST2604,Savings,Chicago,39475.93,INR
ACC02660,CUST2605,Current,Chicago,13068.55,EUR
ACC02661,CUST2606,Fixed Deposit,Los Angeles,95170.25,EUR
ACC02662,CUST2607,Savings,Phoenix,19347.05,USD
ACC02663,CUST2608,Current,New York,73385.35,GBP
ACC02664,CUST2609,Recurring Deposit,San Diego,85567.03,INR
ACC02665,CUST2610,Current,New York,42822.34,JPY
ACC02666,CUST2611,Savings,San Antonio,43540.67,INR
ACC02667,CUST2612,Recurring Deposit,San Diego,53791.55,JPY
ACC02668,CUST1890,Current,Los Angeles,31658.98,GBP
ACC02669,CUST2613,Fixed Deposit,Chicago,91200.04,JPY
ACC02670,CUST2614,Fixed Deposit,New York,54557.91,GBP
ACC02671,CUST2615,Fixed Deposit,Phoenix,52133.69,USD
ACC02672,CUST2616,Recurring Deposit,Los Angeles,90372.18,JPY
ACC02673,CUST2617,Savings,Houston,9192.54,INR
ACC02674,CUST2618,Fixed Deposit,Chicago,75110.47,EUR
ACC02675,CUST2619,Fixed Deposit,Chicago,62823.85,EUR
ACC02676,CUST2620,Savings,New York,90979.28,USD
ACC02677,CUST2621,Savings,Phoenix,60379.31,GBP
ACC02678,CUST2622,Fixed Deposit,Los Angeles,43785.59,JPY
ACC02679,CUST2623,Recurring Deposit,Phoenix,64322.23,EUR
ACC02680,CUST2624,Savings,San Diego,18363.92,GBP
ACC02681,CUST2625,Recurring Deposit,Phoenix,90170.93,JPY
ACC02682,CUST2626,Current,San Diego,71725.32,GBP
ACC02683,CUST2627,Savings,Houston,86144.62,EUR
ACC02684,CUST2628,Recurring Deposit,Los Angeles,97182.13,EUR
ACC02685,CUST2629,Fixed Deposit,Houston,84034.91,EUR
ACC02686,CUST2630,Recurring Deposit,New York,77967.82,EUR
ACC02687,CUST2631,Recurring Deposit,Phoenix,4545.82,INR
ACC02688,CUST2632,Current,Phoenix,37591.56,EUR
ACC02689,CUST2633,Fixed Deposit,Phoenix,19565.88,EUR
ACC02690,CUST2634,Current,San Diego,79177.17,JPY
ACC02691,CUST2635,Fixed Deposit,Philadelphia,96945.25,GBP
ACC02692,CUST2636,Savings,San Diego,74956.86,INR
ACC02693,CUST2637,Current,San Diego,8561.87,GBP
ACC02694,CUST2638,Current,Chicago,68205.53,EUR
ACC02695,CUST2639,Savings,Philadelphia,51431.7,EUR
ACC02696,CUST1310,Fixed Deposit,Philadelphia,92186.86,JPY
ACC02697,CUST2640,Recurring Deposit,Chicago,72212.32,GBP
ACC02698,CUST2641,Recurring Deposit,San Antonio,85337.56,JPY
ACC02699,CUST2642,Fixed Deposit,Philadelphia,30541.11,USD
ACC02700,CUST1585,Current,San Diego,57251.69,GBP
ACC02701,CUST2643,Recurring Deposit,Chicago,2948.6,JPY
ACC02702,CUST2644,Recurring Deposit,Philadelphia,20786.1,JPY
ACC02703,CUST2645,Current,Philadelphia,31631.44,INR
ACC02704,CUST2646,Current,New York,17478.35,USD
ACC02705,CUST2647,Recurring Deposit,Phoenix,91443.24,JPY
ACC02706,CUST2648,Fixed Deposit,Philadelphia,81102.33,INR
ACC02707,CUST2649,Recurring Deposit,New York,67316.1,EUR
ACC02708,CUST2650,Savings,San Antonio,85104.51,USD
ACC02709,CUST2651,Fixed Deposit,San Diego,8702.47,USD
ACC02710,CUST2652,Current,New York,73287.09,GBP
ACC02711,CUST2653,Recurring Deposit,Phoenix,66232.53,EUR
ACC02712,CUST2654,Current,New York,29034.64,GBP
ACC02713,CUST2655,Savings,New York,81373.51,INR
ACC02714,CUST2656,Savings,Houston,69213.56,EUR
ACC02715,CUST2657,Current,San Diego,24649.04,USD
ACC02716,CUST2658,Savings,Houston,37523.81,JPY
ACC02717,CUST2659,Recurring Deposit,Philadelphia,3888.63,USD
ACC02718,CUST2660,Current,Houston,6560.43,EUR
ACC02719,CUST2661,Savings,Chicago,90595.98,USD
ACC02720,CUST2662,Fixed Deposit,Chicago,42594.75,EUR
ACC02721,CUST2663,Savings,San Diego,75529.71,JPY
ACC02722,CUST0728,Savings,San Diego,2250.83,INR
ACC02723,CUST2664,Fixed Deposit,Houston,48346.05,INR
ACC02724,CUST2665,Current,Philadelphia,33287.59,GBP
ACC02725,CUST2666,Fixed Deposit,Los Angeles,31276.73,JPY
ACC02726,CUST2667,Recurring Deposit,New York,68159.56,EUR
ACC02727,CUST2668,Savings,Phoenix,72272.35,GBP
ACC02728,CUST2669,Recurring Deposit,Chicago,87328.06,JPY
ACC02729,CUST2670,Fixed Deposit,Phoenix,68710.35,GBP
ACC02730,CUST1139,Savings,Philadelphia,40737.69,JPY
ACC02731,CUST2671,Savings,San Antonio,78715.66,EUR
ACC02732,CUST2672,Recurring Deposit,Houston,87629.52,JPY
ACC02733,CUST2673,Savings,San Diego,68193.81,USD
ACC02734,CUST2674,Fixed Deposit,Phoenix,3270.13,EUR
ACC02735,CUST2675,Recurring Deposit,New York,42822.48,INR
ACC02736,CUST2676,Current,San Diego,89328.3,INR
ACC02737,CUST2677,Savings,Chicago,98870.54,EUR
ACC02738,CUST2678,Recurring Deposit,Houston,4243.02,JPY
ACC02739,CUST2679,Fixed Deposit,New York,27396.59,JPY
ACC02740,CUST2680,Current,San Antonio,7001.97,GBP
ACC02741,CUST2681,Fixed Deposit,Phoenix,9214.83,JPY
ACC02742,CUST2682,Current,Los Angeles,52441.99,USD
ACC02743,CUST2683,Savings,Phoenix,94047.38,INR
ACC02744,CUST2684,Fixed Deposit,Houston,28239.71,INR
ACC02745,CUST2685,Fixed Deposit,Phoenix,74414.84,INR
ACC02746,CUST2686,Current,Chicago,92572.56,USD
ACC02747,CUST2687,Recurring Deposit,Chicago,1142.14,GBP
ACC02748,CUST2688,Current,San Antonio,79757.41,EUR
ACC02749,CUST2689,Current,Philadelphia,81721.97,EUR
ACC02750,CUST2690,Savings,New York,76307.86,INR
ACC02751,CUST2691,Fixed Deposit,Houston,27539.94,GBP
ACC02752,CUST2692,Recurring Deposit,Phoenix,30473.78,JPY
ACC02753,CUST2693,Fixed Deposit,San Antonio,17407.45,JPY
ACC02754,CUST2694,Current,San Diego,98234.08,EUR
ACC02755,CUST2695,Fixed Deposit,Philadelphia,43425.35,USD
ACC02756,CUST0652,Fixed Deposit,San Diego,12482.17,JPY
ACC02757,CUST2696,Savings,Philadelphia,96238.69,GBP
ACC02758,CUST2697,Savings,Los Angeles,2923.18,EUR
ACC02759,CUST2698,Current,Los Angeles,69426.7,JPY
ACC02760,CUST2699,Current,New York,31605.71,USD
ACC02761,CUST2700,Fixed Deposit,Los Angeles,75911.49,EUR
ACC02762,CUST2701,Savings,San Diego,91795.28,INR
ACC02763,CUST2702,Recurring Deposit,Houston,14038.89,JPY
ACC02764,CUST2703,Fixed Deposit,Philadelphia,93736.4,INR
ACC02765,CUST2704,Savings,Los Angeles,48362.01,INR
ACC02766,CUST1158,Current,Philadelphia,6598.53,USD
ACC02767,CUST2705,Current,Phoenix,75118.94,JPY
ACC02768,CUST2706,Recurring Deposit,Chicago,5406.84,INR
ACC02769,CUST2707,Current,Houston,46933.57,EUR
ACC02770,CUST2708,Recurring Deposit,Phoenix,13028.29,GBP
ACC02771,CUST2709,Recurring Deposit,Philadelphia,81079.44,JPY
ACC02772,CUST2710,Recurring Deposit,Los Angeles,68890.51,EUR
ACC02773,CUST2711,Fixed Deposit,Phoenix,30642.94,USD
ACC02774,CUST2712,Savings,Phoenix,56949.05,USD
ACC02775,CUST2713,Current,Philadelphia,86617.37,INR
ACC02776,CUST2714,Current,Philadelphia,77471.82,EUR
ACC02777,CUST2715,Savings,Los Angeles,92989.13,JPY
ACC02778,CUST2716,Recurring Deposit,New York,15740.09,EUR
ACC02779,CUST2717,Recurring Deposit,Phoenix,11332.13,USD
ACC02780,CUST1491,Current,Los Angeles,8755.57,JPY
ACC02781,CUST2718,Fixed Deposit,Houston,48274.16,INR
ACC02782,CUST2719,Current,Philadelphia,71715.05,INR
ACC02783,CUST2720,Fixed Deposit,Chicago,28075.13,EUR
ACC02784,CUST2721,Savings,New York,87536.27,EUR
ACC02785,CUST2722,Savings,San Diego,18334.48,INR
ACC02786,CUST2723,Savings,San Diego,4267.86,EUR
ACC02787,CUST2724,Savings,San Antonio,531.65,EUR
ACC02788,CUST2725,Savings,New York,12242.27,INR
ACC02789,CUST2726,Current,Phoenix,63370.14,JPY
ACC02790,CUST2727,Savings,Los Angeles,97818.15,JPY
ACC02791,CUST2728,Savings,Houston,33897.05,JPY
ACC02792,CUST2729,Current,Houston,20604.22,INR
ACC02793,CUST2730,Fixed Deposit,Houston,70764.99,USD
ACC02794,CUST2731,Fixed Deposit,Phoenix,81877.6,USD
ACC02795,CUST2732,Recurring Deposit,San Antonio,23312.11,JPY
ACC02796,CUST2733,Current,San Antonio,49943.95,JPY
ACC02797,CUST2734,Savings,San Antonio,46847.9,JPY
ACC02798,CUST2735,Recurring Deposit,Phoenix,40546.72,USD
ACC02799,CUST2736,Current,Phoenix,36330.83,JPY
ACC02800,CUST2737,Fixed Deposit,Houston,67794.87,EUR
ACC02801,CUST2738,Recurring Deposit,Phoenix,47320.69,JPY
ACC02802,CUST2739,Fixed Deposit,Los Angeles,40506.01,USD
ACC02803,CUST2740,Fixed Deposit,Los Angeles,70983.33,USD
ACC02804,CUST2741,Current,Philadelphia,7641.94,GBP
ACC02805,CUST2742,Fixed Deposit,Chicago,47987.73,EUR
ACC02806,CUST2743,Current,San Antonio,74111.6,EUR
ACC02807,CUST2744,Current,Houston,65000.79,USD
ACC02808,CUST2745,Current,San Antonio,94616.13,JPY
ACC02809,CUST2746,Fixed Deposit,San Antonio,63399.88,INR
ACC02810,CUST2747,Current,Los Angeles,54394.33,GBP
ACC02811,CUST2748,Recurring Deposit,New York,20567.91,INR
ACC02812,CUST2749,Recurring Deposit,Los Angeles,38224.64,INR
ACC02813,CUST2750,Savings,San Antonio,53179.95,USD
ACC02814,CUST2751,Fixed Deposit,Houston,37051.28,USD
ACC02815,CUST2752,Current,New York,10717.76,GBP
ACC02816,CUST2753,Recurring Deposit,Phoenix,44189.77,INR
ACC02817,CUST2754,Fixed Deposit,San Antonio,79776.56,INR
ACC02818,CUST1786,Current,New York,36387.61,GBP
ACC02819,CUST2755,Savings,New York,74497.9,INR
ACC02820,CUST2756,Recurring Deposit,Los Angeles,70749.73,INR
ACC02821,CUST2757,Recurring Deposit,Chicago,97781.98,USD
ACC02822,CUST2758,Fixed Deposit,San Diego,92558.21,GBP
ACC02823,CUST1775,Fixed Deposit,Los Angeles,46557.33,GBP
ACC02824,CUST2759,Savings,Los Angeles,14256.45,USD
ACC02825,CUST2760,Recurring Deposit,San Diego,90385.73,INR
ACC02826,CUST2761,Current,San Diego,5990.34,EUR
ACC02827,CUST2762,Savings,Los Angeles,84147.23,USD
ACC02828,CUST2763,Fixed Deposit,Philadelphia,8639.69,INR
ACC02829,CUST2764,Fixed Deposit,Philadelphia,16815.18,EUR
ACC02830,CUST2765,Current,Los Angeles,44663.85,EUR
ACC02831,CUST2766,Savings,Phoenix,18448.69,EUR
ACC02832,CUST2767,Recurring Deposit,San Diego,36616.6,EUR
ACC02833,CUST2768,Fixed Deposit,Philadelphia,84639.34,EUR
ACC02834,CUST2769,Current,Phoenix,47121.25,USD
ACC02835,CUST2770,Current,Los Angeles,22192.18,GBP
ACC02836,CUST2771,Current,San Diego,50855.48,JPY
ACC02837,CUST2772,Recurring Deposit,Phoenix,13799.69,INR
ACC02838,CUST2773,Current,San Diego,10225.26,USD
ACC02839,CUST2774,Current,Houston,62873.3,USD
ACC02840,CUST2775,Current,Los Angeles,92490.59,USD
ACC02841,CUST2776,Recurring Deposit,Los Angeles,76430.99,EUR
ACC02842,CUST2777,Savings,Houston,98492.82,INR
ACC02843,CUST2778,Current,Los Angeles,30438.13,EUR
ACC02844,CUST2779,Fixed Deposit,San Diego,76454.38,EUR
ACC02845,CUST2780,Recurring Deposit,San Diego,78322.03,INR
ACC02846,CUST2781,Current,Phoenix,76750.56,EUR
ACC02847,CUST2782,Current,Philadelphia,18420.56,GBP
ACC02848,CUST2783,Savings,Houston,85011.05,EUR
ACC02849,CUST2784,Recurring Deposit,Houston,41710.31,INR
ACC02850,CUST2785,Recurring Deposit,Philadelphia,98016.94,JPY
ACC02851,CUST2786,Fixed Deposit,Houston,95236.01,USD
ACC02852,CUST2787,Current,Los Angeles,70344.79,EUR
ACC02853,CUST2788,Current,Houston,69475.15,INR
ACC02854,CUST2789,Recurring Deposit,San Antonio,15385.13,USD
ACC02855,CUST2790,Fixed Deposit,Philadelphia,28244.86,INR
ACC02856,CUST2791,Savings,Philadelphia,35985.71,USD
ACC02857,CUST2792,Fixed Deposit,San Diego,25299.51,INR
ACC02858,CUST2793,Recurring Deposit,Chicago,15589.75,INR
ACC02859,CUST2794,Recurring Deposit,Philadelphia,63871.86,EUR
ACC02860,CUST2795,Fixed Deposit,Phoenix,6326.06,EUR
ACC02861,CUST2796,Recurring Deposit,Phoenix,14467.6,GBP
ACC02862,CUST2797,Fixed Deposit,Phoenix,64363.53,GBP
ACC02863,CUST2798,Savings,Philadelphia,79142.68,EUR
ACC02864,CUST2799,Savings,San Antonio,5170.71,GBP
ACC02865,CUST2800,Savings,San Diego,46325.24,USD
ACC02866,CUST2801,Current,Chicago,65566.92,JPY
ACC02867,CUST2802,Current,San Antonio,32956.59,GBP
ACC02868,CUST2803,Savings,Chicago,49037.43,USD
ACC02869,CUST2804,Fixed Deposit,New York,74834.02,EUR
ACC02870,CUST2805,Fixed Deposit,San Antonio,52539.22,USD
ACC02871,CUST2806,Current,San Antonio,12448.03,GBP
ACC02872,CUST2807,Savings,Phoenix,71425.19,EUR
ACC02873,CUST2808,Recurring Deposit,Houston,74304.72,USD
ACC02874,CUST2809,Savings,San Antonio,53571.45,INR
ACC02875,CUST2810,Recurring Deposit,Chicago,17125.39,JPY
ACC02876,CUST2811,Current,San Diego,8290.94,GBP
ACC02877,CUST2812,Current,Philadelphia,85511.33,USD
ACC02878,CUST2813,Fixed Deposit,Philadelphia,76931.83,JPY
ACC02879,CUST2814,Fixed Deposit,Houston,98653.32,GBP
ACC02880,CUST2815,Savings,Chicago,1438.82,JPY
ACC02881,CUST2816,Current,Los Angeles,22634.87,USD
ACC02882,CUST2532,Fixed Deposit,San Diego,15343.79,USD
ACC02883,CUST2817,Current,Philadelphia,37146.1,INR
ACC02884,CUST2818,Current,San Antonio,28768.54,JPY
ACC02885,CUST2819,Savings,Chicago,96020.86,EUR
ACC02886,CUST2820,Recurring Deposit,Los Angeles,36312.59,USD
ACC02887,CUST2821,Fixed Deposit,Philadelphia,19020.04,INR
ACC02888,CUST2822,Current,Philadelphia,74850.69,INR
ACC02889,CUST2823,Current,New York,74733.14,JPY
ACC02890,CUST2824,Fixed Deposit,San Diego,62874.61,EUR
ACC02891,CUST2825,Recurring Deposit,Houston,94274.81,USD
ACC02892,CUST2826,Recurring Deposit,New York,42598.43,JPY
ACC02893,CUST2827,Recurring Deposit,New York,98628.98,USD
ACC02894,CUST2828,Current,Houston,70406.21,USD
ACC02895,CUST2829,Savings,Los Angeles,91683.4,EUR
ACC02896,CUST2830,Savings,Phoenix,48999.17,USD
ACC02897,CUST2831,Fixed Deposit,Philadelphia,17860.13,JPY
ACC02898,CUST2832,Savings,Chicago,57703.31,EUR
ACC02899,CUST2833,Fixed Deposit,San Antonio,41905.23,USD
ACC02900,CUST2834,Savings,New York,20109.9,EUR
ACC02901,CUST2835,Savings,San Antonio,46976.14,USD
ACC02902,CUST2836,Savings,San Diego,32760.38,JPY
ACC02903,CUST2837,Current,San Antonio,9593.66,JPY
ACC02904,CUST2838,Fixed Deposit,Philadelphia,9297.32,USD
ACC02905,CUST2839,Current,Phoenix,31430.8,JPY
ACC02906,CUST2840,Recurring Deposit,New York,19778.5,USD
ACC02907,CUST2841,Current,San Diego,50036.74,GBP
ACC02908,CUST2842,Savings,Phoenix,88756.74,GBP
ACC02909,CUST2843,Fixed Deposit,New York,86037.26,INR
ACC02910,CUST2844,Savings,New York,47032.25,USD
ACC02911,CUST2845,Fixed Deposit,Philadelphia,15540.69,GBP
ACC02912,CUST2846,Fixed Deposit,Philadelphia,13652.72,EUR
ACC02913,CUST2847,Current,Phoenix,91079.03,INR
ACC02914,CUST2848,Fixed Deposit,Los Angeles,40768.2,GBP
ACC02915,CUST2849,Recurring Deposit,Los Angeles,56686.96,JPY
ACC02916,CUST2850,Savings,Chicago,12346.27,EUR
ACC02917,CUST2851,Savings,Los Angeles,63320.36,INR
ACC02918,CUST2852,Savings,San Antonio,2680.91,INR
ACC02919,CUST2853,Fixed Deposit,Phoenix,40506.43,INR
ACC02920,CUST2854,Recurring Deposit,Los Angeles,15613.57,EUR
ACC02921,CUST2855,Recurring Deposit,San Antonio,54842.73,JPY
ACC02922,CUST2856,Current,San Antonio,59683.65,INR
ACC02923,CUST2857,Savings,San Antonio,99468.9,USD
ACC02924,CUST2858,Current,San Antonio,76566.06,EUR
ACC02925,CUST2859,Current,Philadelphia,56133.43,USD
ACC02926,CUST2860,Fixed Deposit,New York,59199.6,INR
ACC02927,CUST2861,Current,Los Angeles,61767.1,JPY
ACC02928,CUST2862,Current,Chicago,99649.51,INR
ACC02929,CUST2863,Recurring Deposit,Houston,22255.91,EUR
ACC02930,CUST2864,Recurring Deposit,Los Angeles,94990.87,JPY
ACC02931,CUST2865,Current,Houston,23513.07,USD
ACC02932,CUST2866,Fixed Deposit,San Antonio,70703.54,INR
ACC02933,CUST2867,Savings,Philadelphia,39626.29,JPY
ACC02934,CUST2868,Fixed Deposit,Philadelphia,10545.2,GBP
ACC02935,CUST2869,Fixed Deposit,San Antonio,68182.66,USD
ACC02936,CUST2870,Savings,Phoenix,18089.58,GBP
ACC02937,CUST2871,Fixed Deposit,New York,72113.43,JPY
ACC02938,CUST2872,Current,New York,14796.67,JPY
ACC02939,CUST2873,Recurring Deposit,San Antonio,82450.67,USD
ACC02940,CUST2874,Fixed Deposit,Los Angeles,78723.22,INR
ACC02941,CUST2875,Fixed Deposit,Chicago,78982.09,USD
ACC02942,CUST2876,Current,San Antonio,99734.54,USD
ACC02943,CUST2877,Fixed Deposit,Phoenix,99471.71,USD
ACC02944,CUST2878,Savings,Philadelphia,18465.34,JPY
ACC02945,CUST2879,Fixed Deposit,Phoenix,94303.15,INR
ACC02946,CUST2880,Fixed Deposit,Philadelphia,15855.18,GBP
ACC02947,CUST2881,Current,San Antonio,6452.39,USD
ACC02948,CUST2882,Recurring Deposit,San Diego,53523.54,EUR
ACC02949,CUST2883,Fixed Deposit,Los Angeles,23829.28,USD
ACC02950,CUST2884,Recurring Deposit,San Diego,13970.99,GBP
ACC02951,CUST2885,Recurring Deposit,San Diego,46578.19,INR
ACC02952,CUST2886,Fixed Deposit,Houston,27464.74,INR
ACC02953,CUST2887,Recurring Deposit,San Diego,73785.22,JPY
ACC02954,CUST2888,Savings,Houston,8562.34,JPY
ACC02955,CUST2889,Savings,Phoenix,74696.6,JPY
ACC02956,CUST2890,Savings,Houston,99789.62,USD
ACC02957,CUST2891,Fixed Deposit,San Diego,59724.72,JPY
ACC02958,CUST2892,Recurring Deposit,San Diego,47614.63,EUR
ACC02959,CUST2893,Fixed Deposit,New York,65404.88,JPY
ACC02960,CUST2894,Recurring Deposit,Philadelphia,94642.74,JPY
ACC02961,CUST2895,Savings,Philadelphia,54888.57,JPY
ACC02962,CUST2896,Current,San Antonio,66751.41,EUR
ACC02963,CUST2897,Fixed Deposit,San Diego,63399.52,JPY
ACC02964,CUST2898,Fixed Deposit,Houston,83982.17,GBP
ACC02965,CUST2899,Fixed Deposit,Chicago,31614.12,EUR
ACC02966,CUST2900,Recurring Deposit,Los Angeles,93824.2,EUR
ACC02967,CUST0083,Current,San Antonio,67371.1,JPY
ACC02968,CUST2901,Savings,Los Angeles,59243.32,INR
ACC02969,CUST2902,Current,Philadelphia,28730.34,EUR
ACC02970,CUST2903,Fixed Deposit,Philadelphia,75391.31,JPY
ACC02971,CUST2904,Savings,Chicago,72582.69,EUR
ACC02972,CUST2905,Current,Houston,75629.27,USD
ACC02973,CUST2906,Savings,Philadelphia,13177.85,JPY
ACC02974,CUST2907,Recurring Deposit,Chicago,98479.35,JPY
ACC02975,CUST2908,Fixed Deposit,Los Angeles,64554.24,JPY
ACC02976,CUST2909,Fixed Deposit,Los Angeles,4489.85,INR
ACC02977,CUST2910,Current,Philadelphia,83459.85,INR
ACC02978,CUST2911,Current,Los Angeles,69089.88,INR
ACC02979,CUST2912,Recurring Deposit,New York,26142.37,GBP
ACC02980,CUST2913,Recurring Deposit,Philadelphia,11550.27,INR
ACC02981,CUST2914,Recurring Deposit,Los Angeles,21675.23,EUR
ACC02982,CUST2915,Fixed Deposit,Chicago,36302.71,INR
ACC02983,CUST2916,Current,Philadelphia,85164.58,INR
ACC02984,CUST2917,Fixed Deposit,Phoenix,8733.1,INR
ACC02985,CUST2918,Recurring Deposit,Philadelphia,76648.71,EUR
ACC02986,CUST2919,Fixed Deposit,New York,71807.96,INR
ACC02987,CUST2920,Savings,Los Angeles,74338.54,USD
ACC02988,CUST2921,Recurring Deposit,San Antonio,36968.45,EUR
ACC02989,CUST2922,Savings,Chicago,20407.77,GBP
ACC02990,CUST2923,Fixed Deposit,Philadelphia,85281.08,GBP
ACC02991,CUST2924,Current,New York,97829.62,USD
ACC02992,CUST2925,Current,Phoenix,66478.92,EUR
ACC02993,CUST2926,Current,Houston,26597.69,GBP
ACC02994,CUST0788,Recurring Deposit,Philadelphia,39482.77,JPY
ACC02995,CUST2927,Current,Philadelphia,26681.83,USD
ACC02996,CUST2928,Savings,Chicago,34504.22,JPY
ACC02997,CUST2929,Recurring Deposit,Philadelphia,22807.67,INR
ACC02998,CUST2930,Current,San Diego,19806.12,INR
ACC02999,CUST2931,Current,Phoenix,54974.53,GBP
ACC03000,CUST2932,Recurring Deposit,Chicago,91006.61,GBP
ACC03001,CUST2933,Current,Philadelphia,49956.98,INR
ACC03002,CUST2934,Fixed Deposit,San Diego,87442.68,INR
ACC03003,CUST2935,Savings,San Antonio,30127.83,GBP
ACC03004,CUST2936,Current,Los Angeles,42288.42,EUR
ACC03005,CUST2937,Savings,Chicago,87666.54,INR
ACC03006,CUST2938,Fixed Deposit,Phoenix,63242.67,JPY
ACC03007,CUST2939,Savings,New York,50355.74,INR
ACC03008,CUST2940,Recurring Deposit,San Diego,5131.28,JPY
ACC03009,CUST2941,Recurring Deposit,Philadelphia,45792.15,GBP
ACC03010,CUST2942,Savings,Houston,27743.06,JPY
ACC03011,CUST2943,Fixed Deposit,Phoenix,59730.27,JPY
ACC03012,CUST2944,Recurring Deposit,New York,26105.46,JPY
ACC03013,CUST2945,Savings,San Antonio,96609.12,EUR
ACC03014,CUST2946,Recurring Deposit,Phoenix,10847.34,EUR
ACC03015,CUST2947,Savings,Los Angeles,83590.03,USD
ACC03016,CUST2948,Current,Houston,83108.24,USD
ACC03017,CUST2949,Savings,New York,13398.68,JPY
ACC03018,CUST2950,Current,San Diego,68981.76,EUR
ACC03019,CUST2951,Fixed Deposit,Philadelphia,4099.48,USD
ACC03020,CUST2952,Current,Chicago,32283.82,INR
ACC03021,CUST2953,Current,Philadelphia,36848.2,GBP
ACC03022,CUST2954,Current,Chicago,8174.2,USD
ACC03023,CUST2955,Current,San Diego,71676.84,INR
ACC03024,CUST2956,Current,New York,5212.78,USD
ACC03025,CUST2957,Recurring Deposit,Houston,79449.25,JPY
ACC03026,CUST1696,Savings,Phoenix,26934.69,EUR
ACC03027,CUST2958,Recurring Deposit,Phoenix,60758.34,USD
ACC03028,CUST2959,Savings,Phoenix,84674.95,INR
ACC03029,CUST2960,Fixed Deposit,San Antonio,89033.19,USD
ACC03030,CUST2961,Recurring Deposit,San Diego,95152.05,EUR
ACC03031,CUST2962,Current,Phoenix,78868.33,USD
ACC03032,CUST2963,Savings,New York,75947.5,USD
ACC03033,CUST2964,Current,San Diego,1016.34,GBP
ACC03034,CUST1180,Fixed Deposit,Chicago,77617.36,JPY
ACC03035,CUST2965,Recurring Deposit,New York,36528.87,JPY
ACC03036,CUST2966,Savings,Phoenix,25917.91,INR
ACC03037,CUST2967,Current,Los Angeles,55811.74,INR
ACC03038,CUST2968,Fixed Deposit,San Antonio,91801.8,GBP
ACC03039,CUST2969,Recurring Deposit,Los Angeles,53891.38,GBP
ACC03040,CUST2736,Current,Los Angeles,17994.66,JPY
ACC03041,CUST2970,Fixed Deposit,Phoenix,99872.38,GBP
ACC03042,CUST2971,Savings,Phoenix,75812.13,GBP
ACC03043,CUST2972,Recurring Deposit,Phoenix,30798.26,JPY
ACC03044,CUST2973,Recurring Deposit,Los Angeles,32587.32,INR
ACC03045,CUST2974,Fixed Deposit,Phoenix,85010.59,INR
ACC03046,CUST1871,Savings,Philadelphia,8079.13,INR
ACC03047,CUST2975,Current,Phoenix,169.24,JPY
ACC03048,CUST2976,Current,New York,86798.5,JPY
ACC03049,CUST2977,Fixed Deposit,New York,97265.16,USD
ACC03050,CUST2978,Savings,Houston,8196.14,GBP
ACC03051,CUST2979,Savings,Chicago,98962.04,USD
ACC03052,CUST2980,Current,San Antonio,75542.15,JPY
ACC03053,CUST2981,Recurring Deposit,San Diego,52633.22,JPY
ACC03054,CUST2322,Savings,San Diego,25841.3,EUR
ACC03055,CUST2932,Current,New York,66766.11,INR
ACC03056,CUST2982,Current,Philadelphia,28192.06,EUR
ACC03057,CUST2983,Recurring Deposit,San Antonio,86933.36,GBP
ACC03058,CUST2984,Fixed Deposit,San Diego,68418.77,JPY
ACC03059,CUST2985,Savings,Houston,42186.21,JPY
ACC03060,CUST2986,Current,Phoenix,12880.98,INR
ACC03061,CUST2987,Recurring Deposit,San Diego,54385.19,JPY
ACC03062,CUST2988,Fixed Deposit,Chicago,42683.34,INR
ACC03063,CUST2989,Fixed Deposit,Chicago,42557.55,GBP
ACC03064,CUST2990,Fixed Deposit,San Antonio,74924.21,INR
ACC03065,CUST2991,Recurring Deposit,San Antonio,53866.13,USD
ACC03066,CUST2992,Savings,Houston,32625.4,JPY
ACC03067,CUST2993,Fixed Deposit,Phoenix,19261.89,GBP
ACC03068,CUST2994,Savings,Houston,56565.82,GBP
ACC03069,CUST2995,Recurring Deposit,Philadelphia,72511.37,USD
ACC03070,CUST2996,Current,Chicago,51710.62,JPY
ACC03071,CUST2997,Savings,Philadelphia,12313.16,GBP
ACC03072,CUST2998,Fixed Deposit,Los Angeles,15661.64,USD
ACC03073,CUST2999,Current,Chicago,28899.78,EUR
ACC03074,CUST3000,Recurring Deposit,San Diego,75606.66,JPY
ACC03075,CUST2689,Recurring Deposit,San Diego,50302.6,INR
ACC03076,CUST3001,Savings,New York,16446.2,INR
ACC03077,CUST3002,Current,San Diego,74480.24,USD
ACC03078,CUST3003,Current,Philadelphia,44304.34,EUR
ACC03079,CUST3004,Recurring Deposit,Houston,11336.97,USD
ACC03080,CUST3005,Recurring Deposit,San Antonio,13606.94,INR
ACC03081,CUST3006,Savings,Philadelphia,66861.1,USD
ACC03082,CUST3007,Fixed Deposit,San Antonio,4382.79,USD
ACC03083,CUST3008,Recurring Deposit,Los Angeles,45561.58,INR
ACC03084,CUST3009,Current,New York,3967.9,USD
ACC03085,CUST3010,Recurring Deposit,San Antonio,42364.0,EUR
ACC03086,CUST3011,Current,San Diego,74104.27,USD
ACC03087,CUST3012,Recurring Deposit,Phoenix,30968.17,INR
ACC03088,CUST3013,Savings,Philadelphia,1513.39,JPY
ACC03089,CUST3014,Fixed Deposit,San Diego,98354.69,INR
ACC03090,CUST3015,Current,New York,66992.9,INR
ACC03091,CUST3016,Current,Los Angeles,83731.31,INR
ACC03092,CUST3017,Savings,San Antonio,95853.77,JPY
ACC03093,CUST3018,Savings,New York,33693.83,USD
ACC03094,CUST3019,Fixed Deposit,Phoenix,3459.36,INR
ACC03095,CUST3020,Fixed Deposit,Los Angeles,46162.24,GBP
ACC03096,CUST3021,Savings,San Diego,14727.99,USD
ACC03097,CUST3022,Savings,San Antonio,49023.79,INR
ACC03098,CUST3023,Fixed Deposit,Houston,23444.48,INR
ACC03099,CUST3024,Fixed Deposit,Houston,67529.47,JPY
ACC03100,CUST3025,Current,New York,34752.68,INR
ACC03101,CUST3026,Recurring Deposit,Los Angeles,67142.43,USD
ACC03102,CUST3027,Fixed Deposit,San Antonio,3758.44,JPY
ACC03103,CUST3028,Fixed Deposit,Philadelphia,64663.68,USD
ACC03104,CUST3029,Recurring Deposit,Philadelphia,48480.92,GBP
ACC03105,CUST3030,Fixed Deposit,Houston,8059.25,EUR
ACC03106,CUST3031,Recurring Deposit,Los Angeles,33808.25,GBP
ACC03107,CUST3032,Savings,Chicago,56953.73,EUR
ACC03108,CUST3033,Fixed Deposit,San Diego,60949.68,INR
ACC03109,CUST3034,Savings,Chicago,8733.3,EUR
ACC03110,CUST3035,Fixed Deposit,Houston,13480.9,INR
ACC03111,CUST3036,Current,Philadelphia,71921.94,GBP
ACC03112,CUST3037,Fixed Deposit,New York,25141.64,JPY
ACC03113,CUST3038,Fixed Deposit,Houston,25757.6,JPY
ACC03114,CUST3039,Fixed Deposit,Phoenix,30217.36,JPY
ACC03115,CUST3040,Savings,San Diego,58318.84,GBP
ACC03116,CUST3041,Current,San Antonio,50052.55,USD
ACC03117,CUST3042,Current,New York,40697.33,INR
ACC03118,CUST3043,Current,Philadelphia,30456.08,GBP
ACC03119,CUST3044,Current,San Diego,84827.54,JPY
ACC03120,CUST3045,Fixed Deposit,Los Angeles,74012.45,INR
ACC03121,CUST3046,Recurring Deposit,San Antonio,82178.63,USD
ACC03122,CUST3047,Recurring Deposit,Phoenix,7379.66,EUR
ACC03123,CUST1530,Current,New York,43830.96,JPY
ACC03124,CUST3048,Fixed Deposit,Philadelphia,73500.62,GBP
ACC03125,CUST3049,Fixed Deposit,Houston,93055.27,USD
ACC03126,CUST3050,Savings,Los Angeles,83547.0,USD
ACC03127,CUST3051,Fixed Deposit,Chicago,11037.6,GBP
ACC03128,CUST3052,Current,Chicago,55542.42,USD
ACC03129,CUST3053,Recurring Deposit,Houston,10443.38,JPY
ACC03130,CUST3054,Savings,Phoenix,46698.76,GBP
ACC03131,CUST3055,Savings,Los Angeles,21281.23,JPY
ACC03132,CUST3056,Recurring Deposit,San Antonio,98443.56,JPY
ACC03133,CUST3057,Savings,Los Angeles,98506.22,INR
ACC03134,CUST3058,Current,New York,20727.76,INR
ACC03135,CUST3059,Recurring Deposit,New York,83118.63,USD
ACC03136,CUST2489,Savings,Los Angeles,16885.46,JPY
ACC03137,CUST3060,Fixed Deposit,Chicago,72247.25,JPY
ACC03138,CUST3061,Savings,Philadelphia,37028.19,JPY
ACC03139,CUST3062,Recurring Deposit,Chicago,93755.1,INR
ACC03140,CUST3063,Current,Los Angeles,26822.02,INR
ACC03141,CUST3064,Savings,San Diego,99910.68,USD
ACC03142,CUST3065,Recurring Deposit,Phoenix,59423.36,USD
ACC03143,CUST3066,Recurring Deposit,Los Angeles,76148.29,JPY
ACC03144,CUST3067,Savings,Houston,85813.29,EUR
ACC03145,CUST3068,Recurring Deposit,Philadelphia,97751.81,JPY
ACC03146,CUST3069,Recurring Deposit,San Diego,98382.54,JPY
ACC03147,CUST3070,Fixed Deposit,Chicago,24017.81,GBP
ACC03148,CUST3071,Savings,Philadelphia,75880.62,USD
ACC03149,CUST3072,Recurring Deposit,Houston,16980.45,JPY
ACC03150,CUST3073,Current,Chicago,65403.75,EUR
ACC03151,CUST3074,Savings,New York,37469.43,INR
ACC03152,CUST3075,Savings,Phoenix,27999.8,EUR
ACC03153,CUST3076,Recurring Deposit,San Antonio,58846.22,INR
ACC03154,CUST3077,Savings,San Diego,19594.61,JPY
ACC03155,CUST3078,Fixed Deposit,Houston,56865.83,USD
ACC03156,CUST3079,Fixed Deposit,Houston,61992.11,JPY
ACC03157,CUST3080,Current,Houston,31594.35,JPY
ACC03158,CUST0211,Current,Houston,98916.46,INR
ACC03159,CUST3081,Fixed Deposit,New York,75638.39,INR
ACC03160,CUST3082,Savings,Phoenix,86012.94,INR
ACC03161,CUST3083,Savings,Chicago,8668.64,USD
ACC03162,CUST3084,Recurring Deposit,Houston,24688.4,INR
ACC03163,CUST3085,Savings,New York,81391.32,EUR
ACC03164,CUST0152,Fixed Deposit,Phoenix,72227.03,INR
ACC03165,CUST3086,Savings,Houston,17602.38,USD
ACC03166,CUST3087,Recurring Deposit,Philadelphia,68461.81,USD
ACC03167,CUST3088,Current,Chicago,59874.44,USD
ACC03168,CUST3089,Recurring Deposit,Chicago,52363.09,EUR
ACC03169,CUST3090,Savings,Phoenix,38015.51,EUR
ACC03170,CUST3091,Savings,San Diego,90665.75,USD
ACC03171,CUST3092,Fixed Deposit,Philadelphia,76672.73,GBP
ACC03172,CUST3093,Current,Philadelphia,25278.51,USD
ACC03173,CUST3094,Current,Los Angeles,32666.02,USD
ACC03174,CUST3095,Recurring Deposit,Phoenix,38812.42,GBP
ACC03175,CUST3096,Current,New York,77091.36,JPY
ACC03176,CUST3097,Fixed Deposit,San Diego,25236.38,USD
ACC03177,CUST3098,Current,Phoenix,23668.52,GBP
ACC03178,CUST3099,Current,Phoenix,67695.28,EUR
ACC03179,CUST3100,Fixed Deposit,Phoenix,99958.01,INR
ACC03180,CUST3101,Recurring Deposit,Phoenix,24524.15,EUR
ACC03181,CUST3102,Fixed Deposit,Phoenix,1778.58,JPY
ACC03182,CUST3103,Savings,Philadelphia,83651.11,EUR
ACC03183,CUST3104,Recurring Deposit,Los Angeles,45933.57,GBP
ACC03184,CUST3105,Fixed Deposit,Houston,53759.12,EUR
ACC03185,CUST3106,Current,Philadelphia,60407.16,INR
ACC03186,CUST3107,Savings,Philadelphia,96093.91,GBP
ACC03187,CUST3108,Fixed Deposit,Houston,70825.18,USD
ACC03188,CUST3109,Recurring Deposit,Los Angeles,16209.92,EUR
ACC03189,CUST3110,Fixed Deposit,Chicago,9927.59,USD
ACC03190,CUST3111,Recurring Deposit,Houston,24558.0,EUR
ACC03191,CUST3112,Savings,Philadelphia,73904.65,USD
ACC03192,CUST3113,Savings,San Diego,19946.85,INR
ACC03193,CUST3114,Fixed Deposit,New York,84936.48,USD
ACC03194,CUST3115,Savings,New York,14923.02,JPY
ACC03195,CUST3116,Fixed Deposit,Houston,5190.66,USD
ACC03196,CUST3117,Savings,Philadelphia,33663.14,INR
ACC03197,CUST3118,Current,Phoenix,1157.31,USD
ACC03198,CUST3119,Fixed Deposit,San Diego,62401.88,USD
ACC03199,CUST3120,Current,Philadelphia,1759.77,JPY
ACC03200,CUST3121,Fixed Deposit,San Antonio,85825.46,JPY
ACC03201,CUST3122,Recurring Deposit,Phoenix,13074.33,JPY
ACC03202,CUST3123,Savings,Los Angeles,57326.91,EUR
ACC03203,CUST3124,Current,Los Angeles,31439.09,EUR
ACC03204,CUST3125,Current,Chicago,78242.74,JPY
ACC03205,CUST3126,Fixed Deposit,Philadelphia,71165.1,GBP
ACC03206,CUST3127,Fixed Deposit,San Diego,47495.61,USD
ACC03207,CUST3128,Recurring Deposit,Chicago,81012.62,EUR
ACC03208,CUST3129,Savings,Philadelphia,35689.98,INR
ACC03209,CUST3130,Savings,New York,41156.87,USD
ACC03210,CUST3131,Fixed Deposit,Chicago,34297.55,GBP
ACC03211,CUST3132,Current,Los Angeles,19645.5,INR
ACC03212,CUST3133,Savings,San Diego,58093.69,USD
ACC03213,CUST3134,Current,Phoenix,34343.04,EUR
ACC03214,CUST3135,Savings,Houston,38640.53,USD
ACC03215,CUST3136,Current,New York,32747.67,USD
ACC03216,CUST3137,Current,San Diego,55831.66,GBP
ACC03217,CUST3138,Savings,Philadelphia,67174.26,USD
ACC03218,CUST3139,Current,Philadelphia,61001.93,JPY
ACC03219,CUST3140,Savings,Houston,26604.24,GBP
ACC03220,CUST3141,Fixed Deposit,San Antonio,54978.36,GBP
ACC03221,CUST3142,Fixed Deposit,New York,6324.02,EUR
ACC03222,CUST3143,Savings,Houston,89802.78,INR
ACC03223,CUST3144,Savings,San Antonio,35750.59,JPY
ACC03224,CUST3145,Fixed Deposit,New York,66610.71,GBP
ACC03225,CUST3146,Recurring Deposit,Houston,38153.17,INR
ACC03226,CUST3147,Recurring Deposit,San Diego,71943.12,EUR
ACC03227,CUST3148,Fixed Deposit,San Diego,20741.22,GBP
ACC03228,CUST3149,Fixed Deposit,New York,10071.35,GBP
ACC03229,CUST3150,Current,San Diego,37862.23,USD
ACC03230,CUST3151,Current,Phoenix,28189.24,INR
ACC03231,CUST3152,Fixed Deposit,Philadelphia,65635.63,USD
ACC03232,CUST3153,Fixed Deposit,Chicago,95396.18,EUR
ACC03233,CUST3154,Current,San Diego,17313.79,INR
ACC03234,CUST3155,Recurring Deposit,Phoenix,52036.73,JPY
ACC03235,CUST3156,Savings,San Antonio,27895.58,INR
ACC03236,CUST3157,Recurring Deposit,Houston,44681.22,GBP
ACC03237,CUST3158,Fixed Deposit,New York,70275.97,EUR
ACC03238,CUST3159,Fixed Deposit,Houston,66855.67,JPY
ACC03239,CUST3160,Current,Phoenix,79916.38,USD
ACC03240,CUST3161,Current,San Antonio,3299.59,EUR
ACC03241,CUST3162,Recurring Deposit,Philadelphia,1735.47,JPY
ACC03242,CUST3163,Fixed Deposit,New York,32604.33,USD
ACC03243,CUST3164,Current,Phoenix,7011.87,EUR
ACC03244,CUST3165,Recurring Deposit,San Diego,15390.7,USD
ACC03245,CUST3166,Recurring Deposit,San Antonio,89828.03,USD
ACC03246,CUST3167,Current,New York,52159.65,JPY
ACC03247,CUST3168,Fixed Deposit,San Antonio,73177.79,JPY
ACC03248,CUST3169,Fixed Deposit,San Antonio,55412.85,EUR
ACC03249,CUST3170,Savings,San Diego,8083.64,USD
ACC03250,CUST0816,Fixed Deposit,Houston,92441.28,JPY
ACC03251,CUST3171,Recurring Deposit,Chicago,85191.03,INR
ACC03252,CUST3172,Current,Phoenix,93006.18,JPY
ACC03253,CUST3173,Fixed Deposit,Chicago,18719.58,EUR
ACC03254,CUST3174,Savings,San Antonio,22846.51,USD
ACC03255,CUST3175,Current,Chicago,71228.48,USD
ACC03256,CUST3176,Savings,Philadelphia,13941.77,INR
ACC03257,CUST3177,Savings,Phoenix,5464.93,USD
ACC03258,CUST3178,Fixed Deposit,Philadelphia,32720.2,EUR
ACC03259,CUST3179,Current,Phoenix,55324.84,JPY
ACC03260,CUST3180,Savings,Philadelphia,83342.18,INR
ACC03261,CUST3181,Recurring Deposit,Philadelphia,17592.99,EUR
ACC03262,CUST3182,Fixed Deposit,San Diego,63927.92,GBP
ACC03263,CUST3183,Recurring Deposit,Philadelphia,79827.11,USD
ACC03264,CUST3184,Fixed Deposit,Los Angeles,17816.81,EUR
ACC03265,CUST3185,Recurring Deposit,San Antonio,3101.02,JPY
ACC03266,CUST3186,Recurring Deposit,Chicago,98393.23,JPY
ACC03267,CUST3187,Recurring Deposit,San Diego,79616.39,USD
ACC03268,CUST0522,Savings,Philadelphia,19831.47,EUR
ACC03269,CUST3188,Recurring Deposit,Philadelphia,58881.62,JPY
ACC03270,CUST3189,Fixed Deposit,New York,1359.87,INR
ACC03271,CUST3190,Savings,Chicago,68621.21,EUR
ACC03272,CUST3191,Savings,Chicago,47468.67,GBP
ACC03273,CUST3192,Fixed Deposit,Phoenix,2461.54,USD
ACC03274,CUST3193,Recurring Deposit,Chicago,69295.68,JPY
ACC03275,CUST3194,Savings,Chicago,73432.17,USD
ACC03276,CUST1071,Recurring Deposit,New York,44136.65,INR
ACC03277,CUST3195,Current,San Diego,21416.56,INR
ACC03278,CUST3196,Fixed Deposit,San Diego,38464.17,GBP
ACC03279,CUST1993,Current,Phoenix,6346.99,JPY
ACC03280,CUST3197,Current,Philadelphia,91861.26,INR
ACC03281,CUST3198,Current,Phoenix,30025.08,INR
ACC03282,CUST3199,Savings,Los Angeles,94788.53,INR
ACC03283,CUST3200,Savings,New York,77252.04,INR
ACC03284,CUST3201,Savings,San Diego,13683.01,USD
ACC03285,CUST3202,Recurring Deposit,Houston,56605.65,EUR
ACC03286,CUST3203,Recurring Deposit,Philadelphia,92260.73,JPY
ACC03287,CUST3204,Savings,Chicago,57437.24,USD
ACC03288,CUST3205,Recurring Deposit,Chicago,21496.93,JPY
ACC03289,CUST3206,Savings,San Diego,20373.93,JPY
ACC03290,CUST3207,Recurring Deposit,Chicago,41035.53,EUR
ACC03291,CUST3208,Recurring Deposit,Chicago,76601.97,GBP
ACC03292,CUST3209,Fixed Deposit,San Antonio,48196.52,EUR
ACC03293,CUST1159,Savings,Phoenix,98498.58,JPY
ACC03294,CUST3210,Fixed Deposit,Phoenix,18474.06,EUR
ACC03295,CUST3211,Recurring Deposit,San Diego,54059.05,GBP
ACC03296,CUST3212,Fixed Deposit,Phoenix,43059.5,INR
ACC03297,CUST3213,Savings,New York,21393.71,JPY
ACC03298,CUST3214,Savings,Philadelphia,75568.47,USD
ACC03299,CUST3215,Current,Los Angeles,24887.38,EUR
ACC03300,CUST3216,Current,San Antonio,79522.04,JPY
ACC03301,CUST3217,Savings,San Diego,19710.03,JPY
ACC03302,CUST3218,Recurring Deposit,Houston,88321.32,GBP
ACC03303,CUST3219,Fixed Deposit,Los Angeles,78258.56,EUR
ACC03304,CUST3220,Fixed Deposit,San Antonio,9701.17,JPY
ACC03305,CUST3221,Current,San Diego,17955.28,INR
ACC03306,CUST1305,Savings,Philadelphia,70546.72,GBP
ACC03307,CUST3222,Current,Chicago,9910.65,USD
ACC03308,CUST3223,Current,Los Angeles,44889.72,USD
ACC03309,CUST3224,Fixed Deposit,Chicago,11262.07,USD
ACC03310,CUST3225,Current,San Diego,25468.06,INR
ACC03311,CUST3226,Current,Chicago,56346.44,INR
ACC03312,CUST3227,Current,Chicago,2290.15,INR
ACC03313,CUST3228,Current,San Diego,13563.61,INR
ACC03314,CUST3229,Current,Chicago,68185.08,GBP
ACC03315,CUST2634,Fixed Deposit,Chicago,60506.78,JPY
ACC03316,CUST3230,Savings,New York,93396.72,EUR
ACC03317,CUST3231,Savings,San Antonio,50409.32,INR
ACC03318,CUST3232,Savings,San Diego,75185.58,GBP
ACC03319,CUST1429,Recurring Deposit,San Antonio,57383.71,EUR
ACC03320,CUST3233,Fixed Deposit,Houston,10743.05,GBP
ACC03321,CUST3234,Fixed Deposit,New York,26965.71,USD
ACC03322,CUST3235,Savings,San Antonio,3432.8,JPY
ACC03323,CUST3236,Recurring Deposit,Phoenix,15872.16,EUR
ACC03324,CUST3237,Recurring Deposit,Chicago,52818.11,GBP
ACC03325,CUST3238,Savings,Chicago,91203.41,JPY
ACC03326,CUST3239,Recurring Deposit,Phoenix,949.29,INR
ACC03327,CUST3240,Fixed Deposit,Houston,38067.33,INR
ACC03328,CUST3241,Fixed Deposit,Chicago,92127.88,EUR
ACC03329,CUST3242,Fixed Deposit,New York,72130.91,GBP
ACC03330,CUST3243,Current,New York,11755.01,JPY
ACC03331,CUST3244,Recurring Deposit,San Diego,54718.67,JPY
ACC03332,CUST2218,Savings,New York,68791.01,JPY
ACC03333,CUST3245,Fixed Deposit,Philadelphia,6271.61,GBP
ACC03334,CUST3246,Current,Phoenix,17821.25,USD
ACC03335,CUST3247,Recurring Deposit,Chicago,30985.07,JPY
ACC03336,CUST3248,Current,Philadelphia,48824.75,INR
ACC03337,CUST3249,Savings,San Diego,80841.3,INR
ACC03338,CUST3250,Savings,Philadelphia,32027.47,USD
ACC03339,CUST3251,Current,Phoenix,92904.67,EUR
ACC03340,CUST3252,Savings,Houston,85677.08,INR
ACC03341,CUST3253,Current,Chicago,99748.85,GBP
ACC03342,CUST3254,Recurring Deposit,Los Angeles,74214.54,JPY
ACC03343,CUST2889,Savings,Philadelphia,28176.35,INR
ACC03344,CUST3255,Recurring Deposit,Philadelphia,38694.76,JPY
ACC03345,CUST3256,Savings,Chicago,34019.88,EUR
ACC03346,CUST3257,Recurring Deposit,Philadelphia,47798.85,USD
ACC03347,CUST3258,Current,Philadelphia,93377.67,JPY
ACC03348,CUST3259,Savings,Houston,72956.82,USD
ACC03349,CUST3260,Current,Los Angeles,42872.21,GBP
ACC03350,CUST3261,Current,San Antonio,91386.97,EUR
ACC03351,CUST3262,Savings,Chicago,2128.8,JPY
ACC03352,CUST3263,Current,Houston,99328.44,EUR
ACC03353,CUST3264,Current,Philadelphia,66771.27,INR
ACC03354,CUST3265,Fixed Deposit,Phoenix,96180.72,GBP
ACC03355,CUST3266,Fixed Deposit,New York,5923.06,GBP
ACC03356,CUST3267,Current,Chicago,79896.85,GBP
ACC03357,CUST3268,Fixed Deposit,Phoenix,36563.69,JPY
ACC03358,CUST3269,Recurring Deposit,Phoenix,68988.55,GBP
ACC03359,CUST3270,Fixed Deposit,San Diego,77774.7,EUR
ACC03360,CUST3271,Savings,Chicago,77138.96,INR
ACC03361,CUST3272,Savings,Philadelphia,32977.79,JPY
ACC03362,CUST3273,Recurring Deposit,Chicago,14980.54,USD
ACC03363,CUST3274,Savings,Philadelphia,80153.61,USD
ACC03364,CUST3275,Current,New York,21505.57,EUR
ACC03365,CUST3276,Recurring Deposit,New York,6747.79,USD
ACC03366,CUST3277,Recurring Deposit,Phoenix,21579.39,EUR
ACC03367,CUST3278,Current,Houston,8403.0,JPY
ACC03368,CUST3279,Recurring Deposit,Chicago,60792.16,INR
ACC03369,CUST3280,Recurring Deposit,Chicago,53275.59,INR
ACC03370,CUST3281,Recurring Deposit,Chicago,72473.59,USD
ACC03371,CUST3282,Fixed Deposit,Los Angeles,40144.92,GBP
ACC03372,CUST3283,Current,New York,89884.44,INR
ACC03373,CUST3284,Current,Los Angeles,99970.85,GBP
ACC03374,CUST3285,Savings,Los Angeles,38427.71,USD
ACC03375,CUST3286,Savings,Phoenix,5821.14,EUR
ACC03376,CUST3287,Fixed Deposit,Houston,68109.21,INR
ACC03377,CUST3288,Recurring Deposit,San Antonio,20176.65,JPY
ACC03378,CUST3289,Current,San Diego,29687.24,GBP
ACC03379,CUST3290,Savings,New York,12479.53,USD
ACC03380,CUST3291,Recurring Deposit,Chicago,75652.59,INR
ACC03381,CUST3292,Recurring Deposit,San Antonio,63091.74,GBP
ACC03382,CUST3293,Savings,New York,4915.0,GBP
ACC03383,CUST3294,Current,Chicago,90367.18,JPY
ACC03384,CUST3295,Fixed Deposit,New York,10310.06,USD
ACC03385,CUST3296,Recurring Deposit,Los Angeles,70717.48,JPY
ACC03386,CUST3297,Current,Houston,95693.71,INR
ACC03387,CUST3298,Savings,Los Angeles,51751.01,JPY
ACC03388,CUST3299,Fixed Deposit,Phoenix,84785.26,EUR
ACC03389,CUST3300,Savings,Philadelphia,17212.73,GBP
ACC03390,CUST3301,Recurring Deposit,Los Angeles,87605.71,INR
ACC03391,CUST3302,Current,Los Angeles,2127.03,EUR
ACC03392,CUST3303,Recurring Deposit,Philadelphia,2790.65,GBP
ACC03393,CUST3304,Recurring Deposit,Chicago,14614.55,JPY
ACC03394,CUST3305,Recurring Deposit,Houston,75524.91,INR
ACC03395,CUST3306,Current,San Antonio,60726.12,JPY
ACC03396,CUST3307,Current,Los Angeles,67706.95,USD
ACC03397,CUST3308,Savings,Philadelphia,38836.35,USD
ACC03398,CUST3309,Savings,San Antonio,7825.31,USD
ACC03399,CUST3310,Savings,Philadelphia,90847.12,EUR
ACC03400,CUST3311,Current,Los Angeles,19087.61,INR
ACC03401,CUST3312,Recurring Deposit,Chicago,93681.09,GBP
ACC03402,CUST3313,Savings,New York,7913.68,USD
ACC03403,CUST3314,Current,Philadelphia,95221.36,EUR
ACC03404,CUST3315,Current,Chicago,94213.8,JPY
ACC03405,CUST3316,Savings,San Antonio,16721.83,INR
ACC03406,CUST3317,Recurring Deposit,Los Angeles,83311.76,INR
ACC03407,CUST3318,Recurring Deposit,New York,28122.2,JPY
ACC03408,CUST3319,Savings,San Diego,17201.46,GBP
ACC03409,CUST3320,Fixed Deposit,Phoenix,99072.77,USD
ACC03410,CUST3321,Savings,Phoenix,75569.89,GBP
ACC03411,CUST3322,Fixed Deposit,New York,29921.71,USD
ACC03412,CUST3323,Savings,San Diego,92854.34,INR
ACC03413,CUST3324,Current,Chicago,65621.32,USD
ACC03414,CUST3325,Savings,San Diego,98139.07,GBP
ACC03415,CUST3326,Recurring Deposit,Phoenix,95980.55,USD
ACC03416,CUST3327,Recurring Deposit,New York,12667.25,EUR
ACC03417,CUST3328,Savings,Phoenix,93095.02,USD
ACC03418,CUST3329,Fixed Deposit,Phoenix,11970.98,JPY
ACC03419,CUST3330,Recurring Deposit,San Antonio,55028.21,INR
ACC03420,CUST3331,Savings,New York,82403.02,INR
ACC03421,CUST3332,Savings,San Antonio,98648.05,EUR
ACC03422,CUST3333,Savings,San Antonio,8132.96,EUR
ACC03423,CUST0842,Recurring Deposit,New York,64997.92,EUR
ACC03424,CUST3334,Recurring Deposit,New York,20272.9,EUR
ACC03425,CUST3335,Fixed Deposit,Los Angeles,83616.27,INR
ACC03426,CUST3336,Savings,Los Angeles,20152.05,EUR
ACC03427,CUST3337,Savings,New York,25283.37,EUR
ACC03428,CUST3338,Fixed Deposit,Phoenix,95803.03,GBP
ACC03429,CUST3339,Fixed Deposit,San Antonio,72404.33,INR
ACC03430,CUST3340,Current,San Antonio,99896.35,INR
ACC03431,CUST3341,Savings,New York,53683.29,EUR
ACC03432,CUST3342,Fixed Deposit,Los Angeles,504.32,JPY
ACC03433,CUST3343,Current,San Antonio,63366.93,JPY
ACC03434,CUST3344,Fixed Deposit,San Antonio,2558.5,JPY
ACC03435,CUST3345,Fixed Deposit,Chicago,53185.68,EUR
ACC03436,CUST3346,Current,New York,99608.12,EUR
ACC03437,CUST3347,Fixed Deposit,Houston,58316.3,GBP
ACC03438,CUST3348,Recurring Deposit,San Antonio,66810.93,USD
ACC03439,CUST3349,Savings,Chicago,87856.47,INR
ACC03440,CUST3350,Fixed Deposit,Houston,29984.94,USD
ACC03441,CUST3351,Recurring Deposit,Phoenix,25484.54,INR
ACC03442,CUST3352,Current,Los Angeles,23377.8,JPY
ACC03443,CUST3353,Fixed Deposit,San Diego,40437.09,GBP
ACC03444,CUST3354,Fixed Deposit,Chicago,55026.63,GBP
ACC03445,CUST3355,Savings,San Antonio,1419.22,USD
ACC03446,CUST3356,Fixed Deposit,Los Angeles,69350.24,JPY
ACC03447,CUST3357,Fixed Deposit,Phoenix,70069.61,INR
ACC03448,CUST3358,Savings,Phoenix,28935.45,JPY
ACC03449,CUST3359,Savings,Houston,39799.23,INR
ACC03450,CUST3360,Current,Houston,52777.36,GBP
ACC03451,CUST3361,Current,Los Angeles,61121.1,USD
ACC03452,CUST3362,Current,Houston,98219.04,USD
ACC03453,CUST3363,Current,Phoenix,37683.72,EUR
ACC03454,CUST3364,Fixed Deposit,Los Angeles,34344.38,INR
ACC03455,CUST3365,Fixed Deposit,Houston,82774.5,INR
ACC03456,CUST3366,Savings,Houston,87537.6,JPY
ACC03457,CUST3367,Recurring Deposit,San Diego,92795.96,INR
ACC03458,CUST3368,Savings,Chicago,49647.07,INR
ACC03459,CUST3369,Savings,Los Angeles,4343.78,GBP
ACC03460,CUST3370,Savings,San Antonio,61595.53,USD
ACC03461,CUST3371,Recurring Deposit,Chicago,8635.8,GBP
ACC03462,CUST3372,Savings,New York,30299.52,EUR
ACC03463,CUST3373,Current,San Diego,5177.12,GBP
ACC03464,CUST3374,Recurring Deposit,San Antonio,48315.58,INR
ACC03465,CUST3375,Current,New York,34443.58,EUR
ACC03466,CUST3376,Recurring Deposit,Houston,79717.55,JPY
ACC03467,CUST3377,Savings,Chicago,34258.77,USD
ACC03468,CUST3378,Current,San Antonio,10767.22,GBP
ACC03469,CUST3379,Current,Chicago,94277.71,JPY
ACC03470,CUST3380,Fixed Deposit,Philadelphia,34246.73,JPY
ACC03471,CUST3381,Recurring Deposit,Chicago,3302.32,EUR
ACC03472,CUST3382,Current,New York,22552.07,JPY
ACC03473,CUST3383,Fixed Deposit,Philadelphia,73176.23,INR
ACC03474,CUST0587,Fixed Deposit,Phoenix,91335.85,INR
ACC03475,CUST3384,Current,New York,26798.37,EUR
ACC03476,CUST3385,Savings,Houston,80041.51,JPY
ACC03477,CUST3386,Recurring Deposit,Chicago,2139.1,GBP
ACC03478,CUST3387,Recurring Deposit,Phoenix,83084.64,JPY
ACC03479,CUST3388,Recurring Deposit,Los Angeles,617.48,INR
ACC03480,CUST3389,Savings,Chicago,30088.1,USD
ACC03481,CUST3390,Current,Los Angeles,78836.07,EUR
ACC03482,CUST3391,Current,Los Angeles,21343.59,GBP
ACC03483,CUST3392,Savings,Phoenix,27418.27,INR
ACC03484,CUST3393,Fixed Deposit,Philadelphia,74210.12,GBP
ACC03485,CUST3394,Recurring Deposit,San Diego,75182.38,INR
ACC03486,CUST3395,Recurring Deposit,Phoenix,76106.93,USD
ACC03487,CUST3396,Savings,New York,49607.06,GBP
ACC03488,CUST3397,Savings,New York,23954.47,GBP
ACC03489,CUST3398,Savings,San Antonio,43279.42,EUR
ACC03490,CUST3399,Savings,Phoenix,26002.19,JPY
ACC03491,CUST1823,Fixed Deposit,San Antonio,47190.44,EUR
ACC03492,CUST3400,Recurring Deposit,Los Angeles,19504.89,JPY
ACC03493,CUST0294,Current,Chicago,32114.38,EUR
ACC03494,CUST3401,Current,Philadelphia,70003.69,GBP
ACC03495,CUST3402,Savings,Houston,51829.28,JPY
ACC03496,CUST3403,Current,Houston,62411.77,USD
ACC03497,CUST3404,Fixed Deposit,San Antonio,97656.41,INR
ACC03498,CUST3405,Fixed Deposit,Los Angeles,95772.27,USD
ACC03499,CUST3406,Savings,Philadelphia,48089.53,USD
ACC03500,CUST3407,Fixed Deposit,New York,24325.35,USD
ACC03501,CUST3408,Current,Houston,14876.23,JPY
ACC03502,CUST3409,Current,San Antonio,20135.88,GBP
ACC03503,CUST3410,Savings,Houston,15475.44,GBP
ACC03504,CUST3411,Fixed Deposit,Philadelphia,95813.23,JPY
ACC03505,CUST3412,Fixed Deposit,New York,71154.05,USD
ACC03506,CUST2529,Fixed Deposit,San Diego,76716.61,INR
ACC03507,CUST3413,Recurring Deposit,Phoenix,85841.76,USD
ACC03508,CUST3414,Fixed Deposit,Philadelphia,15307.73,EUR
ACC03509,CUST3415,Fixed Deposit,Houston,29784.79,GBP
ACC03510,CUST3416,Current,Phoenix,72414.53,INR
ACC03511,CUST3417,Recurring Deposit,Houston,15095.14,INR
ACC03512,CUST3418,Savings,San Antonio,24312.91,INR
ACC03513,CUST3419,Recurring Deposit,Chicago,21384.82,JPY
ACC03514,CUST3420,Savings,San Diego,95182.71,INR
ACC03515,CUST3421,Fixed Deposit,Phoenix,64497.07,USD
ACC03516,CUST3422,Savings,Los Angeles,80231.7,USD
ACC03517,CUST3423,Fixed Deposit,San Diego,78581.82,USD
ACC03518,CUST3424,Fixed Deposit,Houston,68593.1,EUR
ACC03519,CUST1874,Fixed Deposit,San Antonio,80980.54,GBP
ACC03520,CUST3425,Recurring Deposit,Houston,53139.47,JPY
ACC03521,CUST3426,Recurring Deposit,New York,61862.35,USD
ACC03522,CUST3427,Fixed Deposit,Los Angeles,22166.51,JPY
ACC03523,CUST3428,Savings,Chicago,64936.53,USD
ACC03524,CUST3429,Savings,Los Angeles,41768.93,GBP
ACC03525,CUST3430,Recurring Deposit,Los Angeles,41945.03,EUR
ACC03526,CUST3431,Current,San Antonio,89208.0,INR
ACC03527,CUST3432,Savings,Philadelphia,15188.69,USD
ACC03528,CUST3433,Current,Houston,98240.57,USD
ACC03529,CUST2098,Recurring Deposit,San Antonio,59402.18,GBP
ACC03530,CUST3434,Recurring Deposit,Chicago,98939.92,GBP
ACC03531,CUST3435,Current,Phoenix,53723.4,GBP
ACC03532,CUST3436,Current,San Diego,47959.19,USD
ACC03533,CUST3437,Current,Chicago,24944.06,EUR
ACC03534,CUST3438,Current,Los Angeles,48359.05,JPY
ACC03535,CUST3439,Current,San Diego,9886.35,INR
ACC03536,CUST3440,Savings,Philadelphia,60987.12,GBP
ACC03537,CUST3441,Current,Philadelphia,41952.13,INR
ACC03538,CUST3442,Current,Chicago,57839.51,EUR
ACC03539,CUST3443,Recurring Deposit,Chicago,50236.76,USD
ACC03540,CUST3444,Fixed Deposit,San Diego,6388.56,GBP
ACC03541,CUST3445,Recurring Deposit,San Antonio,84026.33,JPY
ACC03542,CUST3446,Recurring Deposit,San Antonio,93198.8,JPY
ACC03543,CUST3447,Savings,San Antonio,47391.87,GBP
ACC03544,CUST3448,Current,San Diego,94500.42,EUR
ACC03545,CUST3449,Fixed Deposit,San Diego,10144.76,INR
ACC03546,CUST3450,Savings,New York,40266.93,GBP
ACC03547,CUST3451,Savings,Philadelphia,25109.91,USD
ACC03548,CUST3452,Current,San Antonio,65705.24,JPY
ACC03549,CUST3453,Recurring Deposit,Philadelphia,6309.98,USD
ACC03550,CUST3454,Fixed Deposit,New York,72081.5,INR
ACC03551,CUST3455,Current,Los Angeles,39626.33,EUR
ACC03552,CUST3456,Savings,Philadelphia,24695.29,GBP
ACC03553,CUST2043,Savings,Phoenix,4054.0,GBP
ACC03554,CUST3457,Current,Philadelphia,39578.46,EUR
ACC03555,CUST3458,Fixed Deposit,San Antonio,5983.08,JPY
ACC03556,CUST3459,Fixed Deposit,Houston,59754.54,USD
ACC03557,CUST3460,Current,San Antonio,8861.37,INR
ACC03558,CUST3461,Recurring Deposit,Chicago,32765.0,GBP
ACC03559,CUST3462,Savings,Los Angeles,48652.79,EUR
ACC03560,CUST3463,Recurring Deposit,San Diego,71708.19,USD
ACC03561,CUST3464,Fixed Deposit,Chicago,56373.12,GBP
ACC03562,CUST2389,Fixed Deposit,San Antonio,90589.39,GBP
ACC03563,CUST3465,Recurring Deposit,Houston,21120.88,INR
ACC03564,CUST3466,Fixed Deposit,San Diego,42314.17,GBP
ACC03565,CUST3467,Recurring Deposit,Los Angeles,64121.77,USD
ACC03566,CUST3468,Savings,San Antonio,8045.32,JPY
ACC03567,CUST3469,Current,Phoenix,51547.45,USD
ACC03568,CUST3470,Current,Chicago,17219.4,INR
ACC03569,CUST3471,Fixed Deposit,San Antonio,14090.22,JPY
ACC03570,CUST3472,Current,Philadelphia,22813.22,JPY
ACC03571,CUST3473,Fixed Deposit,Houston,88553.09,INR
ACC03572,CUST3474,Current,San Antonio,39218.97,INR
ACC03573,CUST3475,Fixed Deposit,Philadelphia,22310.64,EUR
ACC03574,CUST3476,Fixed Deposit,Los Angeles,31558.99,JPY
ACC03575,CUST3477,Savings,Houston,87622.23,EUR
ACC03576,CUST3478,Current,Chicago,17823.05,EUR
ACC03577,CUST3479,Savings,New York,12776.31,JPY
ACC03578,CUST3480,Current,Phoenix,27065.66,INR
ACC03579,CUST3481,Recurring Deposit,New York,25716.44,USD
ACC03580,CUST3482,Recurring Deposit,New York,35676.35,EUR
ACC03581,CUST3483,Savings,Philadelphia,92939.61,EUR
ACC03582,CUST3484,Current,Phoenix,4353.57,USD
ACC03583,CUST3485,Current,San Antonio,55403.95,USD
ACC03584,CUST3486,Savings,Philadelphia,18604.97,USD
ACC03585,CUST3487,Current,San Antonio,88424.87,GBP
ACC03586,CUST3488,Recurring Deposit,Houston,72535.13,JPY
ACC03587,CUST2603,Recurring Deposit,San Diego,70134.12,JPY
ACC03588,CUST3489,Recurring Deposit,Phoenix,12775.02,JPY
ACC03589,CUST3490,Fixed Deposit,New York,95529.95,GBP
ACC03590,CUST3491,Savings,New York,85123.14,GBP
ACC03591,CUST3492,Fixed Deposit,Philadelphia,32340.94,GBP
ACC03592,CUST3493,Current,Chicago,73048.54,USD
ACC03593,CUST1643,Recurring Deposit,Philadelphia,64295.36,GBP
ACC03594,CUST3494,Current,Philadelphia,62959.62,EUR
ACC03595,CUST3495,Current,New York,53296.48,GBP
ACC03596,CUST3496,Fixed Deposit,Chicago,70988.74,EUR
ACC03597,CUST3497,Current,Philadelphia,12963.12,EUR
ACC03598,CUST3498,Fixed Deposit,San Diego,63195.13,GBP
ACC03599,CUST3499,Current,New York,66014.03,EUR
ACC03600,CUST3500,Recurring Deposit,New York,22676.53,USD
ACC03601,CUST3501,Fixed Deposit,Phoenix,55869.23,GBP
ACC03602,CUST3502,Recurring Deposit,Chicago,83576.1,JPY
ACC03603,CUST3503,Savings,New York,82783.24,GBP
ACC03604,CUST3504,Current,Chicago,98698.11,USD
ACC03605,CUST3505,Savings,Philadelphia,92691.93,GBP
ACC03606,CUST3506,Recurring Deposit,San Antonio,84508.28,GBP
ACC03607,CUST3507,Savings,Philadelphia,53827.54,EUR
ACC03608,CUST3508,Current,Houston,99852.95,INR
ACC03609,CUST3509,Savings,Chicago,43278.19,INR
ACC03610,CUST3510,Recurring Deposit,Houston,34396.68,EUR
ACC03611,CUST3511,Current,Los Angeles,97974.65,JPY
ACC03612,CUST3512,Recurring Deposit,Philadelphia,79957.76,USD
ACC03613,CUST3513,Recurring Deposit,San Diego,13163.72,EUR
ACC03614,CUST3514,Fixed Deposit,New York,17872.52,USD
ACC03615,CUST0329,Recurring Deposit,Chicago,81762.61,GBP
ACC03616,CUST3515,Recurring Deposit,Houston,3699.81,JPY
ACC03617,CUST3516,Current,San Antonio,99066.6,INR
ACC03618,CUST3517,Savings,Chicago,85407.3,JPY
ACC03619,CUST3518,Fixed Deposit,San Diego,69151.23,INR
ACC03620,CUST3519,Fixed Deposit,Philadelphia,62296.83,JPY
ACC03621,CUST3520,Fixed Deposit,San Antonio,45117.02,GBP
ACC03622,CUST3521,Fixed Deposit,Los Angeles,38945.72,JPY
ACC03623,CUST3522,Recurring Deposit,Philadelphia,28894.66,INR
ACC03624,CUST3523,Savings,San Antonio,46041.04,USD
ACC03625,CUST3524,Current,Phoenix,38002.18,GBP
ACC03626,CUST3525,Savings,Chicago,85479.29,GBP
ACC03627,CUST3526,Fixed Deposit,Houston,81501.94,USD
ACC03628,CUST3527,Current,Philadelphia,27912.97,JPY
ACC03629,CUST3528,Fixed Deposit,Phoenix,63437.6,EUR
ACC03630,CUST3529,Savings,Los Angeles,97665.86,EUR
ACC03631,CUST1589,Current,New York,4866.57,EUR
ACC03632,CUST3530,Savings,San Diego,95149.9,INR
ACC03633,CUST3531,Recurring Deposit,San Diego,80521.96,INR
ACC03634,CUST3532,Fixed Deposit,Chicago,88617.77,EUR
ACC03635,CUST3533,Current,Phoenix,54234.86,JPY
ACC03636,CUST3534,Savings,Chicago,36602.27,GBP
ACC03637,CUST3535,Fixed Deposit,Chicago,7381.04,INR
ACC03638,CUST3536,Current,San Diego,38898.58,JPY
ACC03639,CUST0509,Savings,New York,24043.54,INR
ACC03640,CUST3537,Fixed Deposit,New York,95336.82,INR
ACC03641,CUST3538,Recurring Deposit,New York,83230.29,EUR
ACC03642,CUST3539,Current,Houston,38984.86,INR
ACC03643,CUST3540,Current,San Antonio,78433.6,INR
ACC03644,CUST3541,Savings,Philadelphia,90210.03,EUR
ACC03645,CUST0588,Fixed Deposit,Philadelphia,91103.34,EUR
ACC03646,CUST3542,Fixed Deposit,San Diego,94353.75,JPY
ACC03647,CUST3543,Savings,Los Angeles,31179.09,EUR
ACC03648,CUST3544,Current,New York,90965.06,JPY
ACC03649,CUST3545,Recurring Deposit,San Antonio,79878.57,EUR
ACC03650,CUST3546,Current,Phoenix,857.64,INR
ACC03651,CUST3547,Recurring Deposit,Los Angeles,93321.08,JPY
ACC03652,CUST3548,Current,Chicago,66161.92,GBP
ACC03653,CUST3549,Savings,New York,27071.07,USD
ACC03654,CUST3550,Current,New York,32372.36,GBP
ACC03655,CUST3551,Recurring Deposit,Phoenix,97837.76,USD
ACC03656,CUST3552,Current,Chicago,12114.12,USD
ACC03657,CUST3553,Savings,Los Angeles,6117.0,GBP
ACC03658,CUST3554,Savings,Chicago,73462.29,INR
ACC03659,CUST3555,Savings,Houston,62990.97,GBP
ACC03660,CUST3556,Savings,San Antonio,2131.72,EUR
ACC03661,CUST3557,Current,New York,7780.84,JPY
ACC03662,CUST3558,Recurring Deposit,San Diego,42901.59,GBP
ACC03663,CUST3559,Savings,Philadelphia,71713.18,JPY
ACC03664,CUST3560,Recurring Deposit,Phoenix,49704.49,EUR
ACC03665,CUST3561,Fixed Deposit,Houston,25961.08,INR
ACC03666,CUST3562,Fixed Deposit,Los Angeles,60986.05,JPY
ACC03667,CUST3563,Fixed Deposit,Chicago,80145.98,INR
ACC03668,CUST3564,Fixed Deposit,Phoenix,11234.16,INR
ACC03669,CUST3565,Current,Houston,75080.38,GBP
ACC03670,CUST3566,Current,New York,65563.75,GBP
ACC03671,CUST3567,Fixed Deposit,San Diego,14886.74,EUR
ACC03672,CUST3568,Fixed Deposit,Philadelphia,62373.01,GBP
ACC03673,CUST3569,Recurring Deposit,New York,58501.13,JPY
ACC03674,CUST3570,Fixed Deposit,Philadelphia,33219.81,USD
ACC03675,CUST3571,Fixed Deposit,Chicago,47051.57,JPY
ACC03676,CUST3572,Fixed Deposit,Houston,58190.92,USD
ACC03677,CUST3573,Savings,Philadelphia,41728.16,JPY
ACC03678,CUST3574,Recurring Deposit,Chicago,79757.02,USD
ACC03679,CUST3575,Fixed Deposit,Los Angeles,52561.31,JPY
ACC03680,CUST3576,Savings,Houston,84031.04,USD
ACC03681,CUST3577,Savings,New York,75280.21,USD
ACC03682,CUST3578,Fixed Deposit,Los Angeles,97828.76,JPY
ACC03683,CUST3579,Current,Chicago,23199.3,EUR
ACC03684,CUST3580,Current,Philadelphia,44781.59,INR
ACC03685,CUST3581,Recurring Deposit,San Antonio,65124.95,JPY
ACC03686,CUST3582,Savings,Phoenix,70410.82,EUR
ACC03687,CUST3583,Savings,Houston,7431.99,USD
ACC03688,CUST3584,Current,Philadelphia,64948.69,EUR
ACC03689,CUST3585,Fixed Deposit,Philadelphia,94615.37,INR
ACC03690,CUST3586,Savings,Los Angeles,38140.6,INR
ACC03691,CUST3587,Recurring Deposit,Chicago,67411.15,JPY
ACC03692,CUST3588,Current,San Diego,71654.19,USD
ACC03693,CUST3589,Recurring Deposit,Chicago,82188.64,USD
ACC03694,CUST3590,Savings,Los Angeles,44305.61,JPY
ACC03695,CUST3591,Savings,Phoenix,78884.19,EUR
ACC03696,CUST3592,Savings,Houston,92728.4,JPY
ACC03697,CUST3593,Fixed Deposit,New York,92876.65,JPY
ACC03698,CUST3594,Current,New York,92394.09,JPY
ACC03699,CUST3595,Fixed Deposit,San Antonio,7882.7,JPY
ACC03700,CUST3596,Fixed Deposit,Chicago,75480.48,EUR
ACC03701,CUST3597,Recurring Deposit,San Diego,30386.48,JPY
ACC03702,CUST2739,Recurring Deposit,Los Angeles,7402.76,INR
ACC03703,CUST3598,Current,Los Angeles,82486.8,GBP
ACC03704,CUST3599,Savings,New York,39199.85,EUR
ACC03705,CUST3600,Current,Los Angeles,76501.62,EUR
ACC03706,CUST3601,Savings,Philadelphia,83291.15,USD
ACC03707,CUST3602,Savings,Chicago,29858.53,EUR
ACC03708,CUST3603,Fixed Deposit,Los Angeles,15068.82,USD
ACC03709,CUST3604,Fixed Deposit,San Antonio,39083.25,USD
ACC03710,CUST3605,Savings,Chicago,37438.03,JPY
ACC03711,CUST3606,Recurring Deposit,Los Angeles,87450.47,JPY
ACC03712,CUST3607,Savings,Los Angeles,79412.88,USD
ACC03713,CUST3608,Recurring Deposit,Phoenix,71723.05,EUR
ACC03714,CUST3609,Savings,Phoenix,13068.2,GBP
ACC03715,CUST3610,Recurring Deposit,Chicago,68671.42,JPY
ACC03716,CUST3611,Savings,Phoenix,44090.69,USD
ACC03717,CUST3612,Fixed Deposit,Houston,9663.15,INR
ACC03718,CUST3613,Fixed Deposit,Phoenix,9952.52,GBP
ACC03719,CUST3614,Recurring Deposit,San Diego,11677.27,EUR
ACC03720,CUST3615,Current,Chicago,76408.19,JPY
ACC03721,CUST3616,Current,Phoenix,97599.19,INR
ACC03722,CUST3617,Recurring Deposit,Houston,46142.85,INR
ACC03723,CUST3618,Fixed Deposit,Phoenix,24521.19,EUR
ACC03724,CUST3619,Fixed Deposit,Chicago,98376.37,EUR
ACC03725,CUST3620,Recurring Deposit,San Antonio,10830.75,INR
ACC03726,CUST3621,Fixed Deposit,San Antonio,41587.81,JPY
ACC03727,CUST3622,Fixed Deposit,San Antonio,45716.81,GBP
ACC03728,CUST3623,Recurring Deposit,San Diego,12774.09,JPY
ACC03729,CUST3624,Current,San Diego,61715.63,INR
ACC03730,CUST3625,Recurring Deposit,San Diego,95646.69,JPY
ACC03731,CUST3626,Fixed Deposit,New York,78276.06,EUR
ACC03732,CUST3627,Savings,Philadelphia,87044.15,EUR
ACC03733,CUST3628,Recurring Deposit,Philadelphia,6971.88,JPY
ACC03734,CUST3629,Savings,Phoenix,61397.98,GBP
ACC03735,CUST3630,Fixed Deposit,San Diego,95055.09,EUR
ACC03736,CUST3631,Recurring Deposit,New York,96517.35,JPY
ACC03737,CUST3632,Current,Philadelphia,53881.48,USD
ACC03738,CUST3633,Recurring Deposit,Los Angeles,28825.72,EUR
ACC03739,CUST3634,Savings,Los Angeles,74060.28,INR
ACC03740,CUST3635,Savings,New York,34808.65,INR
ACC03741,CUST3636,Current,San Diego,60469.77,JPY
ACC03742,CUST3637,Fixed Deposit,Philadelphia,77660.67,INR
ACC03743,CUST3638,Savings,San Antonio,21529.51,INR
ACC03744,CUST1488,Savings,San Diego,78609.26,USD
ACC03745,CUST3639,Recurring Deposit,Phoenix,26023.36,EUR
ACC03746,CUST3640,Savings,Philadelphia,26799.04,GBP
ACC03747,CUST0345,Fixed Deposit,Chicago,92714.26,INR
ACC03748,CUST0571,Fixed Deposit,New York,28804.95,EUR
ACC03749,CUST3641,Recurring Deposit,Philadelphia,72019.84,EUR
ACC03750,CUST3642,Savings,Los Angeles,90310.85,INR
ACC03751,CUST3643,Recurring Deposit,Chicago,84629.74,EUR
ACC03752,CUST3644,Recurring Deposit,San Antonio,46963.88,GBP
ACC03753,CUST3645,Fixed Deposit,San Antonio,36633.26,EUR
ACC03754,CUST3646,Recurring Deposit,Houston,35109.75,JPY
ACC03755,CUST3647,Savings,Chicago,46928.56,USD
ACC03756,CUST3648,Savings,Chicago,61337.13,INR
ACC03757,CUST3649,Savings,Chicago,19401.25,JPY
ACC03758,CUST3650,Fixed Deposit,Chicago,73924.05,USD
ACC03759,CUST3651,Savings,Philadelphia,223.18,JPY
ACC03760,CUST3652,Savings,San Diego,22181.17,INR
ACC03761,CUST3653,Fixed Deposit,Houston,33258.71,USD
ACC03762,CUST3654,Current,Chicago,97215.83,USD
ACC03763,CUST3655,Current,Houston,92288.74,GBP
ACC03764,CUST3656,Recurring Deposit,Chicago,70099.22,USD
ACC03765,CUST3657,Recurring Deposit,San Diego,35772.76,GBP
ACC03766,CUST3658,Fixed Deposit,Phoenix,50832.16,GBP
ACC03767,CUST3659,Savings,Philadelphia,2290.55,INR
ACC03768,CUST3660,Savings,San Antonio,48323.54,INR
ACC03769,CUST3661,Recurring Deposit,Los Angeles,6517.45,JPY
ACC03770,CUST3662,Recurring Deposit,Chicago,79177.32,GBP
ACC03771,CUST3663,Fixed Deposit,New York,98176.73,GBP
ACC03772,CUST3664,Fixed Deposit,Los Angeles,56953.16,EUR
ACC03773,CUST3665,Savings,Philadelphia,9007.33,EUR
ACC03774,CUST3666,Recurring Deposit,Philadelphia,23310.63,EUR
ACC03775,CUST3667,Recurring Deposit,Los Angeles,58924.53,JPY
ACC03776,CUST3668,Fixed Deposit,Houston,17792.5,USD
ACC03777,CUST3669,Recurring Deposit,Philadelphia,97435.36,GBP
ACC03778,CUST3670,Recurring Deposit,Houston,82867.75,GBP
ACC03779,CUST3671,Current,Houston,87274.59,USD
ACC03780,CUST3672,Current,San Antonio,97036.59,USD
ACC03781,CUST3673,Fixed Deposit,Houston,12790.85,GBP
ACC03782,CUST3674,Savings,Philadelphia,59341.98,USD
ACC03783,CUST3675,Savings,New York,40122.2,GBP
ACC03784,CUST3676,Current,San Antonio,11267.97,GBP
ACC03785,CUST3677,Recurring Deposit,New York,51386.45,USD
ACC03786,CUST3678,Recurring Deposit,San Diego,91379.14,JPY
ACC03787,CUST3679,Savings,Houston,66141.38,USD
ACC03788,CUST3680,Current,Philadelphia,66358.66,INR
ACC03789,CUST3681,Current,Chicago,16810.56,USD
ACC03790,CUST3682,Fixed Deposit,Houston,93965.85,EUR
ACC03791,CUST3683,Savings,San Antonio,43169.32,GBP
ACC03792,CUST3684,Recurring Deposit,Los Angeles,22547.03,JPY
ACC03793,CUST3685,Fixed Deposit,San Diego,83756.35,GBP
ACC03794,CUST3686,Savings,Chicago,9242.65,EUR
ACC03795,CUST3687,Current,Philadelphia,16826.04,INR
ACC03796,CUST3688,Fixed Deposit,Philadelphia,74107.48,INR
ACC03797,CUST3689,Savings,New York,15835.05,EUR
ACC03798,CUST0242,Fixed Deposit,Houston,17971.49,INR
ACC03799,CUST3690,Fixed Deposit,Philadelphia,101.89,EUR
ACC03800,CUST1170,Fixed Deposit,Chicago,39065.9,EUR
ACC03801,CUST3691,Current,Phoenix,9997.03,USD
ACC03802,CUST3692,Savings,New York,86649.17,JPY
ACC03803,CUST3693,Recurring Deposit,Houston,38376.96,JPY
ACC03804,CUST3694,Current,Los Angeles,48898.46,JPY
ACC03805,CUST3695,Current,San Antonio,32865.52,EUR
ACC03806,CUST3696,Fixed Deposit,Philadelphia,50613.59,INR
ACC03807,CUST3697,Current,Houston,10594.2,GBP
ACC03808,CUST3698,Fixed Deposit,Chicago,79453.02,GBP
ACC03809,CUST3699,Savings,Philadelphia,75476.3,INR
ACC03810,CUST3700,Savings,Phoenix,92771.08,EUR
ACC03811,CUST3701,Fixed Deposit,San Diego,15822.47,GBP
ACC03812,CUST3702,Savings,Houston,72096.1,JPY
ACC03813,CUST3703,Savings,Phoenix,12026.26,EUR
ACC03814,CUST3704,Fixed Deposit,San Antonio,55495.53,INR
ACC03815,CUST3705,Fixed Deposit,San Antonio,87704.28,EUR
ACC03816,CUST3706,Current,San Diego,53143.77,GBP
ACC03817,CUST3707,Recurring Deposit,Chicago,67893.8,GBP
ACC03818,CUST3708,Recurring Deposit,Houston,43409.31,JPY
ACC03819,CUST3709,Current,Philadelphia,40438.43,INR
ACC03820,CUST3710,Recurring Deposit,San Diego,47347.81,GBP
ACC03821,CUST3711,Fixed Deposit,San Diego,68169.99,EUR
ACC03822,CUST3712,Current,Chicago,13637.55,EUR
ACC03823,CUST3713,Savings,San Antonio,40191.13,JPY
ACC03824,CUST3714,Recurring Deposit,Chicago,84548.97,INR
ACC03825,CUST3715,Recurring Deposit,Chicago,12935.21,INR
ACC03826,CUST3716,Savings,Phoenix,66661.29,EUR
ACC03827,CUST3717,Current,Chicago,30679.69,JPY
ACC03828,CUST3718,Current,Philadelphia,12550.05,GBP
ACC03829,CUST3719,Fixed Deposit,San Antonio,94254.04,INR
ACC03830,CUST3720,Savings,Phoenix,52064.21,USD
ACC03831,CUST3721,Savings,Phoenix,51260.02,USD
ACC03832,CUST3722,Savings,Los Angeles,7054.24,USD
ACC03833,CUST3723,Current,Los Angeles,24369.89,EUR
ACC03834,CUST3724,Fixed Deposit,New York,7140.74,USD
ACC03835,CUST3725,Fixed Deposit,San Antonio,66423.13,GBP
ACC03836,CUST3726,Current,San Diego,62528.03,JPY
ACC03837,CUST3727,Current,San Antonio,55827.97,USD
ACC03838,CUST3728,Current,Houston,75982.77,USD
ACC03839,CUST3307,Fixed Deposit,Houston,67786.09,GBP
ACC03840,CUST3729,Fixed Deposit,New York,30523.05,INR
ACC03841,CUST3730,Recurring Deposit,Philadelphia,85453.61,GBP
ACC03842,CUST3731,Current,San Diego,49768.83,USD
ACC03843,CUST3732,Recurring Deposit,Los Angeles,30948.43,USD
ACC03844,CUST3733,Fixed Deposit,Phoenix,4380.92,EUR
ACC03845,CUST3734,Recurring Deposit,San Diego,73911.68,INR
ACC03846,CUST3735,Recurring Deposit,San Antonio,77145.91,GBP
ACC03847,CUST3736,Savings,San Antonio,86525.55,JPY
ACC03848,CUST3737,Recurring Deposit,Houston,30866.53,EUR
ACC03849,CUST3738,Recurring Deposit,San Diego,1121.49,INR
ACC03850,CUST3739,Current,Los Angeles,26710.03,USD
ACC03851,CUST3740,Savings,Philadelphia,85480.53,GBP
ACC03852,CUST3741,Current,Los Angeles,76614.24,USD
ACC03853,CUST3742,Savings,Phoenix,15519.96,JPY
ACC03854,CUST3743,Fixed Deposit,Phoenix,53043.73,EUR
ACC03855,CUST3744,Savings,Chicago,95353.29,EUR
ACC03856,CUST3745,Recurring Deposit,San Diego,67273.08,INR
ACC03857,CUST3746,Current,San Antonio,11988.15,JPY
ACC03858,CUST3747,Fixed Deposit,New York,62947.03,USD
ACC03859,CUST3748,Recurring Deposit,Houston,27008.96,GBP
ACC03860,CUST3749,Savings,Chicago,74777.47,INR
ACC03861,CUST3750,Savings,Houston,23378.8,EUR
ACC03862,CUST3751,Fixed Deposit,Phoenix,56793.48,USD
ACC03863,CUST3752,Current,Houston,98276.77,USD
ACC03864,CUST3753,Current,Houston,38415.9,EUR
ACC03865,CUST3754,Recurring Deposit,Houston,79007.15,USD
ACC03866,CUST0960,Savings,Los Angeles,6591.96,JPY
ACC03867,CUST3755,Fixed Deposit,Chicago,10446.01,JPY
ACC03868,CUST1797,Current,Houston,52016.38,USD
ACC03869,CUST3756,Savings,Chicago,51655.48,INR
ACC03870,CUST3757,Recurring Deposit,San Antonio,19132.03,JPY
ACC03871,CUST3758,Recurring Deposit,San Diego,93689.57,JPY
ACC03872,CUST3759,Recurring Deposit,San Diego,14684.45,JPY
ACC03873,CUST3760,Recurring Deposit,Los Angeles,37155.62,EUR
ACC03874,CUST3761,Current,Chicago,37975.74,JPY
ACC03875,CUST3762,Current,New York,97814.65,USD
ACC03876,CUST3763,Fixed Deposit,Phoenix,83062.66,EUR
ACC03877,CUST3247,Savings,Philadelphia,25178.71,USD
ACC03878,CUST3764,Current,Chicago,17057.7,USD
ACC03879,CUST3765,Fixed Deposit,Chicago,77481.33,INR
ACC03880,CUST3766,Savings,Phoenix,14172.1,INR
ACC03881,CUST3767,Current,New York,4234.49,USD
ACC03882,CUST3768,Fixed Deposit,Chicago,5917.06,INR
ACC03883,CUST3769,Fixed Deposit,New York,2178.44,EUR
ACC03884,CUST3770,Recurring Deposit,San Diego,75913.33,JPY
ACC03885,CUST3771,Recurring Deposit,Phoenix,50475.42,USD
ACC03886,CUST3772,Current,Los Angeles,43583.47,JPY
ACC03887,CUST3773,Current,New York,82132.33,EUR
ACC03888,CUST3774,Recurring Deposit,Chicago,86960.59,INR
ACC03889,CUST3775,Current,Houston,76452.28,EUR
ACC03890,CUST3776,Current,San Diego,37779.42,GBP
ACC03891,CUST3777,Savings,San Diego,2678.07,USD
ACC03892,CUST3778,Fixed Deposit,Chicago,12841.58,EUR
ACC03893,CUST3779,Current,New York,25289.15,EUR
ACC03894,CUST3780,Current,New York,68262.28,USD
ACC03895,CUST3781,Current,Chicago,95493.38,EUR
ACC03896,CUST3782,Fixed Deposit,Phoenix,86492.44,GBP
ACC03897,CUST3783,Savings,New York,30234.57,USD
ACC03898,CUST3784,Savings,Houston,95888.95,USD
ACC03899,CUST3785,Savings,Phoenix,83615.43,GBP
ACC03900,CUST3786,Fixed Deposit,Philadelphia,65439.28,GBP
ACC03901,CUST3787,Recurring Deposit,Houston,84752.84,USD
ACC03902,CUST3788,Current,San Antonio,63301.31,INR
ACC03903,CUST3789,Current,San Antonio,53503.69,INR
ACC03904,CUST3790,Savings,Philadelphia,76463.93,INR
ACC03905,CUST3791,Current,Philadelphia,9937.66,GBP
ACC03906,CUST3792,Savings,San Diego,32258.48,JPY
ACC03907,CUST3793,Recurring Deposit,Houston,87251.18,EUR
ACC03908,CUST3794,Current,Phoenix,11157.63,JPY
ACC03909,CUST3795,Recurring Deposit,Philadelphia,60876.46,INR
ACC03910,CUST3796,Savings,Chicago,26978.51,INR
ACC03911,CUST3797,Savings,San Diego,68726.7,USD
ACC03912,CUST3798,Fixed Deposit,Philadelphia,12319.02,JPY
ACC03913,CUST3799,Savings,New York,27668.53,USD
ACC03914,CUST3800,Current,New York,81752.55,INR
ACC03915,CUST3801,Current,Los Angeles,19630.01,INR
ACC03916,CUST3802,Recurring Deposit,Chicago,92206.27,EUR
ACC03917,CUST3803,Savings,Los Angeles,60687.02,USD
ACC03918,CUST3804,Recurring Deposit,New York,9661.14,JPY
ACC03919,CUST3805,Fixed Deposit,San Diego,89049.86,USD
ACC03920,CUST3806,Recurring Deposit,Houston,57060.61,GBP
ACC03921,CUST3807,Savings,San Antonio,73717.22,USD
ACC03922,CUST3808,Current,Philadelphia,67838.6,GBP
ACC03923,CUST3809,Recurring Deposit,Houston,29480.51,INR
ACC03924,CUST3810,Fixed Deposit,Chicago,10699.75,USD
ACC03925,CUST3811,Savings,Chicago,64677.57,GBP
ACC03926,CUST3812,Savings,Chicago,12194.91,INR
ACC03927,CUST3813,Savings,Phoenix,35800.6,JPY
ACC03928,CUST3814,Savings,Houston,27491.99,USD
ACC03929,CUST3815,Fixed Deposit,San Antonio,91411.98,GBP
ACC03930,CUST3816,Fixed Deposit,Chicago,78133.96,GBP
ACC03931,CUST3817,Savings,Phoenix,19818.05,INR
ACC03932,CUST3818,Current,San Antonio,11308.71,GBP
ACC03933,CUST1170,Savings,Houston,81345.46,INR
ACC03934,CUST1374,Recurring Deposit,New York,18017.0,GBP
ACC03935,CUST3819,Savings,Chicago,66148.16,JPY
ACC03936,CUST3820,Current,San Antonio,26787.54,GBP
ACC03937,CUST3821,Fixed Deposit,Chicago,77237.82,INR
ACC03938,CUST3822,Recurring Deposit,Phoenix,14838.49,INR
ACC03939,CUST3823,Current,San Antonio,47866.03,JPY
ACC03940,CUST3824,Fixed Deposit,Houston,96084.95,JPY
ACC03941,CUST3825,Recurring Deposit,Phoenix,89769.41,JPY
ACC03942,CUST0012,Current,Los Angeles,68185.5,GBP
ACC03943,CUST3826,Savings,Chicago,95543.17,JPY
ACC03944,CUST3827,Recurring Deposit,Los Angeles,21143.54,USD
ACC03945,CUST3828,Current,San Antonio,87168.19,EUR
ACC03946,CUST3829,Fixed Deposit,Los Angeles,73500.76,JPY
ACC03947,CUST3830,Recurring Deposit,Phoenix,11991.96,JPY
ACC03948,CUST3831,Recurring Deposit,Chicago,46104.15,GBP
ACC03949,CUST3832,Savings,Phoenix,92702.47,USD
ACC03950,CUST3833,Savings,Phoenix,15337.41,USD
ACC03951,CUST3834,Savings,San Antonio,4581.52,GBP
ACC03952,CUST3835,Fixed Deposit,New York,47728.64,USD
ACC03953,CUST3836,Fixed Deposit,Phoenix,52923.4,GBP
ACC03954,CUST3837,Current,New York,64023.12,EUR
ACC03955,CUST3838,Recurring Deposit,Philadelphia,75673.87,EUR
ACC03956,CUST3839,Current,San Diego,80427.08,GBP
ACC03957,CUST3840,Recurring Deposit,Philadelphia,30656.78,INR
ACC03958,CUST3841,Fixed Deposit,Los Angeles,70604.57,GBP
ACC03959,CUST3842,Fixed Deposit,Philadelphia,91666.49,EUR
ACC03960,CUST3843,Savings,Los Angeles,16737.91,JPY
ACC03961,CUST3844,Savings,Phoenix,10222.03,GBP
ACC03962,CUST3845,Fixed Deposit,Los Angeles,76432.17,INR
ACC03963,CUST3846,Savings,Los Angeles,23950.32,INR
ACC03964,CUST3847,Fixed Deposit,Houston,66589.8,JPY
ACC03965,CUST3848,Current,Houston,33183.57,JPY
ACC03966,CUST3849,Fixed Deposit,New York,32309.23,JPY
ACC03967,CUST3850,Current,Phoenix,29095.32,INR
ACC03968,CUST3851,Recurring Deposit,Phoenix,6243.55,EUR
ACC03969,CUST3852,Fixed Deposit,Los Angeles,95996.73,INR
ACC03970,CUST3853,Fixed Deposit,San Diego,41240.05,USD
ACC03971,CUST3854,Recurring Deposit,San Diego,12632.54,EUR
ACC03972,CUST3855,Fixed Deposit,Phoenix,54956.21,USD
ACC03973,CUST3856,Savings,Houston,9691.92,EUR
ACC03974,CUST3857,Fixed Deposit,Houston,84038.64,USD
ACC03975,CUST3858,Fixed Deposit,Chicago,6362.26,USD
ACC03976,CUST3859,Current,Los Angeles,28503.36,INR
ACC03977,CUST3860,Recurring Deposit,Philadelphia,47619.26,JPY
ACC03978,CUST3861,Current,San Diego,88039.19,JPY
ACC03979,CUST3862,Savings,San Antonio,7842.99,INR
ACC03980,CUST3863,Fixed Deposit,Houston,46820.75,EUR
ACC03981,CUST3864,Savings,San Antonio,92043.28,GBP
ACC03982,CUST3865,Current,Los Angeles,43999.2,EUR
ACC03983,CUST3866,Fixed Deposit,San Antonio,16349.96,EUR
ACC03984,CUST3867,Current,Phoenix,84889.2,USD
ACC03985,CUST3868,Recurring Deposit,San Diego,99875.89,EUR
ACC03986,CUST3869,Current,Philadelphia,6346.47,USD
ACC03987,CUST3870,Recurring Deposit,Houston,21317.69,INR
ACC03988,CUST1311,Current,Chicago,20121.39,EUR
ACC03989,CUST3871,Fixed Deposit,Los Angeles,19924.21,GBP
ACC03990,CUST0973,Savings,New York,95662.74,INR
ACC03991,CUST3872,Savings,San Antonio,50826.59,EUR
ACC03992,CUST3873,Current,New York,45904.13,EUR
ACC03993,CUST3874,Recurring Deposit,San Diego,47010.45,EUR
ACC03994,CUST3875,Current,Los Angeles,37057.23,JPY
ACC03995,CUST3876,Fixed Deposit,San Antonio,57330.2,JPY
ACC03996,CUST3877,Recurring Deposit,San Antonio,4490.81,EUR
ACC03997,CUST3878,Savings,Los Angeles,96092.82,EUR
ACC03998,CUST3436,Savings,San Diego,19632.16,USD
ACC03999,CUST3879,Fixed Deposit,New York,43756.22,EUR
ACC04000,CUST3880,Fixed Deposit,Los Angeles,92460.27,JPY
ACC04001,CUST3881,Current,Los Angeles,55518.66,USD
ACC04002,CUST3882,Recurring Deposit,San Diego,87664.67,JPY
ACC04003,CUST2469,Fixed Deposit,San Diego,15730.48,JPY
ACC04004,CUST3883,Savings,San Diego,31847.02,JPY
ACC04005,CUST3884,Fixed Deposit,San Diego,13387.05,GBP
ACC04006,CUST3885,Fixed Deposit,Phoenix,22040.65,USD
ACC04007,CUST0644,Savings,New York,27803.39,USD
ACC04008,CUST3886,Current,Philadelphia,60597.12,INR
ACC04009,CUST3887,Current,Houston,33967.61,GBP
ACC04010,CUST3888,Current,San Antonio,48510.4,GBP
ACC04011,CUST3889,Recurring Deposit,Houston,98436.49,USD
ACC04012,CUST3890,Current,San Antonio,69204.16,USD
ACC04013,CUST3891,Savings,Houston,64082.42,JPY
ACC04014,CUST3892,Fixed Deposit,New York,42532.14,JPY
ACC04015,CUST2366,Recurring Deposit,San Diego,97393.51,JPY
ACC04016,CUST3893,Recurring Deposit,San Antonio,25632.38,EUR
ACC04017,CUST3894,Savings,Los Angeles,18373.78,EUR
ACC04018,CUST3895,Fixed Deposit,San Diego,51497.72,USD
ACC04019,CUST3896,Recurring Deposit,Philadelphia,26229.64,JPY
ACC04020,CUST0490,Fixed Deposit,Phoenix,16251.59,EUR
ACC04021,CUST3897,Recurring Deposit,Phoenix,30567.5,EUR
ACC04022,CUST3898,Recurring Deposit,San Diego,83809.92,EUR
ACC04023,CUST3899,Fixed Deposit,San Diego,69832.3,INR
ACC04024,CUST3900,Fixed Deposit,San Diego,70347.45,GBP
ACC04025,CUST3901,Fixed Deposit,San Antonio,62566.73,GBP
ACC04026,CUST3902,Savings,Philadelphia,62753.66,EUR
ACC04027,CUST3903,Savings,San Diego,50625.06,GBP
ACC04028,CUST3904,Savings,New York,63058.36,JPY
ACC04029,CUST3905,Current,New York,19397.39,EUR
ACC04030,CUST3906,Savings,Philadelphia,26472.92,GBP
ACC04031,CUST3907,Current,San Diego,51273.05,GBP
ACC04032,CUST3908,Fixed Deposit,Los Angeles,38625.78,INR
ACC04033,CUST3909,Current,Los Angeles,60974.0,USD
ACC04034,CUST3910,Current,New York,53081.49,EUR
ACC04035,CUST3911,Savings,San Antonio,2794.96,USD
ACC04036,CUST3912,Fixed Deposit,San Antonio,60588.6,EUR
ACC04037,CUST3913,Savings,New York,62167.98,GBP
ACC04038,CUST3914,Fixed Deposit,San Diego,75555.96,EUR
ACC04039,CUST3915,Recurring Deposit,Houston,40613.24,JPY
ACC04040,CUST3916,Recurring Deposit,San Antonio,62128.38,JPY
ACC04041,CUST3917,Current,Philadelphia,89306.86,INR
ACC04042,CUST3918,Fixed Deposit,Chicago,85657.1,JPY
ACC04043,CUST3919,Fixed Deposit,Phoenix,79669.31,GBP
ACC04044,CUST0668,Current,Houston,23314.35,JPY
ACC04045,CUST3920,Fixed Deposit,San Antonio,85110.8,EUR
ACC04046,CUST3921,Recurring Deposit,Phoenix,74037.49,JPY
ACC04047,CUST3922,Current,Houston,49568.2,USD
ACC04048,CUST3923,Savings,New York,77640.99,EUR
ACC04049,CUST3924,Savings,Los Angeles,81431.17,GBP
ACC04050,CUST3925,Fixed Deposit,Los Angeles,52057.38,GBP
ACC04051,CUST3926,Savings,Los Angeles,3456.43,INR
ACC04052,CUST3927,Current,New York,26545.52,INR
ACC04053,CUST3928,Savings,Houston,46295.25,INR
ACC04054,CUST1723,Fixed Deposit,Philadelphia,97209.34,JPY
ACC04055,CUST3929,Current,Philadelphia,63418.86,EUR
ACC04056,CUST3930,Current,San Diego,20681.15,INR
ACC04057,CUST3931,Savings,Phoenix,64114.29,GBP
ACC04058,CUST3932,Current,San Diego,58613.67,GBP
ACC04059,CUST3933,Savings,Phoenix,78903.67,EUR
ACC04060,CUST3934,Savings,San Antonio,88338.67,GBP
ACC04061,CUST3935,Current,Philadelphia,89995.25,INR
ACC04062,CUST0622,Current,San Antonio,26978.99,GBP
ACC04063,CUST3936,Fixed Deposit,Philadelphia,74934.0,USD
ACC04064,CUST3937,Fixed Deposit,Philadelphia,86362.14,INR
ACC04065,CUST3938,Recurring Deposit,San Diego,8975.07,USD
ACC04066,CUST3939,Recurring Deposit,Phoenix,72183.72,EUR
ACC04067,CUST3940,Fixed Deposit,Phoenix,16526.63,JPY
ACC04068,CUST3941,Recurring Deposit,Los Angeles,47087.78,INR
ACC04069,CUST3942,Savings,Chicago,19390.18,USD
ACC04070,CUST3943,Recurring Deposit,San Diego,75334.31,USD
ACC04071,CUST3944,Current,San Antonio,1172.37,GBP
ACC04072,CUST3945,Savings,Los Angeles,16286.53,JPY
ACC04073,CUST3946,Recurring Deposit,San Antonio,32293.99,JPY
ACC04074,CUST3947,Current,Houston,39192.4,JPY
ACC04075,CUST3948,Savings,Philadelphia,31279.19,EUR
ACC04076,CUST3949,Fixed Deposit,New York,75842.96,EUR
ACC04077,CUST3950,Savings,New York,94767.36,GBP
ACC04078,CUST2248,Current,Philadelphia,2830.98,INR
ACC04079,CUST3951,Current,New York,5802.01,INR
ACC04080,CUST3952,Fixed Deposit,New York,6734.34,GBP
ACC04081,CUST3953,Savings,San Diego,97479.66,EUR
ACC04082,CUST3954,Fixed Deposit,San Diego,10196.28,GBP
ACC04083,CUST3955,Fixed Deposit,Phoenix,28467.29,JPY
ACC04084,CUST3956,Fixed Deposit,New York,30723.36,EUR
ACC04085,CUST3957,Current,Houston,38534.02,JPY
ACC04086,CUST3958,Savings,San Diego,91679.08,EUR
ACC04087,CUST3959,Recurring Deposit,San Antonio,89150.74,EUR
ACC04088,CUST3960,Current,Chicago,39767.12,INR
ACC04089,CUST3961,Savings,Chicago,31424.65,EUR
ACC04090,CUST3962,Savings,Philadelphia,57640.46,USD
ACC04091,CUST3963,Recurring Deposit,San Diego,66682.78,GBP
ACC04092,CUST3964,Fixed Deposit,Phoenix,58381.65,USD
ACC04093,CUST3965,Fixed Deposit,Chicago,8406.83,JPY
ACC04094,CUST3966,Fixed Deposit,Phoenix,86439.14,INR
ACC04095,CUST3967,Recurring Deposit,New York,88459.81,GBP
ACC04096,CUST3968,Savings,New York,74017.54,EUR
ACC04097,CUST3969,Fixed Deposit,Houston,97767.38,EUR
ACC04098,CUST3970,Recurring Deposit,San Antonio,50608.94,INR
ACC04099,CUST3971,Current,Phoenix,55469.4,JPY
ACC04100,CUST1685,Current,San Antonio,1484.11,INR
ACC04101,CUST3972,Fixed Deposit,Philadelphia,83351.19,INR
ACC04102,CUST3973,Fixed Deposit,San Antonio,78622.97,GBP
ACC04103,CUST3974,Fixed Deposit,New York,32277.92,USD
ACC04104,CUST3975,Recurring Deposit,New York,93802.31,GBP
ACC04105,CUST3976,Savings,Houston,65738.56,USD
ACC04106,CUST3977,Current,San Antonio,14168.31,INR
ACC04107,CUST3978,Savings,Los Angeles,33302.8,GBP
ACC04108,CUST3979,Current,Phoenix,68280.97,INR
ACC04109,CUST3980,Savings,Houston,94971.51,EUR
ACC04110,CUST3981,Savings,Los Angeles,36020.59,GBP
ACC04111,CUST3982,Fixed Deposit,Chicago,33452.98,JPY
ACC04112,CUST3983,Current,New York,36944.45,INR
ACC04113,CUST3984,Savings,Phoenix,28472.42,USD
ACC04114,CUST3332,Current,Philadelphia,40889.44,EUR
ACC04115,CUST3985,Recurring Deposit,Houston,74934.07,JPY
ACC04116,CUST3986,Current,San Antonio,1135.26,EUR
ACC04117,CUST3987,Fixed Deposit,Philadelphia,34522.63,USD
ACC04118,CUST3988,Recurring Deposit,Philadelphia,51812.98,EUR
ACC04119,CUST3989,Recurring Deposit,Phoenix,94201.79,JPY
ACC04120,CUST3990,Fixed Deposit,Houston,85329.24,INR
ACC04121,CUST3991,Fixed Deposit,Philadelphia,10839.72,JPY
ACC04122,CUST3992,Current,San Antonio,966.46,USD
ACC04123,CUST3993,Current,San Antonio,91272.16,USD
ACC04124,CUST3994,Recurring Deposit,San Diego,37899.72,JPY
ACC04125,CUST3995,Recurring Deposit,Chicago,67228.02,GBP
ACC04126,CUST3996,Current,Chicago,21389.28,EUR
ACC04127,CUST3997,Fixed Deposit,Chicago,27059.88,JPY
ACC04128,CUST3998,Savings,Houston,49587.88,USD
ACC04129,CUST3999,Current,New York,71584.14,INR
ACC04130,CUST4000,Savings,Houston,30106.56,EUR
ACC04131,CUST4001,Current,New York,399.97,GBP
ACC04132,CUST4002,Current,San Antonio,189.93,INR
ACC04133,CUST4003,Current,Philadelphia,41800.44,USD
ACC04134,CUST4004,Current,Los Angeles,93126.01,USD
ACC04135,CUST4005,Fixed Deposit,Philadelphia,49518.86,USD
ACC04136,CUST4006,Current,San Antonio,58544.79,EUR
ACC04137,CUST4007,Fixed Deposit,Los Angeles,75420.53,JPY
ACC04138,CUST4008,Savings,Los Angeles,87696.9,GBP
ACC04139,CUST4009,Savings,Phoenix,97481.97,INR
ACC04140,CUST4010,Recurring Deposit,New York,10995.09,USD
ACC04141,CUST4011,Current,San Antonio,60221.37,USD
ACC04142,CUST4012,Savings,Phoenix,42895.95,INR
ACC04143,CUST4013,Savings,Los Angeles,92990.17,GBP
ACC04144,CUST4014,Recurring Deposit,Philadelphia,45654.29,EUR
ACC04145,CUST4015,Recurring Deposit,San Diego,93658.72,EUR
ACC04146,CUST4016,Fixed Deposit,New York,31364.45,USD
ACC04147,CUST4017,Current,San Antonio,67888.01,USD
ACC04148,CUST4018,Current,Houston,60511.22,JPY
ACC04149,CUST4019,Fixed Deposit,San Antonio,86578.22,USD
ACC04150,CUST4020,Fixed Deposit,San Diego,26939.51,USD
ACC04151,CUST4021,Current,Houston,84299.08,JPY
ACC04152,CUST4022,Savings,Phoenix,59543.85,EUR
ACC04153,CUST4023,Current,Los Angeles,57923.3,JPY
ACC04154,CUST4024,Savings,Philadelphia,19703.04,JPY
ACC04155,CUST4025,Recurring Deposit,Chicago,82661.36,USD
ACC04156,CUST4026,Fixed Deposit,Phoenix,93951.26,GBP
ACC04157,CUST4027,Savings,San Antonio,8081.75,EUR
ACC04158,CUST4028,Savings,Houston,51016.17,INR
ACC04159,CUST4029,Current,Houston,4457.17,EUR
ACC04160,CUST4030,Current,Chicago,44478.58,JPY
ACC04161,CUST4031,Fixed Deposit,Phoenix,53405.07,EUR
ACC04162,CUST4032,Savings,San Antonio,35906.29,EUR
ACC04163,CUST4033,Savings,New York,31629.15,EUR
ACC04164,CUST4034,Savings,Los Angeles,62506.85,JPY
ACC04165,CUST4035,Current,Los Angeles,27323.73,INR
ACC04166,CUST4036,Fixed Deposit,San Antonio,99704.34,INR
ACC04167,CUST4037,Fixed Deposit,New York,30579.8,USD
ACC04168,CUST4038,Savings,Phoenix,80373.55,USD
ACC04169,CUST4039,Savings,Houston,87086.42,USD
ACC04170,CUST4040,Recurring Deposit,San Antonio,19303.2,EUR
ACC04171,CUST4041,Recurring Deposit,Houston,80736.66,INR
ACC04172,CUST4042,Savings,Phoenix,98386.02,GBP
ACC04173,CUST4043,Current,Los Angeles,70174.72,JPY
ACC04174,CUST4044,Current,New York,50406.01,GBP
ACC04175,CUST4045,Fixed Deposit,Houston,16783.26,INR
ACC04176,CUST4046,Savings,Philadelphia,23514.22,USD
ACC04177,CUST4047,Savings,San Diego,55548.96,JPY
ACC04178,CUST4048,Fixed Deposit,San Diego,90854.55,EUR
ACC04179,CUST4049,Current,Philadelphia,68266.21,GBP
ACC04180,CUST4050,Current,Houston,86216.3,INR
ACC04181,CUST4051,Fixed Deposit,Houston,29771.94,USD
ACC04182,CUST4052,Recurring Deposit,Los Angeles,25383.48,INR
ACC04183,CUST4053,Current,Houston,48294.11,INR
ACC04184,CUST4054,Recurring Deposit,Los Angeles,91077.54,INR
ACC04185,CUST4055,Current,San Diego,6742.37,EUR
ACC04186,CUST4056,Fixed Deposit,Los Angeles,98321.57,USD
ACC04187,CUST4057,Savings,San Antonio,22860.01,GBP
ACC04188,CUST4058,Fixed Deposit,Houston,67728.41,EUR
ACC04189,CUST3916,Current,San Antonio,48421.87,EUR
ACC04190,CUST4059,Recurring Deposit,San Diego,57572.96,EUR
ACC04191,CUST4060,Current,Philadelphia,57611.79,INR
ACC04192,CUST4061,Recurring Deposit,San Antonio,74214.58,INR
ACC04193,CUST3504,Current,Phoenix,92743.94,EUR
ACC04194,CUST4062,Savings,Phoenix,24249.58,GBP
ACC04195,CUST4063,Recurring Deposit,San Antonio,27776.11,JPY
ACC04196,CUST4064,Current,San Antonio,56720.46,USD
ACC04197,CUST4065,Recurring Deposit,San Diego,78290.82,JPY
ACC04198,CUST4066,Savings,Philadelphia,54123.5,GBP
ACC04199,CUST4067,Recurring Deposit,San Diego,9771.14,JPY
ACC04200,CUST4068,Savings,Los Angeles,61268.74,EUR
ACC04201,CUST4069,Current,San Diego,32541.67,GBP
ACC04202,CUST4070,Fixed Deposit,Chicago,9729.16,EUR
ACC04203,CUST4071,Fixed Deposit,San Antonio,94707.02,EUR
ACC04204,CUST4072,Fixed Deposit,Houston,53060.62,JPY
ACC04205,CUST4073,Current,San Antonio,29912.6,JPY
ACC04206,CUST4074,Current,New York,9976.52,USD
ACC04207,CUST4075,Fixed Deposit,San Diego,34081.15,INR
ACC04208,CUST4076,Savings,San Antonio,40272.55,USD
ACC04209,CUST4077,Fixed Deposit,New York,50421.83,JPY
ACC04210,CUST4078,Recurring Deposit,Philadelphia,45026.08,EUR
ACC04211,CUST4079,Savings,Phoenix,1710.81,JPY
ACC04212,CUST4080,Savings,Philadelphia,69221.11,EUR
ACC04213,CUST4081,Current,San Diego,13427.72,GBP
ACC04214,CUST4082,Current,Houston,92237.65,JPY
ACC04215,CUST4083,Fixed Deposit,Los Angeles,95378.82,USD
ACC04216,CUST4084,Fixed Deposit,San Antonio,95583.8,JPY
ACC04217,CUST4085,Savings,Houston,87995.29,GBP
ACC04218,CUST4086,Recurring Deposit,Phoenix,25192.24,INR
ACC04219,CUST4087,Savings,San Diego,91317.52,EUR
ACC04220,CUST4088,Fixed Deposit,Phoenix,6432.04,EUR
ACC04221,CUST4089,Savings,Houston,42860.43,GBP
ACC04222,CUST4090,Current,Phoenix,45162.91,INR
ACC04223,CUST4091,Fixed Deposit,Houston,96636.94,INR
ACC04224,CUST4092,Savings,Chicago,61226.69,USD
ACC04225,CUST4093,Fixed Deposit,Los Angeles,88563.61,USD
ACC04226,CUST4094,Fixed Deposit,Philadelphia,4559.47,EUR
ACC04227,CUST4095,Savings,Los Angeles,19675.69,JPY
ACC04228,CUST4096,Current,Phoenix,43935.3,GBP
ACC04229,CUST4097,Savings,Los Angeles,42604.84,JPY
ACC04230,CUST4098,Savings,Phoenix,90391.22,GBP
ACC04231,CUST4099,Recurring Deposit,San Diego,686.78,USD
ACC04232,CUST4100,Current,Los Angeles,30993.34,EUR
ACC04233,CUST4101,Fixed Deposit,Chicago,67253.07,EUR
ACC04234,CUST4102,Savings,Chicago,86658.53,GBP
ACC04235,CUST1692,Fixed Deposit,Los Angeles,12751.56,EUR
ACC04236,CUST4103,Savings,Los Angeles,18641.68,JPY
ACC04237,CUST4104,Fixed Deposit,San Diego,33415.88,JPY
ACC04238,CUST4105,Fixed Deposit,Los Angeles,75937.47,INR
ACC04239,CUST1244,Fixed Deposit,Houston,74448.52,GBP
ACC04240,CUST1446,Fixed Deposit,San Diego,97316.04,JPY
ACC04241,CUST4106,Fixed Deposit,San Antonio,4097.17,GBP
ACC04242,CUST4107,Current,San Diego,26087.44,INR
ACC04243,CUST4108,Savings,Chicago,50232.46,INR
ACC04244,CUST4109,Fixed Deposit,Philadelphia,90304.15,JPY
ACC04245,CUST4110,Current,Phoenix,60672.12,JPY
ACC04246,CUST4111,Savings,Chicago,90500.27,EUR
ACC04247,CUST4112,Fixed Deposit,New York,17507.71,JPY
ACC04248,CUST4113,Recurring Deposit,Chicago,25546.64,INR
ACC04249,CUST4114,Current,Phoenix,34457.38,USD
ACC04250,CUST4115,Savings,New York,66912.6,GBP
ACC04251,CUST4116,Recurring Deposit,Chicago,64372.99,GBP
ACC04252,CUST4117,Savings,Philadelphia,43777.31,EUR
ACC04253,CUST4118,Current,Houston,23162.31,JPY
ACC04254,CUST4119,Savings,Philadelphia,40790.45,GBP
ACC04255,CUST4120,Recurring Deposit,Houston,25973.1,GBP
ACC04256,CUST4121,Current,Houston,93999.05,USD
ACC04257,CUST4122,Current,Los Angeles,48308.12,INR
ACC04258,CUST4123,Fixed Deposit,New York,74250.29,INR
ACC04259,CUST4124,Savings,Los Angeles,95732.73,JPY
ACC04260,CUST4125,Current,Phoenix,66212.38,INR
ACC04261,CUST4126,Savings,Houston,29251.69,EUR
ACC04262,CUST4127,Current,Philadelphia,8750.01,INR
ACC04263,CUST4128,Recurring Deposit,New York,89079.6,GBP
ACC04264,CUST4129,Recurring Deposit,San Diego,72188.26,GBP
ACC04265,CUST4130,Savings,San Antonio,16322.87,EUR
ACC04266,CUST4131,Recurring Deposit,Houston,42174.99,EUR
ACC04267,CUST4132,Recurring Deposit,San Antonio,64361.84,INR
ACC04268,CUST4133,Current,Chicago,30442.21,INR
ACC04269,CUST2140,Recurring Deposit,Los Angeles,98514.02,INR
ACC04270,CUST4134,Current,Philadelphia,66290.73,GBP
ACC04271,CUST4135,Recurring Deposit,Phoenix,66831.89,GBP
ACC04272,CUST4136,Current,Los Angeles,63380.67,INR
ACC04273,CUST4137,Current,Los Angeles,69639.8,GBP
ACC04274,CUST4138,Fixed Deposit,San Diego,23055.57,JPY
ACC04275,CUST4139,Fixed Deposit,San Antonio,45335.8,INR
ACC04276,CUST4140,Savings,Phoenix,7814.7,USD
ACC04277,CUST4141,Recurring Deposit,New York,73072.18,GBP
ACC04278,CUST4142,Current,Phoenix,48210.7,EUR
ACC04279,CUST4143,Fixed Deposit,San Antonio,70286.9,USD
ACC04280,CUST4144,Fixed Deposit,Houston,12015.79,JPY
ACC04281,CUST4145,Recurring Deposit,San Diego,77072.34,GBP
ACC04282,CUST4146,Current,Chicago,51011.99,USD
ACC04283,CUST4147,Fixed Deposit,New York,54671.94,INR
ACC04284,CUST4148,Savings,Phoenix,9526.01,EUR
ACC04285,CUST4149,Recurring Deposit,San Diego,25250.07,EUR
ACC04286,CUST4150,Savings,Philadelphia,63227.38,JPY
ACC04287,CUST4151,Savings,Los Angeles,54845.36,USD
ACC04288,CUST4152,Savings,Philadelphia,92881.79,INR
ACC04289,CUST4153,Recurring Deposit,San Antonio,5707.27,EUR
ACC04290,CUST4154,Savings,Houston,96147.72,JPY
ACC04291,CUST4155,Fixed Deposit,Houston,16620.02,EUR
ACC04292,CUST4156,Savings,Phoenix,37626.28,GBP
ACC04293,CUST4157,Savings,Houston,83052.24,GBP
ACC04294,CUST4158,Savings,Philadelphia,18174.39,GBP
ACC04295,CUST1508,Recurring Deposit,San Diego,25579.32,INR
ACC04296,CUST4159,Fixed Deposit,Philadelphia,38299.0,INR
ACC04297,CUST4160,Recurring Deposit,Los Angeles,87444.27,JPY
ACC04298,CUST4161,Savings,Houston,40586.49,INR
ACC04299,CUST4162,Current,Chicago,39326.3,JPY
ACC04300,CUST4163,Current,Houston,30458.56,EUR
ACC04301,CUST4164,Savings,Phoenix,94496.3,INR
ACC04302,CUST4165,Fixed Deposit,San Diego,59125.22,GBP
ACC04303,CUST2108,Current,San Diego,92532.38,JPY
ACC04304,CUST4166,Savings,New York,78301.13,INR
ACC04305,CUST4167,Current,San Antonio,25086.44,JPY
ACC04306,CUST4168,Current,Philadelphia,64350.55,EUR
ACC04307,CUST4169,Savings,Philadelphia,51058.61,JPY
ACC04308,CUST4170,Savings,Philadelphia,13132.98,USD
ACC04309,CUST4171,Recurring Deposit,Phoenix,78105.49,USD
ACC04310,CUST4172,Savings,Philadelphia,81171.2,GBP
ACC04311,CUST4173,Fixed Deposit,Chicago,52967.15,USD
ACC04312,CUST4174,Savings,Los Angeles,4333.55,INR
ACC04313,CUST4175,Fixed Deposit,New York,83922.32,INR
ACC04314,CUST4176,Current,Los Angeles,8234.21,GBP
ACC04315,CUST4177,Fixed Deposit,Los Angeles,91827.32,JPY
ACC04316,CUST4178,Recurring Deposit,Chicago,11879.57,EUR
ACC04317,CUST4179,Recurring Deposit,San Antonio,71492.55,USD
ACC04318,CUST4180,Fixed Deposit,San Antonio,84990.53,JPY
ACC04319,CUST4181,Savings,Philadelphia,11796.55,EUR
ACC04320,CUST4182,Savings,Chicago,90466.69,EUR
ACC04321,CUST4183,Current,New York,47472.83,JPY
ACC04322,CUST4184,Recurring Deposit,Los Angeles,9634.45,INR
ACC04323,CUST4185,Savings,San Antonio,91441.09,JPY
ACC04324,CUST4186,Savings,New York,30773.71,GBP
ACC04325,CUST4187,Fixed Deposit,Los Angeles,99611.31,INR
ACC04326,CUST4188,Recurring Deposit,Chicago,18873.21,USD
ACC04327,CUST4189,Savings,Houston,51508.23,INR
ACC04328,CUST4190,Recurring Deposit,Philadelphia,81123.1,JPY
ACC04329,CUST4191,Savings,Philadelphia,88574.04,INR
ACC04330,CUST4192,Savings,Phoenix,80363.11,GBP
ACC04331,CUST4193,Fixed Deposit,Chicago,52452.88,JPY
ACC04332,CUST4194,Current,Phoenix,77549.53,JPY
ACC04333,CUST4195,Current,New York,36036.93,GBP
ACC04334,CUST4196,Savings,Chicago,24035.41,GBP
ACC04335,CUST4197,Savings,Los Angeles,71335.99,USD
ACC04336,CUST4198,Current,Houston,79244.7,INR
ACC04337,CUST4199,Fixed Deposit,Houston,39736.7,USD
ACC04338,CUST4200,Recurring Deposit,Los Angeles,69293.63,INR
ACC04339,CUST4201,Fixed Deposit,New York,74468.2,INR
ACC04340,CUST4202,Savings,Chicago,51273.47,USD
ACC04341,CUST4203,Savings,Philadelphia,94221.09,GBP
ACC04342,CUST4204,Savings,Chicago,744.82,USD
ACC04343,CUST4205,Fixed Deposit,Phoenix,86304.81,USD
ACC04344,CUST4206,Savings,San Diego,40244.21,EUR
ACC04345,CUST4207,Current,San Diego,54869.45,USD
ACC04346,CUST4208,Recurring Deposit,Los Angeles,40517.54,INR
ACC04347,CUST4209,Recurring Deposit,Chicago,73758.65,USD
ACC04348,CUST4210,Savings,San Diego,27019.49,EUR
ACC04349,CUST4211,Savings,Los Angeles,37762.44,USD
ACC04350,CUST4212,Savings,Phoenix,17474.11,JPY
ACC04351,CUST4213,Fixed Deposit,Phoenix,13900.93,USD
ACC04352,CUST4214,Recurring Deposit,Houston,85039.51,EUR
ACC04353,CUST4215,Current,San Antonio,73034.38,INR
ACC04354,CUST4216,Current,Houston,14444.59,EUR
ACC04355,CUST4217,Fixed Deposit,Houston,30202.2,USD
ACC04356,CUST4218,Fixed Deposit,Los Angeles,8764.3,INR
ACC04357,CUST4219,Current,Philadelphia,828.15,INR
ACC04358,CUST4220,Current,Phoenix,17200.66,JPY
ACC04359,CUST4221,Savings,San Diego,21974.59,INR
ACC04360,CUST4222,Savings,Los Angeles,50267.38,USD
ACC04361,CUST4223,Savings,Philadelphia,68743.42,EUR
ACC04362,CUST4224,Recurring Deposit,Philadelphia,11714.32,EUR
ACC04363,CUST4225,Fixed Deposit,Philadelphia,35813.39,EUR
ACC04364,CUST4226,Fixed Deposit,New York,90802.29,INR
ACC04365,CUST4227,Recurring Deposit,Philadelphia,163.8,USD
ACC04366,CUST4228,Savings,Philadelphia,65804.32,INR
ACC04367,CUST1635,Current,Philadelphia,30012.71,GBP
ACC04368,CUST4229,Fixed Deposit,San Diego,90835.75,USD
ACC04369,CUST4230,Current,Chicago,43600.38,USD
ACC04370,CUST4231,Recurring Deposit,Houston,45009.65,INR
ACC04371,CUST4232,Savings,Phoenix,64096.53,INR
ACC04372,CUST4233,Recurring Deposit,Los Angeles,58416.29,USD
ACC04373,CUST4234,Current,San Diego,19490.19,INR
ACC04374,CUST4235,Current,Philadelphia,27921.52,EUR
ACC04375,CUST4236,Savings,San Antonio,24065.85,INR
ACC04376,CUST4237,Recurring Deposit,San Diego,88858.75,GBP
ACC04377,CUST2596,Savings,San Antonio,30310.93,INR
ACC04378,CUST4238,Fixed Deposit,Los Angeles,37286.23,EUR
ACC04379,CUST4239,Savings,New York,62782.63,INR
ACC04380,CUST2515,Fixed Deposit,Philadelphia,36635.3,USD
ACC04381,CUST4240,Fixed Deposit,Phoenix,76908.14,INR
ACC04382,CUST4241,Recurring Deposit,New York,14470.02,EUR
ACC04383,CUST4242,Current,Houston,89342.41,JPY
ACC04384,CUST4243,Fixed Deposit,San Diego,89876.38,GBP
ACC04385,CUST4244,Fixed Deposit,San Diego,89723.55,GBP
ACC04386,CUST4245,Recurring Deposit,San Antonio,10195.51,GBP
ACC04387,CUST1870,Recurring Deposit,New York,43042.81,EUR
ACC04388,CUST4246,Recurring Deposit,Los Angeles,6760.63,INR
ACC04389,CUST4247,Fixed Deposit,New York,1273.51,EUR
ACC04390,CUST4248,Current,Los Angeles,9791.69,EUR
ACC04391,CUST4249,Fixed Deposit,Houston,37046.34,GBP
ACC04392,CUST4250,Savings,Los Angeles,54691.92,GBP
ACC04393,CUST3277,Recurring Deposit,San Diego,72664.29,INR
ACC04394,CUST4251,Current,Los Angeles,65201.3,INR
ACC04395,CUST4252,Savings,Phoenix,66438.41,USD
ACC04396,CUST4253,Current,Los Angeles,32568.62,USD
ACC04397,CUST4254,Fixed Deposit,New York,35982.02,JPY
ACC04398,CUST4255,Recurring Deposit,San Antonio,23503.89,JPY
ACC04399,CUST4256,Savings,Chicago,29010.41,GBP
ACC04400,CUST4257,Savings,Phoenix,33535.51,EUR
ACC04401,CUST4258,Fixed Deposit,San Antonio,16428.47,JPY
ACC04402,CUST4259,Recurring Deposit,Chicago,40495.93,INR
ACC04403,CUST4260,Fixed Deposit,San Antonio,42711.29,JPY
ACC04404,CUST4261,Current,San Antonio,15360.23,GBP
ACC04405,CUST4262,Current,Houston,53715.02,GBP
ACC04406,CUST4263,Current,Phoenix,72051.83,USD
ACC04407,CUST4264,Savings,San Antonio,40009.58,JPY
ACC04408,CUST4265,Savings,Houston,68272.14,GBP
ACC04409,CUST4266,Recurring Deposit,San Antonio,44891.01,JPY
ACC04410,CUST4267,Savings,San Diego,3964.74,JPY
ACC04411,CUST4268,Savings,Philadelphia,18839.37,USD
ACC04412,CUST3859,Current,San Diego,46486.85,JPY
ACC04413,CUST4269,Recurring Deposit,New York,51233.95,EUR
ACC04414,CUST4270,Recurring Deposit,Los Angeles,60158.69,GBP
ACC04415,CUST4271,Current,Phoenix,93357.91,EUR
ACC04416,CUST4272,Fixed Deposit,San Diego,73096.26,INR
ACC04417,CUST3392,Recurring Deposit,Houston,39450.63,JPY
ACC04418,CUST4273,Fixed Deposit,Los Angeles,97616.23,INR
ACC04419,CUST4274,Current,San Diego,54966.45,JPY
ACC04420,CUST4275,Recurring Deposit,San Diego,14940.64,USD
ACC04421,CUST4276,Recurring Deposit,New York,74599.41,INR
ACC04422,CUST4277,Current,Houston,48412.34,USD
ACC04423,CUST4278,Fixed Deposit,Los Angeles,22344.36,USD
ACC04424,CUST4279,Savings,Philadelphia,24509.85,INR
ACC04425,CUST4280,Current,Houston,10837.11,GBP
ACC04426,CUST4281,Fixed Deposit,Los Angeles,32041.43,USD
ACC04427,CUST4282,Fixed Deposit,Phoenix,16452.35,EUR
ACC04428,CUST4283,Current,New York,33653.83,USD
ACC04429,CUST4284,Fixed Deposit,Los Angeles,82149.66,USD
ACC04430,CUST4285,Recurring Deposit,New York,12832.86,GBP
ACC04431,CUST4286,Fixed Deposit,San Diego,64129.87,INR
ACC04432,CUST4287,Recurring Deposit,Houston,3370.02,GBP
ACC04433,CUST4288,Savings,Philadelphia,98165.89,GBP
ACC04434,CUST4289,Fixed Deposit,New York,97213.77,JPY
ACC04435,CUST4290,Fixed Deposit,Houston,43711.32,EUR
ACC04436,CUST4291,Current,Phoenix,61770.36,USD
ACC04437,CUST4292,Recurring Deposit,San Antonio,89972.71,GBP
ACC04438,CUST4293,Current,Chicago,96461.93,USD
ACC04439,CUST4294,Fixed Deposit,New York,39149.57,GBP
ACC04440,CUST4295,Fixed Deposit,New York,31219.2,USD
ACC04441,CUST4296,Current,Los Angeles,90339.84,INR
ACC04442,CUST4297,Savings,Philadelphia,2247.53,GBP
ACC04443,CUST4298,Recurring Deposit,Phoenix,67177.34,INR
ACC04444,CUST2098,Current,Philadelphia,73088.25,INR
ACC04445,CUST4299,Recurring Deposit,Houston,54492.91,INR
ACC04446,CUST4300,Current,Philadelphia,56397.09,JPY
ACC04447,CUST4301,Recurring Deposit,Los Angeles,3470.07,EUR
ACC04448,CUST4302,Recurring Deposit,Chicago,59955.28,USD
ACC04449,CUST4303,Current,Philadelphia,45905.75,JPY
ACC04450,CUST4304,Savings,New York,99327.12,EUR
ACC04451,CUST4305,Recurring Deposit,Philadelphia,89757.43,INR
ACC04452,CUST4306,Savings,Chicago,62479.41,JPY
ACC04453,CUST4307,Fixed Deposit,Los Angeles,63142.51,GBP
ACC04454,CUST4308,Recurring Deposit,San Diego,95729.95,USD
ACC04455,CUST4309,Current,San Diego,19794.46,EUR
ACC04456,CUST4310,Fixed Deposit,Philadelphia,47501.31,JPY
ACC04457,CUST4311,Current,Philadelphia,6641.7,INR
ACC04458,CUST4312,Savings,Philadelphia,66236.74,EUR
ACC04459,CUST4313,Savings,New York,42302.03,USD
ACC04460,CUST4314,Current,New York,11625.47,GBP
ACC04461,CUST4315,Savings,Chicago,47906.29,JPY
ACC04462,CUST4316,Savings,Philadelphia,90652.01,USD
ACC04463,CUST4317,Recurring Deposit,Los Angeles,71800.34,JPY
ACC04464,CUST3915,Savings,New York,62546.46,USD
ACC04465,CUST4318,Recurring Deposit,New York,49377.57,EUR
ACC04466,CUST4319,Fixed Deposit,Phoenix,57697.35,USD
ACC04467,CUST4320,Savings,Phoenix,62792.68,USD
ACC04468,CUST3689,Current,San Antonio,87887.4,EUR
ACC04469,CUST2304,Fixed Deposit,Philadelphia,3091.14,JPY
ACC04470,CUST4321,Fixed Deposit,San Antonio,23787.3,JPY
ACC04471,CUST4322,Current,San Diego,21580.27,GBP
ACC04472,CUST4323,Recurring Deposit,Houston,34583.95,JPY
ACC04473,CUST1890,Recurring Deposit,San Diego,85058.0,JPY
ACC04474,CUST4324,Fixed Deposit,San Diego,66434.74,EUR
ACC04475,CUST4325,Savings,San Antonio,78569.86,INR
ACC04476,CUST4326,Savings,San Antonio,81670.41,EUR
ACC04477,CUST4327,Current,Chicago,23196.94,USD
ACC04478,CUST4328,Savings,Phoenix,57941.72,INR
ACC04479,CUST4329,Current,San Diego,41216.83,GBP
ACC04480,CUST4330,Recurring Deposit,Chicago,42933.63,INR
ACC04481,CUST4331,Recurring Deposit,Chicago,28301.36,USD
ACC04482,CUST4332,Current,San Antonio,87890.97,USD
ACC04483,CUST4333,Savings,New York,39886.1,INR
ACC04484,CUST3168,Current,San Antonio,15600.92,INR
ACC04485,CUST4334,Recurring Deposit,Chicago,88932.32,JPY
ACC04486,CUST4335,Current,San Antonio,64774.99,USD
ACC04487,CUST4336,Fixed Deposit,Philadelphia,16335.5,JPY
ACC04488,CUST4337,Fixed Deposit,Phoenix,11462.02,USD
ACC04489,CUST4338,Current,Los Angeles,62947.19,INR
ACC04490,CUST4339,Current,Los Angeles,20742.37,EUR
ACC04491,CUST4340,Fixed Deposit,Los Angeles,94974.35,INR
ACC04492,CUST4341,Current,New York,85487.71,USD
ACC04493,CUST4342,Savings,San Antonio,32076.87,EUR
ACC04494,CUST4343,Savings,Phoenix,98768.8,EUR
ACC04495,CUST4344,Current,Phoenix,81582.8,INR
ACC04496,CUST4345,Savings,Los Angeles,94739.9,EUR
ACC04497,CUST4346,Fixed Deposit,San Antonio,92202.09,INR
ACC04498,CUST4347,Current,San Antonio,63337.77,EUR
ACC04499,CUST4348,Savings,New York,11315.17,JPY
ACC04500,CUST4349,Current,Philadelphia,90948.57,GBP
ACC04501,CUST4350,Recurring Deposit,New York,31289.96,USD
ACC04502,CUST4351,Recurring Deposit,New York,78136.26,EUR
ACC04503,CUST4352,Fixed Deposit,Chicago,43992.58,JPY
ACC04504,CUST4353,Fixed Deposit,Los Angeles,91062.09,GBP
ACC04505,CUST4354,Savings,Houston,36630.78,EUR
ACC04506,CUST4355,Recurring Deposit,New York,53747.08,EUR
ACC04507,CUST4356,Fixed Deposit,San Diego,33896.67,JPY
ACC04508,CUST4357,Fixed Deposit,Phoenix,32650.56,GBP
ACC04509,CUST4358,Current,Houston,9905.38,EUR
ACC04510,CUST4359,Current,Los Angeles,35390.73,EUR
ACC04511,CUST4360,Fixed Deposit,San Antonio,74486.59,GBP
ACC04512,CUST4361,Recurring Deposit,San Antonio,27875.39,EUR
ACC04513,CUST4362,Current,San Diego,39487.28,INR
ACC04514,CUST4363,Recurring Deposit,San Diego,42559.55,USD
ACC04515,CUST4364,Recurring Deposit,Los Angeles,40176.89,GBP
ACC04516,CUST4365,Fixed Deposit,San Antonio,71978.16,INR
ACC04517,CUST4366,Savings,San Antonio,4516.5,JPY
ACC04518,CUST4367,Savings,San Antonio,61747.98,JPY
ACC04519,CUST4368,Current,Houston,53300.53,JPY
ACC04520,CUST4369,Recurring Deposit,Chicago,42578.04,USD
ACC04521,CUST4370,Fixed Deposit,Chicago,58874.57,JPY
ACC04522,CUST4371,Current,Phoenix,17252.52,GBP
ACC04523,CUST4372,Fixed Deposit,San Antonio,3964.22,INR
ACC04524,CUST4373,Recurring Deposit,Philadelphia,67432.34,INR
ACC04525,CUST4374,Savings,Chicago,22859.47,JPY
ACC04526,CUST4375,Fixed Deposit,Los Angeles,58065.12,USD
ACC04527,CUST4376,Current,Chicago,90084.05,GBP
ACC04528,CUST4377,Recurring Deposit,Philadelphia,9185.25,EUR
ACC04529,CUST4378,Fixed Deposit,Chicago,68126.92,JPY
ACC04530,CUST4379,Fixed Deposit,Chicago,92143.41,GBP
ACC04531,CUST4380,Current,San Antonio,57372.62,EUR
ACC04532,CUST4381,Current,San Diego,12632.91,EUR
ACC04533,CUST4382,Fixed Deposit,New York,75127.06,INR
ACC04534,CUST4383,Savings,Los Angeles,7628.45,INR
ACC04535,CUST4384,Savings,Phoenix,9797.31,GBP
ACC04536,CUST4385,Fixed Deposit,San Diego,49524.46,JPY
ACC04537,CUST3831,Savings,Philadelphia,54846.53,JPY
ACC04538,CUST4386,Current,Los Angeles,77509.18,EUR
ACC04539,CUST4387,Recurring Deposit,Chicago,75061.76,GBP
ACC04540,CUST4388,Fixed Deposit,Houston,17518.14,INR
ACC04541,CUST4389,Current,Los Angeles,87884.66,JPY
ACC04542,CUST4390,Savings,Chicago,61484.24,JPY
ACC04543,CUST4391,Savings,San Antonio,8023.88,INR
ACC04544,CUST4392,Savings,New York,72562.34,INR
ACC04545,CUST4393,Recurring Deposit,New York,55328.95,EUR
ACC04546,CUST4394,Fixed Deposit,Los Angeles,9649.03,EUR
ACC04547,CUST4395,Savings,San Antonio,95254.24,JPY
ACC04548,CUST4396,Fixed Deposit,San Antonio,10928.46,JPY
ACC04549,CUST4397,Fixed Deposit,Los Angeles,10326.67,EUR
ACC04550,CUST4398,Current,Philadelphia,71394.04,GBP
ACC04551,CUST4399,Recurring Deposit,Philadelphia,74770.56,INR
ACC04552,CUST4400,Savings,Phoenix,39802.55,JPY
ACC04553,CUST4401,Savings,Philadelphia,78313.54,INR
ACC04554,CUST3087,Current,San Antonio,44134.08,USD
ACC04555,CUST1986,Savings,Chicago,3540.02,INR
ACC04556,CUST4402,Recurring Deposit,San Antonio,4843.05,EUR
ACC04557,CUST4403,Savings,Houston,41123.57,EUR
ACC04558,CUST4404,Current,Houston,6020.48,EUR
ACC04559,CUST4405,Fixed Deposit,New York,51645.98,EUR
ACC04560,CUST4406,Savings,Los Angeles,17438.36,GBP
ACC04561,CUST4407,Fixed Deposit,Philadelphia,50881.28,USD
ACC04562,CUST4408,Savings,San Antonio,55291.29,USD
ACC04563,CUST4409,Current,Philadelphia,39722.63,USD
ACC04564,CUST4410,Savings,Philadelphia,31714.83,GBP
ACC04565,CUST4411,Savings,Philadelphia,23221.12,GBP
ACC04566,CUST0456,Recurring Deposit,Los Angeles,77064.88,JPY
ACC04567,CUST4412,Current,Los Angeles,1516.49,INR
ACC04568,CUST4413,Recurring Deposit,Chicago,63258.85,GBP
ACC04569,CUST4414,Savings,Phoenix,64902.1,USD
ACC04570,CUST4415,Current,New York,38513.41,GBP
ACC04571,CUST4416,Savings,San Antonio,9577.2,JPY
ACC04572,CUST4417,Fixed Deposit,Philadelphia,57540.99,JPY
ACC04573,CUST4418,Recurring Deposit,Los Angeles,11744.57,EUR
ACC04574,CUST4419,Current,New York,7642.71,USD
ACC04575,CUST3872,Current,Houston,8816.96,USD
ACC04576,CUST4420,Current,Chicago,83764.79,INR
ACC04577,CUST3031,Recurring Deposit,San Antonio,8201.26,GBP
ACC04578,CUST4421,Savings,San Antonio,80410.67,USD
ACC04579,CUST4422,Savings,Philadelphia,36525.31,INR
ACC04580,CUST4423,Savings,Houston,7020.59,EUR
ACC04581,CUST4424,Fixed Deposit,Los Angeles,78800.47,JPY
ACC04582,CUST4425,Savings,Chicago,90170.5,INR
ACC04583,CUST4426,Current,Houston,29847.93,JPY
ACC04584,CUST4427,Recurring Deposit,New York,97735.06,USD
ACC04585,CUST4428,Fixed Deposit,Phoenix,3980.71,GBP
ACC04586,CUST4429,Current,Los Angeles,97685.27,JPY
ACC04587,CUST3650,Current,Los Angeles,69947.55,USD
ACC04588,CUST4430,Fixed Deposit,Houston,11594.15,EUR
ACC04589,CUST4431,Fixed Deposit,Phoenix,36613.9,GBP
ACC04590,CUST4432,Current,San Antonio,53222.82,GBP
ACC04591,CUST4433,Fixed Deposit,Chicago,30080.68,GBP
ACC04592,CUST4434,Savings,Los Angeles,97758.42,USD
ACC04593,CUST4435,Current,New York,13155.17,INR
ACC04594,CUST4436,Current,Philadelphia,59103.72,EUR
ACC04595,CUST4437,Current,Houston,77367.78,INR
ACC04596,CUST4438,Current,San Antonio,98461.3,GBP
ACC04597,CUST4439,Recurring Deposit,Philadelphia,16604.4,EUR
ACC04598,CUST4440,Fixed Deposit,Houston,91214.37,USD
ACC04599,CUST4441,Savings,Houston,69953.02,GBP
ACC04600,CUST4442,Recurring Deposit,Chicago,38245.22,EUR
ACC04601,CUST4443,Current,Houston,6806.64,JPY
ACC04602,CUST4444,Recurring Deposit,Phoenix,31646.23,USD
ACC04603,CUST4445,Fixed Deposit,San Antonio,36303.64,INR
ACC04604,CUST4446,Recurring Deposit,San Diego,58228.66,USD
ACC04605,CUST4447,Fixed Deposit,Philadelphia,43552.3,GBP
ACC04606,CUST4448,Recurring Deposit,Philadelphia,89452.17,USD
ACC04607,CUST4449,Current,New York,53748.44,USD
ACC04608,CUST4450,Current,Philadelphia,51567.92,JPY
ACC04609,CUST4451,Current,San Diego,33454.43,GBP
ACC04610,CUST4452,Fixed Deposit,San Diego,49824.89,GBP
ACC04611,CUST4246,Savings,Los Angeles,62109.2,USD
ACC04612,CUST4453,Current,Chicago,21844.86,JPY
ACC04613,CUST4454,Current,Phoenix,28908.78,JPY
ACC04614,CUST4455,Fixed Deposit,Philadelphia,10765.79,INR
ACC04615,CUST4456,Fixed Deposit,Phoenix,29242.46,GBP
ACC04616,CUST4457,Recurring Deposit,Chicago,97447.66,JPY
ACC04617,CUST4458,Recurring Deposit,Chicago,90526.61,USD
ACC04618,CUST4459,Current,Phoenix,65461.79,INR
ACC04619,CUST4460,Current,San Antonio,92999.1,JPY
ACC04620,CUST4461,Savings,San Diego,63523.72,USD
ACC04621,CUST4462,Current,Houston,77911.74,JPY
ACC04622,CUST0345,Savings,Houston,38213.64,EUR
ACC04623,CUST4463,Savings,San Antonio,41967.48,GBP
ACC04624,CUST4464,Savings,Chicago,50163.69,GBP
ACC04625,CUST4465,Current,Philadelphia,75975.51,JPY
ACC04626,CUST4466,Recurring Deposit,Philadelphia,4170.91,EUR
ACC04627,CUST4467,Recurring Deposit,San Diego,1001.64,USD
ACC04628,CUST4468,Current,New York,66375.71,INR
ACC04629,CUST4469,Current,Los Angeles,77874.85,EUR
ACC04630,CUST4470,Recurring Deposit,Houston,81489.91,JPY
ACC04631,CUST4471,Savings,Los Angeles,49823.67,USD
ACC04632,CUST4472,Fixed Deposit,San Antonio,92082.34,JPY
ACC04633,CUST4473,Current,San Antonio,65878.28,USD
ACC04634,CUST4474,Fixed Deposit,Philadelphia,12957.03,USD
ACC04635,CUST4475,Current,San Antonio,21843.55,USD
ACC04636,CUST4476,Recurring Deposit,Philadelphia,42897.96,JPY
ACC04637,CUST4477,Current,Philadelphia,89214.35,GBP
ACC04638,CUST4478,Savings,Philadelphia,9106.32,JPY
ACC04639,CUST4479,Savings,Chicago,75755.64,INR
ACC04640,CUST4480,Fixed Deposit,San Diego,32821.23,INR
ACC04641,CUST4481,Savings,San Antonio,87352.14,JPY
ACC04642,CUST4482,Savings,San Diego,32524.88,INR
ACC04643,CUST4483,Current,San Diego,6742.45,GBP
ACC04644,CUST4484,Current,Houston,6913.02,EUR
ACC04645,CUST4485,Fixed Deposit,Phoenix,27831.44,GBP
ACC04646,CUST4486,Current,Los Angeles,86445.96,USD
ACC04647,CUST4487,Current,Philadelphia,30314.02,USD
ACC04648,CUST4488,Fixed Deposit,Los Angeles,58923.88,JPY
ACC04649,CUST4489,Fixed Deposit,Phoenix,77014.37,USD
ACC04650,CUST4490,Fixed Deposit,Los Angeles,34309.86,JPY
ACC04651,CUST4491,Fixed Deposit,Phoenix,90199.95,EUR
ACC04652,CUST4492,Savings,San Diego,52441.1,INR
ACC04653,CUST4493,Savings,Philadelphia,75950.38,USD
ACC04654,CUST4494,Recurring Deposit,Philadelphia,36609.98,JPY
ACC04655,CUST4495,Current,San Antonio,82264.44,EUR
ACC04656,CUST2782,Recurring Deposit,Philadelphia,55186.56,INR
ACC04657,CUST4496,Fixed Deposit,Los Angeles,12289.54,INR
ACC04658,CUST4497,Fixed Deposit,Los Angeles,60629.6,USD
ACC04659,CUST4498,Current,Phoenix,41294.46,EUR
ACC04660,CUST4499,Recurring Deposit,Philadelphia,71595.66,USD
ACC04661,CUST4500,Recurring Deposit,New York,55069.4,USD
ACC04662,CUST4501,Recurring Deposit,San Antonio,7234.12,EUR
ACC04663,CUST4502,Recurring Deposit,Chicago,6148.5,EUR
ACC04664,CUST4503,Recurring Deposit,Chicago,73038.86,EUR
ACC04665,CUST4504,Savings,Phoenix,46532.81,JPY
ACC04666,CUST4505,Current,San Antonio,68504.1,EUR
ACC04667,CUST4506,Savings,Phoenix,10728.97,GBP
ACC04668,CUST4507,Current,Philadelphia,65767.52,INR
ACC04669,CUST4508,Recurring Deposit,San Antonio,22445.92,INR
ACC04670,CUST4509,Current,San Antonio,23446.19,INR
ACC04671,CUST4510,Savings,New York,77315.18,JPY
ACC04672,CUST4511,Savings,San Antonio,8191.89,USD
ACC04673,CUST4512,Savings,San Diego,48061.51,INR
ACC04674,CUST4513,Current,Los Angeles,22632.65,GBP
ACC04675,CUST4514,Savings,New York,58154.7,EUR
ACC04676,CUST4515,Recurring Deposit,San Antonio,60416.93,USD
ACC04677,CUST4516,Current,Los Angeles,72825.95,JPY
ACC04678,CUST4517,Current,San Diego,35609.07,USD
ACC04679,CUST4518,Recurring Deposit,San Diego,9324.79,INR
ACC04680,CUST4519,Savings,New York,80709.04,JPY
ACC04681,CUST4520,Recurring Deposit,Phoenix,89698.52,GBP
ACC04682,CUST4521,Fixed Deposit,Phoenix,90760.76,EUR
ACC04683,CUST4522,Current,Phoenix,97994.81,JPY
ACC04684,CUST4523,Savings,Los Angeles,87236.94,JPY
ACC04685,CUST4524,Current,Los Angeles,77551.99,JPY
ACC04686,CUST4525,Fixed Deposit,Philadelphia,6535.55,GBP
ACC04687,CUST4526,Fixed Deposit,New York,9238.88,USD
ACC04688,CUST4527,Savings,Phoenix,78443.15,INR
ACC04689,CUST4528,Recurring Deposit,Phoenix,17872.37,INR
ACC04690,CUST4529,Savings,San Antonio,15456.12,EUR
ACC04691,CUST4530,Fixed Deposit,Houston,50841.45,GBP
ACC04692,CUST4531,Savings,Chicago,76779.27,USD
ACC04693,CUST4532,Recurring Deposit,Philadelphia,80929.4,INR
ACC04694,CUST4533,Current,Houston,81601.56,INR
ACC04695,CUST4534,Fixed Deposit,Phoenix,41328.29,USD
ACC04696,CUST4535,Current,Philadelphia,53551.78,GBP
ACC04697,CUST4536,Current,San Antonio,40736.46,JPY
ACC04698,CUST4537,Recurring Deposit,New York,3669.6,JPY
ACC04699,CUST4538,Savings,Los Angeles,99075.42,JPY
ACC04700,CUST1724,Savings,Los Angeles,82639.47,USD
ACC04701,CUST4539,Recurring Deposit,Houston,23258.61,USD
ACC04702,CUST4540,Current,New York,28614.53,USD
ACC04703,CUST4541,Recurring Deposit,Houston,56512.26,GBP
ACC04704,CUST4542,Recurring Deposit,Chicago,73374.13,USD
ACC04705,CUST4543,Recurring Deposit,Philadelphia,67108.55,JPY
ACC04706,CUST4544,Recurring Deposit,Philadelphia,20804.74,JPY
ACC04707,CUST4545,Recurring Deposit,Chicago,10204.49,INR
ACC04708,CUST4546,Fixed Deposit,Chicago,13115.99,INR
ACC04709,CUST4547,Savings,Philadelphia,67013.0,EUR
ACC04710,CUST4548,Fixed Deposit,New York,34493.69,INR
ACC04711,CUST4549,Current,San Diego,25423.07,INR
ACC04712,CUST4550,Fixed Deposit,Philadelphia,86415.76,USD
ACC04713,CUST4551,Recurring Deposit,New York,93182.22,USD
ACC04714,CUST4552,Fixed Deposit,Los Angeles,51134.39,INR
ACC04715,CUST4103,Current,Chicago,84214.51,USD
ACC04716,CUST4553,Current,Phoenix,78667.34,GBP
ACC04717,CUST4554,Current,San Diego,31138.63,USD
ACC04718,CUST4555,Recurring Deposit,Houston,42096.63,INR
ACC04719,CUST4556,Recurring Deposit,San Antonio,54403.49,JPY
ACC04720,CUST4557,Savings,Phoenix,52133.79,EUR
ACC04721,CUST4558,Recurring Deposit,Phoenix,55215.87,EUR
ACC04722,CUST4559,Recurring Deposit,New York,32429.11,INR
ACC04723,CUST4560,Fixed Deposit,Chicago,327.78,GBP
ACC04724,CUST4506,Fixed Deposit,San Antonio,31633.25,USD
ACC04725,CUST4561,Current,Phoenix,4791.41,EUR
ACC04726,CUST4562,Current,Phoenix,95387.86,USD
ACC04727,CUST4563,Current,Phoenix,95102.51,INR
ACC04728,CUST4564,Savings,Chicago,71066.76,JPY
ACC04729,CUST4565,Recurring Deposit,Los Angeles,16577.08,USD
ACC04730,CUST4566,Current,Houston,9516.36,EUR
ACC04731,CUST4567,Fixed Deposit,San Antonio,60860.24,JPY
ACC04732,CUST4568,Recurring Deposit,Philadelphia,97415.48,INR
ACC04733,CUST4569,Current,Phoenix,53386.04,GBP
ACC04734,CUST4570,Fixed Deposit,Los Angeles,12100.44,GBP
ACC04735,CUST4571,Savings,Phoenix,98171.5,INR
ACC04736,CUST4572,Savings,Los Angeles,88753.77,EUR
ACC04737,CUST4573,Recurring Deposit,Chicago,61201.87,GBP
ACC04738,CUST4574,Fixed Deposit,New York,91126.44,JPY
ACC04739,CUST4575,Fixed Deposit,Houston,50292.45,GBP
ACC04740,CUST4576,Savings,Phoenix,4786.74,EUR
ACC04741,CUST4577,Fixed Deposit,Los Angeles,29062.58,INR
ACC04742,CUST4578,Recurring Deposit,Chicago,43548.2,EUR
ACC04743,CUST4579,Savings,San Diego,79400.06,INR
ACC04744,CUST4580,Savings,San Diego,27639.16,EUR
ACC04745,CUST4581,Fixed Deposit,Houston,97939.71,EUR
ACC04746,CUST4582,Current,Chicago,98718.98,EUR
ACC04747,CUST4583,Fixed Deposit,San Antonio,44159.44,INR
ACC04748,CUST4584,Fixed Deposit,New York,44429.36,INR
ACC04749,CUST4585,Current,Los Angeles,45184.73,INR
ACC04750,CUST4586,Current,Phoenix,39819.64,EUR
ACC04751,CUST4587,Fixed Deposit,Houston,64467.29,USD
ACC04752,CUST4588,Fixed Deposit,Phoenix,25332.29,USD
ACC04753,CUST4589,Current,Philadelphia,85330.69,EUR
ACC04754,CUST4590,Fixed Deposit,Houston,20768.34,USD
ACC04755,CUST4591,Savings,Los Angeles,95940.82,GBP
ACC04756,CUST4592,Recurring Deposit,Chicago,83514.92,JPY
ACC04757,CUST4593,Current,San Antonio,79910.87,USD
ACC04758,CUST4056,Recurring Deposit,New York,60973.71,JPY
ACC04759,CUST4594,Current,Phoenix,4873.59,GBP
ACC04760,CUST4595,Recurring Deposit,San Diego,39734.57,INR
ACC04761,CUST0626,Current,Houston,13317.16,JPY
ACC04762,CUST4596,Recurring Deposit,Los Angeles,94935.02,USD
ACC04763,CUST4597,Recurring Deposit,Los Angeles,45902.33,EUR
ACC04764,CUST4598,Fixed Deposit,Houston,96111.75,EUR
ACC04765,CUST4599,Fixed Deposit,Phoenix,68252.32,EUR
ACC04766,CUST4600,Savings,New York,91932.24,GBP
ACC04767,CUST4601,Fixed Deposit,Philadelphia,76592.48,GBP
ACC04768,CUST4602,Fixed Deposit,Phoenix,7302.44,EUR
ACC04769,CUST4603,Fixed Deposit,San Diego,48762.14,JPY
ACC04770,CUST4604,Savings,Phoenix,87974.43,JPY
ACC04771,CUST4605,Recurring Deposit,Chicago,18327.55,EUR
ACC04772,CUST4606,Fixed Deposit,Chicago,76502.14,JPY
ACC04773,CUST4607,Fixed Deposit,Phoenix,73528.52,USD
ACC04774,CUST4608,Current,Philadelphia,13175.48,USD
ACC04775,CUST4606,Current,New York,70192.72,JPY
ACC04776,CUST4609,Savings,Los Angeles,36442.98,USD
ACC04777,CUST4610,Fixed Deposit,New York,91224.75,GBP
ACC04778,CUST4611,Current,Phoenix,18110.72,JPY
ACC04779,CUST4612,Current,San Diego,90387.04,JPY
ACC04780,CUST4613,Recurring Deposit,New York,23685.5,JPY
ACC04781,CUST4614,Current,San Diego,43715.56,EUR
ACC04782,CUST4615,Fixed Deposit,Houston,34152.33,JPY
ACC04783,CUST4616,Current,New York,23491.31,EUR
ACC04784,CUST4617,Current,Los Angeles,51114.87,JPY
ACC04785,CUST4618,Savings,New York,51873.2,USD
ACC04786,CUST4619,Fixed Deposit,Phoenix,79511.85,INR
ACC04787,CUST4271,Current,Chicago,26659.53,USD
ACC04788,CUST4620,Recurring Deposit,Phoenix,18066.6,USD
ACC04789,CUST4621,Fixed Deposit,Philadelphia,11773.16,USD
ACC04790,CUST4622,Current,Phoenix,56171.58,GBP
ACC04791,CUST4623,Fixed Deposit,Phoenix,50937.37,JPY
ACC04792,CUST4624,Savings,Phoenix,52797.87,USD
ACC04793,CUST4625,Savings,Los Angeles,38345.33,EUR
ACC04794,CUST4626,Fixed Deposit,New York,33293.15,JPY
ACC04795,CUST4627,Recurring Deposit,Los Angeles,95825.29,USD
ACC04796,CUST4628,Current,Los Angeles,63709.38,INR
ACC04797,CUST4629,Fixed Deposit,Houston,65480.04,USD
ACC04798,CUST4630,Recurring Deposit,Chicago,76765.43,EUR
ACC04799,CUST4631,Fixed Deposit,San Antonio,60301.71,EUR
ACC04800,CUST4632,Fixed Deposit,Philadelphia,44812.41,EUR
ACC04801,CUST4633,Fixed Deposit,Houston,71442.05,GBP
ACC04802,CUST4634,Fixed Deposit,New York,33549.21,GBP
ACC04803,CUST0856,Current,Los Angeles,48305.23,INR
ACC04804,CUST4635,Current,New York,71872.48,USD
ACC04805,CUST4636,Recurring Deposit,Philadelphia,4001.24,INR
ACC04806,CUST1320,Savings,Chicago,21850.34,EUR
ACC04807,CUST4637,Recurring Deposit,Phoenix,45001.63,INR
ACC04808,CUST4638,Fixed Deposit,San Diego,39961.75,EUR
ACC04809,CUST4639,Savings,Philadelphia,65095.64,JPY
ACC04810,CUST4640,Fixed Deposit,New York,24542.69,GBP
ACC04811,CUST4641,Current,Los Angeles,16610.31,INR
ACC04812,CUST4642,Current,San Diego,82553.43,JPY
ACC04813,CUST4643,Current,New York,80789.52,GBP
ACC04814,CUST4644,Recurring Deposit,New York,97656.32,JPY
ACC04815,CUST4645,Savings,San Diego,36117.12,USD
ACC04816,CUST4646,Current,San Diego,37045.83,EUR
ACC04817,CUST4647,Recurring Deposit,Los Angeles,7088.1,GBP
ACC04818,CUST4648,Current,Los Angeles,78592.26,USD
ACC04819,CUST4649,Recurring Deposit,New York,91671.72,JPY
ACC04820,CUST2261,Savings,Phoenix,36086.79,USD
ACC04821,CUST4650,Current,Houston,56264.78,GBP
ACC04822,CUST4651,Current,San Diego,58352.1,USD
ACC04823,CUST4652,Fixed Deposit,Houston,52377.03,USD
ACC04824,CUST1876,Savings,Los Angeles,33835.57,INR
ACC04825,CUST4653,Savings,New York,61007.31,EUR
ACC04826,CUST4654,Current,San Diego,23236.85,GBP
ACC04827,CUST4655,Fixed Deposit,Philadelphia,9463.01,USD
ACC04828,CUST4656,Current,Phoenix,3882.96,USD
ACC04829,CUST4657,Fixed Deposit,San Antonio,8662.17,GBP
ACC04830,CUST4658,Savings,New York,95387.03,USD
ACC04831,CUST4659,Fixed Deposit,Chicago,93194.03,GBP
ACC04832,CUST4660,Savings,Chicago,47530.39,EUR
ACC04833,CUST4661,Fixed Deposit,Philadelphia,52958.0,GBP
ACC04834,CUST4662,Fixed Deposit,Los Angeles,35391.6,JPY
ACC04835,CUST4663,Recurring Deposit,San Antonio,10771.2,EUR
ACC04836,CUST4664,Current,San Antonio,32519.83,JPY
ACC04837,CUST4665,Savings,New York,86905.66,GBP
ACC04838,CUST4666,Recurring Deposit,San Antonio,48048.02,JPY
ACC04839,CUST4667,Savings,Houston,45118.76,EUR
ACC04840,CUST4668,Fixed Deposit,San Diego,73284.66,GBP
ACC04841,CUST4669,Savings,Chicago,56777.76,EUR
ACC04842,CUST4670,Savings,Houston,70482.73,INR
ACC04843,CUST4671,Fixed Deposit,Philadelphia,47458.91,USD
ACC04844,CUST4672,Fixed Deposit,Los Angeles,24209.24,GBP
ACC04845,CUST4673,Recurring Deposit,Los Angeles,8351.16,GBP
ACC04846,CUST4674,Fixed Deposit,Houston,77824.51,INR
ACC04847,CUST4675,Fixed Deposit,Houston,22305.36,GBP
ACC04848,CUST4676,Savings,Chicago,35491.88,EUR
ACC04849,CUST4677,Recurring Deposit,Philadelphia,83648.59,JPY
ACC04850,CUST1819,Fixed Deposit,Chicago,96002.02,INR
ACC04851,CUST4678,Fixed Deposit,Phoenix,51316.88,GBP
ACC04852,CUST4679,Current,New York,53762.67,USD
ACC04853,CUST4680,Fixed Deposit,Phoenix,3445.62,INR
ACC04854,CUST4681,Recurring Deposit,San Antonio,21251.29,GBP
ACC04855,CUST4682,Savings,San Diego,60958.87,GBP
ACC04856,CUST4683,Current,San Antonio,76948.72,JPY
ACC04857,CUST4684,Fixed Deposit,San Antonio,42427.78,JPY
ACC04858,CUST4685,Recurring Deposit,Chicago,87431.73,EUR
ACC04859,CUST4686,Savings,San Diego,23552.92,INR
ACC04860,CUST4687,Fixed Deposit,Phoenix,21555.29,USD
ACC04861,CUST4688,Current,Chicago,62132.01,GBP
ACC04862,CUST4689,Fixed Deposit,San Diego,52042.42,INR
ACC04863,CUST4690,Savings,Phoenix,11372.54,INR
ACC04864,CUST4691,Recurring Deposit,Houston,83166.1,JPY
ACC04865,CUST1012,Recurring Deposit,Los Angeles,74554.93,EUR
ACC04866,CUST2753,Recurring Deposit,Phoenix,72626.15,GBP
ACC04867,CUST4692,Fixed Deposit,Phoenix,89913.79,INR
ACC04868,CUST4693,Savings,Chicago,91736.06,GBP
ACC04869,CUST4694,Savings,Houston,33469.62,JPY
ACC04870,CUST4695,Fixed Deposit,New York,40926.44,USD
ACC04871,CUST4696,Savings,San Antonio,65421.79,USD
ACC04872,CUST4697,Current,Phoenix,59010.04,INR
ACC04873,CUST4698,Current,Philadelphia,57166.64,USD
ACC04874,CUST4699,Fixed Deposit,Houston,46968.49,USD
ACC04875,CUST4700,Fixed Deposit,Phoenix,26699.37,INR
ACC04876,CUST4701,Recurring Deposit,San Diego,22605.69,USD
ACC04877,CUST4702,Current,Houston,13677.45,USD
ACC04878,CUST4703,Fixed Deposit,San Diego,27218.74,INR
ACC04879,CUST4704,Current,Philadelphia,16504.73,GBP
ACC04880,CUST4705,Current,Los Angeles,56618.46,INR
ACC04881,CUST4706,Savings,San Antonio,46470.15,JPY
ACC04882,CUST4707,Savings,San Antonio,56266.88,INR
ACC04883,CUST4708,Savings,Chicago,57615.5,INR
ACC04884,CUST4709,Current,New York,93991.61,INR
ACC04885,CUST4710,Current,Chicago,39077.29,GBP
ACC04886,CUST4711,Current,San Antonio,56928.24,EUR
ACC04887,CUST4712,Recurring Deposit,San Diego,38112.07,INR
ACC04888,CUST4713,Savings,San Diego,82599.85,EUR
ACC04889,CUST4714,Fixed Deposit,Philadelphia,42554.88,JPY
ACC04890,CUST4715,Fixed Deposit,Houston,62304.75,GBP
ACC04891,CUST4716,Savings,Phoenix,27915.77,GBP
ACC04892,CUST4717,Recurring Deposit,San Antonio,62789.81,INR
ACC04893,CUST4718,Savings,San Antonio,5372.9,EUR
ACC04894,CUST4719,Savings,Los Angeles,21275.45,USD
ACC04895,CUST4720,Fixed Deposit,Los Angeles,26762.43,EUR
ACC04896,CUST4721,Savings,Los Angeles,67870.87,INR
ACC04897,CUST4722,Recurring Deposit,Los Angeles,68355.08,USD
ACC04898,CUST4723,Recurring Deposit,New York,74190.84,EUR
ACC04899,CUST4724,Fixed Deposit,San Diego,56389.09,JPY
ACC04900,CUST4725,Fixed Deposit,Phoenix,96527.03,EUR
ACC04901,CUST4726,Fixed Deposit,New York,25279.43,JPY
ACC04902,CUST4727,Fixed Deposit,Los Angeles,47329.37,USD
ACC04903,CUST4728,Recurring Deposit,Phoenix,77749.1,USD
ACC04904,CUST4729,Savings,San Diego,80974.58,GBP
ACC04905,CUST4730,Fixed Deposit,Philadelphia,34400.68,EUR
ACC04906,CUST1760,Savings,Houston,75939.38,USD
ACC04907,CUST4731,Recurring Deposit,Phoenix,62707.01,EUR
ACC04908,CUST4732,Current,Philadelphia,8574.13,JPY
ACC04909,CUST4733,Recurring Deposit,Chicago,52394.76,EUR
ACC04910,CUST4734,Savings,Los Angeles,82692.13,EUR
ACC04911,CUST4735,Savings,Houston,74579.03,JPY
ACC04912,CUST4736,Current,Philadelphia,18007.72,GBP
ACC04913,CUST2713,Recurring Deposit,New York,36882.5,GBP
ACC04914,CUST4737,Current,Phoenix,27150.52,GBP
ACC04915,CUST4738,Recurring Deposit,San Diego,41562.03,INR
ACC04916,CUST4739,Current,San Diego,41361.19,EUR
ACC04917,CUST4740,Recurring Deposit,Phoenix,1906.9,EUR
ACC04918,CUST4741,Current,Los Angeles,56293.43,USD
ACC04919,CUST4742,Fixed Deposit,Phoenix,70020.33,GBP
ACC04920,CUST4743,Current,Los Angeles,43382.67,INR
ACC04921,CUST4744,Savings,Los Angeles,12542.16,JPY
ACC04922,CUST4745,Recurring Deposit,Houston,14654.34,EUR
ACC04923,CUST4746,Recurring Deposit,Phoenix,82770.71,GBP
ACC04924,CUST4747,Savings,San Diego,84379.61,EUR
ACC04925,CUST4748,Recurring Deposit,Philadelphia,91613.04,INR
ACC04926,CUST4749,Recurring Deposit,Phoenix,40054.47,USD
ACC04927,CUST4750,Fixed Deposit,Los Angeles,24664.55,INR
ACC04928,CUST4751,Current,San Diego,58292.85,INR
ACC04929,CUST4752,Current,Los Angeles,88562.92,GBP
ACC04930,CUST4753,Fixed Deposit,San Antonio,52028.26,INR
ACC04931,CUST4754,Current,Houston,16850.52,USD
ACC04932,CUST4755,Current,Chicago,82645.59,GBP
ACC04933,CUST4756,Fixed Deposit,San Antonio,56502.51,EUR
ACC04934,CUST4757,Recurring Deposit,New York,19346.64,USD
ACC04935,CUST4758,Recurring Deposit,Philadelphia,6318.5,USD
ACC04936,CUST4759,Current,Philadelphia,18499.08,JPY
ACC04937,CUST4760,Current,Phoenix,15386.74,JPY
ACC04938,CUST4761,Recurring Deposit,Chicago,32646.75,GBP
ACC04939,CUST4762,Fixed Deposit,San Diego,37477.65,INR
ACC04940,CUST4763,Current,Los Angeles,23298.2,EUR
ACC04941,CUST4764,Savings,Phoenix,80422.0,USD
ACC04942,CUST4765,Fixed Deposit,Los Angeles,77119.01,USD
ACC04943,CUST4766,Fixed Deposit,Chicago,86362.48,INR
ACC04944,CUST4767,Fixed Deposit,San Diego,50366.5,INR
ACC04945,CUST4768,Savings,San Antonio,62780.25,EUR
ACC04946,CUST4769,Current,Los Angeles,12374.18,GBP
ACC04947,CUST4770,Savings,Philadelphia,93230.16,JPY
ACC04948,CUST4771,Fixed Deposit,Houston,66535.15,INR
ACC04949,CUST4772,Savings,San Antonio,62483.28,USD
ACC04950,CUST4773,Recurring Deposit,Phoenix,23494.97,GBP
ACC04951,CUST4774,Savings,Philadelphia,65022.88,GBP
ACC04952,CUST4775,Savings,Phoenix,60587.89,INR
ACC04953,CUST4776,Savings,San Diego,70380.59,JPY
ACC04954,CUST0394,Recurring Deposit,Chicago,55518.85,EUR
ACC04955,CUST4777,Fixed Deposit,Houston,71536.23,INR
ACC04956,CUST4778,Current,San Diego,5035.87,INR
ACC04957,CUST2682,Recurring Deposit,San Antonio,88439.98,EUR
ACC04958,CUST4779,Savings,San Antonio,47502.91,USD
ACC04959,CUST4780,Current,New York,31924.8,JPY
ACC04960,CUST4781,Current,Phoenix,39928.11,GBP
ACC04961,CUST4782,Recurring Deposit,San Antonio,33220.44,EUR
ACC04962,CUST4783,Recurring Deposit,Chicago,58060.71,USD
ACC04963,CUST4784,Savings,Philadelphia,11439.15,EUR
ACC04964,CUST4785,Savings,San Antonio,40971.2,JPY
ACC04965,CUST4786,Recurring Deposit,Houston,46008.73,JPY
ACC04966,CUST4787,Recurring Deposit,San Antonio,56469.67,GBP
ACC04967,CUST1025,Current,Chicago,8898.07,GBP
ACC04968,CUST4788,Recurring Deposit,San Diego,11486.44,USD
ACC04969,CUST4789,Recurring Deposit,Philadelphia,33546.63,GBP
ACC04970,CUST4790,Fixed Deposit,Los Angeles,10408.1,INR
ACC04971,CUST4791,Fixed Deposit,New York,66581.71,INR
ACC04972,CUST4792,Savings,Philadelphia,38802.24,USD
ACC04973,CUST4793,Fixed Deposit,San Diego,72526.8,GBP
ACC04974,CUST4794,Fixed Deposit,San Diego,20524.8,USD
ACC04975,CUST4795,Current,Philadelphia,78878.13,INR
ACC04976,CUST4796,Recurring Deposit,Los Angeles,21243.38,USD
ACC04977,CUST4797,Current,Chicago,4010.76,USD
ACC04978,CUST4798,Current,Phoenix,5362.17,USD
ACC04979,CUST4799,Recurring Deposit,Houston,53152.85,GBP
ACC04980,CUST1280,Current,Phoenix,46537.21,EUR
ACC04981,CUST4800,Current,Philadelphia,59832.25,USD
ACC04982,CUST1039,Recurring Deposit,San Diego,366.82,JPY
ACC04983,CUST4801,Recurring Deposit,San Diego,42161.41,EUR
ACC04984,CUST4802,Current,Philadelphia,21186.93,EUR
ACC04985,CUST4803,Recurring Deposit,San Antonio,37135.74,INR
ACC04986,CUST4804,Current,Los Angeles,25966.45,INR
ACC04987,CUST4805,Recurring Deposit,Houston,19007.83,INR
ACC04988,CUST4806,Current,San Diego,72775.09,INR
ACC04989,CUST4807,Savings,Phoenix,37996.5,JPY
ACC04990,CUST4808,Fixed Deposit,San Diego,75364.21,EUR
ACC04991,CUST4809,Savings,New York,54627.69,GBP
ACC04992,CUST4810,Savings,San Antonio,94969.85,INR
ACC04993,CUST4811,Savings,Phoenix,15728.3,INR
ACC04994,CUST0644,Fixed Deposit,Los Angeles,83098.5,USD
ACC04995,CUST4812,Fixed Deposit,Philadelphia,38957.56,JPY
ACC04996,CUST4813,Fixed Deposit,Philadelphia,66777.97,INR
ACC04997,CUST4814,Recurring Deposit,New York,61435.78,USD
ACC04998,CUST1816,Savings,Houston,238.23,EUR
ACC04999,CUST4815,Fixed Deposit,Houston,15507.41,USD
ACC05000,CUST4816,Fixed Deposit,Houston,22435.52,JPY
ACC05001,CUST4817,Savings,Phoenix,67706.77,JPY
ACC05002,CUST4818,Current,San Diego,76628.0,JPY
ACC05003,CUST4819,Current,New York,55566.25,EUR
ACC05004,CUST4820,Recurring Deposit,Chicago,55676.8,USD
ACC05005,CUST4821,Fixed Deposit,Los Angeles,98461.03,GBP
ACC05006,CUST4822,Current,Los Angeles,92627.45,USD
ACC05007,CUST4823,Savings,Philadelphia,91671.86,JPY
ACC05008,CUST4824,Current,San Antonio,66213.87,GBP
ACC05009,CUST4825,Savings,Houston,99972.07,GBP
ACC05010,CUST4826,Fixed Deposit,Chicago,37553.35,EUR
ACC05011,CUST4827,Current,Philadelphia,2525.21,EUR
ACC05012,CUST4828,Savings,Houston,39919.73,GBP
ACC05013,CUST4829,Fixed Deposit,Phoenix,49817.96,EUR
ACC05014,CUST4830,Fixed Deposit,New York,43385.15,JPY
ACC05015,CUST4831,Fixed Deposit,New York,74545.86,JPY
ACC05016,CUST4832,Current,San Diego,63655.88,USD
ACC05017,CUST4833,Savings,San Antonio,28457.8,GBP
ACC05018,CUST4834,Recurring Deposit,Los Angeles,25162.35,EUR
ACC05019,CUST4835,Recurring Deposit,Los Angeles,12457.7,USD
ACC05020,CUST4836,Savings,San Diego,19516.35,JPY
ACC05021,CUST4837,Savings,Houston,99039.34,EUR
ACC05022,CUST4838,Recurring Deposit,Chicago,13948.68,INR
ACC05023,CUST4839,Fixed Deposit,Chicago,75278.07,EUR
ACC05024,CUST4840,Savings,San Diego,18011.06,INR
ACC05025,CUST4841,Current,Los Angeles,69212.21,USD
ACC05026,CUST4842,Savings,Phoenix,5640.59,USD
ACC05027,CUST4843,Fixed Deposit,Phoenix,89861.09,JPY
ACC05028,CUST4844,Current,Phoenix,2385.54,INR
ACC05029,CUST4845,Current,San Diego,48490.49,EUR
ACC05030,CUST4846,Current,Los Angeles,66372.55,EUR
ACC05031,CUST4847,Fixed Deposit,Phoenix,65989.91,USD
ACC05032,CUST4848,Savings,Phoenix,29460.65,USD
ACC05033,CUST4849,Recurring Deposit,Chicago,14044.77,INR
ACC05034,CUST4850,Recurring Deposit,Phoenix,70267.26,JPY
ACC05035,CUST4851,Savings,Chicago,59792.53,GBP
ACC05036,CUST4852,Fixed Deposit,Philadelphia,94080.78,USD
ACC05037,CUST4853,Recurring Deposit,San Antonio,23148.0,JPY
ACC05038,CUST4854,Current,New York,2752.34,GBP
ACC05039,CUST4855,Savings,San Antonio,983.15,INR
ACC05040,CUST4856,Current,Phoenix,180.28,EUR
ACC05041,CUST4857,Recurring Deposit,Phoenix,79962.81,JPY
ACC05042,CUST4858,Fixed Deposit,Philadelphia,33420.13,USD
ACC05043,CUST4859,Fixed Deposit,Phoenix,99471.7,JPY
ACC05044,CUST4860,Fixed Deposit,Phoenix,24417.13,USD
ACC05045,CUST4861,Current,San Antonio,13905.1,JPY
ACC05046,CUST4862,Recurring Deposit,Houston,28268.96,INR
ACC05047,CUST4863,Savings,New York,48010.57,GBP
ACC05048,CUST4864,Fixed Deposit,Los Angeles,42519.31,GBP
ACC05049,CUST4865,Current,Houston,83797.76,INR
ACC05050,CUST4866,Fixed Deposit,New York,6773.96,INR
ACC05051,CUST4867,Recurring Deposit,San Diego,5273.36,INR
ACC05052,CUST4868,Current,New York,22689.51,JPY
ACC05053,CUST4869,Recurring Deposit,Phoenix,60929.21,USD
ACC05054,CUST4870,Recurring Deposit,Houston,80511.11,GBP
ACC05055,CUST4871,Fixed Deposit,Philadelphia,19143.8,INR
ACC05056,CUST4872,Current,San Antonio,98382.18,GBP
ACC05057,CUST4873,Fixed Deposit,Los Angeles,43517.51,INR
ACC05058,CUST4483,Savings,Philadelphia,9348.79,JPY
ACC05059,CUST4874,Savings,Houston,26461.9,USD
ACC05060,CUST4875,Recurring Deposit,San Diego,64734.88,INR
ACC05061,CUST4876,Recurring Deposit,New York,88001.32,GBP
ACC05062,CUST4877,Savings,Phoenix,20635.9,EUR
ACC05063,CUST4878,Recurring Deposit,San Diego,50051.98,EUR
ACC05064,CUST4879,Current,New York,20124.96,USD
ACC05065,CUST4880,Recurring Deposit,Chicago,10572.13,USD
ACC05066,CUST4881,Fixed Deposit,San Antonio,31726.85,USD
ACC05067,CUST4882,Current,Phoenix,56312.85,GBP
ACC05068,CUST4883,Recurring Deposit,Houston,71149.74,GBP
ACC05069,CUST4884,Fixed Deposit,Philadelphia,76576.8,USD
ACC05070,CUST4885,Fixed Deposit,San Diego,62954.26,INR
ACC05071,CUST4886,Savings,New York,32142.88,JPY
ACC05072,CUST0234,Fixed Deposit,Philadelphia,61134.21,INR
ACC05073,CUST4887,Savings,Chicago,12077.44,EUR
ACC05074,CUST4888,Recurring Deposit,Los Angeles,83744.38,EUR
ACC05075,CUST1834,Fixed Deposit,San Diego,96672.73,GBP
ACC05076,CUST4889,Savings,Houston,45566.93,EUR
ACC05077,CUST4890,Fixed Deposit,Houston,35424.56,USD
ACC05078,CUST4891,Fixed Deposit,Chicago,93035.24,GBP
ACC05079,CUST4892,Savings,New York,45344.55,EUR
ACC05080,CUST4893,Fixed Deposit,Houston,7703.31,GBP
ACC05081,CUST4894,Current,Chicago,54899.96,INR
ACC05082,CUST4895,Current,Philadelphia,40485.85,EUR
ACC05083,CUST4896,Current,San Diego,40080.16,EUR
ACC05084,CUST4897,Recurring Deposit,Houston,92593.07,INR
ACC05085,CUST4898,Savings,New York,25732.63,INR
ACC05086,CUST4899,Fixed Deposit,Los Angeles,89328.87,GBP
ACC05087,CUST3783,Fixed Deposit,Phoenix,2286.46,USD
ACC05088,CUST4900,Recurring Deposit,Phoenix,20177.31,INR
ACC05089,CUST4901,Current,New York,4172.65,USD
ACC05090,CUST4902,Fixed Deposit,Houston,81982.88,GBP
ACC05091,CUST4903,Fixed Deposit,Houston,33855.8,EUR
ACC05092,CUST4904,Current,Chicago,46793.32,JPY
ACC05093,CUST4905,Savings,Houston,483.75,JPY
ACC05094,CUST4906,Recurring Deposit,New York,84027.05,INR
ACC05095,CUST4907,Recurring Deposit,Los Angeles,37067.81,JPY
ACC05096,CUST4908,Current,Houston,90412.58,EUR
ACC05097,CUST4909,Current,Los Angeles,98304.67,USD
ACC05098,CUST4910,Fixed Deposit,New York,62777.46,JPY
ACC05099,CUST4911,Recurring Deposit,Los Angeles,42424.19,EUR
ACC05100,CUST4912,Fixed Deposit,San Diego,5893.44,INR
ACC05101,CUST4913,Recurring Deposit,Houston,68298.78,JPY
ACC05102,CUST4914,Current,Chicago,51733.86,GBP
ACC05103,CUST4915,Fixed Deposit,Los Angeles,66784.2,USD
ACC05104,CUST4916,Fixed Deposit,New York,99211.48,GBP
ACC05105,CUST4917,Recurring Deposit,Philadelphia,73463.47,USD
ACC05106,CUST1073,Fixed Deposit,Philadelphia,92092.68,INR
ACC05107,CUST1026,Savings,San Antonio,44639.57,INR
ACC05108,CUST4918,Savings,San Diego,27900.78,JPY
ACC05109,CUST4919,Fixed Deposit,San Antonio,14804.87,USD
ACC05110,CUST4920,Savings,New York,76098.41,GBP
ACC05111,CUST4921,Recurring Deposit,Houston,29920.22,GBP
ACC05112,CUST4922,Savings,New York,15412.21,GBP
ACC05113,CUST2579,Savings,Philadelphia,57883.4,EUR
ACC05114,CUST4923,Current,Los Angeles,65155.95,JPY
ACC05115,CUST4924,Current,Houston,90692.24,JPY
ACC05116,CUST4925,Recurring Deposit,Philadelphia,47105.5,JPY
ACC05117,CUST4926,Fixed Deposit,Los Angeles,51098.48,USD
ACC05118,CUST4927,Recurring Deposit,Philadelphia,40346.29,GBP
ACC05119,CUST4928,Fixed Deposit,Philadelphia,43011.8,GBP
ACC05120,CUST4929,Current,Chicago,91537.68,JPY
ACC05121,CUST0194,Savings,Houston,22091.17,JPY
ACC05122,CUST4930,Recurring Deposit,San Antonio,34260.03,USD
ACC05123,CUST4931,Current,Phoenix,94977.03,EUR
ACC05124,CUST4932,Savings,Phoenix,62771.96,USD
ACC05125,CUST4933,Current,Phoenix,3016.87,GBP
ACC05126,CUST4934,Recurring Deposit,San Diego,88640.8,GBP
ACC05127,CUST4935,Current,Chicago,25257.7,EUR
ACC05128,CUST4936,Fixed Deposit,Chicago,48000.26,GBP
ACC05129,CUST2753,Recurring Deposit,Los Angeles,65834.05,JPY
ACC05130,CUST4937,Fixed Deposit,Houston,92598.68,JPY
ACC05131,CUST4938,Recurring Deposit,Los Angeles,91048.25,GBP
ACC05132,CUST4939,Savings,New York,64212.82,INR
ACC05133,CUST2311,Recurring Deposit,Houston,68757.76,USD
ACC05134,CUST4940,Current,San Antonio,49746.66,USD
ACC05135,CUST4941,Savings,San Diego,73207.77,GBP
ACC05136,CUST4942,Current,Chicago,28394.05,EUR
ACC05137,CUST4943,Recurring Deposit,Houston,83225.82,INR
ACC05138,CUST4944,Savings,Chicago,2981.29,USD
ACC05139,CUST3129,Fixed Deposit,Chicago,23135.22,USD
ACC05140,CUST4945,Recurring Deposit,Phoenix,21695.5,INR
ACC05141,CUST4946,Recurring Deposit,Los Angeles,38215.42,EUR
ACC05142,CUST4947,Fixed Deposit,Los Angeles,28806.24,EUR
ACC05143,CUST3123,Savings,Los Angeles,97547.87,GBP
ACC05144,CUST4948,Current,Houston,30888.9,INR
ACC05145,CUST4949,Recurring Deposit,New York,12642.11,EUR
ACC05146,CUST4950,Current,San Antonio,58809.42,INR
ACC05147,CUST4951,Fixed Deposit,New York,14371.75,INR
ACC05148,CUST4952,Current,San Diego,15051.41,JPY
ACC05149,CUST4953,Savings,Chicago,71181.63,JPY
ACC05150,CUST4954,Savings,Phoenix,33605.18,GBP
ACC05151,CUST4955,Savings,San Diego,18262.52,INR
ACC05152,CUST4956,Savings,San Diego,74634.98,GBP
ACC05153,CUST4957,Savings,Phoenix,16255.11,JPY
ACC05154,CUST4958,Recurring Deposit,Los Angeles,66876.64,JPY
ACC05155,CUST4959,Savings,Chicago,23239.38,JPY
ACC05156,CUST4960,Recurring Deposit,Philadelphia,37604.3,EUR
ACC05157,CUST4961,Recurring Deposit,Los Angeles,53026.14,GBP
ACC05158,CUST4962,Current,San Antonio,14210.65,GBP
ACC05159,CUST4963,Current,New York,41902.0,USD
ACC05160,CUST4964,Savings,Philadelphia,71087.88,JPY
ACC05161,CUST4965,Recurring Deposit,San Antonio,71980.64,GBP
ACC05162,CUST4966,Recurring Deposit,San Antonio,53036.12,INR
ACC05163,CUST4967,Recurring Deposit,Chicago,88960.95,USD
ACC05164,CUST4968,Current,Phoenix,83673.67,JPY
ACC05165,CUST4969,Savings,Philadelphia,46747.28,INR
ACC05166,CUST0439,Fixed Deposit,New York,89613.1,JPY
ACC05167,CUST4970,Current,San Diego,73716.72,JPY
ACC05168,CUST4971,Savings,Los Angeles,91845.72,JPY
ACC05169,CUST4972,Savings,San Antonio,87561.72,JPY
ACC05170,CUST4973,Savings,Los Angeles,47747.22,USD
ACC05171,CUST1564,Fixed Deposit,Houston,17285.38,INR
ACC05172,CUST4974,Fixed Deposit,Philadelphia,24396.77,USD
ACC05173,CUST4975,Savings,San Diego,45237.71,USD
ACC05174,CUST4976,Fixed Deposit,Chicago,9759.82,INR
ACC05175,CUST4977,Fixed Deposit,San Diego,25986.98,GBP
ACC05176,CUST4978,Fixed Deposit,Phoenix,84597.27,EUR
ACC05177,CUST4979,Recurring Deposit,Phoenix,70807.48,EUR
ACC05178,CUST4980,Current,Chicago,40630.28,JPY
ACC05179,CUST4981,Recurring Deposit,Phoenix,43746.59,USD
ACC05180,CUST4982,Current,Philadelphia,29041.8,JPY
ACC05181,CUST4983,Fixed Deposit,Phoenix,32270.93,INR
ACC05182,CUST4984,Fixed Deposit,Los Angeles,47351.8,GBP
ACC05183,CUST4985,Fixed Deposit,San Diego,14932.28,EUR
ACC05184,CUST4986,Fixed Deposit,Philadelphia,63773.7,EUR
ACC05185,CUST0278,Savings,Philadelphia,74996.71,JPY
ACC05186,CUST4987,Current,Houston,55626.62,INR
ACC05187,CUST4988,Current,Houston,1019.34,GBP
ACC05188,CUST4989,Savings,Philadelphia,81218.4,EUR
ACC05189,CUST4990,Savings,Houston,11111.71,USD
ACC05190,CUST4991,Recurring Deposit,Phoenix,72958.58,EUR
ACC05191,CUST4992,Current,Philadelphia,50062.87,EUR
ACC05192,CUST4993,Recurring Deposit,New York,73931.63,JPY
ACC05193,CUST4994,Fixed Deposit,San Diego,39841.85,JPY
ACC05194,CUST4995,Current,Philadelphia,92612.84,INR
ACC05195,CUST4996,Savings,Phoenix,90535.44,GBP
ACC05196,CUST4997,Fixed Deposit,Philadelphia,71146.74,GBP
ACC05197,CUST4998,Fixed Deposit,Los Angeles,60049.57,INR
ACC05198,CUST4999,Savings,Houston,41961.45,JPY
ACC05199,CUST5000,Current,New York,54056.49,EUR
ACC05200,CUST5001,Savings,Phoenix,91019.93,USD
ACC05201,CUST5002,Fixed Deposit,Los Angeles,46995.67,JPY
ACC05202,CUST5003,Current,New York,2507.36,EUR
ACC05203,CUST5004,Savings,Los Angeles,30152.25,INR
ACC05204,CUST5005,Recurring Deposit,Houston,60269.74,USD
ACC05205,CUST5006,Recurring Deposit,Chicago,6857.37,JPY
ACC05206,CUST5007,Current,New York,68971.94,INR
ACC05207,CUST5008,Current,Philadelphia,38489.15,GBP
ACC05208,CUST5009,Current,Houston,5902.66,JPY
ACC05209,CUST5010,Fixed Deposit,Los Angeles,64469.47,EUR
ACC05210,CUST5011,Fixed Deposit,Phoenix,52698.13,GBP
ACC05211,CUST5012,Savings,New York,29683.23,GBP
ACC05212,CUST5013,Recurring Deposit,San Antonio,9402.29,GBP
ACC05213,CUST5014,Recurring Deposit,New York,73970.5,EUR
ACC05214,CUST5015,Recurring Deposit,Philadelphia,40558.01,USD
ACC05215,CUST5016,Current,San Diego,59479.1,GBP
ACC05216,CUST5017,Current,Phoenix,83814.28,JPY
ACC05217,CUST5018,Current,Philadelphia,3864.66,INR
ACC05218,CUST5019,Fixed Deposit,Houston,69550.31,USD
ACC05219,CUST5020,Recurring Deposit,New York,32973.02,JPY
ACC05220,CUST5021,Current,New York,44709.73,INR
ACC05221,CUST5022,Current,Los Angeles,89945.99,USD
ACC05222,CUST5023,Recurring Deposit,Chicago,79222.38,EUR
ACC05223,CUST5024,Recurring Deposit,San Antonio,72201.69,USD
ACC05224,CUST5025,Fixed Deposit,San Antonio,2498.35,JPY
ACC05225,CUST5026,Recurring Deposit,San Antonio,87338.69,INR
ACC05226,CUST5027,Fixed Deposit,New York,93632.08,INR
ACC05227,CUST5028,Recurring Deposit,San Antonio,83637.25,USD
ACC05228,CUST5029,Fixed Deposit,Los Angeles,50329.84,JPY
ACC05229,CUST5030,Current,Houston,54183.69,USD
ACC05230,CUST5031,Savings,New York,2995.78,JPY
ACC05231,CUST5032,Current,Houston,83459.67,JPY
ACC05232,CUST5033,Current,Houston,67417.99,USD
ACC05233,CUST5034,Savings,Houston,37503.71,EUR
ACC05234,CUST5035,Current,Phoenix,62711.58,USD
ACC05235,CUST5036,Current,San Antonio,69302.16,EUR
ACC05236,CUST5037,Current,Los Angeles,53937.03,USD
ACC05237,CUST5038,Fixed Deposit,San Diego,5336.95,INR
ACC05238,CUST5039,Fixed Deposit,Los Angeles,98139.9,JPY
ACC05239,CUST5040,Recurring Deposit,San Diego,9464.17,INR
ACC05240,CUST5041,Fixed Deposit,Los Angeles,16859.05,GBP
ACC05241,CUST5042,Current,Chicago,84202.36,GBP
ACC05242,CUST5043,Current,San Diego,47153.99,USD
ACC05243,CUST5044,Current,San Antonio,19577.96,GBP
ACC05244,CUST5045,Savings,Phoenix,46614.72,GBP
ACC05245,CUST5046,Savings,Los Angeles,26864.4,USD
ACC05246,CUST5047,Current,Houston,24045.33,JPY
ACC05247,CUST5048,Recurring Deposit,Los Angeles,40052.92,GBP
ACC05248,CUST5049,Savings,Chicago,31289.01,INR
ACC05249,CUST5050,Savings,Chicago,45632.83,JPY
ACC05250,CUST5051,Fixed Deposit,New York,94037.61,USD
ACC05251,CUST5052,Fixed Deposit,San Antonio,71969.12,INR
ACC05252,CUST5053,Fixed Deposit,San Antonio,93861.95,EUR
ACC05253,CUST5054,Fixed Deposit,Chicago,42037.68,INR
ACC05254,CUST5055,Recurring Deposit,Phoenix,23028.44,INR
ACC05255,CUST5056,Recurring Deposit,New York,30854.11,USD
ACC05256,CUST5057,Savings,Phoenix,78656.02,INR
ACC05257,CUST5058,Current,Chicago,3872.09,GBP
ACC05258,CUST5059,Fixed Deposit,San Antonio,94942.7,JPY
ACC05259,CUST4321,Recurring Deposit,Los Angeles,89966.19,EUR
ACC05260,CUST5060,Fixed Deposit,New York,86173.26,USD
ACC05261,CUST5061,Recurring Deposit,New York,91203.29,GBP
ACC05262,CUST5062,Current,San Diego,33900.27,JPY
ACC05263,CUST5063,Recurring Deposit,Philadelphia,65682.36,INR
ACC05264,CUST5064,Fixed Deposit,Chicago,31986.17,USD
ACC05265,CUST5065,Savings,New York,55741.72,USD
ACC05266,CUST5066,Current,New York,89144.3,GBP
ACC05267,CUST5067,Savings,Philadelphia,52276.29,INR
ACC05268,CUST5068,Current,Houston,59106.37,INR
ACC05269,CUST5069,Current,Phoenix,31277.21,GBP
ACC05270,CUST5070,Fixed Deposit,San Diego,28777.95,USD
ACC05271,CUST5071,Current,Chicago,4996.51,EUR
ACC05272,CUST5072,Fixed Deposit,New York,5542.62,USD
ACC05273,CUST5073,Recurring Deposit,Los Angeles,75886.66,JPY
ACC05274,CUST5074,Recurring Deposit,Los Angeles,15553.54,EUR
ACC05275,CUST0087,Fixed Deposit,Los Angeles,21926.89,USD
ACC05276,CUST5075,Savings,Houston,48274.55,JPY
ACC05277,CUST5076,Recurring Deposit,San Antonio,31235.44,INR
ACC05278,CUST5077,Fixed Deposit,Los Angeles,20014.79,INR
ACC05279,CUST5078,Recurring Deposit,San Antonio,50857.15,INR
ACC05280,CUST5079,Savings,Philadelphia,51962.94,INR
ACC05281,CUST5080,Current,Philadelphia,71619.41,JPY
ACC05282,CUST5081,Fixed Deposit,San Diego,91876.99,GBP
ACC05283,CUST5082,Recurring Deposit,New York,80678.11,EUR
ACC05284,CUST5083,Current,Chicago,92451.23,JPY
ACC05285,CUST5084,Savings,Houston,3697.28,INR
ACC05286,CUST5085,Savings,San Diego,58835.99,JPY
ACC05287,CUST5086,Savings,Chicago,64629.12,GBP
ACC05288,CUST5087,Recurring Deposit,Chicago,97499.16,EUR
ACC05289,CUST1451,Recurring Deposit,Chicago,33637.01,JPY
ACC05290,CUST5088,Current,New York,44349.42,USD
ACC05291,CUST5089,Recurring Deposit,Philadelphia,47047.56,GBP
ACC05292,CUST5090,Savings,Philadelphia,19114.64,JPY
ACC05293,CUST5091,Current,Phoenix,32474.05,USD
ACC05294,CUST5092,Fixed Deposit,Philadelphia,62504.0,GBP
ACC05295,CUST5093,Fixed Deposit,Chicago,8824.46,EUR
ACC05296,CUST5094,Fixed Deposit,Philadelphia,54209.38,EUR
ACC05297,CUST5095,Current,Phoenix,29735.9,EUR
ACC05298,CUST5096,Current,New York,12320.78,JPY
ACC05299,CUST5097,Savings,San Diego,83588.48,GBP
ACC05300,CUST4342,Fixed Deposit,Houston,59104.01,GBP
ACC05301,CUST5098,Savings,Houston,77571.18,GBP
ACC05302,CUST5099,Current,San Antonio,11235.42,JPY
ACC05303,CUST5100,Fixed Deposit,San Antonio,24616.39,EUR
ACC05304,CUST5101,Recurring Deposit,Philadelphia,24038.1,GBP
ACC05305,CUST5102,Recurring Deposit,Chicago,377.03,GBP
ACC05306,CUST5103,Fixed Deposit,Los Angeles,53305.94,GBP
ACC05307,CUST0951,Savings,New York,40584.91,JPY
ACC05308,CUST5104,Recurring Deposit,Chicago,4782.68,EUR
ACC05309,CUST5105,Current,San Diego,11051.49,USD
ACC05310,CUST5106,Savings,Phoenix,16315.31,INR
ACC05311,CUST5107,Fixed Deposit,San Diego,15526.88,INR
ACC05312,CUST5108,Savings,Philadelphia,64853.69,USD
ACC05313,CUST5109,Fixed Deposit,Philadelphia,53871.27,INR
ACC05314,CUST5110,Recurring Deposit,New York,23348.15,JPY
ACC05315,CUST5111,Current,Phoenix,70350.74,JPY
ACC05316,CUST5112,Fixed Deposit,San Antonio,70825.3,EUR
ACC05317,CUST5113,Fixed Deposit,San Antonio,67834.06,EUR
ACC05318,CUST5114,Recurring Deposit,Houston,52100.92,EUR
ACC05319,CUST5115,Savings,New York,62834.57,INR
ACC05320,CUST5116,Savings,Philadelphia,49743.41,GBP
ACC05321,CUST5117,Current,New York,25387.4,USD
ACC05322,CUST5118,Recurring Deposit,San Diego,2695.18,JPY
ACC05323,CUST5119,Recurring Deposit,Chicago,36548.55,JPY
ACC05324,CUST5120,Current,Philadelphia,42502.17,GBP
ACC05325,CUST5121,Current,New York,66992.31,GBP
ACC05326,CUST5122,Savings,Houston,92127.94,EUR
ACC05327,CUST5123,Savings,New York,65341.34,GBP
ACC05328,CUST5124,Fixed Deposit,San Antonio,79231.94,GBP
ACC05329,CUST5125,Savings,Phoenix,85466.69,JPY
ACC05330,CUST0973,Fixed Deposit,San Diego,5843.94,JPY
ACC05331,CUST5126,Fixed Deposit,Houston,19128.71,INR
ACC05332,CUST5127,Savings,Los Angeles,85781.98,EUR
ACC05333,CUST5128,Current,New York,60824.93,JPY
ACC05334,CUST5129,Current,Chicago,27020.88,USD
ACC05335,CUST5130,Fixed Deposit,Los Angeles,67782.21,INR
ACC05336,CUST0816,Savings,New York,71452.24,GBP
ACC05337,CUST5131,Fixed Deposit,Los Angeles,17778.74,USD
ACC05338,CUST5132,Savings,New York,98819.95,EUR
ACC05339,CUST5133,Savings,Philadelphia,30293.69,EUR
ACC05340,CUST5134,Savings,San Diego,9951.21,INR
ACC05341,CUST5135,Fixed Deposit,Philadelphia,73778.58,USD
ACC05342,CUST5136,Recurring Deposit,New York,14878.74,JPY
ACC05343,CUST5137,Fixed Deposit,Houston,48216.32,GBP
ACC05344,CUST5138,Savings,San Diego,82127.69,JPY
ACC05345,CUST5139,Current,San Antonio,92699.64,INR
ACC05346,CUST5140,Savings,New York,29746.6,GBP
ACC05347,CUST3021,Savings,Phoenix,81947.14,GBP
ACC05348,CUST5141,Savings,San Diego,19526.17,EUR
ACC05349,CUST5142,Fixed Deposit,New York,39817.09,INR
ACC05350,CUST5143,Recurring Deposit,New York,87198.46,INR
ACC05351,CUST5144,Recurring Deposit,San Diego,47757.97,EUR
ACC05352,CUST5145,Fixed Deposit,Phoenix,72325.45,GBP
ACC05353,CUST3783,Recurring Deposit,Phoenix,51044.88,EUR
ACC05354,CUST5146,Fixed Deposit,Chicago,26465.95,GBP
ACC05355,CUST5147,Savings,Los Angeles,57942.07,JPY
ACC05356,CUST5148,Current,New York,6780.16,GBP
ACC05357,CUST5149,Recurring Deposit,Chicago,16456.87,EUR
ACC05358,CUST5150,Savings,Houston,12619.26,JPY
ACC05359,CUST5151,Fixed Deposit,San Antonio,4493.02,JPY
ACC05360,CUST5152,Recurring Deposit,New York,27449.32,EUR
ACC05361,CUST5153,Current,Chicago,48464.49,USD
ACC05362,CUST5154,Current,Phoenix,59044.15,INR
ACC05363,CUST5155,Fixed Deposit,New York,23520.47,INR
ACC05364,CUST5156,Current,Chicago,14702.36,USD
ACC05365,CUST5157,Fixed Deposit,San Diego,4190.52,USD
ACC05366,CUST5158,Current,San Antonio,59887.75,GBP
ACC05367,CUST5159,Fixed Deposit,Phoenix,32029.35,INR
ACC05368,CUST5160,Savings,San Antonio,35270.66,GBP
ACC05369,CUST5161,Fixed Deposit,Houston,33444.33,INR
ACC05370,CUST5162,Current,New York,43692.65,EUR
ACC05371,CUST5163,Savings,Philadelphia,12476.23,EUR
ACC05372,CUST5164,Current,Phoenix,9813.0,JPY
ACC05373,CUST5165,Current,San Antonio,38962.64,EUR
ACC05374,CUST1558,Current,Phoenix,99678.17,USD
ACC05375,CUST5166,Fixed Deposit,San Antonio,14874.13,INR
ACC05376,CUST5167,Savings,Phoenix,28943.79,USD
ACC05377,CUST5168,Recurring Deposit,San Antonio,91483.15,JPY
ACC05378,CUST5169,Fixed Deposit,Phoenix,15638.03,USD
ACC05379,CUST0893,Current,Los Angeles,76668.46,USD
ACC05380,CUST5170,Fixed Deposit,New York,41640.06,USD
ACC05381,CUST5171,Recurring Deposit,Phoenix,62467.18,USD
ACC05382,CUST5172,Savings,Philadelphia,87056.57,JPY
ACC05383,CUST5173,Recurring Deposit,San Diego,90734.71,INR
ACC05384,CUST5174,Fixed Deposit,San Diego,64879.68,EUR
ACC05385,CUST5175,Recurring Deposit,Houston,64684.64,GBP
ACC05386,CUST0644,Current,Los Angeles,64851.73,INR
ACC05387,CUST5176,Savings,Los Angeles,83181.94,JPY
ACC05388,CUST5177,Fixed Deposit,San Antonio,49645.57,JPY
ACC05389,CUST5178,Savings,Phoenix,72820.04,GBP
ACC05390,CUST5179,Current,Los Angeles,69394.87,EUR
ACC05391,CUST5180,Recurring Deposit,San Diego,50062.36,INR
ACC05392,CUST3872,Recurring Deposit,Los Angeles,13322.98,INR
ACC05393,CUST5181,Current,New York,27513.1,GBP
ACC05394,CUST5182,Fixed Deposit,Philadelphia,48771.91,USD
ACC05395,CUST5183,Fixed Deposit,San Antonio,40528.26,JPY
ACC05396,CUST5184,Current,Chicago,29353.01,INR
ACC05397,CUST5185,Recurring Deposit,Los Angeles,13686.09,EUR
ACC05398,CUST5186,Fixed Deposit,New York,74408.27,INR
ACC05399,CUST5187,Savings,Chicago,85229.38,JPY
ACC05400,CUST5188,Fixed Deposit,San Antonio,42589.49,JPY
ACC05401,CUST5189,Current,Phoenix,24677.46,USD
ACC05402,CUST5190,Fixed Deposit,San Diego,16998.12,INR
ACC05403,CUST5191,Recurring Deposit,Houston,94775.16,INR
ACC05404,CUST5192,Current,Philadelphia,25456.52,USD
ACC05405,CUST5193,Current,Chicago,44469.22,JPY
ACC05406,CUST5194,Fixed Deposit,San Diego,13258.14,EUR
ACC05407,CUST5195,Recurring Deposit,Phoenix,27731.69,USD
ACC05408,CUST5196,Savings,San Diego,22676.14,GBP
ACC05409,CUST5197,Recurring Deposit,San Antonio,67244.16,INR
ACC05410,CUST2754,Recurring Deposit,San Diego,19468.41,INR
ACC05411,CUST5198,Recurring Deposit,Los Angeles,4058.69,USD
ACC05412,CUST5199,Recurring Deposit,Los Angeles,4076.06,USD
ACC05413,CUST5200,Recurring Deposit,San Diego,49673.51,EUR
ACC05414,CUST5201,Recurring Deposit,Phoenix,60029.36,USD
ACC05415,CUST5202,Fixed Deposit,Philadelphia,65126.23,JPY
ACC05416,CUST5203,Fixed Deposit,Philadelphia,93170.66,JPY
ACC05417,CUST5204,Recurring Deposit,Los Angeles,12373.88,INR
ACC05418,CUST5205,Current,Philadelphia,17761.7,EUR
ACC05419,CUST5206,Current,Phoenix,89889.04,USD
ACC05420,CUST3783,Fixed Deposit,Philadelphia,98378.49,JPY
ACC05421,CUST5207,Recurring Deposit,Chicago,97374.89,USD
ACC05422,CUST5208,Savings,Phoenix,9751.08,GBP
ACC05423,CUST5209,Current,Phoenix,20040.48,INR
ACC05424,CUST5210,Fixed Deposit,Philadelphia,38751.59,JPY
ACC05425,CUST2206,Fixed Deposit,Chicago,91936.0,JPY
ACC05426,CUST5211,Recurring Deposit,Chicago,70847.64,USD
ACC05427,CUST4287,Recurring Deposit,Philadelphia,24763.15,EUR
ACC05428,CUST5212,Recurring Deposit,Los Angeles,60054.28,USD
ACC05429,CUST5213,Savings,Chicago,32107.47,GBP
ACC05430,CUST5214,Recurring Deposit,Houston,23001.42,INR
ACC05431,CUST5215,Recurring Deposit,Houston,83865.68,GBP
ACC05432,CUST5216,Fixed Deposit,San Antonio,84781.64,INR
ACC05433,CUST5217,Fixed Deposit,Phoenix,66765.5,JPY
ACC05434,CUST5218,Savings,San Antonio,64496.1,INR
ACC05435,CUST5219,Savings,Los Angeles,39450.12,JPY
ACC05436,CUST3099,Recurring Deposit,San Antonio,46051.69,GBP
ACC05437,CUST5220,Savings,Philadelphia,32666.32,INR
ACC05438,CUST5221,Savings,Houston,42024.2,GBP
ACC05439,CUST5222,Fixed Deposit,San Diego,78632.82,EUR
ACC05440,CUST5223,Savings,New York,25608.21,INR
ACC05441,CUST5224,Savings,Chicago,60377.43,EUR
ACC05442,CUST5225,Recurring Deposit,Los Angeles,19086.67,USD
ACC05443,CUST5226,Recurring Deposit,San Antonio,89370.16,GBP
ACC05444,CUST5227,Recurring Deposit,Philadelphia,31782.84,USD
ACC05445,CUST4604,Fixed Deposit,San Diego,70016.24,JPY
ACC05446,CUST5228,Fixed Deposit,San Antonio,17847.89,INR
ACC05447,CUST5229,Current,Chicago,2962.84,JPY
ACC05448,CUST5230,Current,Philadelphia,63430.86,INR
ACC05449,CUST5231,Savings,San Diego,40149.48,USD
ACC05450,CUST1895,Current,San Antonio,69148.03,JPY
ACC05451,CUST5232,Recurring Deposit,New York,91606.97,GBP
ACC05452,CUST5233,Savings,Phoenix,86168.63,JPY
ACC05453,CUST5234,Recurring Deposit,San Antonio,46178.03,JPY
ACC05454,CUST5235,Savings,New York,94900.02,INR
ACC05455,CUST5236,Current,New York,73781.6,INR
ACC05456,CUST5237,Recurring Deposit,Los Angeles,67083.28,JPY
ACC05457,CUST1753,Current,Houston,22150.37,JPY
ACC05458,CUST5238,Current,Chicago,93716.43,INR
ACC05459,CUST5239,Recurring Deposit,Los Angeles,19591.01,EUR
ACC05460,CUST5240,Current,New York,95940.63,JPY
ACC05461,CUST5241,Recurring Deposit,Chicago,25163.92,USD
ACC05462,CUST5242,Fixed Deposit,Philadelphia,78305.89,USD
ACC05463,CUST5243,Recurring Deposit,Chicago,35208.97,GBP
ACC05464,CUST5244,Fixed Deposit,Philadelphia,68914.86,JPY
ACC05465,CUST5245,Recurring Deposit,Houston,94650.69,INR
ACC05466,CUST5246,Current,Los Angeles,93337.81,JPY
ACC05467,CUST5247,Current,San Diego,98989.09,GBP
ACC05468,CUST5248,Recurring Deposit,Chicago,73592.98,USD
ACC05469,CUST5249,Current,Philadelphia,8739.05,INR
ACC05470,CUST0152,Current,San Diego,71392.98,USD
ACC05471,CUST5250,Current,Chicago,95997.73,GBP
ACC05472,CUST5251,Recurring Deposit,Phoenix,14450.7,GBP
ACC05473,CUST5252,Savings,Phoenix,35027.96,USD
ACC05474,CUST5253,Recurring Deposit,Philadelphia,57210.98,INR
ACC05475,CUST5254,Fixed Deposit,Houston,75580.21,INR
ACC05476,CUST5255,Recurring Deposit,Philadelphia,80876.91,GBP
ACC05477,CUST5256,Savings,San Antonio,48997.13,EUR
ACC05478,CUST5257,Savings,Phoenix,3412.64,JPY
ACC05479,CUST5258,Current,Los Angeles,56778.15,GBP
ACC05480,CUST5259,Fixed Deposit,Houston,7190.22,JPY
ACC05481,CUST5260,Current,Phoenix,17485.82,GBP
ACC05482,CUST5261,Current,Philadelphia,28459.13,USD
ACC05483,CUST5262,Savings,Los Angeles,88799.47,JPY
ACC05484,CUST5263,Current,Phoenix,31591.61,GBP
ACC05485,CUST2437,Savings,San Diego,80063.25,JPY
ACC05486,CUST5264,Recurring Deposit,Los Angeles,51555.26,USD
ACC05487,CUST5265,Savings,Chicago,4798.78,EUR
ACC05488,CUST5266,Recurring Deposit,Chicago,37614.2,GBP
ACC05489,CUST5267,Recurring Deposit,Houston,65751.73,INR
ACC05490,CUST5268,Recurring Deposit,Chicago,83937.27,EUR
ACC05491,CUST5269,Savings,Houston,32222.62,GBP
ACC05492,CUST5270,Savings,Houston,83285.52,JPY
ACC05493,CUST5271,Current,Houston,22576.36,GBP
ACC05494,CUST5272,Current,Philadelphia,15063.07,JPY
ACC05495,CUST5273,Current,Houston,22424.38,GBP
ACC05496,CUST5274,Savings,San Diego,42588.1,USD
ACC05497,CUST5275,Current,Los Angeles,49551.75,GBP
ACC05498,CUST5276,Current,Chicago,70285.68,GBP
ACC05499,CUST5277,Fixed Deposit,Philadelphia,35533.25,INR
ACC05500,CUST5278,Fixed Deposit,Los Angeles,44596.22,GBP
ACC05501,CUST5279,Savings,Chicago,35039.63,JPY
ACC05502,CUST5280,Fixed Deposit,New York,44412.51,USD
ACC05503,CUST5281,Current,Philadelphia,3283.47,USD
ACC05504,CUST5282,Recurring Deposit,Los Angeles,69725.21,GBP
ACC05505,CUST5283,Current,Phoenix,33579.79,JPY
ACC05506,CUST5284,Savings,San Antonio,54175.66,USD
ACC05507,CUST0087,Recurring Deposit,Houston,73818.74,GBP
ACC05508,CUST5285,Recurring Deposit,Chicago,57894.44,EUR
ACC05509,CUST5286,Fixed Deposit,San Diego,60476.85,EUR
ACC05510,CUST5287,Savings,New York,84800.32,USD
ACC05511,CUST5288,Current,Houston,77881.68,INR
ACC05512,CUST5289,Savings,Phoenix,61673.22,EUR
ACC05513,CUST5290,Recurring Deposit,New York,95350.9,INR
ACC05514,CUST5291,Savings,Philadelphia,43895.46,USD
ACC05515,CUST5292,Savings,San Diego,32697.96,EUR
ACC05516,CUST5293,Recurring Deposit,San Antonio,3193.75,INR
ACC05517,CUST5294,Savings,Philadelphia,46258.69,INR
ACC05518,CUST5295,Current,Philadelphia,76350.82,USD
ACC05519,CUST5296,Fixed Deposit,Phoenix,42515.74,JPY
ACC05520,CUST5297,Savings,Phoenix,49216.05,USD
ACC05521,CUST5298,Current,Houston,12370.47,JPY
ACC05522,CUST5299,Savings,Chicago,97788.31,USD
ACC05523,CUST5300,Fixed Deposit,San Antonio,37001.92,GBP
ACC05524,CUST5301,Savings,Phoenix,68866.21,GBP
ACC05525,CUST3739,Current,San Antonio,29069.06,GBP
ACC05526,CUST5302,Fixed Deposit,Los Angeles,62877.52,GBP
ACC05527,CUST5303,Savings,Los Angeles,55646.02,GBP
ACC05528,CUST5304,Current,Houston,61829.33,GBP
ACC05529,CUST5305,Recurring Deposit,New York,83275.69,USD
ACC05530,CUST5306,Current,San Antonio,83474.94,INR
ACC05531,CUST5307,Savings,Los Angeles,90162.32,EUR
ACC05532,CUST5308,Savings,Phoenix,22348.51,USD
ACC05533,CUST5309,Savings,Phoenix,69242.87,INR
ACC05534,CUST5310,Current,Philadelphia,10752.93,USD
ACC05535,CUST5311,Fixed Deposit,Los Angeles,70463.1,GBP
ACC05536,CUST5312,Recurring Deposit,Houston,53040.18,USD
ACC05537,CUST5313,Fixed Deposit,Houston,87990.23,JPY
ACC05538,CUST2289,Recurring Deposit,San Diego,20253.6,EUR
ACC05539,CUST5314,Savings,San Antonio,26766.17,JPY
ACC05540,CUST5315,Current,Los Angeles,17760.68,GBP
ACC05541,CUST3810,Recurring Deposit,Philadelphia,5381.17,EUR
ACC05542,CUST3199,Savings,Philadelphia,70918.62,GBP
ACC05543,CUST0753,Fixed Deposit,Houston,73470.84,USD
ACC05544,CUST5316,Savings,Los Angeles,31439.18,GBP
ACC05545,CUST5317,Current,San Antonio,34818.74,INR
ACC05546,CUST5318,Current,New York,70958.73,GBP
ACC05547,CUST2682,Current,Houston,18959.03,GBP
ACC05548,CUST0363,Recurring Deposit,Los Angeles,77113.1,EUR
ACC05549,CUST5319,Fixed Deposit,Los Angeles,25386.56,USD
ACC05550,CUST5320,Savings,San Diego,3228.67,GBP
ACC05551,CUST5321,Recurring Deposit,Phoenix,63678.57,JPY
ACC05552,CUST5322,Fixed Deposit,San Antonio,56281.87,USD
ACC05553,CUST5323,Savings,Los Angeles,76375.7,EUR
ACC05554,CUST5324,Current,New York,68078.15,GBP
ACC05555,CUST5325,Savings,San Antonio,88903.1,GBP
ACC05556,CUST5326,Savings,Chicago,86484.49,EUR
ACC05557,CUST5327,Current,San Diego,90173.12,JPY
ACC05558,CUST5328,Fixed Deposit,Houston,55278.05,EUR
ACC05559,CUST5329,Fixed Deposit,Los Angeles,88982.31,INR
ACC05560,CUST5330,Current,San Diego,43916.34,JPY
ACC05561,CUST5331,Savings,Houston,64594.99,GBP
ACC05562,CUST5332,Savings,New York,74938.61,GBP
ACC05563,CUST5333,Recurring Deposit,New York,91721.89,GBP
ACC05564,CUST5334,Fixed Deposit,Chicago,26482.05,EUR
ACC05565,CUST5335,Savings,Los Angeles,33141.62,USD
ACC05566,CUST5336,Recurring Deposit,Chicago,39659.03,USD
ACC05567,CUST5337,Fixed Deposit,Phoenix,29626.97,INR
ACC05568,CUST5338,Current,Phoenix,13677.86,EUR
ACC05569,CUST5339,Savings,Phoenix,19992.0,EUR
ACC05570,CUST5340,Current,Chicago,71439.84,USD
ACC05571,CUST5341,Recurring Deposit,San Antonio,4769.84,GBP
ACC05572,CUST5342,Savings,New York,51128.23,JPY
ACC05573,CUST5343,Savings,Phoenix,83223.77,INR
ACC05574,CUST5344,Current,Houston,98533.45,INR
ACC05575,CUST5345,Fixed Deposit,Los Angeles,91758.41,USD
ACC05576,CUST5346,Current,New York,63939.22,GBP
ACC05577,CUST5347,Savings,Phoenix,58429.38,USD
ACC05578,CUST5348,Fixed Deposit,Chicago,12957.97,GBP
ACC05579,CUST4703,Savings,Los Angeles,39554.77,JPY
ACC05580,CUST5349,Recurring Deposit,Chicago,21403.44,GBP
ACC05581,CUST5350,Savings,Houston,2123.93,USD
ACC05582,CUST5351,Fixed Deposit,Los Angeles,46631.98,USD
ACC05583,CUST5352,Savings,San Diego,63421.46,GBP
ACC05584,CUST5353,Current,San Diego,19561.79,EUR
ACC05585,CUST5354,Recurring Deposit,Chicago,25168.56,EUR
ACC05586,CUST5355,Recurring Deposit,San Antonio,20077.35,GBP
ACC05587,CUST5356,Current,Houston,45220.58,INR
ACC05588,CUST5357,Recurring Deposit,Houston,46907.77,EUR
ACC05589,CUST5358,Current,New York,61891.56,JPY
ACC05590,CUST5359,Savings,San Diego,98169.49,INR
ACC05591,CUST5360,Fixed Deposit,San Diego,60039.83,GBP
ACC05592,CUST5361,Current,Phoenix,95245.12,INR
ACC05593,CUST5362,Current,Phoenix,23597.03,USD
ACC05594,CUST3811,Current,Philadelphia,93955.44,JPY
ACC05595,CUST5363,Current,New York,18849.02,USD
ACC05596,CUST5364,Savings,Chicago,39737.66,INR
ACC05597,CUST5365,Current,San Diego,53432.12,USD
ACC05598,CUST5366,Recurring Deposit,New York,40211.61,GBP
ACC05599,CUST5367,Recurring Deposit,Phoenix,62071.73,GBP
ACC05600,CUST5368,Fixed Deposit,San Antonio,63572.91,GBP
ACC05601,CUST5369,Recurring Deposit,New York,85734.1,USD
ACC05602,CUST5370,Recurring Deposit,Phoenix,73395.27,INR
ACC05603,CUST5371,Savings,Los Angeles,63264.31,JPY
ACC05604,CUST5372,Current,San Diego,15024.66,EUR
ACC05605,CUST3713,Recurring Deposit,San Antonio,86948.49,GBP
ACC05606,CUST5373,Fixed Deposit,San Antonio,52912.3,USD
ACC05607,CUST5374,Fixed Deposit,Philadelphia,35054.72,INR
ACC05608,CUST3730,Current,San Diego,16258.93,EUR
ACC05609,CUST5375,Fixed Deposit,San Antonio,969.6,EUR
ACC05610,CUST5376,Current,San Antonio,94511.16,EUR
ACC05611,CUST5377,Fixed Deposit,San Diego,14892.65,INR
ACC05612,CUST0692,Current,Houston,63502.98,USD
ACC05613,CUST5378,Recurring Deposit,Chicago,66632.97,EUR
ACC05614,CUST5379,Current,Chicago,84463.2,JPY
ACC05615,CUST5380,Current,Los Angeles,10483.17,GBP
ACC05616,CUST5381,Recurring Deposit,San Antonio,80025.44,INR
ACC05617,CUST5382,Current,New York,86472.39,JPY
ACC05618,CUST5383,Recurring Deposit,Philadelphia,26309.87,INR
ACC05619,CUST5384,Recurring Deposit,Chicago,6448.66,EUR
ACC05620,CUST5385,Recurring Deposit,Houston,67601.24,EUR
ACC05621,CUST2454,Savings,Phoenix,40106.05,JPY
ACC05622,CUST5386,Savings,Phoenix,88359.18,USD
ACC05623,CUST5387,Savings,New York,7304.77,GBP
ACC05624,CUST5388,Current,Philadelphia,53965.32,EUR
ACC05625,CUST5389,Fixed Deposit,Philadelphia,63864.97,JPY
ACC05626,CUST5390,Savings,San Diego,14453.63,INR
ACC05627,CUST5391,Current,Phoenix,95973.93,EUR
ACC05628,CUST5392,Current,Phoenix,55394.74,GBP
ACC05629,CUST5393,Current,Chicago,56418.4,INR
ACC05630,CUST5394,Savings,San Antonio,66513.74,EUR
ACC05631,CUST4413,Fixed Deposit,San Diego,64780.13,INR
ACC05632,CUST5395,Recurring Deposit,Chicago,71602.64,EUR
ACC05633,CUST5396,Fixed Deposit,Philadelphia,37337.28,GBP
ACC05634,CUST5397,Savings,New York,12053.4,INR
ACC05635,CUST5398,Recurring Deposit,Phoenix,24868.82,INR
ACC05636,CUST5399,Fixed Deposit,San Diego,13036.61,JPY
ACC05637,CUST5400,Savings,San Antonio,1551.04,JPY
ACC05638,CUST5401,Current,Chicago,4712.56,GBP
ACC05639,CUST5402,Savings,Chicago,22285.03,JPY
ACC05640,CUST5403,Fixed Deposit,San Antonio,92548.03,EUR
ACC05641,CUST5404,Recurring Deposit,Phoenix,68300.58,GBP
ACC05642,CUST5405,Recurring Deposit,San Antonio,40742.67,USD
ACC05643,CUST5406,Current,Phoenix,23988.26,GBP
ACC05644,CUST5407,Fixed Deposit,San Diego,77234.71,JPY
ACC05645,CUST5408,Current,Houston,69729.61,GBP
ACC05646,CUST3560,Recurring Deposit,Chicago,85275.74,INR
ACC05647,CUST5409,Fixed Deposit,New York,57562.34,GBP
ACC05648,CUST5410,Current,Philadelphia,54764.66,GBP
ACC05649,CUST5411,Current,Phoenix,61156.7,INR
ACC05650,CUST5412,Savings,Phoenix,6263.51,JPY
ACC05651,CUST5413,Savings,San Diego,73872.34,INR
ACC05652,CUST5414,Current,San Antonio,95485.13,USD
ACC05653,CUST5415,Savings,San Antonio,97772.37,EUR
ACC05654,CUST4839,Current,Los Angeles,59411.86,EUR
ACC05655,CUST5416,Recurring Deposit,Chicago,21942.69,GBP
ACC05656,CUST5417,Current,Philadelphia,62223.29,EUR
ACC05657,CUST5418,Savings,Phoenix,85567.69,EUR
ACC05658,CUST1110,Savings,New York,71518.16,EUR
ACC05659,CUST5419,Current,Houston,815.85,INR
ACC05660,CUST5420,Recurring Deposit,San Diego,73062.07,GBP
ACC05661,CUST5421,Current,Philadelphia,35033.09,GBP
ACC05662,CUST5422,Current,San Diego,72624.1,GBP
ACC05663,CUST5423,Current,San Diego,57056.33,EUR
ACC05664,CUST5424,Savings,Phoenix,63185.15,GBP
ACC05665,CUST5425,Recurring Deposit,Philadelphia,87794.79,EUR
ACC05666,CUST5426,Current,Phoenix,69908.77,INR
ACC05667,CUST3376,Fixed Deposit,New York,48209.46,USD
ACC05668,CUST5427,Current,San Antonio,37987.01,EUR
ACC05669,CUST5428,Current,New York,70222.72,USD
ACC05670,CUST5429,Savings,San Antonio,25288.68,GBP
ACC05671,CUST4843,Current,Houston,28147.71,INR
ACC05672,CUST5430,Savings,Houston,64273.38,EUR
ACC05673,CUST5431,Recurring Deposit,Houston,72438.36,INR
ACC05674,CUST5432,Savings,New York,89186.3,USD
ACC05675,CUST5433,Current,New York,60770.81,GBP
ACC05676,CUST5434,Current,San Antonio,81167.07,JPY
ACC05677,CUST5435,Recurring Deposit,Chicago,26425.49,JPY
ACC05678,CUST5436,Current,San Antonio,6388.58,USD
ACC05679,CUST5437,Recurring Deposit,Philadelphia,31678.61,USD
ACC05680,CUST5438,Savings,San Diego,7965.04,GBP
ACC05681,CUST2689,Fixed Deposit,San Diego,20171.77,EUR
ACC05682,CUST5439,Recurring Deposit,Philadelphia,47996.99,GBP
ACC05683,CUST5440,Fixed Deposit,San Antonio,44032.06,JPY
ACC05684,CUST5441,Fixed Deposit,Phoenix,45211.24,JPY
ACC05685,CUST5442,Recurring Deposit,San Antonio,61709.73,EUR
ACC05686,CUST5443,Fixed Deposit,Philadelphia,22592.27,EUR
ACC05687,CUST5444,Recurring Deposit,New York,95377.06,GBP
ACC05688,CUST5445,Recurring Deposit,San Antonio,70806.91,EUR
ACC05689,CUST5446,Current,Los Angeles,85543.55,EUR
ACC05690,CUST5447,Savings,New York,92547.79,JPY
ACC05691,CUST5448,Savings,Los Angeles,60318.76,EUR
ACC05692,CUST5449,Recurring Deposit,Phoenix,8242.42,JPY
ACC05693,CUST5450,Recurring Deposit,Houston,60046.54,USD
ACC05694,CUST1929,Fixed Deposit,Chicago,12323.74,EUR
ACC05695,CUST5451,Savings,San Antonio,50399.68,EUR
ACC05696,CUST5452,Savings,San Diego,20368.6,JPY
ACC05697,CUST5453,Current,San Diego,36481.26,EUR
ACC05698,CUST5454,Recurring Deposit,Los Angeles,25750.5,GBP
ACC05699,CUST5455,Current,Houston,33574.9,USD
ACC05700,CUST5456,Fixed Deposit,Philadelphia,65824.14,INR
ACC05701,CUST5457,Current,Los Angeles,5962.57,GBP
ACC05702,CUST5458,Current,Los Angeles,8460.34,INR
ACC05703,CUST5459,Fixed Deposit,San Diego,20398.03,JPY
ACC05704,CUST5460,Current,Houston,51693.27,INR
ACC05705,CUST5461,Fixed Deposit,Houston,6824.75,JPY
ACC05706,CUST5462,Fixed Deposit,New York,95118.47,INR
ACC05707,CUST5463,Current,Houston,8235.4,USD
ACC05708,CUST5464,Current,San Diego,83708.57,INR
ACC05709,CUST5465,Savings,Chicago,90903.59,INR
ACC05710,CUST5466,Fixed Deposit,Los Angeles,13672.68,INR
ACC05711,CUST5467,Current,Phoenix,38877.3,USD
ACC05712,CUST5468,Fixed Deposit,Philadelphia,88060.7,EUR
ACC05713,CUST5469,Fixed Deposit,San Antonio,37145.75,USD
ACC05714,CUST5470,Current,Los Angeles,75503.49,JPY
ACC05715,CUST2401,Fixed Deposit,San Antonio,38124.58,EUR
ACC05716,CUST5471,Recurring Deposit,Philadelphia,99877.32,JPY
ACC05717,CUST5472,Savings,Phoenix,86471.34,INR
ACC05718,CUST5473,Fixed Deposit,San Diego,71709.82,EUR
ACC05719,CUST5474,Fixed Deposit,San Diego,75386.2,USD
ACC05720,CUST5475,Current,Houston,21913.36,JPY
ACC05721,CUST5476,Current,Houston,46895.45,GBP
ACC05722,CUST5477,Current,San Diego,37071.47,JPY
ACC05723,CUST5478,Current,Houston,88437.91,EUR
ACC05724,CUST5479,Current,Phoenix,71561.59,EUR
ACC05725,CUST5480,Current,San Diego,92993.91,EUR
ACC05726,CUST1029,Savings,Houston,96783.07,USD
ACC05727,CUST5481,Current,Phoenix,13433.39,USD
ACC05728,CUST5482,Savings,San Diego,14535.17,JPY
ACC05729,CUST5483,Savings,Houston,89002.84,USD
ACC05730,CUST5484,Fixed Deposit,San Antonio,62887.59,JPY
ACC05731,CUST4724,Current,San Antonio,13744.1,JPY
ACC05732,CUST5485,Savings,Philadelphia,70421.1,GBP
ACC05733,CUST5486,Fixed Deposit,Phoenix,55156.55,JPY
ACC05734,CUST5487,Recurring Deposit,San Diego,84151.02,GBP
ACC05735,CUST5488,Current,Phoenix,35694.26,INR
ACC05736,CUST5489,Savings,Houston,81567.68,USD
ACC05737,CUST5490,Savings,Chicago,83808.21,JPY
ACC05738,CUST5491,Fixed Deposit,New York,13863.92,JPY
ACC05739,CUST5492,Recurring Deposit,San Diego,55430.08,JPY
ACC05740,CUST5493,Recurring Deposit,Chicago,2965.1,GBP
ACC05741,CUST5494,Current,Los Angeles,74353.45,JPY
ACC05742,CUST5495,Fixed Deposit,Chicago,57082.85,INR
ACC05743,CUST5496,Recurring Deposit,Chicago,22107.99,INR
ACC05744,CUST5497,Fixed Deposit,Chicago,16264.37,EUR
ACC05745,CUST5498,Savings,New York,66795.55,GBP
ACC05746,CUST5499,Recurring Deposit,Phoenix,69484.97,GBP
ACC05747,CUST5500,Fixed Deposit,San Antonio,51543.45,EUR
ACC05748,CUST5501,Savings,Los Angeles,47154.04,USD
ACC05749,CUST5502,Recurring Deposit,San Antonio,49627.19,EUR
ACC05750,CUST5503,Fixed Deposit,Houston,47963.88,INR
ACC05751,CUST5504,Savings,Los Angeles,92997.28,JPY
ACC05752,CUST1647,Savings,New York,99406.4,EUR
ACC05753,CUST5505,Recurring Deposit,New York,81403.32,JPY
ACC05754,CUST5506,Recurring Deposit,New York,28716.89,EUR
ACC05755,CUST5507,Savings,Los Angeles,13718.51,JPY
ACC05756,CUST5508,Recurring Deposit,Houston,92465.91,INR
ACC05757,CUST5509,Fixed Deposit,New York,81806.36,USD
ACC05758,CUST5510,Fixed Deposit,San Antonio,74363.48,USD
ACC05759,CUST5511,Recurring Deposit,Los Angeles,41463.45,USD
ACC05760,CUST5512,Recurring Deposit,Philadelphia,83106.68,JPY
ACC05761,CUST5513,Recurring Deposit,Phoenix,29439.74,GBP
ACC05762,CUST5514,Recurring Deposit,San Antonio,30318.01,EUR
ACC05763,CUST5515,Current,San Antonio,98572.3,INR
ACC05764,CUST5516,Current,Phoenix,15683.1,EUR
ACC05765,CUST5517,Recurring Deposit,San Antonio,32701.83,INR
ACC05766,CUST5518,Savings,Phoenix,57693.26,USD
ACC05767,CUST5519,Savings,Houston,39772.14,INR
ACC05768,CUST5520,Fixed Deposit,Philadelphia,78505.27,JPY
ACC05769,CUST5521,Recurring Deposit,Chicago,7681.25,JPY
ACC05770,CUST5522,Fixed Deposit,Chicago,66028.41,EUR
ACC05771,CUST5523,Fixed Deposit,San Antonio,87972.52,INR
ACC05772,CUST5524,Savings,Phoenix,20598.84,INR
ACC05773,CUST5525,Fixed Deposit,New York,10106.28,USD
ACC05774,CUST5526,Savings,Philadelphia,48180.87,USD
ACC05775,CUST5527,Fixed Deposit,Phoenix,99157.47,INR
ACC05776,CUST5315,Recurring Deposit,San Diego,87022.27,GBP
ACC05777,CUST5528,Fixed Deposit,San Antonio,77654.72,USD
ACC05778,CUST5529,Recurring Deposit,San Diego,70936.88,GBP
ACC05779,CUST5530,Recurring Deposit,Philadelphia,3699.0,EUR
ACC05780,CUST5531,Savings,San Antonio,33259.51,EUR
ACC05781,CUST5532,Current,New York,49730.88,JPY
ACC05782,CUST5533,Savings,San Diego,61672.41,JPY
ACC05783,CUST5534,Fixed Deposit,Houston,13941.47,INR
ACC05784,CUST5535,Current,New York,73092.17,EUR
ACC05785,CUST5536,Savings,San Antonio,15145.09,USD
ACC05786,CUST5537,Current,Phoenix,84525.82,GBP
ACC05787,CUST5538,Fixed Deposit,San Antonio,16366.13,INR
ACC05788,CUST5539,Current,Houston,64594.87,INR
ACC05789,CUST5540,Fixed Deposit,Phoenix,83117.01,USD
ACC05790,CUST5541,Current,Houston,98805.55,GBP
ACC05791,CUST5542,Savings,Phoenix,42751.52,EUR
ACC05792,CUST5543,Fixed Deposit,New York,59757.79,JPY
ACC05793,CUST5544,Savings,Philadelphia,5079.5,GBP
ACC05794,CUST5545,Savings,Philadelphia,94293.36,GBP
ACC05795,CUST5546,Fixed Deposit,Houston,65854.6,EUR
ACC05796,CUST5547,Savings,San Diego,46564.64,INR
ACC05797,CUST5116,Savings,Philadelphia,36348.55,JPY
ACC05798,CUST5548,Recurring Deposit,New York,60892.06,EUR
ACC05799,CUST5549,Fixed Deposit,New York,21032.06,EUR
ACC05800,CUST5550,Fixed Deposit,San Antonio,97954.44,USD
ACC05801,CUST5551,Savings,Phoenix,97951.72,USD
ACC05802,CUST5552,Savings,Houston,54207.69,GBP
ACC05803,CUST5553,Fixed Deposit,Chicago,52436.31,INR
ACC05804,CUST5554,Fixed Deposit,Chicago,29186.1,GBP
ACC05805,CUST4300,Recurring Deposit,New York,40498.72,GBP
ACC05806,CUST5555,Savings,Philadelphia,7555.84,USD
ACC05807,CUST5556,Fixed Deposit,New York,94239.5,EUR
ACC05808,CUST5557,Recurring Deposit,Los Angeles,42737.01,JPY
ACC05809,CUST5558,Fixed Deposit,Los Angeles,57814.3,USD
ACC05810,CUST5559,Current,Los Angeles,81017.7,USD
ACC05811,CUST5560,Savings,Phoenix,3012.27,USD
ACC05812,CUST5561,Fixed Deposit,Los Angeles,28565.67,INR
ACC05813,CUST5562,Savings,Houston,21065.87,JPY
ACC05814,CUST5563,Recurring Deposit,Philadelphia,76383.52,INR
ACC05815,CUST3069,Fixed Deposit,Houston,94250.13,GBP
ACC05816,CUST5564,Fixed Deposit,Phoenix,68007.77,GBP
ACC05817,CUST5565,Savings,Houston,3353.96,EUR
ACC05818,CUST5566,Recurring Deposit,San Diego,35713.55,USD
ACC05819,CUST5567,Current,San Diego,72979.35,EUR
ACC05820,CUST5568,Current,San Diego,76303.01,INR
ACC05821,CUST5569,Fixed Deposit,New York,55711.36,USD
ACC05822,CUST5570,Savings,Philadelphia,29724.82,JPY
ACC05823,CUST5571,Current,Chicago,176.87,EUR
ACC05824,CUST5572,Savings,New York,89422.42,GBP
ACC05825,CUST5573,Savings,Phoenix,19452.67,GBP
ACC05826,CUST5574,Savings,New York,16142.38,JPY
ACC05827,CUST5575,Current,New York,4531.17,USD
ACC05828,CUST4293,Recurring Deposit,Philadelphia,77300.22,USD
ACC05829,CUST5576,Current,Chicago,57869.81,JPY
ACC05830,CUST5577,Fixed Deposit,Philadelphia,69412.29,JPY
ACC05831,CUST4014,Savings,Phoenix,34739.32,JPY
ACC05832,CUST5578,Recurring Deposit,San Antonio,15200.99,EUR
ACC05833,CUST5579,Current,Chicago,91905.76,INR
ACC05834,CUST5580,Current,Philadelphia,60161.33,INR
ACC05835,CUST5581,Current,New York,88217.46,GBP
ACC05836,CUST5582,Fixed Deposit,Houston,28555.38,USD
ACC05837,CUST5583,Fixed Deposit,Philadelphia,71287.85,JPY
ACC05838,CUST5584,Fixed Deposit,Philadelphia,32875.09,JPY
ACC05839,CUST5585,Fixed Deposit,San Diego,95618.19,EUR
ACC05840,CUST5586,Savings,Philadelphia,89562.01,USD
ACC05841,CUST5587,Savings,Chicago,74542.79,EUR
ACC05842,CUST5588,Current,Chicago,73586.76,JPY
ACC05843,CUST5589,Savings,Houston,6408.27,GBP
ACC05844,CUST5590,Recurring Deposit,San Antonio,61159.05,INR
ACC05845,CUST5591,Savings,Los Angeles,29486.22,GBP
ACC05846,CUST5592,Savings,Houston,86168.81,JPY
ACC05847,CUST5593,Savings,Philadelphia,79028.9,JPY
ACC05848,CUST5594,Fixed Deposit,Houston,39214.35,USD
ACC05849,CUST5595,Recurring Deposit,San Antonio,9164.66,USD
ACC05850,CUST5596,Savings,Phoenix,82648.6,GBP
ACC05851,CUST5597,Current,Chicago,21329.76,JPY
ACC05852,CUST5598,Savings,Chicago,3043.97,INR
ACC05853,CUST5599,Current,Houston,94002.23,USD
ACC05854,CUST5600,Recurring Deposit,Philadelphia,47170.54,JPY
ACC05855,CUST5601,Savings,Phoenix,56624.16,EUR
ACC05856,CUST5602,Fixed Deposit,Chicago,37986.07,USD
ACC05857,CUST5603,Fixed Deposit,Los Angeles,64594.89,USD
ACC05858,CUST5604,Current,Phoenix,39065.95,USD
ACC05859,CUST5605,Current,Philadelphia,87602.58,JPY
ACC05860,CUST5606,Savings,Houston,95286.25,EUR
ACC05861,CUST5607,Recurring Deposit,New York,70172.18,USD
ACC05862,CUST5608,Recurring Deposit,San Antonio,56637.96,GBP
ACC05863,CUST5609,Savings,Philadelphia,89866.36,JPY
ACC05864,CUST1986,Recurring Deposit,Philadelphia,41940.35,EUR
ACC05865,CUST5610,Savings,San Antonio,6073.63,JPY
ACC05866,CUST5611,Savings,Chicago,46429.82,EUR
ACC05867,CUST5612,Recurring Deposit,Phoenix,14876.45,JPY
ACC05868,CUST5613,Savings,Phoenix,92154.95,EUR
ACC05869,CUST5614,Current,San Diego,86577.72,INR
ACC05870,CUST5615,Current,Philadelphia,43503.42,EUR
ACC05871,CUST5616,Recurring Deposit,San Antonio,10287.68,INR
ACC05872,CUST5617,Recurring Deposit,New York,7158.13,USD
ACC05873,CUST5618,Fixed Deposit,Los Angeles,60650.21,EUR
ACC05874,CUST5619,Savings,Phoenix,48196.93,USD
ACC05875,CUST5620,Recurring Deposit,Chicago,68329.12,JPY
ACC05876,CUST5621,Recurring Deposit,Phoenix,91682.94,GBP
ACC05877,CUST5622,Recurring Deposit,Phoenix,39716.35,EUR
ACC05878,CUST5623,Recurring Deposit,New York,44484.54,EUR
ACC05879,CUST5624,Savings,Chicago,36526.85,GBP
ACC05880,CUST5625,Recurring Deposit,Houston,7900.66,JPY
ACC05881,CUST5626,Current,Chicago,41721.43,JPY
ACC05882,CUST5627,Recurring Deposit,San Diego,25628.65,USD
ACC05883,CUST5628,Recurring Deposit,Philadelphia,37391.45,JPY
ACC05884,CUST5629,Fixed Deposit,Philadelphia,44381.6,JPY
ACC05885,CUST5630,Fixed Deposit,New York,15853.69,JPY
ACC05886,CUST5631,Fixed Deposit,San Antonio,32912.03,GBP
ACC05887,CUST5632,Savings,San Antonio,45322.37,EUR
ACC05888,CUST5633,Current,San Diego,7797.4,JPY
ACC05889,CUST5634,Fixed Deposit,New York,48230.57,EUR
ACC05890,CUST5635,Current,Houston,62744.51,EUR
ACC05891,CUST5636,Recurring Deposit,San Diego,41506.11,INR
ACC05892,CUST5637,Recurring Deposit,Houston,69078.05,EUR
ACC05893,CUST5638,Recurring Deposit,Chicago,84569.99,JPY
ACC05894,CUST5639,Fixed Deposit,Los Angeles,67113.51,JPY
ACC05895,CUST5640,Fixed Deposit,San Antonio,57189.64,GBP
ACC05896,CUST5641,Recurring Deposit,New York,66481.79,GBP
ACC05897,CUST5642,Current,Chicago,64537.1,INR
ACC05898,CUST5643,Recurring Deposit,Los Angeles,57204.55,GBP
ACC05899,CUST5644,Savings,San Diego,34525.42,GBP
ACC05900,CUST5645,Current,New York,61894.07,INR
ACC05901,CUST5646,Recurring Deposit,New York,1877.38,GBP
ACC05902,CUST5608,Current,Phoenix,2521.57,INR
ACC05903,CUST5647,Recurring Deposit,Phoenix,83926.64,EUR
ACC05904,CUST5648,Savings,Chicago,92977.6,EUR
ACC05905,CUST5649,Fixed Deposit,Chicago,3955.41,EUR
ACC05906,CUST5650,Current,San Antonio,12088.66,JPY
ACC05907,CUST3130,Fixed Deposit,New York,20722.53,GBP
ACC05908,CUST5651,Fixed Deposit,New York,58306.1,JPY
ACC05909,CUST5652,Current,San Antonio,56113.64,EUR
ACC05910,CUST5653,Savings,Los Angeles,2506.54,JPY
ACC05911,CUST5654,Savings,New York,86815.07,USD
ACC05912,CUST5655,Current,New York,86092.4,GBP
ACC05913,CUST5656,Fixed Deposit,New York,16253.0,JPY
ACC05914,CUST5657,Recurring Deposit,Houston,10340.91,GBP
ACC05915,CUST5658,Fixed Deposit,Philadelphia,95615.79,EUR
ACC05916,CUST5659,Recurring Deposit,Phoenix,33828.83,JPY
ACC05917,CUST5660,Savings,San Diego,25906.7,USD
ACC05918,CUST2971,Current,New York,19944.68,JPY
ACC05919,CUST5661,Current,Philadelphia,5155.5,INR
ACC05920,CUST5662,Savings,San Antonio,8198.7,INR
ACC05921,CUST5663,Fixed Deposit,Los Angeles,32412.33,INR
ACC05922,CUST5664,Current,New York,58228.7,USD
ACC05923,CUST5665,Savings,Philadelphia,31454.15,GBP
ACC05924,CUST5666,Recurring Deposit,New York,84308.17,USD
ACC05925,CUST5667,Savings,Phoenix,63403.74,GBP
ACC05926,CUST5668,Recurring Deposit,New York,16950.78,EUR
ACC05927,CUST5669,Current,Philadelphia,34738.69,USD
ACC05928,CUST5670,Current,Los Angeles,67348.71,JPY
ACC05929,CUST5671,Savings,San Antonio,1917.33,GBP
ACC05930,CUST5672,Current,San Antonio,35888.4,INR
ACC05931,CUST2739,Fixed Deposit,San Antonio,80737.44,GBP
ACC05932,CUST1834,Current,Chicago,86171.03,GBP
ACC05933,CUST5673,Fixed Deposit,Phoenix,63355.86,INR
ACC05934,CUST5674,Current,San Antonio,33768.29,USD
ACC05935,CUST5675,Current,Phoenix,75706.47,USD
ACC05936,CUST5676,Current,San Diego,65215.18,EUR
ACC05937,CUST5677,Savings,Phoenix,38506.35,USD
ACC05938,CUST5678,Current,Chicago,2280.73,INR
ACC05939,CUST5679,Savings,San Diego,64871.17,INR
ACC05940,CUST5680,Savings,Houston,44235.91,JPY
ACC05941,CUST5681,Recurring Deposit,Los Angeles,24210.62,USD
ACC05942,CUST5682,Fixed Deposit,Philadelphia,93524.37,USD
ACC05943,CUST5683,Savings,New York,12938.73,JPY
ACC05944,CUST5684,Savings,San Diego,73232.16,USD
ACC05945,CUST5685,Current,San Diego,66578.1,EUR
ACC05946,CUST5686,Current,San Antonio,71281.08,GBP
ACC05947,CUST5687,Fixed Deposit,Phoenix,32649.85,EUR
ACC05948,CUST5688,Savings,Phoenix,46151.35,USD
ACC05949,CUST5689,Savings,Philadelphia,98616.41,JPY
ACC05950,CUST5690,Fixed Deposit,New York,33285.29,USD
ACC05951,CUST5691,Fixed Deposit,Phoenix,61097.29,USD
ACC05952,CUST5692,Savings,San Antonio,96133.87,JPY
ACC05953,CUST5693,Savings,San Antonio,47786.45,GBP
ACC05954,CUST5694,Recurring Deposit,New York,43397.15,INR
ACC05955,CUST5695,Current,Chicago,1174.28,GBP
ACC05956,CUST5696,Recurring Deposit,Phoenix,79126.73,JPY
ACC05957,CUST5697,Current,Philadelphia,2677.05,EUR
ACC05958,CUST5698,Current,Los Angeles,6142.25,EUR
ACC05959,CUST1374,Fixed Deposit,Philadelphia,18583.16,INR
ACC05960,CUST5699,Savings,San Antonio,27294.44,JPY
ACC05961,CUST5700,Fixed Deposit,Houston,34217.12,JPY
ACC05962,CUST5701,Fixed Deposit,San Antonio,78430.74,JPY
ACC05963,CUST5702,Current,Houston,74752.58,INR
ACC05964,CUST5703,Current,Los Angeles,46529.74,INR
ACC05965,CUST5704,Fixed Deposit,Houston,52579.86,EUR
ACC05966,CUST5705,Current,Los Angeles,55125.04,EUR
ACC05967,CUST5706,Fixed Deposit,Philadelphia,38111.01,GBP
ACC05968,CUST5707,Recurring Deposit,Chicago,48042.85,JPY
ACC05969,CUST1491,Current,New York,28741.98,INR
ACC05970,CUST5708,Recurring Deposit,San Diego,9166.66,GBP
ACC05971,CUST5709,Fixed Deposit,Chicago,69449.91,JPY
ACC05972,CUST5710,Current,New York,19865.58,GBP
ACC05973,CUST5711,Savings,New York,65540.58,GBP
ACC05974,CUST5712,Fixed Deposit,San Diego,1980.7,JPY
ACC05975,CUST5713,Savings,Los Angeles,35036.56,GBP
ACC05976,CUST5714,Savings,Chicago,6713.38,EUR
ACC05977,CUST5715,Current,San Antonio,15987.8,INR
ACC05978,CUST5716,Fixed Deposit,New York,68911.17,JPY
ACC05979,CUST5717,Fixed Deposit,Houston,27541.99,GBP
ACC05980,CUST5718,Recurring Deposit,Philadelphia,65060.47,INR
ACC05981,CUST5719,Savings,Philadelphia,40450.01,GBP
ACC05982,CUST5720,Fixed Deposit,San Antonio,92306.95,EUR
ACC05983,CUST5721,Current,New York,57979.56,USD
ACC05984,CUST5722,Recurring Deposit,Phoenix,89681.81,INR
ACC05985,CUST5723,Savings,Chicago,53977.35,INR
ACC05986,CUST5724,Savings,Phoenix,91403.92,USD
ACC05987,CUST5725,Recurring Deposit,San Antonio,99595.09,EUR
ACC05988,CUST5726,Recurring Deposit,Los Angeles,69649.39,EUR
ACC05989,CUST1671,Current,Phoenix,90577.49,EUR
ACC05990,CUST5727,Savings,Philadelphia,51116.86,JPY
ACC05991,CUST0493,Fixed Deposit,New York,95912.04,GBP
ACC05992,CUST5728,Recurring Deposit,Philadelphia,42645.34,USD
ACC05993,CUST5729,Savings,Philadelphia,37492.6,JPY
ACC05994,CUST0668,Current,Los Angeles,35969.67,INR
ACC05995,CUST5730,Recurring Deposit,Los Angeles,80714.2,JPY
ACC05996,CUST5731,Fixed Deposit,San Antonio,77636.28,JPY
ACC05997,CUST5732,Fixed Deposit,Houston,23818.07,INR
ACC05998,CUST5733,Recurring Deposit,San Diego,72618.81,INR
ACC05999,CUST5734,Recurring Deposit,Philadelphia,19946.09,INR
ACC06000,CUST5735,Savings,Phoenix,60693.61,GBP
ACC06001,CUST5736,Recurring Deposit,San Diego,14856.84,GBP
ACC06002,CUST5737,Fixed Deposit,Phoenix,54091.9,JPY
ACC06003,CUST5738,Savings,Philadelphia,8492.01,JPY
ACC06004,CUST5739,Fixed Deposit,San Antonio,47302.1,GBP
ACC06005,CUST5740,Savings,Houston,79992.55,USD
ACC06006,CUST5741,Savings,San Diego,17457.69,JPY
ACC06007,CUST0589,Savings,Phoenix,95679.04,JPY
ACC06008,CUST5742,Fixed Deposit,Chicago,15663.4,JPY
ACC06009,CUST5743,Current,Los Angeles,69400.42,USD
ACC06010,CUST5744,Savings,Philadelphia,51750.47,JPY
ACC06011,CUST5745,Savings,Los Angeles,35249.0,GBP
ACC06012,CUST5746,Recurring Deposit,San Diego,73258.05,EUR
ACC06013,CUST5747,Fixed Deposit,Phoenix,5323.64,INR
ACC06014,CUST5748,Current,Los Angeles,73750.91,EUR
ACC06015,CUST5749,Current,Philadelphia,794.39,JPY
ACC06016,CUST5750,Recurring Deposit,Philadelphia,17648.52,EUR
ACC06017,CUST5751,Savings,Philadelphia,31327.36,EUR
ACC06018,CUST5752,Current,Los Angeles,87311.41,JPY
ACC06019,CUST5753,Fixed Deposit,Chicago,25145.26,INR
ACC06020,CUST2768,Fixed Deposit,San Diego,69776.62,JPY
ACC06021,CUST5754,Recurring Deposit,Phoenix,90294.75,EUR
ACC06022,CUST5755,Savings,Los Angeles,21697.72,JPY
ACC06023,CUST5756,Current,Chicago,94315.96,GBP
ACC06024,CUST5757,Recurring Deposit,Chicago,31145.94,EUR
ACC06025,CUST5758,Current,Houston,58216.21,INR
ACC06026,CUST5759,Fixed Deposit,Philadelphia,38843.94,USD
ACC06027,CUST5760,Current,Chicago,13976.82,EUR
ACC06028,CUST5761,Fixed Deposit,Phoenix,41077.82,USD
ACC06029,CUST5762,Savings,San Antonio,89579.54,EUR
ACC06030,CUST5763,Current,Phoenix,36263.96,GBP
ACC06031,CUST5764,Recurring Deposit,Houston,27637.61,JPY
ACC06032,CUST5765,Fixed Deposit,Houston,44416.38,GBP
ACC06033,CUST5766,Recurring Deposit,San Diego,59682.08,USD
ACC06034,CUST5767,Savings,Houston,29885.15,JPY
ACC06035,CUST5768,Recurring Deposit,New York,81869.36,USD
ACC06036,CUST5769,Recurring Deposit,Philadelphia,17148.66,USD
ACC06037,CUST5770,Current,New York,98885.13,EUR
ACC06038,CUST5771,Current,Philadelphia,120.31,USD
ACC06039,CUST5772,Current,San Antonio,80127.13,JPY
ACC06040,CUST5773,Current,Houston,55949.37,GBP
ACC06041,CUST5774,Current,Phoenix,720.53,USD
ACC06042,CUST5775,Current,Los Angeles,42489.03,GBP
ACC06043,CUST5776,Savings,San Diego,58474.96,GBP
ACC06044,CUST5777,Current,Los Angeles,46907.1,GBP
ACC06045,CUST5778,Current,San Antonio,83520.32,INR
ACC06046,CUST5779,Savings,New York,55082.67,EUR
ACC06047,CUST5780,Recurring Deposit,Philadelphia,28254.98,USD
ACC06048,CUST5781,Savings,Houston,42987.25,GBP
ACC06049,CUST5782,Savings,Phoenix,27826.72,JPY
ACC06050,CUST5783,Savings,Chicago,94056.97,JPY
ACC06051,CUST5784,Savings,San Antonio,70568.77,EUR
ACC06052,CUST5785,Fixed Deposit,Los Angeles,48540.85,JPY
ACC06053,CUST5786,Current,Chicago,91534.7,GBP
ACC06054,CUST5787,Fixed Deposit,New York,93047.04,GBP
ACC06055,CUST5788,Savings,San Diego,74428.66,INR
ACC06056,CUST5789,Savings,Chicago,89918.79,INR
ACC06057,CUST5790,Current,Los Angeles,61474.05,INR
ACC06058,CUST5791,Current,Philadelphia,67631.11,INR
ACC06059,CUST5792,Savings,San Antonio,94260.15,EUR
ACC06060,CUST5793,Recurring Deposit,New York,11517.01,EUR
ACC06061,CUST5794,Fixed Deposit,Philadelphia,27178.08,INR
ACC06062,CUST5795,Current,Chicago,98809.86,INR
ACC06063,CUST5796,Recurring Deposit,San Antonio,29110.31,EUR
ACC06064,CUST5797,Recurring Deposit,San Antonio,74394.45,JPY
ACC06065,CUST5020,Savings,Phoenix,25340.06,USD
ACC06066,CUST5798,Fixed Deposit,New York,94031.14,EUR
ACC06067,CUST5799,Fixed Deposit,Los Angeles,6573.98,EUR
ACC06068,CUST5800,Recurring Deposit,Los Angeles,68379.9,USD
ACC06069,CUST5801,Fixed Deposit,New York,56590.58,USD
ACC06070,CUST5802,Current,San Antonio,50535.91,INR
ACC06071,CUST5803,Recurring Deposit,Houston,61234.67,JPY
ACC06072,CUST5804,Recurring Deposit,San Antonio,3275.93,INR
ACC06073,CUST5805,Current,Houston,83617.22,EUR
ACC06074,CUST5806,Current,Phoenix,10377.04,USD
ACC06075,CUST5807,Savings,Chicago,57684.36,JPY
ACC06076,CUST2285,Fixed Deposit,Philadelphia,4357.08,EUR
ACC06077,CUST5808,Current,Los Angeles,1748.43,USD
ACC06078,CUST5809,Savings,Phoenix,2989.96,INR
ACC06079,CUST5810,Savings,San Diego,56057.17,USD
ACC06080,CUST5811,Fixed Deposit,Chicago,76805.4,EUR
ACC06081,CUST5812,Savings,San Diego,97298.95,USD
ACC06082,CUST5813,Current,Chicago,45089.44,EUR
ACC06083,CUST5814,Current,Philadelphia,43869.31,JPY
ACC06084,CUST5815,Savings,San Diego,85194.11,GBP
ACC06085,CUST5816,Savings,Chicago,29536.26,INR
ACC06086,CUST1755,Current,Houston,50295.59,JPY
ACC06087,CUST5817,Current,San Diego,69867.71,JPY
ACC06088,CUST5818,Fixed Deposit,Phoenix,78435.83,GBP
ACC06089,CUST5819,Current,Los Angeles,89304.81,EUR
ACC06090,CUST5820,Recurring Deposit,New York,9556.4,USD
ACC06091,CUST5821,Current,Phoenix,26889.78,EUR
ACC06092,CUST5822,Fixed Deposit,San Antonio,65461.58,USD
ACC06093,CUST5823,Savings,Houston,56064.2,JPY
ACC06094,CUST5824,Savings,Chicago,84219.31,JPY
ACC06095,CUST1298,Current,San Diego,58168.87,USD
ACC06096,CUST5825,Fixed Deposit,Phoenix,59778.97,GBP
ACC06097,CUST5826,Current,San Antonio,79558.38,USD
ACC06098,CUST5827,Savings,San Antonio,60723.85,USD
ACC06099,CUST5471,Fixed Deposit,Phoenix,2878.83,USD
ACC06100,CUST5828,Recurring Deposit,Los Angeles,1633.02,JPY
ACC06101,CUST5829,Savings,New York,47564.34,INR
ACC06102,CUST5830,Savings,New York,58087.22,JPY
ACC06103,CUST5831,Current,Philadelphia,58017.67,INR
ACC06104,CUST5832,Current,San Antonio,98334.6,GBP
ACC06105,CUST5833,Recurring Deposit,Houston,32465.47,GBP
ACC06106,CUST1232,Savings,San Diego,55407.0,JPY
ACC06107,CUST5834,Fixed Deposit,Houston,43325.21,EUR
ACC06108,CUST5835,Fixed Deposit,Chicago,12067.2,GBP
ACC06109,CUST5836,Savings,Houston,18984.85,JPY
ACC06110,CUST5837,Fixed Deposit,Los Angeles,43963.41,EUR
ACC06111,CUST5838,Recurring Deposit,San Antonio,55373.89,JPY
ACC06112,CUST5839,Savings,Los Angeles,41875.17,GBP
ACC06113,CUST5840,Recurring Deposit,New York,51681.01,GBP
ACC06114,CUST5841,Fixed Deposit,San Diego,65562.21,GBP
ACC06115,CUST5842,Fixed Deposit,Phoenix,92085.4,GBP
ACC06116,CUST5843,Savings,San Antonio,71484.83,USD
ACC06117,CUST5844,Savings,Los Angeles,84635.66,USD
ACC06118,CUST4155,Current,Chicago,71761.02,JPY
ACC06119,CUST5845,Fixed Deposit,San Antonio,54195.05,JPY
ACC06120,CUST0521,Recurring Deposit,Chicago,32655.43,JPY
ACC06121,CUST5846,Recurring Deposit,Houston,56653.1,EUR
ACC06122,CUST5847,Recurring Deposit,Philadelphia,99563.25,JPY
ACC06123,CUST2395,Savings,Phoenix,9003.05,USD
ACC06124,CUST5848,Recurring Deposit,Chicago,57618.45,INR
ACC06125,CUST5849,Current,Philadelphia,56568.41,INR
ACC06126,CUST5208,Current,Chicago,18862.52,EUR
ACC06127,CUST5850,Savings,Los Angeles,2763.65,GBP
ACC06128,CUST5851,Fixed Deposit,Chicago,36860.56,GBP
ACC06129,CUST5852,Recurring Deposit,Chicago,83560.5,EUR
ACC06130,CUST5853,Recurring Deposit,San Antonio,64386.91,JPY
ACC06131,CUST5854,Current,Los Angeles,5410.03,INR
ACC06132,CUST5855,Fixed Deposit,Los Angeles,207.93,GBP
ACC06133,CUST5856,Recurring Deposit,San Antonio,43895.64,INR
ACC06134,CUST5857,Recurring Deposit,Houston,43503.74,EUR
ACC06135,CUST5858,Current,Houston,93308.97,INR
ACC06136,CUST5859,Fixed Deposit,Chicago,26206.72,GBP
ACC06137,CUST5860,Recurring Deposit,Houston,94066.85,JPY
ACC06138,CUST5861,Fixed Deposit,Chicago,94270.18,JPY
ACC06139,CUST5862,Fixed Deposit,New York,58950.8,INR
ACC06140,CUST5863,Current,Houston,7984.16,USD
ACC06141,CUST5864,Savings,Philadelphia,57327.32,EUR
ACC06142,CUST5865,Savings,San Antonio,56924.34,EUR
ACC06143,CUST5866,Fixed Deposit,Los Angeles,81480.13,EUR
ACC06144,CUST5867,Recurring Deposit,Philadelphia,99145.07,GBP
ACC06145,CUST5784,Recurring Deposit,Phoenix,63852.41,INR
ACC06146,CUST5868,Current,New York,75684.68,USD
ACC06147,CUST5869,Savings,Los Angeles,9254.98,USD
ACC06148,CUST2082,Recurring Deposit,Phoenix,92738.79,JPY
ACC06149,CUST2084,Recurring Deposit,Houston,20939.01,JPY
ACC06150,CUST5870,Recurring Deposit,San Antonio,90255.1,INR
ACC06151,CUST5871,Savings,Philadelphia,42009.94,INR
ACC06152,CUST4985,Recurring Deposit,San Diego,30637.61,JPY
ACC06153,CUST5872,Recurring Deposit,San Antonio,49942.92,USD
ACC06154,CUST5873,Fixed Deposit,Phoenix,72578.84,EUR
ACC06155,CUST5874,Savings,Philadelphia,41614.55,GBP
ACC06156,CUST5875,Savings,Philadelphia,8151.01,INR
ACC06157,CUST5876,Savings,Los Angeles,58841.65,GBP
ACC06158,CUST1159,Recurring Deposit,Houston,93686.08,JPY
ACC06159,CUST5877,Recurring Deposit,Chicago,2429.24,USD
ACC06160,CUST5878,Current,New York,59636.1,GBP
ACC06161,CUST5879,Savings,Los Angeles,86473.67,INR
ACC06162,CUST5880,Current,Los Angeles,78086.84,USD
ACC06163,CUST5881,Current,Chicago,76165.54,INR
ACC06164,CUST5882,Recurring Deposit,Phoenix,68808.56,USD
ACC06165,CUST5883,Fixed Deposit,Phoenix,39351.48,JPY
ACC06166,CUST5884,Current,Philadelphia,26071.28,INR
ACC06167,CUST5885,Current,San Diego,65890.13,USD
ACC06168,CUST5886,Recurring Deposit,San Antonio,32167.97,INR
ACC06169,CUST5887,Savings,New York,5111.96,EUR
ACC06170,CUST5888,Current,Houston,83705.7,EUR
ACC06171,CUST5889,Savings,Chicago,28636.72,USD
ACC06172,CUST5890,Savings,San Antonio,67495.87,INR
ACC06173,CUST2967,Savings,Los Angeles,32218.32,USD
ACC06174,CUST5891,Recurring Deposit,Phoenix,57234.02,INR
ACC06175,CUST5892,Fixed Deposit,New York,78537.42,EUR
ACC06176,CUST5893,Recurring Deposit,San Diego,76114.17,GBP
ACC06177,CUST5894,Fixed Deposit,Chicago,80502.79,GBP
ACC06178,CUST5895,Current,Philadelphia,92728.14,USD
ACC06179,CUST5896,Recurring Deposit,Phoenix,31664.36,USD
ACC06180,CUST5897,Savings,Phoenix,15868.96,INR
ACC06181,CUST5898,Current,San Antonio,56792.99,INR
ACC06182,CUST5899,Savings,Philadelphia,92772.91,USD
ACC06183,CUST5900,Current,New York,44555.07,INR
ACC06184,CUST5901,Recurring Deposit,Los Angeles,83187.93,INR
ACC06185,CUST5902,Current,San Diego,86443.48,INR
ACC06186,CUST5903,Recurring Deposit,San Diego,14443.84,USD
ACC06187,CUST5904,Recurring Deposit,San Antonio,17519.54,INR
ACC06188,CUST5905,Fixed Deposit,San Diego,40027.96,JPY
ACC06189,CUST5906,Savings,Chicago,54616.41,GBP
ACC06190,CUST5907,Savings,Phoenix,35763.66,INR
ACC06191,CUST5908,Savings,San Diego,52849.45,GBP
ACC06192,CUST5909,Current,Philadelphia,27777.84,INR
ACC06193,CUST5910,Savings,San Antonio,61992.09,GBP
ACC06194,CUST5911,Current,Philadelphia,61010.49,GBP
ACC06195,CUST5912,Recurring Deposit,Houston,87885.7,EUR
ACC06196,CUST5913,Fixed Deposit,San Antonio,16171.18,GBP
ACC06197,CUST5914,Fixed Deposit,San Antonio,50265.73,EUR
ACC06198,CUST5915,Current,Los Angeles,67387.74,JPY
ACC06199,CUST5916,Savings,Phoenix,1931.98,USD
ACC06200,CUST5917,Fixed Deposit,New York,62535.0,INR
ACC06201,CUST5918,Fixed Deposit,Chicago,69280.71,GBP
ACC06202,CUST5919,Recurring Deposit,Phoenix,20344.14,EUR
ACC06203,CUST5920,Savings,Houston,2189.64,EUR
ACC06204,CUST5921,Recurring Deposit,Philadelphia,90821.75,USD
ACC06205,CUST5922,Fixed Deposit,Los Angeles,58492.54,JPY
ACC06206,CUST5923,Fixed Deposit,Phoenix,48479.71,EUR
ACC06207,CUST0552,Recurring Deposit,San Antonio,15259.0,USD
ACC06208,CUST5924,Savings,San Antonio,45761.92,GBP
ACC06209,CUST5925,Current,San Diego,89492.41,USD
ACC06210,CUST5926,Current,Houston,10256.05,INR
ACC06211,CUST5927,Current,San Diego,50719.33,JPY
ACC06212,CUST2528,Fixed Deposit,Los Angeles,24211.6,USD
ACC06213,CUST5928,Fixed Deposit,Phoenix,63247.15,INR
ACC06214,CUST5929,Recurring Deposit,San Diego,86924.55,INR
ACC06215,CUST5930,Savings,San Diego,9520.03,USD
ACC06216,CUST5931,Savings,Los Angeles,16207.27,INR
ACC06217,CUST5932,Savings,Los Angeles,62642.89,GBP
ACC06218,CUST5933,Fixed Deposit,Los Angeles,88864.7,GBP
ACC06219,CUST5934,Fixed Deposit,Phoenix,16909.53,USD
ACC06220,CUST5935,Current,Los Angeles,73128.7,GBP
ACC06221,CUST1551,Current,San Antonio,64934.17,GBP
ACC06222,CUST5936,Fixed Deposit,Chicago,20014.01,GBP
ACC06223,CUST5937,Current,Los Angeles,25224.8,GBP
ACC06224,CUST5938,Recurring Deposit,Los Angeles,696.28,USD
ACC06225,CUST5939,Current,Houston,62263.85,USD
ACC06226,CUST5940,Current,Chicago,8717.39,INR
ACC06227,CUST5941,Recurring Deposit,Houston,66668.55,USD
ACC06228,CUST5942,Current,Chicago,97531.66,EUR
ACC06229,CUST5943,Current,San Antonio,2304.42,EUR
ACC06230,CUST1521,Recurring Deposit,San Antonio,7684.25,INR
ACC06231,CUST5944,Savings,Chicago,2496.96,EUR
ACC06232,CUST5945,Recurring Deposit,Chicago,24522.74,EUR
ACC06233,CUST5946,Fixed Deposit,Chicago,64198.28,EUR
ACC06234,CUST5947,Current,New York,17884.8,USD
ACC06235,CUST5948,Fixed Deposit,Philadelphia,6435.31,GBP
ACC06236,CUST5949,Fixed Deposit,Phoenix,14789.72,USD
ACC06237,CUST5950,Fixed Deposit,Chicago,69954.2,INR
ACC06238,CUST5951,Fixed Deposit,San Antonio,24875.25,USD
ACC06239,CUST5952,Savings,Houston,90504.42,USD
ACC06240,CUST5953,Recurring Deposit,New York,15103.84,USD
ACC06241,CUST5954,Current,San Antonio,81303.64,USD
ACC06242,CUST5955,Current,Philadelphia,21700.57,EUR
ACC06243,CUST5956,Savings,Chicago,69450.57,INR
ACC06244,CUST5957,Current,San Antonio,81856.48,EUR
ACC06245,CUST5958,Recurring Deposit,Los Angeles,55458.89,EUR
ACC06246,CUST5959,Recurring Deposit,Los Angeles,48632.49,JPY
ACC06247,CUST5960,Fixed Deposit,Los Angeles,61707.83,JPY
ACC06248,CUST5961,Savings,Houston,3676.6,INR
ACC06249,CUST5962,Recurring Deposit,Philadelphia,54752.64,EUR
ACC06250,CUST5963,Current,Houston,24125.32,EUR
ACC06251,CUST5964,Savings,New York,6740.72,GBP
ACC06252,CUST5965,Savings,Phoenix,40761.7,GBP
ACC06253,CUST5966,Savings,Houston,65817.88,INR
ACC06254,CUST5967,Savings,San Diego,5694.16,USD
ACC06255,CUST5968,Fixed Deposit,Philadelphia,39857.9,EUR
ACC06256,CUST5969,Recurring Deposit,San Antonio,5216.09,JPY
ACC06257,CUST3584,Fixed Deposit,Phoenix,51129.03,EUR
ACC06258,CUST5970,Fixed Deposit,San Antonio,25262.6,EUR
ACC06259,CUST5971,Fixed Deposit,San Diego,94901.16,USD
ACC06260,CUST2739,Recurring Deposit,New York,35974.58,EUR
ACC06261,CUST5972,Recurring Deposit,Philadelphia,97535.52,GBP
ACC06262,CUST5973,Current,Phoenix,35628.82,USD
ACC06263,CUST5974,Recurring Deposit,Houston,51866.11,INR
ACC06264,CUST0430,Current,Houston,25531.14,USD
ACC06265,CUST5975,Fixed Deposit,Chicago,22470.67,INR
ACC06266,CUST5976,Recurring Deposit,Los Angeles,77566.51,JPY
ACC06267,CUST5977,Recurring Deposit,New York,92805.91,GBP
ACC06268,CUST5978,Savings,Philadelphia,74223.41,INR
ACC06269,CUST5979,Fixed Deposit,Los Angeles,8663.02,GBP
ACC06270,CUST5980,Fixed Deposit,Los Angeles,21838.93,GBP
ACC06271,CUST3506,Savings,Chicago,93755.72,USD
ACC06272,CUST5981,Current,Los Angeles,50413.09,USD
ACC06273,CUST5982,Fixed Deposit,Phoenix,97363.9,JPY
ACC06274,CUST5983,Current,New York,71305.77,USD
ACC06275,CUST5984,Recurring Deposit,Philadelphia,43487.14,EUR
ACC06276,CUST5985,Recurring Deposit,Los Angeles,24301.47,INR
ACC06277,CUST5986,Current,Chicago,22257.91,JPY
ACC06278,CUST5987,Current,Los Angeles,42476.45,INR
ACC06279,CUST5988,Recurring Deposit,Houston,53434.88,EUR
ACC06280,CUST5989,Current,New York,48410.76,EUR
ACC06281,CUST5990,Recurring Deposit,Philadelphia,73693.58,EUR
ACC06282,CUST5991,Savings,Los Angeles,74229.85,USD
ACC06283,CUST5992,Current,Chicago,76163.9,USD
ACC06284,CUST5993,Current,San Antonio,87523.66,GBP
ACC06285,CUST5994,Recurring Deposit,New York,12657.24,JPY
ACC06286,CUST5995,Savings,San Diego,62574.2,EUR
ACC06287,CUST5996,Recurring Deposit,Phoenix,13669.6,INR
ACC06288,CUST5997,Fixed Deposit,Philadelphia,90517.99,GBP
ACC06289,CUST5998,Recurring Deposit,Philadelphia,98416.75,GBP
ACC06290,CUST5999,Savings,Chicago,98014.28,GBP
ACC06291,CUST6000,Savings,Philadelphia,14581.98,JPY
ACC06292,CUST6001,Current,Phoenix,36495.81,USD
ACC06293,CUST5143,Current,San Diego,32649.24,INR
ACC06294,CUST6002,Savings,Philadelphia,50138.28,INR
ACC06295,CUST6003,Savings,Phoenix,73074.05,USD
ACC06296,CUST6004,Recurring Deposit,San Diego,96045.51,GBP
ACC06297,CUST6005,Savings,Los Angeles,78895.46,EUR
ACC06298,CUST5366,Current,Houston,52254.8,JPY
ACC06299,CUST6006,Savings,Los Angeles,42904.91,JPY
ACC06300,CUST6007,Fixed Deposit,San Diego,12519.91,INR
ACC06301,CUST1885,Fixed Deposit,San Antonio,43850.41,INR
ACC06302,CUST6008,Savings,Los Angeles,13766.48,GBP
ACC06303,CUST6009,Savings,Los Angeles,22784.86,USD
ACC06304,CUST6010,Recurring Deposit,Houston,53747.47,INR
ACC06305,CUST6011,Recurring Deposit,New York,6351.6,INR
ACC06306,CUST6012,Recurring Deposit,Phoenix,96705.82,EUR
ACC06307,CUST6013,Recurring Deposit,San Antonio,96082.54,GBP
ACC06308,CUST6014,Recurring Deposit,San Antonio,46508.32,INR
ACC06309,CUST6015,Fixed Deposit,San Antonio,14527.11,INR
ACC06310,CUST6016,Fixed Deposit,Philadelphia,30916.35,GBP
ACC06311,CUST6017,Savings,New York,32612.17,GBP
ACC06312,CUST6018,Savings,Phoenix,55097.67,EUR
ACC06313,CUST6019,Recurring Deposit,Los Angeles,58462.87,EUR
ACC06314,CUST6020,Savings,San Diego,52479.17,EUR
ACC06315,CUST6021,Savings,Philadelphia,81648.98,INR
ACC06316,CUST0571,Current,San Diego,79556.63,INR
ACC06317,CUST6022,Savings,New York,57888.34,JPY
ACC06318,CUST6023,Recurring Deposit,San Diego,41520.73,JPY
ACC06319,CUST6024,Current,Phoenix,20818.12,EUR
ACC06320,CUST4735,Savings,San Antonio,42594.4,INR
ACC06321,CUST6025,Savings,Houston,89023.25,JPY
ACC06322,CUST6026,Fixed Deposit,Los Angeles,53679.42,INR
ACC06323,CUST6027,Recurring Deposit,San Antonio,44897.52,EUR
ACC06324,CUST6028,Current,San Diego,94384.78,JPY
ACC06325,CUST6029,Fixed Deposit,San Antonio,1762.73,USD
ACC06326,CUST6030,Recurring Deposit,San Antonio,51405.85,EUR
ACC06327,CUST6031,Savings,New York,91360.95,INR
ACC06328,CUST6032,Fixed Deposit,San Diego,1403.33,INR
ACC06329,CUST6033,Recurring Deposit,San Diego,32045.2,USD
ACC06330,CUST6034,Recurring Deposit,New York,72038.72,JPY
ACC06331,CUST6035,Savings,Houston,85952.58,INR
ACC06332,CUST6036,Fixed Deposit,Phoenix,53065.81,GBP
ACC06333,CUST6037,Current,New York,35301.03,JPY
ACC06334,CUST6038,Fixed Deposit,Houston,21317.69,INR
ACC06335,CUST3318,Savings,Chicago,44660.88,JPY
ACC06336,CUST6039,Current,Los Angeles,42804.63,EUR
ACC06337,CUST6040,Savings,New York,85131.6,EUR
ACC06338,CUST6041,Current,San Diego,87846.85,GBP
ACC06339,CUST5230,Current,San Diego,36288.76,JPY
ACC06340,CUST6042,Current,San Diego,86722.35,INR
ACC06341,CUST6043,Savings,Philadelphia,835.02,EUR
ACC06342,CUST6044,Savings,San Antonio,27006.8,JPY
ACC06343,CUST6045,Savings,San Antonio,91243.96,EUR
ACC06344,CUST6001,Current,Houston,2197.87,INR
ACC06345,CUST5872,Current,San Diego,54076.13,GBP
ACC06346,CUST6046,Recurring Deposit,Los Angeles,1261.67,INR
ACC06347,CUST6047,Recurring Deposit,San Antonio,88368.53,EUR
ACC06348,CUST2307,Current,Phoenix,87509.28,GBP
ACC06349,CUST6048,Recurring Deposit,Chicago,26991.19,EUR
ACC06350,CUST6049,Fixed Deposit,Houston,66881.59,USD
ACC06351,CUST6050,Fixed Deposit,Chicago,13244.09,USD
ACC06352,CUST6051,Current,New York,46636.41,USD
ACC06353,CUST6052,Savings,Los Angeles,82316.57,INR
ACC06354,CUST6053,Recurring Deposit,New York,40636.39,JPY
ACC06355,CUST6054,Current,Phoenix,19572.69,GBP
ACC06356,CUST6055,Current,Chicago,15842.7,USD
ACC06357,CUST6056,Recurring Deposit,Philadelphia,3375.86,EUR
ACC06358,CUST6057,Current,San Diego,28554.85,EUR
ACC06359,CUST6058,Current,Philadelphia,39154.27,USD
ACC06360,CUST6059,Savings,San Diego,28502.56,USD
ACC06361,CUST1837,Fixed Deposit,Houston,86727.22,USD
ACC06362,CUST2709,Recurring Deposit,Los Angeles,73401.02,INR
ACC06363,CUST6060,Recurring Deposit,New York,76673.01,GBP
ACC06364,CUST6061,Savings,Philadelphia,18025.95,EUR
ACC06365,CUST6062,Recurring Deposit,San Diego,34642.17,JPY
ACC06366,CUST6063,Recurring Deposit,New York,3209.12,EUR
ACC06367,CUST6064,Current,Chicago,79898.66,JPY
ACC06368,CUST6065,Recurring Deposit,Chicago,26110.0,INR
ACC06369,CUST6066,Recurring Deposit,Houston,80021.74,GBP
ACC06370,CUST6067,Recurring Deposit,Chicago,52561.43,JPY
ACC06371,CUST6068,Recurring Deposit,Houston,38245.37,EUR
ACC06372,CUST1124,Fixed Deposit,Houston,14323.74,GBP
ACC06373,CUST6069,Savings,Philadelphia,64997.37,USD
ACC06374,CUST6070,Fixed Deposit,New York,68107.75,EUR
ACC06375,CUST6071,Fixed Deposit,San Diego,46140.11,JPY
ACC06376,CUST6072,Savings,Chicago,83569.42,INR
ACC06377,CUST6073,Savings,Philadelphia,76964.62,EUR
ACC06378,CUST6074,Recurring Deposit,Philadelphia,14991.31,JPY
ACC06379,CUST6075,Fixed Deposit,Phoenix,3414.28,EUR
ACC06380,CUST1589,Current,Phoenix,10310.35,JPY
ACC06381,CUST6076,Fixed Deposit,New York,43960.7,USD
ACC06382,CUST6077,Savings,Los Angeles,12341.56,USD
ACC06383,CUST6078,Fixed Deposit,San Diego,26769.46,INR
ACC06384,CUST6079,Recurring Deposit,San Diego,13102.63,USD
ACC06385,CUST6080,Current,San Antonio,62383.97,GBP
ACC06386,CUST6081,Savings,San Diego,6032.2,JPY
ACC06387,CUST6082,Fixed Deposit,Phoenix,33813.76,EUR
ACC06388,CUST6083,Fixed Deposit,San Antonio,12618.36,INR
ACC06389,CUST1714,Current,Houston,4646.15,EUR
ACC06390,CUST0588,Fixed Deposit,Philadelphia,18816.67,INR
ACC06391,CUST6084,Savings,San Diego,46469.69,JPY
ACC06392,CUST6085,Recurring Deposit,Philadelphia,39074.33,JPY
ACC06393,CUST6086,Current,Philadelphia,65623.6,JPY
ACC06394,CUST6087,Fixed Deposit,San Diego,55286.41,INR
ACC06395,CUST6088,Recurring Deposit,Philadelphia,75790.43,JPY
ACC06396,CUST6089,Recurring Deposit,Philadelphia,63589.89,JPY
ACC06397,CUST6090,Fixed Deposit,Los Angeles,55039.01,GBP
ACC06398,CUST6091,Recurring Deposit,New York,67990.63,EUR
ACC06399,CUST6092,Current,Los Angeles,62188.88,USD
ACC06400,CUST6093,Fixed Deposit,Los Angeles,27046.96,EUR
ACC06401,CUST6094,Fixed Deposit,New York,89161.31,INR
ACC06402,CUST6095,Fixed Deposit,Philadelphia,20048.33,EUR
ACC06403,CUST6096,Current,Los Angeles,18977.56,JPY
ACC06404,CUST6097,Recurring Deposit,New York,58554.67,INR
ACC06405,CUST6098,Fixed Deposit,Philadelphia,43398.16,GBP
ACC06406,CUST6099,Current,Philadelphia,67916.53,USD
ACC06407,CUST6100,Recurring Deposit,Phoenix,4990.7,USD
ACC06408,CUST6101,Fixed Deposit,Chicago,6226.97,INR
ACC06409,CUST5062,Recurring Deposit,Chicago,55177.28,EUR
ACC06410,CUST1870,Savings,Los Angeles,66081.97,INR
ACC06411,CUST6102,Recurring Deposit,Phoenix,50928.03,USD
ACC06412,CUST6103,Savings,Los Angeles,40175.77,GBP
ACC06413,CUST6104,Fixed Deposit,Phoenix,40162.39,INR
ACC06414,CUST6105,Fixed Deposit,Phoenix,64720.19,USD
ACC06415,CUST6106,Current,Houston,33677.36,GBP
ACC06416,CUST6107,Current,Houston,3695.47,GBP
ACC06417,CUST6108,Savings,Chicago,26858.16,GBP
ACC06418,CUST6109,Savings,San Diego,65899.4,USD
ACC06419,CUST6110,Fixed Deposit,San Diego,71368.5,GBP
ACC06420,CUST6111,Recurring Deposit,New York,71112.89,USD
ACC06421,CUST6112,Recurring Deposit,Philadelphia,97657.5,EUR
ACC06422,CUST6113,Fixed Deposit,Phoenix,50035.24,JPY
ACC06423,CUST6114,Recurring Deposit,Houston,23160.76,JPY
ACC06424,CUST6115,Current,Los Angeles,4199.63,GBP
ACC06425,CUST6116,Fixed Deposit,Phoenix,24973.15,EUR
ACC06426,CUST2505,Recurring Deposit,Los Angeles,35073.13,GBP
ACC06427,CUST6117,Current,San Diego,89421.01,EUR
ACC06428,CUST6118,Fixed Deposit,Houston,56801.88,USD
ACC06429,CUST6119,Current,Houston,93860.44,EUR
ACC06430,CUST6120,Fixed Deposit,Houston,62115.59,USD
ACC06431,CUST6121,Savings,Houston,24357.97,JPY
ACC06432,CUST6122,Fixed Deposit,Philadelphia,97327.39,EUR
ACC06433,CUST6123,Recurring Deposit,New York,44930.32,JPY
ACC06434,CUST6124,Savings,San Antonio,94329.56,INR
ACC06435,CUST6125,Current,San Diego,23671.2,USD
ACC06436,CUST6126,Recurring Deposit,San Antonio,90227.17,INR
ACC06437,CUST6127,Current,New York,92335.84,EUR
ACC06438,CUST6128,Fixed Deposit,Houston,26101.49,GBP
ACC06439,CUST6129,Savings,Chicago,39357.11,USD
ACC06440,CUST6130,Savings,New York,83193.07,USD
ACC06441,CUST6131,Savings,Philadelphia,94899.7,JPY
ACC06442,CUST5323,Recurring Deposit,San Antonio,51727.18,JPY
ACC06443,CUST6132,Current,Houston,27917.47,EUR
ACC06444,CUST6133,Recurring Deposit,Los Angeles,88709.32,EUR
ACC06445,CUST6134,Recurring Deposit,San Diego,97975.07,JPY
ACC06446,CUST6135,Savings,San Diego,33376.87,JPY
ACC06447,CUST6136,Recurring Deposit,Chicago,56942.48,GBP
ACC06448,CUST6137,Savings,Chicago,56141.16,USD
ACC06449,CUST6138,Current,Chicago,50447.27,INR
ACC06450,CUST6139,Fixed Deposit,Houston,51933.62,GBP
ACC06451,CUST6140,Savings,San Diego,73927.39,GBP
ACC06452,CUST6141,Recurring Deposit,New York,44251.89,GBP
ACC06453,CUST6142,Current,Chicago,6498.4,EUR
ACC06454,CUST6143,Current,Los Angeles,5280.74,INR
ACC06455,CUST6144,Fixed Deposit,Houston,62373.21,USD
ACC06456,CUST6145,Savings,Los Angeles,72017.55,EUR
ACC06457,CUST2012,Fixed Deposit,Los Angeles,87431.03,INR
ACC06458,CUST2532,Current,San Diego,56134.92,GBP
ACC06459,CUST6146,Fixed Deposit,Houston,97934.21,JPY
ACC06460,CUST6147,Current,Phoenix,34595.24,EUR
ACC06461,CUST6148,Fixed Deposit,Philadelphia,700.32,JPY
ACC06462,CUST6149,Current,Philadelphia,70923.56,EUR
ACC06463,CUST6150,Current,Houston,45232.32,USD
ACC06464,CUST6151,Savings,Houston,34669.87,USD
ACC06465,CUST6152,Fixed Deposit,San Diego,67738.15,JPY
ACC06466,CUST6153,Savings,San Diego,8809.27,USD
ACC06467,CUST3508,Savings,Los Angeles,85550.16,USD
ACC06468,CUST6154,Fixed Deposit,New York,23194.91,EUR
ACC06469,CUST6155,Savings,Houston,8995.22,EUR
ACC06470,CUST6156,Fixed Deposit,Chicago,88601.7,JPY
ACC06471,CUST6157,Recurring Deposit,San Antonio,9894.67,USD
ACC06472,CUST6158,Savings,San Antonio,31059.05,INR
ACC06473,CUST6159,Fixed Deposit,Houston,43452.08,INR
ACC06474,CUST6160,Recurring Deposit,Houston,76111.37,USD
ACC06475,CUST6161,Recurring Deposit,San Antonio,69122.13,INR
ACC06476,CUST6162,Recurring Deposit,Los Angeles,61462.29,USD
ACC06477,CUST6163,Savings,Chicago,9516.15,EUR
ACC06478,CUST6164,Savings,Los Angeles,56597.01,EUR
ACC06479,CUST6165,Current,New York,47904.33,INR
ACC06480,CUST6166,Current,San Antonio,79443.28,EUR
ACC06481,CUST6167,Fixed Deposit,Chicago,89467.74,USD
ACC06482,CUST6168,Recurring Deposit,San Diego,55689.98,INR
ACC06483,CUST6169,Recurring Deposit,Philadelphia,65002.95,EUR
ACC06484,CUST6170,Current,Chicago,53677.32,INR
ACC06485,CUST6171,Current,San Antonio,51106.9,EUR
ACC06486,CUST1496,Current,San Diego,31410.64,USD
ACC06487,CUST6172,Savings,New York,84051.06,INR
ACC06488,CUST6173,Recurring Deposit,Houston,35382.91,EUR
ACC06489,CUST6174,Fixed Deposit,Houston,71647.85,EUR
ACC06490,CUST6175,Fixed Deposit,Houston,99434.26,INR
ACC06491,CUST6176,Savings,Philadelphia,76746.01,USD
ACC06492,CUST6177,Fixed Deposit,New York,36421.08,INR
ACC06493,CUST6178,Savings,Los Angeles,43132.43,USD
ACC06494,CUST6179,Recurring Deposit,New York,44499.67,JPY
ACC06495,CUST6180,Savings,Philadelphia,90828.44,USD
ACC06496,CUST6181,Recurring Deposit,Los Angeles,60531.58,EUR
ACC06497,CUST6182,Fixed Deposit,San Antonio,69036.22,INR
ACC06498,CUST6183,Recurring Deposit,Chicago,56718.66,EUR
ACC06499,CUST6184,Current,New York,459.49,GBP
ACC06500,CUST6185,Current,Philadelphia,44240.6,JPY
ACC06501,CUST6186,Current,Phoenix,86203.38,EUR
ACC06502,CUST6187,Savings,Houston,46558.87,EUR
ACC06503,CUST6188,Fixed Deposit,Phoenix,10234.5,GBP
ACC06504,CUST6189,Recurring Deposit,San Antonio,53168.12,EUR
ACC06505,CUST6190,Recurring Deposit,Houston,44501.22,GBP
ACC06506,CUST6191,Recurring Deposit,Phoenix,25041.56,EUR
ACC06507,CUST6192,Current,Houston,42609.72,JPY
ACC06508,CUST6193,Recurring Deposit,Los Angeles,32132.12,USD
ACC06509,CUST6194,Fixed Deposit,Phoenix,76203.72,INR
ACC06510,CUST6195,Savings,Houston,8355.7,USD
ACC06511,CUST6196,Fixed Deposit,San Diego,72888.39,EUR
ACC06512,CUST6197,Recurring Deposit,Houston,78847.63,EUR
ACC06513,CUST6198,Savings,San Diego,27833.63,JPY
ACC06514,CUST6199,Savings,Houston,70580.14,USD
ACC06515,CUST6200,Fixed Deposit,San Antonio,55711.81,GBP
ACC06516,CUST6201,Recurring Deposit,Los Angeles,43309.77,JPY
ACC06517,CUST6202,Fixed Deposit,Houston,76651.04,INR
ACC06518,CUST6203,Fixed Deposit,Los Angeles,11554.45,EUR
ACC06519,CUST6204,Current,Los Angeles,64138.77,EUR
ACC06520,CUST6205,Savings,Phoenix,61796.09,GBP
ACC06521,CUST6206,Current,New York,316.35,GBP
ACC06522,CUST6207,Savings,San Diego,81207.15,JPY
ACC06523,CUST6208,Recurring Deposit,Phoenix,53551.52,JPY
ACC06524,CUST6209,Fixed Deposit,San Diego,71233.38,GBP
ACC06525,CUST3176,Current,San Antonio,7146.41,EUR
ACC06526,CUST6210,Recurring Deposit,Los Angeles,61469.54,USD
ACC06527,CUST6211,Current,San Diego,43662.07,USD
ACC06528,CUST6212,Savings,Chicago,56691.96,INR
ACC06529,CUST6213,Fixed Deposit,San Diego,91425.6,JPY
ACC06530,CUST6214,Recurring Deposit,San Antonio,74710.44,JPY
ACC06531,CUST6215,Current,Phoenix,73336.69,EUR
ACC06532,CUST6216,Savings,New York,6645.5,JPY
ACC06533,CUST6217,Savings,Chicago,14153.86,USD
ACC06534,CUST6218,Current,San Diego,98399.47,GBP
ACC06535,CUST6219,Fixed Deposit,Phoenix,96924.57,JPY
ACC06536,CUST6220,Savings,San Antonio,94032.39,JPY
ACC06537,CUST6221,Current,Houston,66369.68,INR
ACC06538,CUST6222,Current,Phoenix,83916.12,JPY
ACC06539,CUST6223,Fixed Deposit,San Diego,33340.24,EUR
ACC06540,CUST6224,Current,New York,67567.77,JPY
ACC06541,CUST6225,Current,Chicago,11897.56,USD
ACC06542,CUST6226,Current,New York,93314.46,INR
ACC06543,CUST6227,Recurring Deposit,Phoenix,88687.54,GBP
ACC06544,CUST6228,Savings,San Diego,62978.69,EUR
ACC06545,CUST6229,Savings,Los Angeles,71752.14,USD
ACC06546,CUST6230,Fixed Deposit,Philadelphia,22829.22,GBP
ACC06547,CUST6231,Fixed Deposit,Philadelphia,53613.14,EUR
ACC06548,CUST6232,Fixed Deposit,Chicago,11786.87,USD
ACC06549,CUST6233,Current,Houston,60552.73,USD
ACC06550,CUST6234,Savings,Philadelphia,57378.78,INR
ACC06551,CUST6235,Recurring Deposit,San Antonio,56172.98,EUR
ACC06552,CUST6236,Savings,San Diego,84473.34,EUR
ACC06553,CUST6237,Fixed Deposit,Houston,43759.7,GBP
ACC06554,CUST6238,Fixed Deposit,New York,56303.48,USD
ACC06555,CUST0313,Fixed Deposit,San Antonio,61146.43,JPY
ACC06556,CUST6239,Recurring Deposit,Philadelphia,22469.19,JPY
ACC06557,CUST6240,Current,Houston,67059.91,GBP
ACC06558,CUST6241,Savings,Phoenix,84602.39,INR
ACC06559,CUST6242,Current,San Antonio,28863.86,EUR
ACC06560,CUST6243,Fixed Deposit,Los Angeles,34158.88,GBP
ACC06561,CUST6244,Savings,Phoenix,12891.2,INR
ACC06562,CUST3584,Fixed Deposit,Phoenix,62303.51,INR
ACC06563,CUST4066,Current,Phoenix,24153.26,JPY
ACC06564,CUST6245,Savings,New York,18298.61,USD
ACC06565,CUST6246,Savings,Phoenix,26063.23,USD
ACC06566,CUST6247,Savings,New York,3701.2,USD
ACC06567,CUST6248,Recurring Deposit,San Diego,13318.06,INR
ACC06568,CUST6249,Current,San Antonio,31908.34,GBP
ACC06569,CUST6250,Recurring Deposit,New York,18362.71,INR
ACC06570,CUST6251,Recurring Deposit,Los Angeles,17254.59,JPY
ACC06571,CUST6252,Savings,Houston,49936.59,EUR
ACC06572,CUST0410,Recurring Deposit,New York,49633.34,INR
ACC06573,CUST6253,Current,Philadelphia,90858.29,INR
ACC06574,CUST6254,Savings,Chicago,84634.57,JPY
ACC06575,CUST6255,Current,San Antonio,68966.04,JPY
ACC06576,CUST6256,Fixed Deposit,San Antonio,21955.48,GBP
ACC06577,CUST6257,Savings,Los Angeles,63251.64,EUR
ACC06578,CUST6258,Current,Phoenix,91881.26,INR
ACC06579,CUST6259,Recurring Deposit,Los Angeles,26484.14,USD
ACC06580,CUST6260,Savings,Los Angeles,2311.99,GBP
ACC06581,CUST6261,Current,San Antonio,10603.95,JPY
ACC06582,CUST6262,Recurring Deposit,San Antonio,79838.4,INR
ACC06583,CUST6263,Recurring Deposit,New York,5324.55,JPY
ACC06584,CUST6264,Fixed Deposit,San Diego,59416.15,INR
ACC06585,CUST6265,Fixed Deposit,Philadelphia,68105.11,GBP
ACC06586,CUST6266,Current,Phoenix,88700.55,INR
ACC06587,CUST6267,Savings,San Diego,23262.16,INR
ACC06588,CUST6268,Fixed Deposit,New York,18893.21,JPY
ACC06589,CUST6269,Current,Los Angeles,83262.81,GBP
ACC06590,CUST6270,Current,Phoenix,89813.53,GBP
ACC06591,CUST6271,Savings,Houston,16722.43,EUR
ACC06592,CUST6272,Savings,Los Angeles,54308.76,GBP
ACC06593,CUST6273,Fixed Deposit,San Antonio,42593.0,USD
ACC06594,CUST6274,Recurring Deposit,Chicago,35727.19,EUR
ACC06595,CUST6275,Savings,San Diego,63412.93,EUR
ACC06596,CUST6276,Current,New York,88100.99,GBP
ACC06597,CUST6277,Savings,Phoenix,90921.84,JPY
ACC06598,CUST6278,Savings,San Diego,32158.31,EUR
ACC06599,CUST6279,Savings,San Diego,73143.31,USD
ACC06600,CUST6280,Fixed Deposit,New York,33200.17,EUR
ACC06601,CUST6281,Savings,Chicago,87760.75,GBP
ACC06602,CUST4810,Current,Los Angeles,29750.89,INR
ACC06603,CUST2977,Fixed Deposit,Chicago,31719.69,GBP
ACC06604,CUST6282,Fixed Deposit,New York,54057.81,JPY
ACC06605,CUST6283,Savings,San Antonio,15824.49,GBP
ACC06606,CUST6284,Savings,Houston,91258.08,USD
ACC06607,CUST6285,Recurring Deposit,Chicago,22804.74,USD
ACC06608,CUST6286,Recurring Deposit,Philadelphia,72492.47,USD
ACC06609,CUST6287,Current,San Antonio,84446.43,GBP
ACC06610,CUST6288,Recurring Deposit,Chicago,97023.84,GBP
ACC06611,CUST2910,Fixed Deposit,Philadelphia,18833.76,EUR
ACC06612,CUST4481,Savings,New York,70812.31,USD
ACC06613,CUST6289,Current,Houston,98219.33,GBP
ACC06614,CUST6290,Savings,New York,98312.46,EUR
ACC06615,CUST6291,Current,Los Angeles,27663.03,GBP
ACC06616,CUST2658,Savings,Houston,77890.35,EUR
ACC06617,CUST6292,Savings,Philadelphia,30353.11,JPY
ACC06618,CUST6293,Recurring Deposit,Phoenix,84890.89,GBP
ACC06619,CUST6294,Current,Phoenix,49858.19,EUR
ACC06620,CUST6295,Current,San Antonio,97727.44,USD
ACC06621,CUST6296,Savings,Los Angeles,69521.65,JPY
ACC06622,CUST6297,Current,Los Angeles,4800.15,USD
ACC06623,CUST6298,Recurring Deposit,San Antonio,69050.34,GBP
ACC06624,CUST6299,Savings,Philadelphia,18410.74,INR
ACC06625,CUST6300,Recurring Deposit,Phoenix,66018.83,GBP
ACC06626,CUST6301,Savings,San Antonio,45303.96,EUR
ACC06627,CUST6302,Savings,Philadelphia,30418.15,INR
ACC06628,CUST6303,Recurring Deposit,San Antonio,35638.55,EUR
ACC06629,CUST3050,Current,New York,5864.66,INR
ACC06630,CUST6304,Savings,Los Angeles,9695.55,EUR
ACC06631,CUST6305,Fixed Deposit,Philadelphia,89686.27,GBP
ACC06632,CUST6306,Current,Houston,83933.55,EUR
ACC06633,CUST6307,Fixed Deposit,San Diego,46279.08,JPY
ACC06634,CUST6308,Fixed Deposit,Chicago,74515.58,JPY
ACC06635,CUST6309,Recurring Deposit,Phoenix,49863.26,EUR
ACC06636,CUST6310,Savings,New York,6478.46,EUR
ACC06637,CUST6311,Current,Chicago,20884.19,EUR
ACC06638,CUST2200,Recurring Deposit,San Diego,63423.54,EUR
ACC06639,CUST6312,Fixed Deposit,New York,30101.66,USD
ACC06640,CUST6313,Recurring Deposit,Los Angeles,80159.98,INR
ACC06641,CUST6314,Savings,Phoenix,96087.87,JPY
ACC06642,CUST6315,Savings,Los Angeles,55663.61,GBP
ACC06643,CUST6316,Current,Los Angeles,13908.12,GBP
ACC06644,CUST6317,Current,Philadelphia,96382.94,INR
ACC06645,CUST0855,Recurring Deposit,Chicago,55197.5,EUR
ACC06646,CUST6318,Current,San Antonio,67508.47,GBP
ACC06647,CUST6319,Current,San Diego,14720.96,EUR
ACC06648,CUST6320,Savings,San Antonio,87672.88,JPY
ACC06649,CUST6321,Recurring Deposit,Chicago,11784.36,USD
ACC06650,CUST6322,Current,New York,34661.38,USD
ACC06651,CUST6323,Recurring Deposit,Houston,56494.59,USD
ACC06652,CUST6324,Recurring Deposit,Los Angeles,85836.76,EUR
ACC06653,CUST6325,Savings,New York,51143.85,GBP
ACC06654,CUST6326,Savings,Phoenix,6586.38,INR
ACC06655,CUST6327,Recurring Deposit,Philadelphia,2660.6,USD
ACC06656,CUST6328,Current,Los Angeles,49216.6,JPY
ACC06657,CUST6329,Recurring Deposit,San Diego,87344.8,GBP
ACC06658,CUST6330,Savings,San Antonio,24898.67,USD
ACC06659,CUST6331,Recurring Deposit,Philadelphia,52704.85,JPY
ACC06660,CUST6332,Recurring Deposit,San Antonio,73861.84,INR
ACC06661,CUST4441,Current,Chicago,74993.35,GBP
ACC06662,CUST0801,Fixed Deposit,Phoenix,36547.82,JPY
ACC06663,CUST6333,Current,New York,54838.12,USD
ACC06664,CUST6334,Current,Philadelphia,25982.02,USD
ACC06665,CUST6335,Recurring Deposit,Houston,54949.14,JPY
ACC06666,CUST6336,Recurring Deposit,New York,87457.6,GBP
ACC06667,CUST6337,Savings,San Diego,85399.8,INR
ACC06668,CUST6338,Recurring Deposit,Philadelphia,22890.41,JPY
ACC06669,CUST6339,Recurring Deposit,Phoenix,50778.03,INR
ACC06670,CUST6340,Current,Phoenix,24102.19,JPY
ACC06671,CUST6341,Savings,Philadelphia,42678.47,GBP
ACC06672,CUST6342,Savings,San Diego,82081.29,EUR
ACC06673,CUST6343,Current,Houston,6693.39,USD
ACC06674,CUST6344,Current,New York,19627.96,INR
ACC06675,CUST6345,Savings,Phoenix,11050.02,JPY
ACC06676,CUST6346,Recurring Deposit,San Diego,37413.83,JPY
ACC06677,CUST6347,Fixed Deposit,Philadelphia,77878.53,JPY
ACC06678,CUST6348,Savings,Los Angeles,18094.12,JPY
ACC06679,CUST6349,Current,Phoenix,29328.19,EUR
ACC06680,CUST6350,Fixed Deposit,Chicago,98813.03,INR
ACC06681,CUST6351,Current,San Antonio,57344.87,USD
ACC06682,CUST6352,Recurring Deposit,San Antonio,10165.49,USD
ACC06683,CUST6353,Current,New York,71552.82,EUR
ACC06684,CUST4317,Savings,Chicago,13307.66,JPY
ACC06685,CUST6354,Current,Houston,16924.9,GBP
ACC06686,CUST6355,Savings,Chicago,3108.7,USD
ACC06687,CUST6356,Current,San Diego,16200.74,USD
ACC06688,CUST6357,Fixed Deposit,Phoenix,552.81,JPY
ACC06689,CUST0493,Recurring Deposit,Los Angeles,52503.82,EUR
ACC06690,CUST6358,Fixed Deposit,New York,39411.82,JPY
ACC06691,CUST6359,Recurring Deposit,New York,81287.08,EUR
ACC06692,CUST6360,Fixed Deposit,Houston,56881.32,INR
ACC06693,CUST6361,Savings,Philadelphia,37689.91,INR
ACC06694,CUST6362,Savings,Philadelphia,99067.73,USD
ACC06695,CUST6363,Recurring Deposit,Phoenix,95584.05,INR
ACC06696,CUST6364,Recurring Deposit,Philadelphia,83717.76,EUR
ACC06697,CUST6365,Savings,New York,16973.85,USD
ACC06698,CUST6366,Current,Los Angeles,17191.34,EUR
ACC06699,CUST6367,Savings,Philadelphia,49775.55,USD
ACC06700,CUST6368,Current,New York,91470.84,INR
ACC06701,CUST6369,Fixed Deposit,Phoenix,86395.05,JPY
ACC06702,CUST6370,Current,Philadelphia,21854.35,EUR
ACC06703,CUST6371,Savings,San Diego,83314.57,INR
ACC06704,CUST6372,Current,New York,20185.72,USD
ACC06705,CUST6373,Recurring Deposit,San Diego,32911.9,GBP
ACC06706,CUST6374,Recurring Deposit,Philadelphia,41539.81,GBP
ACC06707,CUST6375,Current,Chicago,17860.91,EUR
ACC06708,CUST6376,Current,Houston,96546.71,INR
ACC06709,CUST6377,Recurring Deposit,San Diego,13815.24,JPY
ACC06710,CUST6378,Current,San Diego,17668.28,GBP
ACC06711,CUST1084,Fixed Deposit,Houston,4817.56,GBP
ACC06712,CUST6379,Current,Phoenix,8590.2,JPY
ACC06713,CUST6380,Recurring Deposit,New York,85075.48,USD
ACC06714,CUST6381,Fixed Deposit,Chicago,27420.15,EUR
ACC06715,CUST6382,Fixed Deposit,San Antonio,59541.91,INR
ACC06716,CUST6383,Current,Houston,37296.7,EUR
ACC06717,CUST6384,Fixed Deposit,San Diego,23632.73,JPY
ACC06718,CUST6385,Current,San Antonio,52272.17,JPY
ACC06719,CUST6386,Current,Philadelphia,60845.55,EUR
ACC06720,CUST6387,Savings,Philadelphia,11454.13,GBP
ACC06721,CUST6388,Recurring Deposit,Los Angeles,1934.19,INR
ACC06722,CUST6389,Fixed Deposit,Chicago,53836.98,USD
ACC06723,CUST6390,Savings,Chicago,24935.34,GBP
ACC06724,CUST6391,Savings,Houston,77701.8,EUR
ACC06725,CUST6392,Fixed Deposit,Chicago,99957.1,USD
ACC06726,CUST6393,Current,New York,19090.38,INR
ACC06727,CUST1681,Savings,Philadelphia,67809.25,GBP
ACC06728,CUST6394,Savings,Houston,63702.94,GBP
ACC06729,CUST6395,Fixed Deposit,Los Angeles,89591.33,GBP
ACC06730,CUST6396,Fixed Deposit,Houston,1306.81,INR
ACC06731,CUST6397,Recurring Deposit,Phoenix,74789.63,INR
ACC06732,CUST6398,Savings,San Antonio,54603.49,GBP
ACC06733,CUST6399,Current,San Diego,48372.6,INR
ACC06734,CUST6400,Recurring Deposit,Los Angeles,77136.01,JPY
ACC06735,CUST6401,Recurring Deposit,Houston,40716.08,EUR
ACC06736,CUST6402,Current,Phoenix,41348.91,JPY
ACC06737,CUST6403,Savings,Phoenix,38546.52,USD
ACC06738,CUST6404,Recurring Deposit,New York,67510.88,JPY
ACC06739,CUST4856,Current,San Diego,28423.41,EUR
ACC06740,CUST6405,Recurring Deposit,Los Angeles,24725.54,EUR
ACC06741,CUST6406,Fixed Deposit,Philadelphia,46718.78,JPY
ACC06742,CUST6407,Recurring Deposit,Chicago,26838.03,GBP
ACC06743,CUST6408,Savings,Phoenix,93538.53,JPY
ACC06744,CUST6409,Current,San Diego,46333.02,JPY
ACC06745,CUST6410,Fixed Deposit,Houston,89134.54,EUR
ACC06746,CUST6411,Recurring Deposit,Chicago,55656.94,EUR
ACC06747,CUST6412,Recurring Deposit,Los Angeles,70582.03,INR
ACC06748,CUST6413,Fixed Deposit,Houston,73524.41,USD
ACC06749,CUST6414,Savings,San Antonio,3169.44,USD
ACC06750,CUST6415,Savings,San Diego,51096.28,JPY
ACC06751,CUST6416,Recurring Deposit,Philadelphia,507.7,JPY
ACC06752,CUST6417,Current,Houston,29287.05,JPY
ACC06753,CUST6418,Current,Philadelphia,19392.32,EUR
ACC06754,CUST6419,Current,Los Angeles,74119.93,EUR
ACC06755,CUST6420,Savings,Philadelphia,85513.99,INR
ACC06756,CUST6421,Current,New York,75643.13,JPY
ACC06757,CUST6422,Current,Phoenix,60356.23,INR
ACC06758,CUST6423,Fixed Deposit,New York,5985.81,JPY
ACC06759,CUST6424,Fixed Deposit,San Antonio,88080.31,EUR
ACC06760,CUST6425,Fixed Deposit,San Diego,67149.51,JPY
ACC06761,CUST6426,Current,Chicago,37171.52,USD
ACC06762,CUST6427,Recurring Deposit,San Diego,17325.75,USD
ACC06763,CUST6428,Savings,New York,55701.21,JPY
ACC06764,CUST6429,Recurring Deposit,New York,79047.69,USD
ACC06765,CUST6430,Savings,Phoenix,95766.81,JPY
ACC06766,CUST6431,Fixed Deposit,New York,43348.27,JPY
ACC06767,CUST6432,Recurring Deposit,Phoenix,79148.04,GBP
ACC06768,CUST6433,Savings,Philadelphia,30667.97,EUR
ACC06769,CUST4353,Recurring Deposit,San Diego,67260.92,EUR
ACC06770,CUST1869,Savings,Chicago,16000.14,USD
ACC06771,CUST2418,Savings,Houston,59362.3,USD
ACC06772,CUST2421,Fixed Deposit,Phoenix,47861.1,GBP
ACC06773,CUST6434,Fixed Deposit,New York,72195.82,INR
ACC06774,CUST6435,Savings,Houston,87815.32,EUR
ACC06775,CUST6436,Current,San Antonio,24987.09,INR
ACC06776,CUST6437,Savings,Phoenix,8675.45,EUR
ACC06777,CUST6438,Current,Phoenix,87255.18,EUR
ACC06778,CUST5172,Fixed Deposit,Phoenix,56770.5,GBP
ACC06779,CUST6439,Savings,New York,4221.54,GBP
ACC06780,CUST6440,Current,San Antonio,97272.99,INR
ACC06781,CUST6441,Fixed Deposit,Philadelphia,98484.07,EUR
ACC06782,CUST6442,Savings,New York,47014.66,EUR
ACC06783,CUST6443,Fixed Deposit,San Antonio,18365.49,EUR
ACC06784,CUST6444,Recurring Deposit,Los Angeles,35897.41,GBP
ACC06785,CUST6445,Current,San Antonio,57636.4,EUR
ACC06786,CUST6446,Recurring Deposit,Philadelphia,52442.32,JPY
ACC06787,CUST1714,Recurring Deposit,Philadelphia,5564.9,GBP
ACC06788,CUST6447,Savings,Chicago,48201.57,GBP
ACC06789,CUST6448,Fixed Deposit,Philadelphia,68452.66,JPY
ACC06790,CUST6449,Current,San Diego,92352.81,INR
ACC06791,CUST6450,Recurring Deposit,Philadelphia,28223.02,JPY
ACC06792,CUST6451,Savings,San Antonio,82940.09,INR
ACC06793,CUST6452,Recurring Deposit,Houston,69918.48,USD
ACC06794,CUST6453,Current,San Antonio,41274.12,JPY
ACC06795,CUST6454,Savings,San Antonio,63602.96,USD
ACC06796,CUST6455,Recurring Deposit,New York,45073.67,USD
ACC06797,CUST6456,Fixed Deposit,Los Angeles,24524.63,JPY
ACC06798,CUST6457,Recurring Deposit,San Diego,53665.07,JPY
ACC06799,CUST6458,Fixed Deposit,New York,61734.06,USD
ACC06800,CUST6459,Fixed Deposit,Houston,24274.78,JPY
ACC06801,CUST1112,Recurring Deposit,Phoenix,86671.32,USD
ACC06802,CUST6460,Savings,Phoenix,3090.06,USD
ACC06803,CUST6461,Current,Houston,45475.84,GBP
ACC06804,CUST6395,Recurring Deposit,San Antonio,75310.5,USD
ACC06805,CUST6462,Recurring Deposit,New York,35423.45,EUR
ACC06806,CUST6463,Fixed Deposit,Chicago,8269.93,EUR
ACC06807,CUST6464,Fixed Deposit,Phoenix,8398.88,EUR
ACC06808,CUST2596,Recurring Deposit,New York,52428.37,JPY
ACC06809,CUST6465,Current,Los Angeles,46402.73,EUR
ACC06810,CUST6466,Savings,Chicago,94956.38,GBP
ACC06811,CUST6467,Fixed Deposit,Chicago,5724.16,USD
ACC06812,CUST6468,Recurring Deposit,Chicago,90826.82,USD
ACC06813,CUST6469,Fixed Deposit,New York,62129.49,GBP
ACC06814,CUST6470,Fixed Deposit,Houston,6241.97,GBP
ACC06815,CUST6471,Current,Chicago,41183.85,USD
ACC06816,CUST6472,Savings,San Diego,46297.8,JPY
ACC06817,CUST4432,Current,San Diego,77882.86,GBP
ACC06818,CUST6473,Current,Chicago,90857.34,INR
ACC06819,CUST6474,Savings,San Antonio,19896.24,USD
ACC06820,CUST6475,Savings,San Antonio,7740.89,JPY
ACC06821,CUST6476,Fixed Deposit,Philadelphia,43300.53,EUR
ACC06822,CUST6477,Savings,San Diego,66527.77,GBP
ACC06823,CUST6478,Fixed Deposit,Los Angeles,96279.01,EUR
ACC06824,CUST6479,Recurring Deposit,Los Angeles,9765.71,GBP
ACC06825,CUST6480,Fixed Deposit,Philadelphia,18723.83,JPY
ACC06826,CUST4394,Recurring Deposit,Philadelphia,14326.72,USD
ACC06827,CUST6481,Recurring Deposit,Chicago,48964.78,USD
ACC06828,CUST6482,Savings,Chicago,32310.57,USD
ACC06829,CUST6483,Savings,San Diego,77555.17,EUR
ACC06830,CUST6484,Fixed Deposit,Chicago,62517.2,JPY
ACC06831,CUST6485,Savings,Chicago,70995.44,EUR
ACC06832,CUST6486,Fixed Deposit,Chicago,54255.87,GBP
ACC06833,CUST6487,Savings,Philadelphia,70330.8,JPY
ACC06834,CUST6488,Fixed Deposit,New York,69405.91,INR
ACC06835,CUST4919,Recurring Deposit,Los Angeles,35816.27,GBP
ACC06836,CUST6489,Recurring Deposit,Chicago,40911.23,USD
ACC06837,CUST6490,Fixed Deposit,Chicago,21033.14,GBP
ACC06838,CUST6491,Fixed Deposit,Houston,63191.3,INR
ACC06839,CUST6492,Savings,Philadelphia,81572.57,JPY
ACC06840,CUST6493,Savings,Houston,52678.85,EUR
ACC06841,CUST6494,Fixed Deposit,New York,87569.6,INR
ACC06842,CUST3303,Current,Chicago,7930.08,INR
ACC06843,CUST6495,Current,San Diego,30311.85,JPY
ACC06844,CUST6496,Fixed Deposit,Philadelphia,90754.92,INR
ACC06845,CUST6497,Current,Phoenix,96968.8,EUR
ACC06846,CUST6498,Savings,San Antonio,14687.25,GBP
ACC06847,CUST6499,Current,Philadelphia,44970.0,INR
ACC06848,CUST6500,Fixed Deposit,New York,21135.79,INR
ACC06849,CUST3575,Savings,Philadelphia,78771.18,JPY
ACC06850,CUST6501,Current,Phoenix,63247.04,JPY
ACC06851,CUST6502,Fixed Deposit,New York,19791.4,EUR
ACC06852,CUST6503,Savings,New York,35048.8,INR
ACC06853,CUST6504,Savings,Houston,23057.94,JPY
ACC06854,CUST6505,Savings,Los Angeles,26865.52,USD
ACC06855,CUST6506,Recurring Deposit,Los Angeles,92535.23,JPY
ACC06856,CUST6507,Current,Houston,50650.09,INR
ACC06857,CUST6508,Savings,Philadelphia,8829.61,GBP
ACC06858,CUST6509,Fixed Deposit,Los Angeles,88412.3,EUR
ACC06859,CUST6510,Fixed Deposit,Houston,58084.12,GBP
ACC06860,CUST6511,Savings,Phoenix,2145.07,USD
ACC06861,CUST6512,Savings,New York,77724.63,EUR
ACC06862,CUST6513,Recurring Deposit,Houston,87461.12,EUR
ACC06863,CUST6514,Recurring Deposit,New York,80239.45,EUR
ACC06864,CUST6515,Current,San Antonio,38026.82,JPY
ACC06865,CUST6516,Fixed Deposit,Chicago,75545.93,USD
ACC06866,CUST6517,Savings,Phoenix,52430.42,INR
ACC06867,CUST4472,Savings,Philadelphia,73460.22,INR
ACC06868,CUST6518,Recurring Deposit,Houston,56934.83,USD
ACC06869,CUST6519,Fixed Deposit,San Antonio,97012.03,JPY
ACC06870,CUST6520,Current,Chicago,29383.12,INR
ACC06871,CUST6521,Recurring Deposit,San Antonio,23004.23,USD
ACC06872,CUST6522,Current,Chicago,97672.04,GBP
ACC06873,CUST6523,Recurring Deposit,Philadelphia,79675.63,GBP
ACC06874,CUST6524,Current,Los Angeles,88399.03,JPY
ACC06875,CUST6525,Savings,Philadelphia,77234.91,EUR
ACC06876,CUST6526,Fixed Deposit,San Antonio,76184.0,INR
ACC06877,CUST6527,Recurring Deposit,San Diego,7770.84,EUR
ACC06878,CUST6528,Savings,Los Angeles,57294.38,EUR
ACC06879,CUST2529,Fixed Deposit,New York,11149.07,JPY
ACC06880,CUST6529,Current,Phoenix,91986.74,EUR
ACC06881,CUST5547,Fixed Deposit,Houston,46792.55,EUR
ACC06882,CUST6051,Savings,Los Angeles,27363.14,USD
ACC06883,CUST6530,Fixed Deposit,San Diego,75354.83,GBP
ACC06884,CUST6531,Fixed Deposit,New York,69244.52,INR
ACC06885,CUST4020,Current,Chicago,60654.42,INR
ACC06886,CUST4499,Current,Los Angeles,63279.27,GBP
ACC06887,CUST6532,Savings,New York,62458.25,EUR
ACC06888,CUST6533,Recurring Deposit,New York,28253.29,INR
ACC06889,CUST6534,Current,Philadelphia,41912.87,JPY
ACC06890,CUST6535,Current,Phoenix,75308.85,GBP
ACC06891,CUST0269,Current,Los Angeles,63122.41,INR
ACC06892,CUST6536,Savings,New York,57364.23,GBP
ACC06893,CUST6537,Fixed Deposit,Los Angeles,17079.8,JPY
ACC06894,CUST6538,Savings,Chicago,69659.58,USD
ACC06895,CUST6539,Savings,Chicago,86386.82,JPY
ACC06896,CUST6540,Current,San Diego,14296.62,JPY
ACC06897,CUST6541,Savings,San Diego,34476.12,EUR
ACC06898,CUST6542,Recurring Deposit,Chicago,28311.37,EUR
ACC06899,CUST6543,Savings,New York,7202.35,INR
ACC06900,CUST6544,Recurring Deposit,Phoenix,95634.42,GBP
ACC06901,CUST6545,Fixed Deposit,San Diego,61776.94,JPY
ACC06902,CUST6546,Recurring Deposit,Houston,11548.77,USD
ACC06903,CUST6547,Current,San Antonio,69336.29,JPY
ACC06904,CUST6548,Savings,Houston,25095.02,GBP
ACC06905,CUST6549,Recurring Deposit,San Antonio,44738.19,USD
ACC06906,CUST6550,Recurring Deposit,Phoenix,90806.73,USD
ACC06907,CUST6551,Fixed Deposit,Los Angeles,10382.25,USD
ACC06908,CUST6552,Fixed Deposit,San Diego,16800.13,JPY
ACC06909,CUST6553,Current,Chicago,69029.05,USD
ACC06910,CUST6554,Current,Phoenix,60915.86,INR
ACC06911,CUST6555,Savings,New York,74976.93,INR
ACC06912,CUST6556,Recurring Deposit,San Diego,42358.18,JPY
ACC06913,CUST6557,Current,Phoenix,11771.7,USD
ACC06914,CUST6558,Savings,Phoenix,32278.48,GBP
ACC06915,CUST6559,Fixed Deposit,Houston,92426.83,GBP
ACC06916,CUST6560,Recurring Deposit,Chicago,53893.89,INR
ACC06917,CUST6561,Savings,Los Angeles,40898.58,GBP
ACC06918,CUST6562,Current,San Antonio,53588.74,INR
ACC06919,CUST6563,Fixed Deposit,San Antonio,47466.14,GBP
ACC06920,CUST6564,Savings,Philadelphia,69939.1,EUR
ACC06921,CUST6565,Fixed Deposit,Chicago,65148.72,JPY
ACC06922,CUST6566,Savings,San Diego,98000.35,USD
ACC06923,CUST6567,Savings,Houston,99789.25,USD
ACC06924,CUST6568,Current,San Diego,75321.47,INR
ACC06925,CUST6569,Current,San Diego,6814.24,JPY
ACC06926,CUST6570,Savings,San Diego,60990.03,USD
ACC06927,CUST6571,Recurring Deposit,San Antonio,83901.64,JPY
ACC06928,CUST6572,Fixed Deposit,Los Angeles,67161.97,USD
ACC06929,CUST6573,Fixed Deposit,New York,88939.69,JPY
ACC06930,CUST6574,Savings,Philadelphia,67544.62,EUR
ACC06931,CUST6575,Recurring Deposit,Philadelphia,68923.29,JPY
ACC06932,CUST6576,Current,Phoenix,43603.89,EUR
ACC06933,CUST6577,Fixed Deposit,New York,16602.84,JPY
ACC06934,CUST6578,Current,Philadelphia,29064.55,INR
ACC06935,CUST6579,Fixed Deposit,Chicago,46425.35,INR
ACC06936,CUST6580,Fixed Deposit,San Antonio,62369.61,EUR
ACC06937,CUST6581,Recurring Deposit,San Diego,28967.86,EUR
ACC06938,CUST6582,Savings,San Antonio,21090.77,JPY
ACC06939,CUST6583,Current,Houston,80358.29,EUR
ACC06940,CUST6584,Current,New York,40094.23,USD
ACC06941,CUST6585,Current,Houston,59740.84,USD
ACC06942,CUST6586,Current,Los Angeles,79997.65,GBP
ACC06943,CUST6587,Recurring Deposit,San Diego,93172.71,USD
ACC06944,CUST6588,Recurring Deposit,Houston,44108.54,INR
ACC06945,CUST6589,Current,Chicago,68846.82,EUR
ACC06946,CUST6590,Current,New York,77349.56,JPY
ACC06947,CUST6591,Current,San Antonio,9572.42,USD
ACC06948,CUST3173,Fixed Deposit,New York,19619.35,EUR
ACC06949,CUST6417,Savings,New York,87803.07,USD
ACC06950,CUST6592,Savings,Houston,36189.2,EUR
ACC06951,CUST6593,Current,New York,92020.73,EUR
ACC06952,CUST6594,Fixed Deposit,Los Angeles,59120.31,EUR
ACC06953,CUST6595,Current,Philadelphia,24661.78,INR
ACC06954,CUST6596,Recurring Deposit,Los Angeles,97686.86,JPY
ACC06955,CUST6597,Recurring Deposit,San Diego,92468.68,EUR
ACC06956,CUST0788,Recurring Deposit,Phoenix,37119.65,EUR
ACC06957,CUST6598,Savings,New York,95193.36,GBP
ACC06958,CUST6599,Fixed Deposit,Houston,63405.67,USD
ACC06959,CUST6600,Recurring Deposit,New York,76308.06,EUR
ACC06960,CUST6601,Savings,Houston,89349.22,JPY
ACC06961,CUST6602,Fixed Deposit,Phoenix,75621.3,INR
ACC06962,CUST6603,Current,Houston,37455.39,JPY
ACC06963,CUST6604,Savings,Philadelphia,85735.21,GBP
ACC06964,CUST6605,Current,Philadelphia,96798.64,EUR
ACC06965,CUST6606,Recurring Deposit,San Antonio,10626.78,INR
ACC06966,CUST6607,Savings,Chicago,72914.97,USD
ACC06967,CUST6608,Current,Philadelphia,346.82,EUR
ACC06968,CUST6609,Fixed Deposit,Houston,24481.36,EUR
ACC06969,CUST6610,Savings,San Diego,70972.62,EUR
ACC06970,CUST6611,Savings,Philadelphia,29610.4,EUR
ACC06971,CUST6612,Fixed Deposit,Chicago,70743.05,INR
ACC06972,CUST6613,Current,New York,19676.67,JPY
ACC06973,CUST6614,Recurring Deposit,Chicago,17477.88,USD
ACC06974,CUST6615,Current,Philadelphia,16202.3,GBP
ACC06975,CUST6616,Recurring Deposit,San Diego,75308.09,JPY
ACC06976,CUST6617,Fixed Deposit,Chicago,62075.33,USD
ACC06977,CUST6618,Current,Phoenix,19727.28,USD
ACC06978,CUST6619,Recurring Deposit,Houston,55039.09,GBP
ACC06979,CUST1588,Fixed Deposit,Philadelphia,1951.13,INR
ACC06980,CUST6620,Recurring Deposit,San Antonio,98779.05,GBP
ACC06981,CUST6621,Savings,Phoenix,13729.53,GBP
ACC06982,CUST6622,Recurring Deposit,New York,95823.98,EUR
ACC06983,CUST6623,Recurring Deposit,Chicago,90861.44,JPY
ACC06984,CUST6624,Savings,Los Angeles,19226.74,INR
ACC06985,CUST6625,Recurring Deposit,Philadelphia,25030.95,GBP
ACC06986,CUST6626,Recurring Deposit,Phoenix,59105.37,JPY
ACC06987,CUST6627,Current,Houston,598.88,GBP
ACC06988,CUST6628,Fixed Deposit,San Antonio,7077.51,USD
ACC06989,CUST6629,Savings,New York,18809.79,USD
ACC06990,CUST6630,Recurring Deposit,San Antonio,21383.78,USD
ACC06991,CUST6631,Recurring Deposit,Los Angeles,51900.36,JPY
ACC06992,CUST6632,Savings,San Antonio,26458.71,INR
ACC06993,CUST6633,Savings,New York,77981.62,EUR
ACC06994,CUST6634,Recurring Deposit,San Antonio,52139.94,EUR
ACC06995,CUST6635,Current,New York,69906.71,JPY
ACC06996,CUST6636,Recurring Deposit,San Diego,73748.64,INR
ACC06997,CUST6637,Savings,San Antonio,34456.48,JPY
ACC06998,CUST6638,Recurring Deposit,Phoenix,40910.24,JPY
ACC06999,CUST6639,Fixed Deposit,New York,79265.64,JPY
ACC07000,CUST6640,Savings,San Antonio,51897.21,GBP
ACC07001,CUST6641,Savings,Phoenix,73825.9,GBP
ACC07002,CUST6642,Fixed Deposit,Chicago,40832.09,INR
ACC07003,CUST6643,Recurring Deposit,Chicago,23492.95,JPY
ACC07004,CUST6644,Fixed Deposit,New York,30583.95,INR
ACC07005,CUST6645,Current,New York,44201.58,JPY
ACC07006,CUST6646,Fixed Deposit,San Antonio,61469.48,GBP
ACC07007,CUST6647,Fixed Deposit,Chicago,86217.78,USD
ACC07008,CUST6648,Fixed Deposit,Chicago,15769.81,USD
ACC07009,CUST6649,Savings,San Antonio,16572.27,EUR
ACC07010,CUST6650,Savings,San Antonio,8908.82,JPY
ACC07011,CUST6651,Fixed Deposit,Philadelphia,42423.43,JPY
ACC07012,CUST6652,Recurring Deposit,Phoenix,1234.44,JPY
ACC07013,CUST0571,Savings,Philadelphia,37715.36,INR
ACC07014,CUST2640,Current,San Antonio,11672.77,JPY
ACC07015,CUST6653,Fixed Deposit,New York,50910.45,INR
ACC07016,CUST6654,Current,Philadelphia,57940.8,USD
ACC07017,CUST6655,Savings,San Antonio,85048.25,JPY
ACC07018,CUST6656,Recurring Deposit,Houston,40355.0,INR
ACC07019,CUST6657,Savings,Chicago,12188.0,INR
ACC07020,CUST6658,Current,Phoenix,81756.24,USD
ACC07021,CUST6659,Fixed Deposit,Los Angeles,90982.24,USD
ACC07022,CUST6660,Savings,Houston,82274.95,USD
ACC07023,CUST6661,Recurring Deposit,Los Angeles,90414.75,EUR
ACC07024,CUST6662,Recurring Deposit,Philadelphia,59309.9,USD
ACC07025,CUST6663,Fixed Deposit,Philadelphia,23413.33,INR
ACC07026,CUST6664,Current,Los Angeles,98364.68,JPY
ACC07027,CUST6665,Fixed Deposit,Phoenix,90641.8,EUR
ACC07028,CUST6666,Current,San Antonio,24922.16,GBP
ACC07029,CUST6667,Recurring Deposit,Houston,42045.85,JPY
ACC07030,CUST6668,Fixed Deposit,Philadelphia,14110.14,INR
ACC07031,CUST6669,Current,Los Angeles,71998.32,EUR
ACC07032,CUST6670,Savings,Chicago,78776.11,GBP
ACC07033,CUST6671,Recurring Deposit,Phoenix,20722.09,EUR
ACC07034,CUST6672,Recurring Deposit,Houston,98192.95,USD
ACC07035,CUST6673,Recurring Deposit,Los Angeles,41115.15,INR
ACC07036,CUST6674,Current,Phoenix,94909.99,GBP
ACC07037,CUST6675,Current,San Diego,64843.59,USD
ACC07038,CUST6676,Savings,San Antonio,79644.41,EUR
ACC07039,CUST6677,Fixed Deposit,Philadelphia,57677.76,INR
ACC07040,CUST6678,Recurring Deposit,Philadelphia,77035.41,EUR
ACC07041,CUST6679,Current,New York,9298.58,GBP
ACC07042,CUST6680,Savings,San Diego,24258.52,JPY
ACC07043,CUST6681,Fixed Deposit,Philadelphia,7048.24,INR
ACC07044,CUST6682,Current,Philadelphia,28794.4,EUR
ACC07045,CUST6683,Fixed Deposit,San Antonio,6545.24,EUR
ACC07046,CUST6684,Recurring Deposit,Los Angeles,55210.59,JPY
ACC07047,CUST6685,Fixed Deposit,New York,80445.8,GBP
ACC07048,CUST6686,Fixed Deposit,Los Angeles,37721.53,EUR
ACC07049,CUST6687,Recurring Deposit,Houston,20423.06,GBP
ACC07050,CUST6688,Fixed Deposit,San Diego,82431.5,JPY
ACC07051,CUST6689,Savings,New York,57674.65,JPY
ACC07052,CUST6690,Recurring Deposit,New York,14669.46,EUR
ACC07053,CUST6691,Current,San Antonio,40128.67,EUR
ACC07054,CUST6692,Recurring Deposit,Chicago,55043.03,USD
ACC07055,CUST6693,Current,Houston,67156.13,JPY
ACC07056,CUST3675,Fixed Deposit,Chicago,56869.08,EUR
ACC07057,CUST6694,Recurring Deposit,New York,22415.56,EUR
ACC07058,CUST5992,Recurring Deposit,Chicago,76078.32,INR
ACC07059,CUST6695,Current,Phoenix,10732.2,USD
ACC07060,CUST6696,Fixed Deposit,Chicago,84821.05,INR
ACC07061,CUST6697,Fixed Deposit,San Diego,68660.71,EUR
ACC07062,CUST6698,Savings,Houston,13026.05,EUR
ACC07063,CUST6699,Current,San Antonio,75792.05,GBP
ACC07064,CUST6700,Savings,San Diego,29328.96,GBP
ACC07065,CUST6701,Recurring Deposit,Los Angeles,47049.86,INR
ACC07066,CUST5431,Current,Houston,62131.64,INR
ACC07067,CUST6702,Recurring Deposit,Chicago,591.76,INR
ACC07068,CUST6703,Current,Los Angeles,19950.87,JPY
ACC07069,CUST6704,Current,San Antonio,76575.22,EUR
ACC07070,CUST6705,Current,Phoenix,62747.93,USD
ACC07071,CUST1035,Fixed Deposit,New York,12175.7,GBP
ACC07072,CUST6706,Savings,Chicago,46154.66,EUR
ACC07073,CUST6707,Fixed Deposit,San Diego,53304.78,JPY
ACC07074,CUST6708,Savings,San Antonio,15436.47,JPY
ACC07075,CUST6709,Recurring Deposit,Los Angeles,86808.94,EUR
ACC07076,CUST6710,Fixed Deposit,San Antonio,57256.36,USD
ACC07077,CUST6711,Recurring Deposit,Houston,16876.18,INR
ACC07078,CUST6712,Recurring Deposit,Houston,80340.8,INR
ACC07079,CUST6713,Recurring Deposit,Houston,2548.62,GBP
ACC07080,CUST6714,Recurring Deposit,Chicago,16419.89,JPY
ACC07081,CUST6715,Savings,Houston,93825.69,USD
ACC07082,CUST6716,Savings,Houston,48435.61,USD
ACC07083,CUST6717,Fixed Deposit,Los Angeles,91309.65,GBP
ACC07084,CUST6718,Recurring Deposit,Los Angeles,12346.43,INR
ACC07085,CUST6719,Recurring Deposit,Houston,36106.34,JPY
ACC07086,CUST6720,Fixed Deposit,Philadelphia,51026.99,USD
ACC07087,CUST6721,Current,San Diego,93235.47,GBP
ACC07088,CUST6722,Fixed Deposit,Los Angeles,60011.84,JPY
ACC07089,CUST6723,Current,Chicago,38819.87,EUR
ACC07090,CUST6724,Current,Phoenix,27347.7,EUR
ACC07091,CUST6725,Fixed Deposit,Phoenix,64061.18,INR
ACC07092,CUST6726,Savings,New York,1195.94,EUR
ACC07093,CUST6727,Recurring Deposit,San Antonio,30362.79,GBP
ACC07094,CUST6728,Fixed Deposit,Philadelphia,38058.42,EUR
ACC07095,CUST6729,Fixed Deposit,San Antonio,17322.17,EUR
ACC07096,CUST6730,Recurring Deposit,Houston,56275.62,JPY
ACC07097,CUST6731,Current,Phoenix,94255.7,JPY
ACC07098,CUST6732,Fixed Deposit,San Diego,62246.23,GBP
ACC07099,CUST6733,Savings,Houston,6330.63,JPY
ACC07100,CUST6734,Savings,New York,49200.79,INR
ACC07101,CUST6735,Recurring Deposit,New York,66289.56,GBP
ACC07102,CUST6736,Recurring Deposit,Philadelphia,95055.86,INR
ACC07103,CUST6737,Recurring Deposit,Chicago,22159.04,JPY
ACC07104,CUST6738,Savings,San Diego,80572.25,JPY
ACC07105,CUST6739,Fixed Deposit,Chicago,73021.52,EUR
ACC07106,CUST6740,Recurring Deposit,Los Angeles,58452.12,JPY
ACC07107,CUST6741,Fixed Deposit,New York,39436.76,INR
ACC07108,CUST4383,Recurring Deposit,Chicago,48637.32,EUR
ACC07109,CUST6742,Fixed Deposit,San Antonio,74017.23,EUR
ACC07110,CUST6743,Recurring Deposit,New York,90857.03,USD
ACC07111,CUST6744,Savings,San Antonio,42442.14,JPY
ACC07112,CUST6745,Recurring Deposit,New York,19340.52,JPY
ACC07113,CUST6687,Savings,Phoenix,24542.7,INR
ACC07114,CUST6746,Savings,Houston,31088.15,EUR
ACC07115,CUST6747,Fixed Deposit,San Diego,3642.57,EUR
ACC07116,CUST6748,Savings,San Antonio,72084.64,JPY
ACC07117,CUST6749,Current,Chicago,9933.44,JPY
ACC07118,CUST6750,Current,San Antonio,43894.09,JPY
ACC07119,CUST6751,Fixed Deposit,Philadelphia,70934.37,GBP
ACC07120,CUST6752,Fixed Deposit,New York,79154.32,GBP
ACC07121,CUST6753,Recurring Deposit,Chicago,8233.97,GBP
ACC07122,CUST6754,Recurring Deposit,Chicago,82299.32,USD
ACC07123,CUST6755,Recurring Deposit,San Diego,80300.05,INR
ACC07124,CUST6756,Recurring Deposit,San Antonio,27173.19,INR
ACC07125,CUST6757,Fixed Deposit,San Antonio,84633.69,JPY
ACC07126,CUST6758,Fixed Deposit,Chicago,43390.58,USD
ACC07127,CUST6759,Fixed Deposit,Los Angeles,52147.35,USD
ACC07128,CUST0473,Current,Houston,32915.49,INR
ACC07129,CUST6760,Recurring Deposit,Philadelphia,37643.09,GBP
ACC07130,CUST6761,Savings,San Diego,7656.03,GBP
ACC07131,CUST6762,Current,San Antonio,33507.76,GBP
ACC07132,CUST6763,Fixed Deposit,Houston,18460.92,EUR
ACC07133,CUST6764,Fixed Deposit,Houston,17267.02,JPY
ACC07134,CUST6765,Fixed Deposit,New York,56937.72,EUR
ACC07135,CUST6766,Recurring Deposit,Philadelphia,13924.02,EUR
ACC07136,CUST6767,Current,Houston,55505.42,INR
ACC07137,CUST6768,Current,Chicago,36978.31,GBP
ACC07138,CUST6769,Current,Los Angeles,5818.95,JPY
ACC07139,CUST6770,Current,San Diego,86627.26,JPY
ACC07140,CUST6771,Savings,New York,94997.0,USD
ACC07141,CUST6772,Recurring Deposit,San Antonio,54508.3,GBP
ACC07142,CUST6773,Recurring Deposit,Los Angeles,36254.46,JPY
ACC07143,CUST6774,Recurring Deposit,Los Angeles,89108.63,JPY
ACC07144,CUST6775,Current,New York,51397.1,USD
ACC07145,CUST6776,Fixed Deposit,San Antonio,65621.35,JPY
ACC07146,CUST6777,Fixed Deposit,Philadelphia,95972.51,GBP
ACC07147,CUST6778,Recurring Deposit,Houston,59338.93,EUR
ACC07148,CUST6779,Current,Chicago,76918.42,GBP
ACC07149,CUST6780,Fixed Deposit,Chicago,53356.61,GBP
ACC07150,CUST6781,Savings,New York,3627.23,USD
ACC07151,CUST6782,Current,Los Angeles,12773.83,GBP
ACC07152,CUST6783,Recurring Deposit,San Antonio,25123.49,USD
ACC07153,CUST6784,Savings,Philadelphia,27706.26,EUR
ACC07154,CUST6785,Current,New York,43321.24,USD
ACC07155,CUST6786,Fixed Deposit,Houston,13812.21,INR
ACC07156,CUST1986,Fixed Deposit,Phoenix,98615.51,JPY
ACC07157,CUST6787,Current,Los Angeles,71422.2,USD
ACC07158,CUST6788,Current,Philadelphia,4835.38,GBP
ACC07159,CUST1493,Current,Chicago,7947.62,EUR
ACC07160,CUST6789,Savings,Phoenix,15703.24,USD
ACC07161,CUST6790,Current,Houston,74866.91,JPY
ACC07162,CUST6791,Recurring Deposit,San Diego,4797.3,USD
ACC07163,CUST6792,Fixed Deposit,Houston,65805.05,JPY
ACC07164,CUST6793,Current,San Diego,97688.75,USD
ACC07165,CUST6794,Current,Phoenix,52535.32,INR
ACC07166,CUST6795,Savings,Philadelphia,59496.79,GBP
ACC07167,CUST6796,Current,Los Angeles,59961.37,USD
ACC07168,CUST3025,Recurring Deposit,Houston,6931.96,JPY
ACC07169,CUST6797,Savings,Chicago,52507.48,JPY
ACC07170,CUST6798,Savings,Los Angeles,32748.57,INR
ACC07171,CUST0244,Recurring Deposit,Los Angeles,53555.48,GBP
ACC07172,CUST6799,Savings,New York,35552.46,INR
ACC07173,CUST6800,Fixed Deposit,Los Angeles,87998.89,USD
ACC07174,CUST6801,Savings,Los Angeles,82182.12,EUR
ACC07175,CUST6802,Current,Philadelphia,17838.43,GBP
ACC07176,CUST6803,Recurring Deposit,Chicago,23585.94,GBP
ACC07177,CUST2593,Fixed Deposit,Philadelphia,52063.41,EUR
ACC07178,CUST6804,Current,Houston,11984.64,GBP
ACC07179,CUST6805,Savings,Philadelphia,97614.33,INR
ACC07180,CUST6806,Current,Phoenix,98495.02,JPY
ACC07181,CUST6807,Recurring Deposit,New York,29296.99,JPY
ACC07182,CUST6808,Savings,Houston,61539.5,EUR
ACC07183,CUST6809,Recurring Deposit,Los Angeles,64759.64,EUR
ACC07184,CUST6810,Recurring Deposit,Chicago,22653.98,JPY
ACC07185,CUST6811,Recurring Deposit,Chicago,36543.35,USD
ACC07186,CUST6812,Recurring Deposit,Chicago,39331.28,INR
ACC07187,CUST6813,Fixed Deposit,San Diego,9028.81,INR
ACC07188,CUST6814,Current,San Diego,94491.42,GBP
ACC07189,CUST6815,Savings,Los Angeles,25429.49,JPY
ACC07190,CUST6816,Fixed Deposit,Houston,64877.18,GBP
ACC07191,CUST6817,Current,Phoenix,57193.99,INR
ACC07192,CUST6818,Fixed Deposit,Phoenix,53495.84,JPY
ACC07193,CUST6819,Recurring Deposit,San Antonio,86626.21,GBP
ACC07194,CUST6820,Savings,San Diego,70269.87,GBP
ACC07195,CUST6821,Recurring Deposit,Los Angeles,32912.76,USD
ACC07196,CUST6822,Recurring Deposit,Houston,11460.76,EUR
ACC07197,CUST6823,Recurring Deposit,San Diego,85767.55,GBP
ACC07198,CUST6824,Current,San Diego,89351.34,USD
ACC07199,CUST2601,Recurring Deposit,Philadelphia,83325.57,JPY
ACC07200,CUST6825,Fixed Deposit,Houston,27320.6,JPY
ACC07201,CUST6826,Fixed Deposit,Phoenix,13648.19,JPY
ACC07202,CUST6827,Recurring Deposit,Chicago,66475.63,USD
ACC07203,CUST6828,Savings,San Antonio,77223.09,GBP
ACC07204,CUST6829,Fixed Deposit,Philadelphia,51361.26,INR
ACC07205,CUST6830,Fixed Deposit,San Antonio,93552.48,JPY
ACC07206,CUST6831,Savings,Philadelphia,80905.91,INR
ACC07207,CUST6832,Recurring Deposit,Philadelphia,16983.94,EUR
ACC07208,CUST6833,Current,Houston,81831.87,USD
ACC07209,CUST6834,Fixed Deposit,Philadelphia,38958.34,JPY
ACC07210,CUST6835,Savings,Houston,7274.61,USD
ACC07211,CUST6836,Current,Los Angeles,18000.53,INR
ACC07212,CUST6837,Savings,San Diego,51908.42,USD
ACC07213,CUST6838,Current,Phoenix,70670.42,USD
ACC07214,CUST6839,Fixed Deposit,Houston,53745.89,INR
ACC07215,CUST6840,Savings,Phoenix,78415.68,USD
ACC07216,CUST6841,Fixed Deposit,Phoenix,7589.89,JPY
ACC07217,CUST6842,Recurring Deposit,Philadelphia,1160.15,INR
ACC07218,CUST6843,Savings,Phoenix,82364.77,JPY
ACC07219,CUST6844,Fixed Deposit,Los Angeles,61138.69,INR
ACC07220,CUST6845,Recurring Deposit,San Antonio,51387.48,INR
ACC07221,CUST6846,Savings,New York,92288.41,EUR
ACC07222,CUST6847,Recurring Deposit,Phoenix,59451.18,USD
ACC07223,CUST6848,Savings,Los Angeles,89920.75,JPY
ACC07224,CUST6849,Current,Chicago,3644.74,EUR
ACC07225,CUST6850,Fixed Deposit,Houston,5351.15,USD
ACC07226,CUST6851,Current,Los Angeles,57130.36,EUR
ACC07227,CUST6852,Fixed Deposit,Chicago,82536.16,JPY
ACC07228,CUST6853,Recurring Deposit,New York,43347.31,EUR
ACC07229,CUST6854,Savings,San Diego,95730.11,GBP
ACC07230,CUST6855,Recurring Deposit,Philadelphia,77314.84,EUR
ACC07231,CUST6856,Recurring Deposit,San Antonio,34372.75,EUR
ACC07232,CUST6857,Current,Philadelphia,71565.39,GBP
ACC07233,CUST6858,Current,Phoenix,9331.04,USD
ACC07234,CUST6859,Savings,San Antonio,59448.45,EUR
ACC07235,CUST6860,Recurring Deposit,Phoenix,88494.94,EUR
ACC07236,CUST6861,Recurring Deposit,Houston,23359.82,INR
ACC07237,CUST6862,Current,New York,28611.09,INR
ACC07238,CUST6863,Savings,Phoenix,51442.54,EUR
ACC07239,CUST6864,Current,Houston,57078.63,JPY
ACC07240,CUST6865,Recurring Deposit,San Diego,77112.83,INR
ACC07241,CUST6866,Fixed Deposit,Philadelphia,38337.08,EUR
ACC07242,CUST6867,Recurring Deposit,Los Angeles,18361.16,USD
ACC07243,CUST6868,Savings,San Diego,78342.53,GBP
ACC07244,CUST6869,Fixed Deposit,New York,86019.13,EUR
ACC07245,CUST6870,Fixed Deposit,Houston,39467.94,JPY
ACC07246,CUST6871,Recurring Deposit,Houston,43164.71,INR
ACC07247,CUST6872,Current,Chicago,40885.75,JPY
ACC07248,CUST6873,Current,Phoenix,45234.32,INR
ACC07249,CUST6874,Fixed Deposit,Los Angeles,28919.15,EUR
ACC07250,CUST6875,Fixed Deposit,San Diego,56951.25,GBP
ACC07251,CUST6876,Current,Philadelphia,36420.36,JPY
ACC07252,CUST6877,Recurring Deposit,San Diego,41839.69,GBP
ACC07253,CUST6878,Current,Phoenix,63554.6,EUR
ACC07254,CUST6879,Current,San Diego,3085.76,INR
ACC07255,CUST6880,Savings,Los Angeles,93389.55,EUR
ACC07256,CUST6881,Fixed Deposit,Phoenix,96974.02,EUR
ACC07257,CUST6882,Current,Philadelphia,66295.45,JPY
ACC07258,CUST6883,Recurring Deposit,New York,1578.67,EUR
ACC07259,CUST3165,Savings,New York,11354.34,GBP
ACC07260,CUST6884,Savings,Chicago,70633.97,EUR
ACC07261,CUST6885,Current,San Diego,96742.57,USD
ACC07262,CUST6886,Current,San Diego,88274.9,GBP
ACC07263,CUST6887,Savings,Los Angeles,92392.05,INR
ACC07264,CUST6888,Recurring Deposit,Philadelphia,96453.54,JPY
ACC07265,CUST6889,Fixed Deposit,New York,66227.93,USD
ACC07266,CUST6890,Current,Philadelphia,46088.84,JPY
ACC07267,CUST6891,Fixed Deposit,New York,28941.58,EUR
ACC07268,CUST6892,Fixed Deposit,San Antonio,3944.94,GBP
ACC07269,CUST6893,Fixed Deposit,New York,52782.25,INR
ACC07270,CUST6894,Recurring Deposit,Houston,44350.79,JPY
ACC07271,CUST6895,Savings,Chicago,28954.55,EUR
ACC07272,CUST6896,Current,Philadelphia,60078.52,INR
ACC07273,CUST6897,Savings,Chicago,50513.0,JPY
ACC07274,CUST6898,Savings,New York,88501.77,GBP
ACC07275,CUST6899,Savings,New York,67370.81,GBP
ACC07276,CUST6900,Fixed Deposit,San Antonio,27484.17,JPY
ACC07277,CUST6901,Fixed Deposit,New York,10453.47,EUR
ACC07278,CUST6902,Recurring Deposit,Houston,40623.19,EUR
ACC07279,CUST6903,Current,Chicago,23512.64,USD
ACC07280,CUST6904,Fixed Deposit,Houston,74602.19,EUR
ACC07281,CUST6905,Fixed Deposit,Chicago,29717.34,EUR
ACC07282,CUST6906,Recurring Deposit,San Diego,54267.42,JPY
ACC07283,CUST6907,Recurring Deposit,Chicago,69923.26,USD
ACC07284,CUST6908,Fixed Deposit,Phoenix,63332.09,USD
ACC07285,CUST6909,Fixed Deposit,New York,48408.8,GBP
ACC07286,CUST6910,Savings,Los Angeles,38315.68,USD
ACC07287,CUST6911,Fixed Deposit,Houston,96145.88,EUR
ACC07288,CUST6912,Savings,Houston,4640.12,GBP
ACC07289,CUST6913,Recurring Deposit,New York,36803.03,JPY
ACC07290,CUST6914,Savings,Houston,57458.3,GBP
ACC07291,CUST6915,Current,Phoenix,46836.41,JPY
ACC07292,CUST6916,Current,San Diego,99443.27,JPY
ACC07293,CUST6917,Savings,New York,69842.69,GBP
ACC07294,CUST6918,Current,Chicago,6512.39,JPY
ACC07295,CUST6919,Current,Houston,4523.55,GBP
ACC07296,CUST6920,Recurring Deposit,Los Angeles,60447.68,GBP
ACC07297,CUST6921,Current,Phoenix,63673.79,USD
ACC07298,CUST6922,Recurring Deposit,Houston,98133.7,INR
ACC07299,CUST6923,Fixed Deposit,New York,93154.1,JPY
ACC07300,CUST0082,Savings,Chicago,96057.34,USD
ACC07301,CUST6924,Current,New York,39224.05,GBP
ACC07302,CUST6925,Savings,Houston,69067.57,GBP
ACC07303,CUST6926,Recurring Deposit,Houston,99182.61,EUR
ACC07304,CUST6927,Recurring Deposit,San Antonio,22577.24,JPY
ACC07305,CUST6928,Savings,Los Angeles,62272.96,USD
ACC07306,CUST6929,Savings,Philadelphia,85377.97,JPY
ACC07307,CUST6930,Current,Phoenix,59953.7,JPY
ACC07308,CUST6931,Fixed Deposit,Philadelphia,75686.38,EUR
ACC07309,CUST6932,Savings,Philadelphia,79873.63,GBP
ACC07310,CUST6933,Fixed Deposit,Los Angeles,42411.83,USD
ACC07311,CUST1747,Current,San Antonio,43404.04,GBP
ACC07312,CUST6934,Recurring Deposit,Los Angeles,62257.25,INR
ACC07313,CUST6935,Fixed Deposit,Phoenix,18676.6,GBP
ACC07314,CUST6936,Current,New York,6829.17,JPY
ACC07315,CUST6937,Recurring Deposit,New York,94264.89,GBP
ACC07316,CUST6938,Fixed Deposit,Houston,4509.98,USD
ACC07317,CUST6939,Recurring Deposit,San Antonio,81916.12,GBP
ACC07318,CUST6940,Savings,Phoenix,13786.96,EUR
ACC07319,CUST6941,Fixed Deposit,San Antonio,82757.49,EUR
ACC07320,CUST6942,Recurring Deposit,Phoenix,42960.85,JPY
ACC07321,CUST6943,Savings,New York,80081.87,GBP
ACC07322,CUST6944,Fixed Deposit,Phoenix,16351.57,USD
ACC07323,CUST6945,Current,San Antonio,89438.77,INR
ACC07324,CUST6946,Current,New York,22569.2,GBP
ACC07325,CUST6947,Fixed Deposit,San Diego,94124.06,GBP
ACC07326,CUST0788,Recurring Deposit,Houston,31419.74,USD
ACC07327,CUST6948,Recurring Deposit,Philadelphia,90529.34,INR
ACC07328,CUST6949,Savings,Philadelphia,16179.62,GBP
ACC07329,CUST6950,Current,San Diego,6451.48,GBP
ACC07330,CUST3029,Fixed Deposit,Philadelphia,9769.2,EUR
ACC07331,CUST3286,Savings,Chicago,38903.47,JPY
ACC07332,CUST6951,Savings,San Antonio,23840.29,GBP
ACC07333,CUST6952,Fixed Deposit,San Antonio,44663.63,JPY
ACC07334,CUST6953,Fixed Deposit,Los Angeles,78862.49,INR
ACC07335,CUST6954,Recurring Deposit,Philadelphia,97580.92,JPY
ACC07336,CUST6955,Current,Philadelphia,8032.97,GBP
ACC07337,CUST6956,Recurring Deposit,Philadelphia,34061.55,USD
ACC07338,CUST6957,Savings,Chicago,48270.14,INR
ACC07339,CUST6958,Savings,San Antonio,96236.31,USD
ACC07340,CUST6959,Fixed Deposit,New York,94618.17,EUR
ACC07341,CUST6960,Fixed Deposit,Chicago,58928.21,INR
ACC07342,CUST6961,Fixed Deposit,Houston,22999.26,JPY
ACC07343,CUST0484,Savings,Phoenix,39141.76,GBP
ACC07344,CUST6962,Fixed Deposit,Chicago,42365.3,USD
ACC07345,CUST6963,Savings,San Diego,56796.28,JPY
ACC07346,CUST6964,Recurring Deposit,New York,67805.73,EUR
ACC07347,CUST6965,Current,Phoenix,95573.88,USD
ACC07348,CUST6966,Fixed Deposit,Philadelphia,52727.78,GBP
ACC07349,CUST6967,Savings,Philadelphia,79632.81,GBP
ACC07350,CUST6968,Fixed Deposit,Chicago,69360.56,USD
ACC07351,CUST6969,Savings,Philadelphia,78037.17,EUR
ACC07352,CUST6970,Current,Houston,65060.35,GBP
ACC07353,CUST6971,Savings,San Diego,81994.73,USD
ACC07354,CUST6972,Recurring Deposit,New York,8781.54,GBP
ACC07355,CUST6973,Current,Los Angeles,39996.12,JPY
ACC07356,CUST6974,Recurring Deposit,Houston,27189.05,JPY
ACC07357,CUST6975,Recurring Deposit,Houston,52757.02,JPY
ACC07358,CUST6976,Current,San Antonio,96020.75,EUR
ACC07359,CUST6977,Current,Phoenix,62161.85,GBP
ACC07360,CUST2098,Recurring Deposit,Chicago,38152.73,EUR
ACC07361,CUST6978,Savings,Los Angeles,7196.72,EUR
ACC07362,CUST6979,Savings,Phoenix,89454.8,INR
ACC07363,CUST6980,Savings,San Diego,51156.23,GBP
ACC07364,CUST6981,Fixed Deposit,San Antonio,36677.69,EUR
ACC07365,CUST6982,Current,Phoenix,16130.93,JPY
ACC07366,CUST2212,Current,Houston,42477.77,EUR
ACC07367,CUST6983,Savings,Chicago,18679.53,EUR
ACC07368,CUST6984,Savings,Phoenix,2038.99,USD
ACC07369,CUST6985,Current,San Antonio,71640.81,GBP
ACC07370,CUST6986,Savings,San Antonio,80386.43,USD
ACC07371,CUST6987,Current,Phoenix,29437.74,INR
ACC07372,CUST6988,Current,Los Angeles,22168.16,INR
ACC07373,CUST6989,Recurring Deposit,Houston,69114.0,GBP
ACC07374,CUST6990,Fixed Deposit,Chicago,46248.0,GBP
ACC07375,CUST6991,Savings,Los Angeles,56449.34,USD
ACC07376,CUST6992,Fixed Deposit,Phoenix,20686.31,GBP
ACC07377,CUST6993,Savings,Chicago,31537.16,USD
ACC07378,CUST6994,Recurring Deposit,Phoenix,32519.66,USD
ACC07379,CUST6995,Current,New York,41161.18,GBP
ACC07380,CUST6996,Recurring Deposit,Phoenix,60317.82,GBP
ACC07381,CUST6997,Fixed Deposit,Los Angeles,61964.27,EUR
ACC07382,CUST6998,Current,Philadelphia,48210.97,USD
ACC07383,CUST6999,Recurring Deposit,Los Angeles,18144.77,USD
ACC07384,CUST7000,Fixed Deposit,Houston,31257.64,GBP
ACC07385,CUST7001,Current,Philadelphia,99777.2,JPY
ACC07386,CUST7002,Fixed Deposit,Phoenix,80594.6,GBP
ACC07387,CUST7003,Recurring Deposit,San Antonio,42723.34,USD
ACC07388,CUST7004,Savings,San Antonio,82085.84,GBP
ACC07389,CUST7005,Savings,Houston,30991.11,EUR
ACC07390,CUST7006,Current,Philadelphia,99284.88,INR
ACC07391,CUST7007,Current,Chicago,14132.87,EUR
ACC07392,CUST7008,Recurring Deposit,San Diego,47508.73,EUR
ACC07393,CUST7009,Savings,New York,46108.98,EUR
ACC07394,CUST7010,Recurring Deposit,San Diego,51791.41,INR
ACC07395,CUST7011,Fixed Deposit,San Diego,8663.19,GBP
ACC07396,CUST7012,Recurring Deposit,New York,71417.65,JPY
ACC07397,CUST7013,Savings,New York,22205.42,GBP
ACC07398,CUST7014,Recurring Deposit,San Diego,38531.68,GBP
ACC07399,CUST7015,Savings,San Antonio,42999.26,USD
ACC07400,CUST7016,Recurring Deposit,Los Angeles,57862.52,INR
ACC07401,CUST7017,Recurring Deposit,New York,68465.93,USD
ACC07402,CUST7018,Recurring Deposit,Chicago,9970.08,GBP
ACC07403,CUST7019,Recurring Deposit,San Diego,55817.72,JPY
ACC07404,CUST7020,Recurring Deposit,Phoenix,77855.34,INR
ACC07405,CUST6187,Fixed Deposit,Chicago,52464.91,INR
ACC07406,CUST7021,Recurring Deposit,Phoenix,72954.09,GBP
ACC07407,CUST7022,Recurring Deposit,Los Angeles,27973.97,EUR
ACC07408,CUST7023,Current,San Diego,33241.1,INR
ACC07409,CUST7024,Recurring Deposit,Philadelphia,20023.95,JPY
ACC07410,CUST7025,Recurring Deposit,San Diego,21037.29,USD
ACC07411,CUST5281,Fixed Deposit,Philadelphia,1212.88,INR
ACC07412,CUST7026,Savings,Chicago,56993.28,GBP
ACC07413,CUST7027,Savings,San Diego,85747.28,EUR
ACC07414,CUST7028,Fixed Deposit,Philadelphia,39582.76,JPY
ACC07415,CUST7029,Recurring Deposit,San Diego,10801.33,JPY
ACC07416,CUST7030,Recurring Deposit,Philadelphia,27400.54,EUR
ACC07417,CUST7031,Fixed Deposit,Los Angeles,66829.41,JPY
ACC07418,CUST7032,Savings,Philadelphia,19611.13,INR
ACC07419,CUST2809,Fixed Deposit,Philadelphia,86733.53,EUR
ACC07420,CUST7033,Fixed Deposit,San Antonio,45420.96,EUR
ACC07421,CUST7034,Recurring Deposit,Houston,17684.98,USD
ACC07422,CUST7035,Savings,New York,63978.71,GBP
ACC07423,CUST7036,Fixed Deposit,Chicago,61980.38,GBP
ACC07424,CUST7037,Savings,New York,61005.01,INR
ACC07425,CUST7038,Savings,Philadelphia,70542.09,GBP
ACC07426,CUST7039,Current,New York,85434.12,JPY
ACC07427,CUST7040,Savings,Phoenix,16743.91,JPY
ACC07428,CUST7041,Current,San Diego,49725.74,EUR
ACC07429,CUST5281,Fixed Deposit,Los Angeles,85409.02,GBP
ACC07430,CUST7042,Savings,Philadelphia,28619.09,JPY
ACC07431,CUST7043,Recurring Deposit,Phoenix,68232.61,USD
ACC07432,CUST7044,Recurring Deposit,Houston,27223.81,USD
ACC07433,CUST7045,Recurring Deposit,New York,4122.36,USD
ACC07434,CUST7046,Savings,Los Angeles,22201.61,EUR
ACC07435,CUST7047,Recurring Deposit,Los Angeles,72006.24,EUR
ACC07436,CUST7048,Recurring Deposit,New York,43925.58,JPY
ACC07437,CUST7049,Recurring Deposit,Phoenix,21462.58,INR
ACC07438,CUST7050,Current,San Antonio,28241.64,USD
ACC07439,CUST7051,Fixed Deposit,Phoenix,70245.08,INR
ACC07440,CUST7052,Savings,Los Angeles,95204.76,JPY
ACC07441,CUST7053,Fixed Deposit,New York,82036.33,EUR
ACC07442,CUST7054,Fixed Deposit,San Diego,43347.82,GBP
ACC07443,CUST7055,Current,Houston,65932.33,JPY
ACC07444,CUST7056,Recurring Deposit,Los Angeles,22987.22,USD
ACC07445,CUST3126,Fixed Deposit,New York,4341.65,JPY
ACC07446,CUST7057,Current,New York,66385.47,USD
ACC07447,CUST7058,Recurring Deposit,San Diego,7225.42,JPY
ACC07448,CUST7059,Current,Los Angeles,78492.81,INR
ACC07449,CUST7060,Savings,Phoenix,33988.89,INR
ACC07450,CUST7061,Recurring Deposit,Los Angeles,33342.86,USD
ACC07451,CUST7062,Recurring Deposit,Los Angeles,339.18,EUR
ACC07452,CUST7063,Savings,San Diego,93228.05,USD
ACC07453,CUST7064,Current,San Antonio,77716.9,INR
ACC07454,CUST7065,Current,New York,94908.04,JPY
ACC07455,CUST7066,Savings,San Antonio,70170.79,INR
ACC07456,CUST7067,Current,San Diego,63068.56,EUR
ACC07457,CUST7068,Fixed Deposit,New York,59555.65,USD
ACC07458,CUST7069,Current,Houston,49637.93,JPY
ACC07459,CUST7070,Current,San Diego,44737.81,USD
ACC07460,CUST7071,Savings,San Diego,12851.81,USD
ACC07461,CUST7072,Savings,New York,23482.31,GBP
ACC07462,CUST7073,Fixed Deposit,Los Angeles,47945.2,GBP
ACC07463,CUST7074,Fixed Deposit,Houston,58727.92,EUR
ACC07464,CUST7075,Recurring Deposit,Los Angeles,66532.19,INR
ACC07465,CUST7076,Fixed Deposit,Philadelphia,86611.22,USD
ACC07466,CUST7077,Fixed Deposit,Chicago,3013.93,EUR
ACC07467,CUST1185,Recurring Deposit,Los Angeles,60902.08,USD
ACC07468,CUST7078,Recurring Deposit,Phoenix,29041.16,GBP
ACC07469,CUST7079,Savings,Philadelphia,49694.23,USD
ACC07470,CUST7080,Recurring Deposit,Los Angeles,93037.62,USD
ACC07471,CUST7081,Savings,Houston,74435.81,EUR
ACC07472,CUST7082,Fixed Deposit,Philadelphia,16392.46,USD
ACC07473,CUST7083,Savings,San Diego,53211.65,INR
ACC07474,CUST7084,Recurring Deposit,New York,69771.14,USD
ACC07475,CUST7085,Savings,Los Angeles,67976.55,GBP
ACC07476,CUST7086,Savings,Chicago,82694.56,EUR
ACC07477,CUST7087,Savings,Houston,22153.23,INR
ACC07478,CUST7088,Fixed Deposit,Los Angeles,26528.44,USD
ACC07479,CUST7089,Fixed Deposit,San Antonio,99695.37,GBP
ACC07480,CUST7090,Fixed Deposit,Phoenix,80999.09,EUR
ACC07481,CUST7091,Fixed Deposit,Chicago,40075.81,INR
ACC07482,CUST7092,Recurring Deposit,Los Angeles,38011.55,JPY
ACC07483,CUST7093,Fixed Deposit,San Antonio,71004.26,USD
ACC07484,CUST7094,Current,San Diego,16805.29,USD
ACC07485,CUST7095,Current,Los Angeles,66412.26,INR
ACC07486,CUST7096,Recurring Deposit,New York,82059.19,JPY
ACC07487,CUST7097,Fixed Deposit,Houston,93124.46,INR
ACC07488,CUST7098,Savings,San Antonio,53461.3,USD
ACC07489,CUST7099,Savings,San Antonio,99591.5,GBP
ACC07490,CUST7100,Fixed Deposit,New York,95218.75,INR
ACC07491,CUST2652,Recurring Deposit,Los Angeles,82077.04,INR
ACC07492,CUST7101,Savings,Los Angeles,97390.4,USD
ACC07493,CUST7102,Current,Los Angeles,26117.4,JPY
ACC07494,CUST7103,Current,Phoenix,77865.96,USD
ACC07495,CUST7104,Current,Houston,51406.96,JPY
ACC07496,CUST3566,Recurring Deposit,Los Angeles,33128.33,GBP
ACC07497,CUST7105,Recurring Deposit,Chicago,70941.32,EUR
ACC07498,CUST7106,Fixed Deposit,New York,73622.93,USD
ACC07499,CUST7107,Recurring Deposit,Philadelphia,27124.57,JPY
ACC07500,CUST7108,Current,New York,26028.64,EUR
ACC07501,CUST7109,Current,Phoenix,83538.77,EUR
ACC07502,CUST7110,Recurring Deposit,San Diego,68473.92,USD
ACC07503,CUST7111,Recurring Deposit,Phoenix,19920.29,USD
ACC07504,CUST7112,Savings,Chicago,77586.5,EUR
ACC07505,CUST7113,Savings,Philadelphia,28185.77,EUR
ACC07506,CUST7114,Savings,Phoenix,46430.36,INR
ACC07507,CUST7115,Savings,Chicago,68280.75,JPY
ACC07508,CUST7116,Recurring Deposit,San Diego,10256.43,USD
ACC07509,CUST7117,Current,Houston,32868.46,EUR
ACC07510,CUST0019,Savings,San Antonio,46664.59,USD
ACC07511,CUST7118,Recurring Deposit,Chicago,41514.92,USD
ACC07512,CUST7119,Recurring Deposit,San Diego,37801.6,EUR
ACC07513,CUST7120,Current,Phoenix,90212.0,EUR
ACC07514,CUST7121,Savings,San Diego,25552.82,INR
ACC07515,CUST7122,Savings,Chicago,55620.5,INR
ACC07516,CUST7123,Savings,Houston,16266.28,GBP
ACC07517,CUST7124,Savings,San Diego,49253.76,JPY
ACC07518,CUST2177,Savings,Philadelphia,23618.48,INR
ACC07519,CUST7125,Current,Philadelphia,62931.47,JPY
ACC07520,CUST7126,Current,Chicago,96017.34,USD
ACC07521,CUST7127,Recurring Deposit,San Antonio,29495.85,JPY
ACC07522,CUST7128,Current,Phoenix,37887.77,GBP
ACC07523,CUST2063,Fixed Deposit,Los Angeles,72917.07,USD
ACC07524,CUST7129,Fixed Deposit,Philadelphia,40009.03,JPY
ACC07525,CUST7130,Fixed Deposit,Los Angeles,61777.78,GBP
ACC07526,CUST2802,Recurring Deposit,Houston,52429.04,INR
ACC07527,CUST7131,Fixed Deposit,Philadelphia,69684.97,INR
ACC07528,CUST7132,Fixed Deposit,San Antonio,37632.41,JPY
ACC07529,CUST7133,Recurring Deposit,Philadelphia,55707.66,INR
ACC07530,CUST7134,Savings,Los Angeles,14561.92,GBP
ACC07531,CUST7135,Savings,Phoenix,32058.49,USD
ACC07532,CUST7136,Savings,Los Angeles,25188.11,EUR
ACC07533,CUST7137,Recurring Deposit,San Diego,6272.3,USD
ACC07534,CUST7138,Fixed Deposit,Philadelphia,41808.77,GBP
ACC07535,CUST7139,Recurring Deposit,Phoenix,83725.26,GBP
ACC07536,CUST7140,Recurring Deposit,Houston,98738.72,GBP
ACC07537,CUST7141,Fixed Deposit,Los Angeles,88262.78,JPY
ACC07538,CUST1159,Fixed Deposit,Phoenix,81984.04,JPY
ACC07539,CUST7142,Fixed Deposit,Houston,79081.97,USD
ACC07540,CUST7143,Recurring Deposit,San Antonio,81514.91,GBP
ACC07541,CUST7144,Fixed Deposit,New York,41127.28,GBP
ACC07542,CUST7145,Current,Houston,96289.79,JPY
ACC07543,CUST7146,Recurring Deposit,Phoenix,80430.89,INR
ACC07544,CUST7147,Savings,New York,38248.01,USD
ACC07545,CUST7148,Fixed Deposit,San Diego,96497.47,INR
ACC07546,CUST7149,Current,Houston,5775.84,GBP
ACC07547,CUST3872,Recurring Deposit,Houston,27591.82,GBP
ACC07548,CUST2682,Savings,San Antonio,62934.01,INR
ACC07549,CUST7150,Fixed Deposit,San Antonio,85297.47,EUR
ACC07550,CUST2861,Recurring Deposit,New York,21736.22,EUR
ACC07551,CUST7151,Current,San Diego,55736.68,JPY
ACC07552,CUST2528,Savings,Chicago,66905.74,JPY
ACC07553,CUST7152,Fixed Deposit,Philadelphia,93021.69,GBP
ACC07554,CUST7153,Current,San Diego,6970.82,GBP
ACC07555,CUST7154,Current,Philadelphia,87192.66,EUR
ACC07556,CUST7155,Current,Philadelphia,71406.07,JPY
ACC07557,CUST7156,Current,Houston,8500.51,GBP
ACC07558,CUST7157,Recurring Deposit,Chicago,98775.46,INR
ACC07559,CUST7158,Savings,Chicago,98429.89,GBP
ACC07560,CUST7159,Current,New York,65509.91,INR
ACC07561,CUST7160,Recurring Deposit,Philadelphia,60265.44,EUR
ACC07562,CUST1221,Savings,Philadelphia,73892.58,JPY
ACC07563,CUST7161,Current,Philadelphia,64740.98,JPY
ACC07564,CUST7162,Recurring Deposit,New York,53436.0,USD
ACC07565,CUST7163,Savings,San Antonio,92060.18,JPY
ACC07566,CUST7164,Savings,San Antonio,59664.23,EUR
ACC07567,CUST5627,Fixed Deposit,Phoenix,24548.85,USD
ACC07568,CUST7165,Recurring Deposit,New York,94642.37,USD
ACC07569,CUST7166,Savings,Chicago,82770.91,JPY
ACC07570,CUST7167,Savings,New York,67925.47,GBP
ACC07571,CUST7168,Current,Chicago,36110.62,GBP
ACC07572,CUST7169,Current,Los Angeles,90730.81,INR
ACC07573,CUST7170,Current,Philadelphia,76399.79,USD
ACC07574,CUST7171,Savings,Chicago,57796.8,JPY
ACC07575,CUST1513,Savings,San Diego,79567.97,USD
ACC07576,CUST7172,Current,Chicago,48947.58,INR
ACC07577,CUST7173,Savings,Houston,93542.45,INR
ACC07578,CUST7174,Current,New York,43702.24,USD
ACC07579,CUST7175,Savings,Philadelphia,41378.66,USD
ACC07580,CUST7176,Current,New York,2991.26,USD
ACC07581,CUST4548,Recurring Deposit,Chicago,22029.72,EUR
ACC07582,CUST7177,Current,Los Angeles,85746.43,INR
ACC07583,CUST7178,Current,New York,18769.29,JPY
ACC07584,CUST7179,Fixed Deposit,Los Angeles,78528.09,USD
ACC07585,CUST7180,Recurring Deposit,Philadelphia,5039.62,INR
ACC07586,CUST7181,Fixed Deposit,Chicago,56089.79,INR
ACC07587,CUST7182,Fixed Deposit,San Antonio,56239.81,INR
ACC07588,CUST7183,Recurring Deposit,San Antonio,28024.83,USD
ACC07589,CUST7184,Fixed Deposit,San Diego,81338.25,GBP
ACC07590,CUST7185,Current,Chicago,44059.25,USD
ACC07591,CUST7186,Current,Los Angeles,57776.38,JPY
ACC07592,CUST7187,Savings,San Antonio,49662.71,EUR
ACC07593,CUST7188,Fixed Deposit,Philadelphia,88238.49,EUR
ACC07594,CUST7189,Fixed Deposit,Philadelphia,64419.4,EUR
ACC07595,CUST7190,Recurring Deposit,Chicago,65325.37,GBP
ACC07596,CUST7191,Fixed Deposit,Phoenix,44122.5,JPY
ACC07597,CUST7192,Fixed Deposit,Chicago,38793.12,USD
ACC07598,CUST7193,Current,Phoenix,13769.7,EUR
ACC07599,CUST7194,Savings,Los Angeles,87093.39,USD
ACC07600,CUST7195,Fixed Deposit,San Diego,67821.39,USD
ACC07601,CUST7196,Savings,San Diego,51719.81,JPY
ACC07602,CUST7197,Current,San Diego,12946.34,USD
ACC07603,CUST7198,Savings,Philadelphia,69870.45,USD
ACC07604,CUST7199,Fixed Deposit,Los Angeles,57430.22,GBP
ACC07605,CUST7200,Current,San Diego,27698.13,USD
ACC07606,CUST7201,Fixed Deposit,Los Angeles,22868.04,INR
ACC07607,CUST7202,Fixed Deposit,San Antonio,42166.46,INR
ACC07608,CUST7203,Current,San Diego,70537.54,INR
ACC07609,CUST7204,Recurring Deposit,Phoenix,68404.66,EUR
ACC07610,CUST7205,Recurring Deposit,Houston,47589.38,INR
ACC07611,CUST7206,Fixed Deposit,Chicago,93696.55,EUR
ACC07612,CUST7207,Recurring Deposit,Los Angeles,34010.75,GBP
ACC07613,CUST7208,Current,New York,92383.55,GBP
ACC07614,CUST7209,Fixed Deposit,San Antonio,61994.78,USD
ACC07615,CUST7210,Current,San Diego,86961.16,GBP
ACC07616,CUST7211,Current,San Antonio,73514.08,GBP
ACC07617,CUST7212,Current,Phoenix,42756.57,INR
ACC07618,CUST3762,Recurring Deposit,New York,43559.64,JPY
ACC07619,CUST7213,Savings,Los Angeles,49544.7,EUR
ACC07620,CUST7214,Current,Chicago,42738.53,USD
ACC07621,CUST7215,Savings,Los Angeles,16609.12,EUR
ACC07622,CUST7216,Recurring Deposit,New York,25129.51,INR
ACC07623,CUST7217,Current,Phoenix,79719.44,EUR
ACC07624,CUST7218,Fixed Deposit,San Diego,76556.84,USD
ACC07625,CUST7219,Current,Houston,32667.12,GBP
ACC07626,CUST7220,Current,San Diego,40242.81,JPY
ACC07627,CUST7221,Current,San Diego,91197.62,USD
ACC07628,CUST7222,Recurring Deposit,New York,79545.9,USD
ACC07629,CUST7223,Savings,San Antonio,31940.0,USD
ACC07630,CUST7224,Current,Chicago,15230.71,USD
ACC07631,CUST7225,Savings,Houston,37524.99,INR
ACC07632,CUST7226,Recurring Deposit,Phoenix,1528.15,EUR
ACC07633,CUST3831,Current,Phoenix,19895.36,INR
ACC07634,CUST7227,Recurring Deposit,Houston,78020.35,GBP
ACC07635,CUST7228,Fixed Deposit,Houston,68089.6,GBP
ACC07636,CUST7229,Current,San Antonio,28561.52,GBP
ACC07637,CUST7230,Fixed Deposit,Phoenix,20865.12,JPY
ACC07638,CUST7231,Current,Chicago,94039.94,JPY
ACC07639,CUST7232,Recurring Deposit,Houston,86961.86,GBP
ACC07640,CUST7233,Recurring Deposit,Houston,83909.5,JPY
ACC07641,CUST7234,Current,Chicago,18794.74,USD
ACC07642,CUST7235,Recurring Deposit,Los Angeles,59103.0,JPY
ACC07643,CUST2304,Savings,Phoenix,49311.15,JPY
ACC07644,CUST7236,Current,San Antonio,92519.83,GBP
ACC07645,CUST7237,Current,New York,74574.57,JPY
ACC07646,CUST7238,Savings,Houston,83666.58,EUR
ACC07647,CUST7239,Savings,San Diego,84478.04,INR
ACC07648,CUST1163,Savings,Phoenix,17582.85,USD
ACC07649,CUST7240,Recurring Deposit,Chicago,26248.99,JPY
ACC07650,CUST7241,Recurring Deposit,Philadelphia,40295.94,JPY
ACC07651,CUST7242,Recurring Deposit,Chicago,6275.75,GBP
ACC07652,CUST7243,Savings,Chicago,63154.32,USD
ACC07653,CUST7244,Current,Phoenix,68057.54,JPY
ACC07654,CUST7245,Savings,Phoenix,16202.87,INR
ACC07655,CUST2713,Savings,Philadelphia,43785.09,EUR
ACC07656,CUST7246,Current,New York,18955.41,GBP
ACC07657,CUST7247,Fixed Deposit,San Diego,90001.0,USD
ACC07658,CUST7248,Recurring Deposit,San Diego,51153.97,EUR
ACC07659,CUST7249,Fixed Deposit,Chicago,21035.06,GBP
ACC07660,CUST7250,Savings,Houston,23434.04,INR
ACC07661,CUST7251,Current,Phoenix,4398.38,EUR
ACC07662,CUST7252,Savings,Philadelphia,66961.31,USD
ACC07663,CUST7253,Savings,San Antonio,45787.61,JPY
ACC07664,CUST7254,Recurring Deposit,San Diego,92056.35,JPY
ACC07665,CUST7255,Recurring Deposit,Houston,46877.29,JPY
ACC07666,CUST6889,Fixed Deposit,Los Angeles,75210.09,USD
ACC07667,CUST7256,Fixed Deposit,Phoenix,46964.45,EUR
ACC07668,CUST7257,Recurring Deposit,New York,6893.55,INR
ACC07669,CUST7258,Savings,Phoenix,40939.78,USD
ACC07670,CUST0083,Fixed Deposit,San Diego,34990.94,JPY
ACC07671,CUST7259,Savings,Chicago,16878.7,GBP
ACC07672,CUST6244,Current,Chicago,39553.5,USD
ACC07673,CUST7260,Current,San Diego,96531.89,USD
ACC07674,CUST7261,Fixed Deposit,Phoenix,94919.86,EUR
ACC07675,CUST7262,Fixed Deposit,San Antonio,27436.28,USD
ACC07676,CUST0071,Savings,San Diego,78535.43,GBP
ACC07677,CUST7263,Current,Phoenix,104.24,INR
ACC07678,CUST7264,Recurring Deposit,San Antonio,92139.41,INR
ACC07679,CUST7265,Savings,Philadelphia,24285.8,INR
ACC07680,CUST7266,Savings,Philadelphia,32828.93,JPY
ACC07681,CUST7267,Recurring Deposit,New York,47182.45,USD
ACC07682,CUST7268,Savings,Houston,4423.51,JPY
ACC07683,CUST7269,Fixed Deposit,Los Angeles,91678.92,JPY
ACC07684,CUST7270,Fixed Deposit,Chicago,12089.96,JPY
ACC07685,CUST7271,Current,Los Angeles,73474.05,USD
ACC07686,CUST7272,Current,New York,82480.22,INR
ACC07687,CUST7273,Savings,Phoenix,25750.72,GBP
ACC07688,CUST7274,Current,Los Angeles,73581.98,USD
ACC07689,CUST7125,Savings,Chicago,42241.26,EUR
ACC07690,CUST5880,Fixed Deposit,Philadelphia,20891.52,INR
ACC07691,CUST7275,Savings,Philadelphia,97014.88,GBP
ACC07692,CUST2204,Current,Phoenix,11607.21,EUR
ACC07693,CUST7276,Recurring Deposit,Houston,66255.12,EUR
ACC07694,CUST7277,Fixed Deposit,New York,75122.49,USD
ACC07695,CUST1870,Current,Los Angeles,86533.4,GBP
ACC07696,CUST7278,Current,Philadelphia,54309.45,EUR
ACC07697,CUST7279,Fixed Deposit,New York,15153.94,JPY
ACC07698,CUST7280,Fixed Deposit,San Antonio,85279.2,USD
ACC07699,CUST7281,Recurring Deposit,Houston,21847.57,INR
ACC07700,CUST7282,Current,Los Angeles,68258.94,GBP
ACC07701,CUST7283,Current,New York,18017.04,USD
ACC07702,CUST7284,Savings,San Diego,6766.06,EUR
ACC07703,CUST0260,Fixed Deposit,Los Angeles,11986.9,EUR
ACC07704,CUST7285,Recurring Deposit,San Antonio,26615.98,EUR
ACC07705,CUST7286,Savings,San Diego,68979.01,INR
ACC07706,CUST7287,Recurring Deposit,New York,48647.96,JPY
ACC07707,CUST7288,Savings,San Diego,22304.45,USD
ACC07708,CUST7289,Savings,Los Angeles,33455.29,USD
ACC07709,CUST7290,Recurring Deposit,San Diego,1313.69,JPY
ACC07710,CUST7291,Recurring Deposit,San Diego,85589.68,EUR
ACC07711,CUST7292,Fixed Deposit,New York,84065.27,USD
ACC07712,CUST4175,Recurring Deposit,Phoenix,83936.03,EUR
ACC07713,CUST7293,Recurring Deposit,San Antonio,83967.96,GBP
ACC07714,CUST7294,Recurring Deposit,San Antonio,28413.8,JPY
ACC07715,CUST7295,Current,Houston,2716.92,JPY
ACC07716,CUST7296,Savings,Phoenix,65287.55,GBP
ACC07717,CUST7297,Recurring Deposit,Phoenix,25739.73,GBP
ACC07718,CUST7298,Current,San Diego,46064.99,GBP
ACC07719,CUST7299,Savings,Philadelphia,24414.95,GBP
ACC07720,CUST7300,Fixed Deposit,Houston,57620.68,EUR
ACC07721,CUST5936,Fixed Deposit,Chicago,97520.89,EUR
ACC07722,CUST7301,Recurring Deposit,San Antonio,25798.45,EUR
ACC07723,CUST7302,Recurring Deposit,Los Angeles,86848.2,EUR
ACC07724,CUST7303,Savings,Phoenix,19247.26,GBP
ACC07725,CUST7304,Current,New York,99137.01,GBP
ACC07726,CUST7305,Recurring Deposit,Los Angeles,85923.57,EUR
ACC07727,CUST7306,Fixed Deposit,San Antonio,21358.27,USD
ACC07728,CUST7307,Recurring Deposit,San Diego,2431.39,USD
ACC07729,CUST7308,Recurring Deposit,San Diego,22376.74,GBP
ACC07730,CUST7309,Savings,Philadelphia,59220.87,JPY
ACC07731,CUST7310,Savings,Phoenix,17138.56,EUR
ACC07732,CUST7311,Fixed Deposit,New York,16403.05,JPY
ACC07733,CUST1933,Fixed Deposit,Houston,62029.54,INR
ACC07734,CUST7312,Recurring Deposit,San Diego,16025.4,JPY
ACC07735,CUST7313,Current,Los Angeles,73474.34,INR
ACC07736,CUST7314,Fixed Deposit,Houston,2236.59,JPY
ACC07737,CUST7315,Fixed Deposit,Los Angeles,43390.88,GBP
ACC07738,CUST7316,Fixed Deposit,New York,79367.44,EUR
ACC07739,CUST7317,Fixed Deposit,Phoenix,93997.49,INR
ACC07740,CUST7318,Fixed Deposit,Chicago,35034.61,INR
ACC07741,CUST7319,Fixed Deposit,Los Angeles,69997.9,GBP
ACC07742,CUST7320,Fixed Deposit,Houston,49052.52,JPY
ACC07743,CUST7321,Savings,Los Angeles,97041.78,EUR
ACC07744,CUST7322,Recurring Deposit,New York,6877.28,INR
ACC07745,CUST7323,Savings,Los Angeles,1232.36,EUR
ACC07746,CUST7324,Savings,Los Angeles,20098.73,EUR
ACC07747,CUST7325,Recurring Deposit,San Diego,44669.56,USD
ACC07748,CUST7326,Recurring Deposit,Houston,79992.14,GBP
ACC07749,CUST7327,Recurring Deposit,New York,38023.17,INR
ACC07750,CUST7328,Savings,Los Angeles,59768.2,INR
ACC07751,CUST7329,Savings,New York,14614.18,JPY
ACC07752,CUST7330,Savings,Chicago,45955.87,INR
ACC07753,CUST7331,Savings,Philadelphia,51730.28,EUR
ACC07754,CUST7332,Recurring Deposit,Los Angeles,46325.62,EUR
ACC07755,CUST7333,Current,Chicago,24843.12,JPY
ACC07756,CUST7334,Recurring Deposit,New York,57241.59,EUR
ACC07757,CUST7335,Recurring Deposit,Chicago,36387.12,GBP
ACC07758,CUST7336,Savings,Philadelphia,44739.96,USD
ACC07759,CUST7337,Fixed Deposit,San Antonio,44107.18,GBP
ACC07760,CUST7338,Fixed Deposit,Philadelphia,96786.01,GBP
ACC07761,CUST7339,Savings,Chicago,10610.11,JPY
ACC07762,CUST7340,Current,San Diego,62506.33,JPY
ACC07763,CUST7341,Savings,Houston,8798.3,JPY
ACC07764,CUST7342,Current,Chicago,64545.04,JPY
ACC07765,CUST7343,Savings,Los Angeles,33153.89,INR
ACC07766,CUST7344,Fixed Deposit,Houston,35474.33,EUR
ACC07767,CUST7345,Current,Houston,21581.77,JPY
ACC07768,CUST7346,Current,Philadelphia,86627.68,USD
ACC07769,CUST7347,Savings,Los Angeles,47354.22,JPY
ACC07770,CUST7348,Savings,New York,18589.64,JPY
ACC07771,CUST1338,Current,Los Angeles,66318.13,USD
ACC07772,CUST7349,Recurring Deposit,San Diego,19873.34,GBP
ACC07773,CUST7350,Savings,Houston,52861.6,GBP
ACC07774,CUST7351,Current,San Diego,43512.82,INR
ACC07775,CUST7352,Recurring Deposit,Houston,78248.95,JPY
ACC07776,CUST7353,Savings,San Antonio,92761.97,JPY
ACC07777,CUST7354,Savings,Houston,16329.64,EUR
ACC07778,CUST7355,Savings,San Diego,18754.01,USD
ACC07779,CUST7356,Fixed Deposit,Houston,25029.54,EUR
ACC07780,CUST7357,Fixed Deposit,San Diego,50352.17,GBP
ACC07781,CUST7358,Current,San Antonio,17606.13,GBP
ACC07782,CUST7359,Recurring Deposit,San Antonio,43386.42,USD
ACC07783,CUST7360,Current,Los Angeles,41439.14,USD
ACC07784,CUST7361,Recurring Deposit,Philadelphia,59408.5,INR
ACC07785,CUST7362,Recurring Deposit,San Diego,65192.88,USD
ACC07786,CUST1830,Current,Phoenix,21726.87,USD
ACC07787,CUST7363,Current,New York,38601.45,USD
ACC07788,CUST7364,Recurring Deposit,Philadelphia,94389.07,INR
ACC07789,CUST7365,Current,Phoenix,23993.27,JPY
ACC07790,CUST7366,Fixed Deposit,Phoenix,66191.97,INR
ACC07791,CUST7367,Recurring Deposit,San Antonio,21796.24,INR
ACC07792,CUST7368,Fixed Deposit,Phoenix,62714.57,JPY
ACC07793,CUST7369,Savings,Los Angeles,89238.88,EUR
ACC07794,CUST7370,Current,San Diego,12455.57,EUR
ACC07795,CUST7371,Savings,Chicago,60854.69,INR
ACC07796,CUST7372,Fixed Deposit,Chicago,38304.28,GBP
ACC07797,CUST4405,Current,New York,39765.59,INR
ACC07798,CUST7373,Fixed Deposit,Phoenix,46499.83,JPY
ACC07799,CUST7374,Fixed Deposit,Phoenix,70847.9,EUR
ACC07800,CUST7375,Current,Houston,63129.19,GBP
ACC07801,CUST7376,Recurring Deposit,Phoenix,57510.57,EUR
ACC07802,CUST7377,Current,San Antonio,51676.02,EUR
ACC07803,CUST7378,Fixed Deposit,Chicago,5292.64,GBP
ACC07804,CUST7379,Savings,Philadelphia,10586.73,USD
ACC07805,CUST7380,Recurring Deposit,Los Angeles,86817.72,USD
ACC07806,CUST7381,Current,New York,64926.44,GBP
ACC07807,CUST7382,Fixed Deposit,New York,41828.58,INR
ACC07808,CUST7383,Savings,San Diego,21726.22,USD
ACC07809,CUST7384,Current,San Diego,81523.7,EUR
ACC07810,CUST7385,Fixed Deposit,San Diego,54948.89,EUR
ACC07811,CUST1519,Current,New York,65320.32,INR
ACC07812,CUST7386,Current,San Diego,47204.33,GBP
ACC07813,CUST7387,Savings,Phoenix,49458.29,GBP
ACC07814,CUST7388,Current,San Diego,79714.04,EUR
ACC07815,CUST7389,Recurring Deposit,San Antonio,10183.67,JPY
ACC07816,CUST7390,Recurring Deposit,New York,97026.04,USD
ACC07817,CUST7391,Current,Los Angeles,34015.4,EUR
ACC07818,CUST7392,Recurring Deposit,Houston,70158.67,INR
ACC07819,CUST7393,Current,Houston,76267.67,GBP
ACC07820,CUST7394,Current,San Antonio,73312.0,JPY
ACC07821,CUST7395,Recurring Deposit,Los Angeles,89819.67,GBP
ACC07822,CUST7396,Fixed Deposit,Houston,67764.37,JPY
ACC07823,CUST7397,Recurring Deposit,Philadelphia,5994.63,JPY
ACC07824,CUST7398,Fixed Deposit,Chicago,88527.42,JPY
ACC07825,CUST7399,Fixed Deposit,New York,57353.67,EUR
ACC07826,CUST7400,Recurring Deposit,Philadelphia,10615.66,EUR
ACC07827,CUST7401,Current,New York,33878.64,INR
ACC07828,CUST7402,Recurring Deposit,Philadelphia,39976.58,JPY
ACC07829,CUST7403,Fixed Deposit,Los Angeles,49595.14,EUR
ACC07830,CUST7404,Recurring Deposit,Houston,72855.79,EUR
ACC07831,CUST7405,Savings,Chicago,64548.12,EUR
ACC07832,CUST5981,Current,Los Angeles,98976.75,JPY
ACC07833,CUST7406,Current,San Diego,33323.88,USD
ACC07834,CUST7407,Savings,Los Angeles,56352.79,GBP
ACC07835,CUST7408,Current,San Antonio,46741.68,GBP
ACC07836,CUST7409,Fixed Deposit,Los Angeles,61574.35,USD
ACC07837,CUST7410,Savings,Chicago,72591.35,USD
ACC07838,CUST7411,Fixed Deposit,Los Angeles,98448.27,GBP
ACC07839,CUST7412,Recurring Deposit,Los Angeles,49520.86,EUR
ACC07840,CUST7413,Recurring Deposit,San Antonio,99791.25,EUR
ACC07841,CUST7414,Savings,Chicago,37867.85,USD
ACC07842,CUST7415,Current,San Diego,54473.97,EUR
ACC07843,CUST7416,Current,Los Angeles,96432.58,INR
ACC07844,CUST7018,Current,Phoenix,25417.6,INR
ACC07845,CUST7417,Fixed Deposit,Philadelphia,70954.19,INR
ACC07846,CUST7418,Savings,San Diego,88765.89,USD
ACC07847,CUST7419,Current,Chicago,20142.04,GBP
ACC07848,CUST7420,Current,New York,97922.5,GBP
ACC07849,CUST7421,Savings,San Diego,67236.05,INR
ACC07850,CUST7422,Recurring Deposit,San Antonio,72149.65,INR
ACC07851,CUST7423,Recurring Deposit,Philadelphia,51032.19,EUR
ACC07852,CUST7424,Fixed Deposit,Phoenix,80744.39,JPY
ACC07853,CUST7425,Recurring Deposit,Houston,46312.92,GBP
ACC07854,CUST7426,Fixed Deposit,Chicago,74018.7,USD
ACC07855,CUST7427,Savings,New York,73312.82,GBP
ACC07856,CUST7428,Savings,San Antonio,53485.63,INR
ACC07857,CUST7429,Current,Chicago,47739.53,USD
ACC07858,CUST7430,Current,Los Angeles,88045.9,EUR
ACC07859,CUST7431,Current,New York,51753.67,GBP
ACC07860,CUST7432,Recurring Deposit,San Diego,2718.22,JPY
ACC07861,CUST3129,Fixed Deposit,Houston,6106.45,JPY
ACC07862,CUST7433,Fixed Deposit,Los Angeles,77845.96,USD
ACC07863,CUST7434,Fixed Deposit,Chicago,38031.45,USD
ACC07864,CUST7435,Savings,Philadelphia,85391.15,INR
ACC07865,CUST6426,Recurring Deposit,San Antonio,7474.15,GBP
ACC07866,CUST7436,Savings,Los Angeles,75880.27,INR
ACC07867,CUST7437,Recurring Deposit,Philadelphia,32433.06,EUR
ACC07868,CUST7438,Current,Chicago,98957.13,EUR
ACC07869,CUST7439,Savings,Chicago,85169.66,USD
ACC07870,CUST7440,Savings,New York,62828.72,JPY
ACC07871,CUST7441,Savings,Houston,73844.48,USD
ACC07872,CUST7442,Fixed Deposit,Los Angeles,37383.73,JPY
ACC07873,CUST7443,Current,Los Angeles,59625.6,USD
ACC07874,CUST7444,Recurring Deposit,Los Angeles,60536.92,JPY
ACC07875,CUST7445,Recurring Deposit,Philadelphia,95894.34,EUR
ACC07876,CUST7446,Recurring Deposit,Philadelphia,69935.81,USD
ACC07877,CUST7447,Fixed Deposit,Philadelphia,52419.47,USD
ACC07878,CUST7448,Recurring Deposit,Chicago,85074.47,JPY
ACC07879,CUST0899,Recurring Deposit,Phoenix,87527.72,INR
ACC07880,CUST7449,Savings,Los Angeles,34410.15,EUR
ACC07881,CUST7450,Fixed Deposit,Philadelphia,14821.05,JPY
ACC07882,CUST7451,Current,Phoenix,68628.82,GBP
ACC07883,CUST7452,Savings,San Antonio,76098.79,EUR
ACC07884,CUST7453,Recurring Deposit,San Diego,43285.19,GBP
ACC07885,CUST7454,Current,Phoenix,50612.08,EUR
ACC07886,CUST7455,Current,San Antonio,74228.49,EUR
ACC07887,CUST7456,Recurring Deposit,Houston,27031.69,USD
ACC07888,CUST7457,Fixed Deposit,Houston,58303.79,INR
ACC07889,CUST7458,Savings,Los Angeles,99695.79,GBP
ACC07890,CUST7459,Current,Philadelphia,43482.24,GBP
ACC07891,CUST7460,Fixed Deposit,San Diego,14263.38,JPY
ACC07892,CUST7461,Fixed Deposit,Philadelphia,15540.67,GBP
ACC07893,CUST7462,Savings,Phoenix,78718.09,USD
ACC07894,CUST7463,Fixed Deposit,San Diego,59844.39,GBP
ACC07895,CUST7464,Savings,Houston,3690.95,GBP
ACC07896,CUST3234,Savings,San Diego,2141.67,INR
ACC07897,CUST7465,Savings,San Antonio,30825.15,USD
ACC07898,CUST2788,Recurring Deposit,Philadelphia,87333.73,INR
ACC07899,CUST7466,Recurring Deposit,Phoenix,94963.64,GBP
ACC07900,CUST7467,Savings,San Antonio,91917.59,JPY
ACC07901,CUST7468,Current,New York,8809.34,USD
ACC07902,CUST7469,Fixed Deposit,Houston,66534.41,INR
ACC07903,CUST7470,Fixed Deposit,San Antonio,63976.98,INR
ACC07904,CUST7471,Savings,New York,52125.12,GBP
ACC07905,CUST7472,Savings,Philadelphia,75416.27,GBP
ACC07906,CUST7473,Current,Phoenix,56400.52,USD
ACC07907,CUST7474,Current,Chicago,13549.27,INR
ACC07908,CUST7475,Savings,Philadelphia,55884.57,JPY
ACC07909,CUST7476,Savings,Phoenix,92221.68,JPY
ACC07910,CUST7477,Savings,Phoenix,66246.45,USD
ACC07911,CUST7478,Savings,Houston,1691.65,JPY
ACC07912,CUST7479,Current,Phoenix,49400.11,GBP
ACC07913,CUST7480,Current,New York,39983.37,USD
ACC07914,CUST7481,Recurring Deposit,San Antonio,96893.86,JPY
ACC07915,CUST7482,Savings,Philadelphia,33440.76,JPY
ACC07916,CUST7483,Fixed Deposit,New York,40784.83,GBP
ACC07917,CUST7484,Current,Houston,94826.08,JPY
ACC07918,CUST7485,Recurring Deposit,New York,72678.83,GBP
ACC07919,CUST7486,Fixed Deposit,Los Angeles,83542.2,GBP
ACC07920,CUST7487,Savings,Phoenix,36637.27,USD
ACC07921,CUST7488,Savings,San Diego,59079.45,JPY
ACC07922,CUST7489,Recurring Deposit,Philadelphia,83023.95,EUR
ACC07923,CUST7490,Savings,Phoenix,1944.27,USD
ACC07924,CUST7491,Fixed Deposit,Los Angeles,76313.68,JPY
ACC07925,CUST7492,Savings,San Antonio,45719.24,JPY
ACC07926,CUST7493,Current,Chicago,32533.61,EUR
ACC07927,CUST7494,Savings,Houston,81511.12,GBP
ACC07928,CUST7495,Savings,Houston,18403.59,USD
ACC07929,CUST7496,Recurring Deposit,Houston,36800.56,GBP
ACC07930,CUST7497,Current,San Diego,80767.17,INR
ACC07931,CUST7498,Fixed Deposit,San Antonio,69188.91,USD
ACC07932,CUST7499,Fixed Deposit,Houston,40174.44,USD
ACC07933,CUST7500,Savings,Chicago,81171.98,JPY
ACC07934,CUST7501,Savings,Phoenix,31304.59,JPY
ACC07935,CUST5983,Savings,San Antonio,63024.03,EUR
ACC07936,CUST7502,Current,New York,47132.14,INR
ACC07937,CUST7503,Fixed Deposit,Philadelphia,82491.01,JPY
ACC07938,CUST7504,Current,San Diego,78137.97,GBP
ACC07939,CUST7505,Fixed Deposit,San Antonio,96626.48,EUR
ACC07940,CUST7506,Savings,San Antonio,26278.13,JPY
ACC07941,CUST7507,Savings,Houston,83912.5,EUR
ACC07942,CUST7508,Savings,New York,41433.94,INR
ACC07943,CUST7509,Current,Houston,50817.84,EUR
ACC07944,CUST7510,Savings,New York,34695.6,EUR
ACC07945,CUST7511,Savings,Philadelphia,17982.88,JPY
ACC07946,CUST7512,Recurring Deposit,San Antonio,11023.49,INR
ACC07947,CUST7513,Recurring Deposit,Philadelphia,62671.17,JPY
ACC07948,CUST7514,Savings,Los Angeles,73679.03,USD
ACC07949,CUST7515,Fixed Deposit,Chicago,83103.17,GBP
ACC07950,CUST7516,Recurring Deposit,Los Angeles,75325.42,JPY
ACC07951,CUST7517,Current,New York,36354.86,EUR
ACC07952,CUST7518,Current,Chicago,6083.64,JPY
ACC07953,CUST7519,Fixed Deposit,Philadelphia,14001.26,USD
ACC07954,CUST7520,Recurring Deposit,Los Angeles,71889.74,INR
ACC07955,CUST7521,Recurring Deposit,San Diego,85144.59,EUR
ACC07956,CUST7522,Savings,Chicago,69188.37,GBP
ACC07957,CUST7523,Savings,Philadelphia,50072.16,USD
ACC07958,CUST7524,Current,San Antonio,89090.08,JPY
ACC07959,CUST4775,Fixed Deposit,Philadelphia,85022.95,JPY
ACC07960,CUST7525,Recurring Deposit,Los Angeles,59745.67,USD
ACC07961,CUST7526,Fixed Deposit,San Diego,85851.62,USD
ACC07962,CUST5747,Savings,Philadelphia,62473.91,JPY
ACC07963,CUST7527,Fixed Deposit,New York,74340.0,JPY
ACC07964,CUST6001,Fixed Deposit,New York,33387.08,USD
ACC07965,CUST5143,Recurring Deposit,San Antonio,53272.28,INR
ACC07966,CUST4957,Recurring Deposit,Houston,44662.74,INR
ACC07967,CUST7528,Fixed Deposit,Philadelphia,73435.19,EUR
ACC07968,CUST7529,Savings,Los Angeles,31984.53,USD
ACC07969,CUST7530,Current,Philadelphia,49406.61,USD
ACC07970,CUST7531,Fixed Deposit,San Diego,82430.17,EUR
ACC07971,CUST7532,Fixed Deposit,San Diego,28081.49,GBP
ACC07972,CUST7533,Fixed Deposit,New York,76520.61,JPY
ACC07973,CUST1681,Recurring Deposit,Chicago,94674.66,INR
ACC07974,CUST7534,Current,San Diego,8774.51,EUR
ACC07975,CUST7535,Fixed Deposit,New York,70011.78,JPY
ACC07976,CUST7536,Recurring Deposit,Chicago,10118.52,INR
ACC07977,CUST7537,Savings,San Antonio,53103.8,EUR
ACC07978,CUST7538,Recurring Deposit,Chicago,89002.75,JPY
ACC07979,CUST7539,Current,San Antonio,29785.05,GBP
ACC07980,CUST7540,Savings,Los Angeles,31062.5,INR
ACC07981,CUST7541,Savings,Los Angeles,18557.29,USD
ACC07982,CUST7542,Fixed Deposit,Phoenix,65869.91,INR
ACC07983,CUST7543,Savings,Philadelphia,18311.33,GBP
ACC07984,CUST7544,Fixed Deposit,San Diego,8519.36,INR
ACC07985,CUST7545,Fixed Deposit,Chicago,54234.76,EUR
ACC07986,CUST7546,Current,Los Angeles,54315.38,JPY
ACC07987,CUST7547,Current,San Antonio,39444.79,EUR
ACC07988,CUST7548,Recurring Deposit,New York,44934.92,INR
ACC07989,CUST7549,Fixed Deposit,San Antonio,60625.29,JPY
ACC07990,CUST7550,Current,San Diego,28813.18,INR
ACC07991,CUST7551,Savings,New York,77645.13,JPY
ACC07992,CUST7552,Fixed Deposit,Phoenix,21467.65,JPY
ACC07993,CUST7553,Savings,San Diego,57083.18,EUR
ACC07994,CUST7554,Recurring Deposit,Phoenix,11881.47,GBP
ACC07995,CUST7555,Savings,New York,72813.33,GBP
ACC07996,CUST7556,Current,Chicago,60003.17,INR
ACC07997,CUST7557,Savings,Chicago,4708.13,INR
ACC07998,CUST7558,Savings,San Antonio,85465.36,EUR
ACC07999,CUST7559,Fixed Deposit,Los Angeles,21111.82,EUR
ACC08000,CUST7560,Current,San Antonio,27627.56,USD
ACC08001,CUST7561,Fixed Deposit,New York,84662.74,EUR
ACC08002,CUST7562,Current,San Antonio,45000.6,JPY
ACC08003,CUST7563,Fixed Deposit,San Diego,94602.46,INR
ACC08004,CUST7564,Current,Houston,55589.17,GBP
ACC08005,CUST7565,Recurring Deposit,San Diego,88052.46,USD
ACC08006,CUST7566,Savings,Philadelphia,28282.39,GBP
ACC08007,CUST7567,Fixed Deposit,New York,3722.98,INR
ACC08008,CUST7568,Fixed Deposit,Phoenix,76659.03,INR
ACC08009,CUST7569,Fixed Deposit,San Diego,15367.76,EUR
ACC08010,CUST7570,Recurring Deposit,Houston,30949.32,JPY
ACC08011,CUST7571,Current,Houston,30063.97,EUR
ACC08012,CUST7572,Current,San Antonio,760.7,JPY
ACC08013,CUST7573,Savings,San Diego,59143.87,JPY
ACC08014,CUST7574,Fixed Deposit,Houston,96513.45,USD
ACC08015,CUST7575,Recurring Deposit,New York,11165.08,GBP
ACC08016,CUST7576,Fixed Deposit,Chicago,29683.35,GBP
ACC08017,CUST7577,Savings,Chicago,8511.39,EUR
ACC08018,CUST7578,Current,Houston,78341.25,INR
ACC08019,CUST7579,Current,Philadelphia,39788.25,USD
ACC08020,CUST7580,Fixed Deposit,San Antonio,7855.62,INR
ACC08021,CUST7581,Recurring Deposit,San Diego,43130.07,GBP
ACC08022,CUST7582,Savings,New York,65984.96,EUR
ACC08023,CUST7583,Fixed Deposit,Los Angeles,68919.32,GBP
ACC08024,CUST2689,Fixed Deposit,Houston,13305.76,GBP
ACC08025,CUST7584,Savings,Los Angeles,93523.91,EUR
ACC08026,CUST7585,Savings,Los Angeles,33454.66,INR
ACC08027,CUST7586,Recurring Deposit,Philadelphia,31932.66,GBP
ACC08028,CUST0411,Savings,San Antonio,20320.76,JPY
ACC08029,CUST7587,Fixed Deposit,Houston,20590.39,INR
ACC08030,CUST7588,Recurring Deposit,San Diego,27361.61,EUR
ACC08031,CUST6431,Current,Philadelphia,6423.08,USD
ACC08032,CUST7589,Savings,Chicago,84608.4,JPY
ACC08033,CUST7590,Current,San Diego,52825.59,GBP
ACC08034,CUST7591,Savings,Houston,22950.96,EUR
ACC08035,CUST1797,Savings,Los Angeles,20068.1,JPY
ACC08036,CUST7592,Fixed Deposit,Philadelphia,28513.16,INR
ACC08037,CUST7593,Savings,New York,4048.08,GBP
ACC08038,CUST7594,Savings,Phoenix,78001.74,EUR
ACC08039,CUST2593,Recurring Deposit,Philadelphia,20262.66,USD
ACC08040,CUST7595,Current,Phoenix,90049.44,USD
ACC08041,CUST7596,Recurring Deposit,Chicago,46790.0,GBP
ACC08042,CUST7597,Savings,San Diego,51646.48,USD
ACC08043,CUST7598,Recurring Deposit,Chicago,22254.43,EUR
ACC08044,CUST7599,Savings,San Diego,43689.1,GBP
ACC08045,CUST7600,Recurring Deposit,Chicago,70429.98,GBP
ACC08046,CUST7601,Current,Phoenix,84246.76,EUR
ACC08047,CUST1928,Savings,Los Angeles,83745.53,EUR
ACC08048,CUST7602,Savings,Houston,16503.18,JPY
ACC08049,CUST7603,Current,Phoenix,62422.29,EUR
ACC08050,CUST2922,Fixed Deposit,New York,25615.6,EUR
ACC08051,CUST7604,Recurring Deposit,New York,85182.27,INR
ACC08052,CUST7605,Current,San Diego,81689.8,GBP
ACC08053,CUST7606,Savings,San Antonio,36053.73,INR
ACC08054,CUST7607,Fixed Deposit,San Antonio,90248.27,JPY
ACC08055,CUST7608,Fixed Deposit,Phoenix,49317.55,EUR
ACC08056,CUST7609,Savings,Phoenix,44116.63,JPY
ACC08057,CUST6344,Savings,Chicago,99195.91,INR
ACC08058,CUST7610,Savings,New York,56745.2,INR
ACC08059,CUST7611,Current,Los Angeles,1229.58,JPY
ACC08060,CUST7612,Fixed Deposit,Los Angeles,30889.9,USD
ACC08061,CUST7613,Recurring Deposit,Los Angeles,98728.54,JPY
ACC08062,CUST7614,Current,Houston,73526.93,GBP
ACC08063,CUST7615,Savings,Los Angeles,51381.48,INR
ACC08064,CUST7616,Recurring Deposit,Houston,52676.88,JPY
ACC08065,CUST7617,Recurring Deposit,Chicago,96284.51,INR
ACC08066,CUST7618,Current,Houston,56700.28,EUR
ACC08067,CUST7232,Current,New York,4055.14,USD
ACC08068,CUST7619,Recurring Deposit,Chicago,10346.58,GBP
ACC08069,CUST7620,Savings,Houston,49027.86,EUR
ACC08070,CUST7621,Savings,Philadelphia,74924.5,INR
ACC08071,CUST7622,Current,Houston,44522.72,USD
ACC08072,CUST7623,Current,Philadelphia,20249.82,INR
ACC08073,CUST7624,Savings,Phoenix,40905.79,JPY
ACC08074,CUST7625,Recurring Deposit,Phoenix,57316.91,USD
ACC08075,CUST7626,Savings,New York,14492.69,INR
ACC08076,CUST7627,Recurring Deposit,San Diego,59443.7,GBP
ACC08077,CUST7628,Current,Los Angeles,59328.57,INR
ACC08078,CUST7629,Recurring Deposit,New York,62369.51,INR
ACC08079,CUST7630,Fixed Deposit,San Antonio,73140.02,INR
ACC08080,CUST7631,Current,San Diego,94590.85,GBP
ACC08081,CUST2900,Current,San Diego,46213.07,EUR
ACC08082,CUST7632,Savings,Chicago,12229.37,GBP
ACC08083,CUST7449,Current,Philadelphia,58388.83,INR
ACC08084,CUST7633,Recurring Deposit,Philadelphia,27693.0,USD
ACC08085,CUST7634,Savings,New York,28243.81,INR
ACC08086,CUST7635,Recurring Deposit,Houston,65420.88,GBP
ACC08087,CUST7636,Savings,Houston,35672.08,JPY
ACC08088,CUST7637,Savings,San Antonio,82805.59,GBP
ACC08089,CUST7638,Fixed Deposit,San Antonio,4137.63,JPY
ACC08090,CUST7639,Savings,Phoenix,63218.06,GBP
ACC08091,CUST7640,Recurring Deposit,San Antonio,20097.44,USD
ACC08092,CUST7641,Current,Philadelphia,92093.81,USD
ACC08093,CUST7642,Recurring Deposit,Chicago,95769.32,GBP
ACC08094,CUST7643,Fixed Deposit,Phoenix,43622.65,GBP
ACC08095,CUST7644,Savings,San Antonio,17260.46,JPY
ACC08096,CUST7645,Savings,Philadelphia,79906.73,JPY
ACC08097,CUST7646,Savings,San Antonio,40541.0,GBP
ACC08098,CUST7647,Recurring Deposit,San Diego,19883.93,EUR
ACC08099,CUST7648,Current,Phoenix,51370.68,GBP
ACC08100,CUST7649,Recurring Deposit,Phoenix,7413.43,INR
ACC08101,CUST7650,Savings,San Diego,68497.97,USD
ACC08102,CUST7651,Fixed Deposit,San Diego,97230.57,JPY
ACC08103,CUST7652,Current,San Antonio,82659.76,USD
ACC08104,CUST7653,Fixed Deposit,New York,96635.67,JPY
ACC08105,CUST7654,Fixed Deposit,Philadelphia,31251.53,GBP
ACC08106,CUST7655,Savings,Chicago,40057.33,GBP
ACC08107,CUST7656,Recurring Deposit,San Antonio,34723.63,INR
ACC08108,CUST7657,Current,New York,69590.05,USD
ACC08109,CUST7658,Fixed Deposit,San Diego,15896.51,JPY
ACC08110,CUST7659,Current,Philadelphia,23983.16,GBP
ACC08111,CUST7660,Fixed Deposit,Phoenix,25154.37,INR
ACC08112,CUST7661,Savings,Philadelphia,25244.96,EUR
ACC08113,CUST7662,Fixed Deposit,Phoenix,27635.63,USD
ACC08114,CUST5709,Recurring Deposit,San Diego,90885.02,USD
ACC08115,CUST7663,Savings,San Antonio,21048.84,INR
ACC08116,CUST7664,Savings,Chicago,41529.11,USD
ACC08117,CUST7665,Recurring Deposit,Philadelphia,81381.78,USD
ACC08118,CUST7666,Recurring Deposit,Chicago,81399.61,EUR
ACC08119,CUST7667,Savings,Los Angeles,48001.16,INR
ACC08120,CUST7668,Fixed Deposit,Houston,48981.88,INR
ACC08121,CUST7669,Recurring Deposit,Houston,42656.28,USD
ACC08122,CUST7670,Savings,Los Angeles,22800.06,INR
ACC08123,CUST7671,Fixed Deposit,Houston,45009.82,INR
ACC08124,CUST7672,Current,Chicago,87841.34,JPY
ACC08125,CUST7673,Savings,Philadelphia,90277.09,EUR
ACC08126,CUST7674,Fixed Deposit,New York,82754.8,GBP
ACC08127,CUST7675,Savings,Houston,25040.98,USD
ACC08128,CUST7676,Recurring Deposit,Chicago,19185.18,INR
ACC08129,CUST7677,Savings,New York,22320.76,USD
ACC08130,CUST7678,Fixed Deposit,Los Angeles,61446.62,EUR
ACC08131,CUST7679,Fixed Deposit,New York,65244.98,USD
ACC08132,CUST2373,Savings,New York,18412.46,USD
ACC08133,CUST7680,Fixed Deposit,New York,91974.32,USD
ACC08134,CUST7681,Fixed Deposit,Phoenix,16327.6,USD
ACC08135,CUST7682,Fixed Deposit,Philadelphia,37527.58,USD
ACC08136,CUST3165,Recurring Deposit,Phoenix,41800.64,JPY
ACC08137,CUST7683,Current,Phoenix,8205.81,EUR
ACC08138,CUST7684,Savings,Houston,83817.16,USD
ACC08139,CUST7685,Recurring Deposit,Phoenix,10598.81,INR
ACC08140,CUST7686,Savings,New York,90761.88,JPY
ACC08141,CUST7687,Fixed Deposit,Phoenix,66547.22,USD
ACC08142,CUST7688,Recurring Deposit,Los Angeles,61451.53,GBP
ACC08143,CUST7689,Recurring Deposit,Los Angeles,84833.56,INR
ACC08144,CUST7690,Savings,San Diego,46633.34,GBP
ACC08145,CUST7691,Recurring Deposit,San Diego,439.27,EUR
ACC08146,CUST7692,Savings,New York,76781.57,JPY
ACC08147,CUST7693,Current,Philadelphia,3392.14,INR
ACC08148,CUST7694,Fixed Deposit,Philadelphia,48626.56,JPY
ACC08149,CUST7695,Savings,San Antonio,95398.72,INR
ACC08150,CUST7696,Savings,Los Angeles,79937.75,JPY
ACC08151,CUST7697,Fixed Deposit,Phoenix,31818.22,EUR
ACC08152,CUST7698,Fixed Deposit,San Diego,76433.81,GBP
ACC08153,CUST7699,Recurring Deposit,Los Angeles,65323.3,JPY
ACC08154,CUST7700,Recurring Deposit,New York,74429.92,JPY
ACC08155,CUST4271,Fixed Deposit,San Antonio,15169.1,INR
ACC08156,CUST7701,Recurring Deposit,Houston,19707.37,GBP
ACC08157,CUST7702,Current,San Antonio,23513.04,JPY
ACC08158,CUST7703,Recurring Deposit,San Diego,72143.24,GBP
ACC08159,CUST7704,Current,Philadelphia,8204.22,JPY
ACC08160,CUST7705,Fixed Deposit,San Diego,40461.34,JPY
ACC08161,CUST7706,Fixed Deposit,Philadelphia,85188.05,INR
ACC08162,CUST7707,Current,Houston,48773.49,JPY
ACC08163,CUST7708,Recurring Deposit,Houston,63296.53,JPY
ACC08164,CUST7709,Savings,New York,5985.48,JPY
ACC08165,CUST7710,Current,San Diego,67940.57,INR
ACC08166,CUST7711,Current,San Antonio,76675.59,USD
ACC08167,CUST7712,Fixed Deposit,Los Angeles,65876.59,JPY
ACC08168,CUST7713,Savings,Phoenix,44978.69,INR
ACC08169,CUST7714,Savings,Phoenix,43113.74,INR
ACC08170,CUST7715,Savings,San Antonio,3149.41,GBP
ACC08171,CUST7716,Current,Houston,74017.88,GBP
ACC08172,CUST7717,Fixed Deposit,Chicago,50461.78,EUR
ACC08173,CUST7718,Current,New York,97174.83,EUR
ACC08174,CUST7719,Recurring Deposit,San Antonio,4017.05,USD
ACC08175,CUST7720,Recurring Deposit,Los Angeles,31780.52,GBP
ACC08176,CUST7721,Fixed Deposit,Philadelphia,25661.19,GBP
ACC08177,CUST7722,Current,San Diego,80122.5,JPY
ACC08178,CUST7723,Fixed Deposit,Philadelphia,37990.01,USD
ACC08179,CUST7724,Current,San Diego,39432.1,INR
ACC08180,CUST7725,Fixed Deposit,Houston,57442.35,GBP
ACC08181,CUST7726,Savings,Houston,35511.32,JPY
ACC08182,CUST7727,Recurring Deposit,San Diego,41352.18,INR
ACC08183,CUST7728,Recurring Deposit,Los Angeles,41845.04,GBP
ACC08184,CUST7729,Recurring Deposit,Phoenix,96713.23,GBP
ACC08185,CUST4621,Recurring Deposit,Los Angeles,53835.63,EUR
ACC08186,CUST7730,Savings,New York,13078.09,EUR
ACC08187,CUST1270,Savings,New York,70342.98,JPY
ACC08188,CUST7731,Current,San Diego,87496.4,JPY
ACC08189,CUST4479,Fixed Deposit,Phoenix,92987.69,EUR
ACC08190,CUST7732,Current,Phoenix,28523.82,JPY
ACC08191,CUST7733,Fixed Deposit,Philadelphia,95830.8,EUR
ACC08192,CUST7734,Current,Phoenix,30061.36,JPY
ACC08193,CUST7735,Current,San Antonio,71970.73,USD
ACC08194,CUST7736,Fixed Deposit,Phoenix,86628.11,GBP
ACC08195,CUST7737,Current,Los Angeles,92908.78,EUR
ACC08196,CUST7738,Savings,San Diego,7804.45,JPY
ACC08197,CUST7739,Savings,Chicago,32872.44,USD
ACC08198,CUST4456,Recurring Deposit,Chicago,42897.27,USD
ACC08199,CUST7740,Fixed Deposit,Los Angeles,87332.4,EUR
ACC08200,CUST7741,Recurring Deposit,Philadelphia,73450.77,USD
ACC08201,CUST7742,Current,San Antonio,93019.45,USD
ACC08202,CUST7743,Current,San Diego,8414.21,USD
ACC08203,CUST7744,Savings,Philadelphia,19831.15,INR
ACC08204,CUST7745,Current,New York,66907.65,EUR
ACC08205,CUST7746,Savings,Chicago,82809.08,EUR
ACC08206,CUST7747,Savings,Chicago,79517.39,USD
ACC08207,CUST7748,Fixed Deposit,Philadelphia,82633.04,USD
ACC08208,CUST7749,Fixed Deposit,Houston,52695.53,USD
ACC08209,CUST7750,Fixed Deposit,New York,79714.88,INR
ACC08210,CUST7751,Recurring Deposit,Los Angeles,86203.79,INR
ACC08211,CUST7752,Savings,Los Angeles,86957.34,JPY
ACC08212,CUST7753,Recurring Deposit,San Diego,55871.41,EUR
ACC08213,CUST7754,Fixed Deposit,San Antonio,42650.79,GBP
ACC08214,CUST4645,Current,New York,65940.7,INR
ACC08215,CUST7755,Savings,Phoenix,13016.57,INR
ACC08216,CUST7756,Recurring Deposit,New York,63949.51,USD
ACC08217,CUST7757,Fixed Deposit,New York,97311.12,USD
ACC08218,CUST7758,Recurring Deposit,New York,802.65,EUR
ACC08219,CUST7759,Recurring Deposit,Houston,99589.81,INR
ACC08220,CUST7760,Fixed Deposit,New York,8359.07,INR
ACC08221,CUST7761,Savings,Chicago,2057.5,JPY
ACC08222,CUST7762,Fixed Deposit,Philadelphia,28872.28,GBP
ACC08223,CUST7763,Fixed Deposit,Los Angeles,27487.27,GBP
ACC08224,CUST7764,Recurring Deposit,New York,97723.03,USD
ACC08225,CUST7765,Current,Philadelphia,48780.55,GBP
ACC08226,CUST7766,Savings,San Diego,47426.94,JPY
ACC08227,CUST7767,Recurring Deposit,San Antonio,69612.87,INR
ACC08228,CUST7768,Current,Chicago,43688.71,EUR
ACC08229,CUST3162,Fixed Deposit,Philadelphia,29224.48,JPY
ACC08230,CUST7769,Fixed Deposit,New York,45937.32,EUR
ACC08231,CUST7770,Fixed Deposit,Los Angeles,75052.4,JPY
ACC08232,CUST7771,Fixed Deposit,San Diego,55857.81,EUR
ACC08233,CUST7772,Current,Philadelphia,12969.67,JPY
ACC08234,CUST7773,Recurring Deposit,New York,48166.98,USD
ACC08235,CUST7774,Recurring Deposit,San Antonio,9322.69,USD
ACC08236,CUST7775,Fixed Deposit,Philadelphia,6811.94,USD
ACC08237,CUST7776,Recurring Deposit,Chicago,3895.88,GBP
ACC08238,CUST7777,Recurring Deposit,Philadelphia,5362.35,USD
ACC08239,CUST7778,Fixed Deposit,San Diego,70125.14,JPY
ACC08240,CUST7779,Current,Los Angeles,83971.38,INR
ACC08241,CUST7780,Recurring Deposit,San Antonio,27671.29,GBP
ACC08242,CUST7781,Fixed Deposit,Los Angeles,89935.95,EUR
ACC08243,CUST7782,Current,San Diego,7456.65,JPY
ACC08244,CUST7783,Recurring Deposit,Phoenix,53915.07,GBP
ACC08245,CUST7784,Current,Phoenix,14657.18,INR
ACC08246,CUST7785,Current,Chicago,40159.78,INR
ACC08247,CUST0456,Recurring Deposit,Phoenix,93300.97,EUR
ACC08248,CUST7786,Savings,Phoenix,98251.14,JPY
ACC08249,CUST7787,Fixed Deposit,Houston,67363.33,EUR
ACC08250,CUST7788,Current,Chicago,10095.78,JPY
ACC08251,CUST7789,Fixed Deposit,New York,73411.76,JPY
ACC08252,CUST7790,Fixed Deposit,Philadelphia,45966.2,USD
ACC08253,CUST7791,Fixed Deposit,San Antonio,37463.84,INR
ACC08254,CUST7792,Savings,Philadelphia,31481.24,EUR
ACC08255,CUST7793,Fixed Deposit,New York,99244.6,INR
ACC08256,CUST7794,Recurring Deposit,Philadelphia,5640.25,INR
ACC08257,CUST4792,Recurring Deposit,Phoenix,29291.68,GBP
ACC08258,CUST7795,Current,San Antonio,99332.81,GBP
ACC08259,CUST7796,Current,San Antonio,52163.01,USD
ACC08260,CUST1986,Savings,New York,15051.47,JPY
ACC08261,CUST7797,Recurring Deposit,Los Angeles,84683.9,JPY
ACC08262,CUST7798,Recurring Deposit,San Diego,35875.25,USD
ACC08263,CUST7799,Fixed Deposit,New York,18394.48,INR
ACC08264,CUST7800,Recurring Deposit,Los Angeles,85417.55,EUR
ACC08265,CUST7801,Recurring Deposit,Houston,93100.27,EUR
ACC08266,CUST7802,Recurring Deposit,Los Angeles,99018.24,JPY
ACC08267,CUST7803,Recurring Deposit,Houston,12393.45,USD
ACC08268,CUST7804,Savings,San Diego,44714.34,GBP
ACC08269,CUST7805,Recurring Deposit,San Antonio,74025.39,GBP
ACC08270,CUST7806,Current,New York,84145.38,JPY
ACC08271,CUST7807,Current,San Diego,6414.48,GBP
ACC08272,CUST7808,Recurring Deposit,Chicago,6438.61,INR
ACC08273,CUST7809,Current,Chicago,28347.5,GBP
ACC08274,CUST7810,Fixed Deposit,New York,50533.58,EUR
ACC08275,CUST7811,Fixed Deposit,Phoenix,22626.52,JPY
ACC08276,CUST7812,Current,Philadelphia,72926.14,INR
ACC08277,CUST7813,Savings,San Diego,93095.28,INR
ACC08278,CUST7814,Recurring Deposit,Houston,13118.38,INR
ACC08279,CUST7815,Fixed Deposit,Houston,82801.19,USD
ACC08280,CUST7816,Savings,San Antonio,81547.74,INR
ACC08281,CUST7817,Recurring Deposit,Los Angeles,70902.94,JPY
ACC08282,CUST2142,Savings,Philadelphia,78415.91,EUR
ACC08283,CUST7818,Fixed Deposit,Chicago,84254.51,USD
ACC08284,CUST7819,Savings,Los Angeles,83018.34,GBP
ACC08285,CUST7820,Current,Phoenix,72843.62,INR
ACC08286,CUST7821,Recurring Deposit,San Antonio,72684.42,USD
ACC08287,CUST1392,Recurring Deposit,Phoenix,59406.8,USD
ACC08288,CUST7822,Savings,Los Angeles,14424.37,EUR
ACC08289,CUST7823,Fixed Deposit,Los Angeles,42564.9,EUR
ACC08290,CUST7824,Fixed Deposit,New York,15574.78,USD
ACC08291,CUST4671,Fixed Deposit,Los Angeles,81493.17,EUR
ACC08292,CUST1335,Current,Chicago,5234.21,USD
ACC08293,CUST7825,Fixed Deposit,Los Angeles,31269.91,GBP
ACC08294,CUST7826,Recurring Deposit,Phoenix,30882.99,INR
ACC08295,CUST7827,Recurring Deposit,San Diego,97191.98,INR
ACC08296,CUST7828,Recurring Deposit,Houston,88496.09,GBP
ACC08297,CUST7829,Savings,San Diego,30311.19,EUR
ACC08298,CUST7830,Current,Los Angeles,77992.64,INR
ACC08299,CUST7831,Current,San Antonio,42769.32,GBP
ACC08300,CUST7832,Current,Philadelphia,74284.09,EUR
ACC08301,CUST1816,Fixed Deposit,Chicago,96228.6,INR
ACC08302,CUST7833,Recurring Deposit,Philadelphia,26649.83,EUR
ACC08303,CUST7834,Fixed Deposit,San Antonio,66645.74,GBP
ACC08304,CUST7835,Recurring Deposit,Houston,46595.17,JPY
ACC08305,CUST3255,Fixed Deposit,Phoenix,86624.55,GBP
ACC08306,CUST7836,Fixed Deposit,Chicago,98175.08,INR
ACC08307,CUST7837,Recurring Deposit,Houston,46914.93,USD
ACC08308,CUST7838,Savings,Los Angeles,11013.68,JPY
ACC08309,CUST7839,Savings,New York,63140.59,GBP
ACC08310,CUST7840,Current,San Antonio,35897.45,EUR
ACC08311,CUST4222,Recurring Deposit,Houston,85583.73,EUR
ACC08312,CUST7841,Savings,Philadelphia,60583.54,GBP
ACC08313,CUST7842,Current,Philadelphia,90836.02,JPY
ACC08314,CUST7843,Savings,Philadelphia,98389.77,JPY
ACC08315,CUST7844,Current,Houston,85123.8,USD
ACC08316,CUST7845,Fixed Deposit,Los Angeles,53963.19,GBP
ACC08317,CUST7846,Savings,San Diego,43068.4,EUR
ACC08318,CUST7847,Fixed Deposit,San Diego,60198.44,INR
ACC08319,CUST7848,Recurring Deposit,San Diego,10689.01,INR
ACC08320,CUST7849,Recurring Deposit,Los Angeles,9676.93,INR
ACC08321,CUST2210,Fixed Deposit,New York,27563.95,INR
ACC08322,CUST7850,Recurring Deposit,Los Angeles,13940.9,INR
ACC08323,CUST7851,Fixed Deposit,San Diego,84623.07,USD
ACC08324,CUST7852,Recurring Deposit,Philadelphia,56827.72,GBP
ACC08325,CUST7853,Fixed Deposit,Phoenix,59205.85,EUR
ACC08326,CUST3480,Fixed Deposit,Houston,3414.52,USD
ACC08327,CUST7854,Recurring Deposit,Los Angeles,99679.31,JPY
ACC08328,CUST7855,Savings,Chicago,34413.15,USD
ACC08329,CUST7856,Savings,Houston,71929.43,USD
ACC08330,CUST7857,Fixed Deposit,Los Angeles,85457.2,EUR
ACC08331,CUST7858,Recurring Deposit,Houston,27050.48,USD
ACC08332,CUST7859,Current,Phoenix,36846.11,EUR
ACC08333,CUST7860,Recurring Deposit,San Diego,37922.58,GBP
ACC08334,CUST7861,Current,Philadelphia,86418.94,EUR
ACC08335,CUST7862,Recurring Deposit,San Diego,26763.02,EUR
ACC08336,CUST7863,Recurring Deposit,San Diego,75677.04,GBP
ACC08337,CUST7864,Savings,Phoenix,42935.69,EUR
ACC08338,CUST7865,Fixed Deposit,Houston,57308.39,USD
ACC08339,CUST7866,Fixed Deposit,Phoenix,93958.61,EUR
ACC08340,CUST1180,Savings,Chicago,23231.19,JPY
ACC08341,CUST7867,Savings,Philadelphia,97225.0,EUR
ACC08342,CUST7868,Savings,San Antonio,61364.63,INR
ACC08343,CUST7869,Fixed Deposit,Chicago,60877.77,GBP
ACC08344,CUST7870,Savings,Phoenix,64696.43,INR
ACC08345,CUST7871,Current,Philadelphia,88397.26,JPY
ACC08346,CUST7872,Fixed Deposit,Houston,92301.29,EUR
ACC08347,CUST7873,Savings,Los Angeles,14697.15,INR
ACC08348,CUST7874,Recurring Deposit,San Antonio,43080.37,GBP
ACC08349,CUST7875,Current,Chicago,90731.19,EUR
ACC08350,CUST7876,Recurring Deposit,Houston,7675.15,USD
ACC08351,CUST7877,Recurring Deposit,Chicago,3440.59,EUR
ACC08352,CUST7878,Recurring Deposit,San Antonio,55117.18,EUR
ACC08353,CUST7879,Fixed Deposit,Los Angeles,89760.7,USD
ACC08354,CUST7880,Savings,Phoenix,93271.05,USD
ACC08355,CUST7881,Fixed Deposit,Houston,70303.71,JPY
ACC08356,CUST1480,Savings,Chicago,66739.68,GBP
ACC08357,CUST7882,Fixed Deposit,San Diego,64469.84,GBP
ACC08358,CUST7883,Fixed Deposit,San Diego,59813.44,EUR
ACC08359,CUST7884,Fixed Deposit,San Diego,11639.33,USD
ACC08360,CUST7885,Recurring Deposit,Houston,12926.06,INR
ACC08361,CUST7886,Recurring Deposit,San Antonio,61269.03,JPY
ACC08362,CUST7887,Current,San Antonio,51921.3,INR
ACC08363,CUST7888,Savings,Houston,72115.67,EUR
ACC08364,CUST7889,Current,Houston,57576.12,USD
ACC08365,CUST7890,Current,New York,47926.93,JPY
ACC08366,CUST7891,Savings,San Diego,54929.93,USD
ACC08367,CUST7892,Recurring Deposit,San Diego,98194.38,USD
ACC08368,CUST7893,Recurring Deposit,Phoenix,90997.1,EUR
ACC08369,CUST7894,Current,Philadelphia,31064.73,GBP
ACC08370,CUST7895,Savings,San Diego,40960.16,GBP
ACC08371,CUST7896,Current,Philadelphia,36734.51,EUR
ACC08372,CUST7897,Current,San Antonio,24182.38,EUR
ACC08373,CUST7898,Recurring Deposit,Chicago,64246.61,JPY
ACC08374,CUST7899,Savings,Houston,74877.16,USD
ACC08375,CUST7900,Current,New York,95825.05,INR
ACC08376,CUST7901,Savings,Los Angeles,56299.97,JPY
ACC08377,CUST7902,Fixed Deposit,San Antonio,63273.08,GBP
ACC08378,CUST7903,Fixed Deposit,Chicago,19570.22,INR
ACC08379,CUST7904,Current,Philadelphia,95607.49,INR
ACC08380,CUST7905,Fixed Deposit,San Diego,1230.51,GBP
ACC08381,CUST7906,Recurring Deposit,New York,68553.74,EUR
ACC08382,CUST7907,Savings,Philadelphia,21972.82,EUR
ACC08383,CUST7908,Recurring Deposit,Philadelphia,18030.05,JPY
ACC08384,CUST7909,Savings,Houston,60568.12,EUR
ACC08385,CUST7910,Savings,Phoenix,42832.92,EUR
ACC08386,CUST7911,Current,Chicago,24507.8,GBP
ACC08387,CUST7912,Recurring Deposit,Philadelphia,18087.7,INR
ACC08388,CUST7913,Fixed Deposit,New York,84047.4,USD
ACC08389,CUST7914,Savings,Phoenix,94003.55,INR
ACC08390,CUST7915,Current,Chicago,99169.0,USD
ACC08391,CUST7916,Savings,San Antonio,60882.93,GBP
ACC08392,CUST4516,Recurring Deposit,Chicago,87511.45,GBP
ACC08393,CUST7917,Recurring Deposit,San Diego,61044.14,GBP
ACC08394,CUST5849,Current,Houston,22099.41,INR
ACC08395,CUST7918,Current,Houston,52390.28,GBP
ACC08396,CUST7919,Current,New York,6857.86,GBP
ACC08397,CUST7920,Savings,Houston,11170.36,JPY
ACC08398,CUST7921,Fixed Deposit,New York,2036.77,USD
ACC08399,CUST7922,Current,Los Angeles,19880.34,USD
ACC08400,CUST7923,Recurring Deposit,Phoenix,19177.87,USD
ACC08401,CUST7924,Recurring Deposit,New York,40968.02,EUR
ACC08402,CUST7925,Savings,Philadelphia,98770.39,USD
ACC08403,CUST7926,Recurring Deposit,Phoenix,7359.37,JPY
ACC08404,CUST7927,Current,Houston,75163.72,GBP
ACC08405,CUST7928,Recurring Deposit,Phoenix,71748.35,USD
ACC08406,CUST7929,Recurring Deposit,San Antonio,83214.45,EUR
ACC08407,CUST7930,Current,New York,41901.2,GBP
ACC08408,CUST7931,Current,San Diego,89849.89,GBP
ACC08409,CUST7932,Savings,San Diego,65484.36,USD
ACC08410,CUST7933,Current,Phoenix,79058.47,EUR
ACC08411,CUST7934,Recurring Deposit,San Diego,88313.54,EUR
ACC08412,CUST7935,Recurring Deposit,Los Angeles,76709.01,JPY
ACC08413,CUST7936,Savings,Los Angeles,15747.52,INR
ACC08414,CUST7937,Recurring Deposit,Phoenix,22987.33,JPY
ACC08415,CUST7938,Recurring Deposit,Los Angeles,15053.02,GBP
ACC08416,CUST7939,Current,Houston,50328.66,EUR
ACC08417,CUST7940,Recurring Deposit,Houston,31876.39,JPY
ACC08418,CUST0087,Fixed Deposit,New York,32802.85,USD
ACC08419,CUST7941,Current,Phoenix,3052.27,USD
ACC08420,CUST7942,Recurring Deposit,Philadelphia,42437.92,INR
ACC08421,CUST3225,Savings,Los Angeles,70905.81,INR
ACC08422,CUST7943,Fixed Deposit,San Diego,8278.26,INR
ACC08423,CUST7944,Current,Chicago,3959.89,EUR
ACC08424,CUST7945,Savings,Phoenix,19924.32,GBP
ACC08425,CUST7946,Fixed Deposit,San Antonio,12439.17,INR
ACC08426,CUST7947,Recurring Deposit,San Antonio,33822.22,EUR
ACC08427,CUST2767,Recurring Deposit,New York,15892.22,USD
ACC08428,CUST7948,Current,Chicago,14820.25,EUR
ACC08429,CUST7949,Fixed Deposit,Phoenix,43524.26,EUR
ACC08430,CUST7950,Current,San Antonio,75662.31,USD
ACC08431,CUST7951,Current,Chicago,93991.05,JPY
ACC08432,CUST7952,Fixed Deposit,Phoenix,4371.18,EUR
ACC08433,CUST7953,Current,San Antonio,20618.4,JPY
ACC08434,CUST7954,Current,Los Angeles,69001.5,USD
ACC08435,CUST7955,Current,Houston,44380.69,INR
ACC08436,CUST7956,Fixed Deposit,Los Angeles,7623.11,GBP
ACC08437,CUST7957,Recurring Deposit,Philadelphia,64879.32,JPY
ACC08438,CUST7958,Recurring Deposit,Los Angeles,66643.6,GBP
ACC08439,CUST7959,Recurring Deposit,San Diego,57017.7,USD
ACC08440,CUST7960,Fixed Deposit,New York,98503.9,JPY
ACC08441,CUST7961,Savings,Los Angeles,95998.45,INR
ACC08442,CUST3982,Recurring Deposit,San Antonio,51614.79,GBP
ACC08443,CUST7962,Savings,Chicago,81941.21,INR
ACC08444,CUST7963,Recurring Deposit,Los Angeles,16020.65,USD
ACC08445,CUST7964,Savings,San Antonio,52978.48,INR
ACC08446,CUST7965,Savings,Chicago,44791.74,GBP
ACC08447,CUST7966,Savings,San Diego,94964.12,GBP
ACC08448,CUST7967,Current,Chicago,31383.47,JPY
ACC08449,CUST7968,Savings,San Diego,92253.92,INR
ACC08450,CUST7969,Savings,San Antonio,822.18,EUR
ACC08451,CUST7970,Current,San Antonio,17760.14,GBP
ACC08452,CUST7971,Savings,San Diego,24525.5,USD
ACC08453,CUST7972,Fixed Deposit,Phoenix,42545.08,EUR
ACC08454,CUST7973,Savings,Philadelphia,83988.63,GBP
ACC08455,CUST7974,Current,Chicago,49964.41,EUR
ACC08456,CUST2132,Savings,Houston,75847.35,GBP
ACC08457,CUST7975,Recurring Deposit,Chicago,57316.73,USD
ACC08458,CUST7976,Fixed Deposit,San Diego,8484.11,INR
ACC08459,CUST7977,Fixed Deposit,San Antonio,82296.19,EUR
ACC08460,CUST7978,Recurring Deposit,Chicago,42661.51,EUR
ACC08461,CUST7979,Savings,Phoenix,30704.58,EUR
ACC08462,CUST7980,Current,Phoenix,57474.49,USD
ACC08463,CUST1401,Recurring Deposit,Los Angeles,38118.62,INR
ACC08464,CUST7981,Savings,Houston,42491.46,EUR
ACC08465,CUST7982,Savings,Chicago,19672.19,GBP
ACC08466,CUST7983,Current,Philadelphia,74936.74,GBP
ACC08467,CUST7984,Savings,Philadelphia,39586.16,EUR
ACC08468,CUST7985,Savings,Phoenix,28148.32,EUR
ACC08469,CUST7986,Savings,San Antonio,33852.4,GBP
ACC08470,CUST7987,Fixed Deposit,San Antonio,70925.34,GBP
ACC08471,CUST7988,Current,New York,42061.42,JPY
ACC08472,CUST0233,Current,Chicago,73591.39,USD
ACC08473,CUST7989,Recurring Deposit,Chicago,88212.42,USD
ACC08474,CUST7990,Savings,San Diego,5195.54,GBP
ACC08475,CUST7991,Recurring Deposit,San Diego,415.74,EUR
ACC08476,CUST2584,Savings,New York,49176.82,JPY
ACC08477,CUST7992,Fixed Deposit,Chicago,19071.15,USD
ACC08478,CUST7993,Fixed Deposit,Philadelphia,36034.76,GBP
ACC08479,CUST4653,Recurring Deposit,Houston,77179.28,USD
ACC08480,CUST7994,Fixed Deposit,New York,99812.54,GBP
ACC08481,CUST7995,Current,San Antonio,73152.18,JPY
ACC08482,CUST7996,Savings,Philadelphia,79093.75,GBP
ACC08483,CUST7997,Fixed Deposit,Los Angeles,98575.92,INR
ACC08484,CUST7998,Savings,Philadelphia,533.04,JPY
ACC08485,CUST7999,Savings,Houston,52597.25,GBP
ACC08486,CUST8000,Current,San Diego,39107.84,USD
ACC08487,CUST8001,Savings,San Antonio,58534.37,USD
ACC08488,CUST8002,Fixed Deposit,Philadelphia,8105.95,GBP
ACC08489,CUST8003,Recurring Deposit,Houston,31016.32,JPY
ACC08490,CUST8004,Current,San Antonio,7298.7,GBP
ACC08491,CUST8005,Recurring Deposit,New York,37890.72,JPY
ACC08492,CUST8006,Recurring Deposit,Phoenix,10667.31,EUR
ACC08493,CUST7805,Savings,Chicago,37492.37,USD
ACC08494,CUST8007,Current,Los Angeles,38159.18,JPY
ACC08495,CUST1986,Fixed Deposit,Houston,67892.75,EUR
ACC08496,CUST8008,Savings,Houston,76216.92,INR
ACC08497,CUST8009,Savings,New York,56087.92,USD
ACC08498,CUST8010,Current,Houston,66323.64,JPY
ACC08499,CUST8011,Current,Chicago,75434.92,GBP
ACC08500,CUST8012,Recurring Deposit,Phoenix,69173.31,USD
ACC08501,CUST8013,Savings,Chicago,73389.53,EUR
ACC08502,CUST8014,Recurring Deposit,New York,31494.59,JPY
ACC08503,CUST8015,Current,Phoenix,49677.95,USD
ACC08504,CUST8016,Recurring Deposit,San Diego,38785.49,GBP
ACC08505,CUST8017,Current,New York,30522.04,USD
ACC08506,CUST8018,Current,Philadelphia,47381.86,INR
ACC08507,CUST8019,Current,New York,69364.64,INR
ACC08508,CUST8020,Current,San Diego,8301.07,GBP
ACC08509,CUST8021,Fixed Deposit,Philadelphia,58223.94,INR
ACC08510,CUST8022,Current,San Diego,54030.35,EUR
ACC08511,CUST8023,Current,San Diego,77903.7,INR
ACC08512,CUST8024,Recurring Deposit,San Antonio,89311.93,JPY
ACC08513,CUST8025,Savings,Chicago,28766.79,USD
ACC08514,CUST8026,Current,San Antonio,27002.49,USD
ACC08515,CUST7513,Current,Houston,12107.53,INR
ACC08516,CUST8027,Fixed Deposit,Philadelphia,81787.44,USD
ACC08517,CUST8028,Recurring Deposit,Los Angeles,34632.28,JPY
ACC08518,CUST8029,Fixed Deposit,Phoenix,86826.03,JPY
ACC08519,CUST8030,Current,Houston,86266.19,INR
ACC08520,CUST8031,Fixed Deposit,Chicago,27251.22,USD
ACC08521,CUST8032,Savings,San Antonio,4279.17,EUR
ACC08522,CUST8033,Recurring Deposit,Philadelphia,35100.54,GBP
ACC08523,CUST8034,Current,San Diego,930.96,JPY
ACC08524,CUST8035,Fixed Deposit,Houston,61588.46,EUR
ACC08525,CUST3097,Current,Houston,2317.45,EUR
ACC08526,CUST8036,Recurring Deposit,Chicago,5392.47,USD
ACC08527,CUST8037,Fixed Deposit,Los Angeles,32129.55,EUR
ACC08528,CUST8038,Savings,New York,93730.41,EUR
ACC08529,CUST8039,Recurring Deposit,Chicago,92851.52,USD
ACC08530,CUST8040,Recurring Deposit,Chicago,80489.78,INR
ACC08531,CUST8041,Recurring Deposit,Philadelphia,44649.99,GBP
ACC08532,CUST8042,Savings,Chicago,16511.13,GBP
ACC08533,CUST0395,Recurring Deposit,San Antonio,11587.84,INR
ACC08534,CUST8043,Savings,Houston,10109.92,EUR
ACC08535,CUST8044,Recurring Deposit,Chicago,3336.03,GBP
ACC08536,CUST8045,Fixed Deposit,San Antonio,52789.31,INR
ACC08537,CUST8046,Recurring Deposit,Phoenix,14373.69,GBP
ACC08538,CUST8047,Fixed Deposit,Los Angeles,9541.12,JPY
ACC08539,CUST8048,Recurring Deposit,Chicago,37578.64,USD
ACC08540,CUST8049,Savings,Los Angeles,84300.37,GBP
ACC08541,CUST4573,Fixed Deposit,Los Angeles,15272.21,JPY
ACC08542,CUST8050,Recurring Deposit,Chicago,66396.74,GBP
ACC08543,CUST8051,Fixed Deposit,Los Angeles,82952.01,USD
ACC08544,CUST8052,Recurring Deposit,San Antonio,4247.64,GBP
ACC08545,CUST8053,Fixed Deposit,San Diego,98952.16,INR
ACC08546,CUST2850,Fixed Deposit,Phoenix,44097.99,EUR
ACC08547,CUST8054,Current,Phoenix,40905.43,USD
ACC08548,CUST8055,Recurring Deposit,Phoenix,27268.58,JPY
ACC08549,CUST3565,Current,Los Angeles,10485.26,EUR
ACC08550,CUST8056,Savings,Philadelphia,14313.09,GBP
ACC08551,CUST8057,Recurring Deposit,Chicago,16795.15,JPY
ACC08552,CUST8058,Current,Phoenix,50883.04,GBP
ACC08553,CUST8059,Fixed Deposit,Houston,77896.3,USD
ACC08554,CUST8060,Current,Los Angeles,94508.97,JPY
ACC08555,CUST8061,Current,Philadelphia,50317.17,USD
ACC08556,CUST8062,Fixed Deposit,Phoenix,65579.89,GBP
ACC08557,CUST8063,Recurring Deposit,Los Angeles,74883.77,JPY
ACC08558,CUST8064,Recurring Deposit,Phoenix,50321.86,GBP
ACC08559,CUST8065,Savings,Los Angeles,87761.77,GBP
ACC08560,CUST8066,Savings,San Antonio,39255.72,INR
ACC08561,CUST8067,Fixed Deposit,San Diego,91177.49,EUR
ACC08562,CUST8068,Current,San Diego,49535.66,INR
ACC08563,CUST8069,Recurring Deposit,Houston,57111.26,INR
ACC08564,CUST8070,Savings,Houston,71175.31,GBP
ACC08565,CUST4422,Savings,Houston,82147.72,JPY
ACC08566,CUST8071,Current,Houston,71990.29,JPY
ACC08567,CUST8072,Recurring Deposit,San Antonio,3965.14,JPY
ACC08568,CUST8073,Savings,Philadelphia,21990.5,EUR
ACC08569,CUST8074,Fixed Deposit,San Diego,18231.01,GBP
ACC08570,CUST8075,Recurring Deposit,San Antonio,51912.16,JPY
ACC08571,CUST8076,Current,Houston,21935.45,INR
ACC08572,CUST8077,Fixed Deposit,San Antonio,91258.17,USD
ACC08573,CUST8078,Recurring Deposit,Houston,69525.17,GBP
ACC08574,CUST8079,Recurring Deposit,Phoenix,6160.8,GBP
ACC08575,CUST8080,Recurring Deposit,Philadelphia,95887.56,EUR
ACC08576,CUST2709,Recurring Deposit,Houston,16659.44,GBP
ACC08577,CUST8081,Savings,Chicago,43259.62,INR
ACC08578,CUST8082,Current,San Diego,64121.53,INR
ACC08579,CUST8083,Savings,San Antonio,37116.82,EUR
ACC08580,CUST8084,Savings,Chicago,60635.74,JPY
ACC08581,CUST8085,Fixed Deposit,New York,48720.16,GBP
ACC08582,CUST8086,Recurring Deposit,Chicago,70707.87,INR
ACC08583,CUST8087,Recurring Deposit,Philadelphia,65141.11,EUR
ACC08584,CUST8088,Recurring Deposit,Los Angeles,41550.28,INR
ACC08585,CUST8089,Current,Houston,86552.76,USD
ACC08586,CUST8090,Current,Phoenix,27172.52,INR
ACC08587,CUST8091,Savings,San Antonio,80981.94,JPY
ACC08588,CUST8092,Recurring Deposit,Houston,89175.26,GBP
ACC08589,CUST6187,Fixed Deposit,Philadelphia,82481.57,GBP
ACC08590,CUST8093,Fixed Deposit,New York,18684.05,INR
ACC08591,CUST8094,Savings,New York,54054.33,GBP
ACC08592,CUST8095,Current,Houston,22556.63,EUR
ACC08593,CUST8096,Savings,Chicago,83602.8,EUR
ACC08594,CUST8097,Current,Phoenix,66096.36,EUR
ACC08595,CUST8098,Fixed Deposit,Chicago,30581.03,GBP
ACC08596,CUST4599,Current,Chicago,51991.61,JPY
ACC08597,CUST8099,Recurring Deposit,Los Angeles,82499.0,USD
ACC08598,CUST8100,Recurring Deposit,Phoenix,84988.79,INR
ACC08599,CUST8101,Savings,San Diego,22495.1,INR
ACC08600,CUST8102,Fixed Deposit,Houston,69466.07,EUR
ACC08601,CUST8103,Savings,Phoenix,34587.37,INR
ACC08602,CUST8104,Fixed Deposit,Houston,23340.48,INR
ACC08603,CUST0630,Savings,Houston,61334.76,JPY
ACC08604,CUST8105,Recurring Deposit,Chicago,98657.62,INR
ACC08605,CUST8106,Recurring Deposit,New York,94159.32,INR
ACC08606,CUST8107,Fixed Deposit,New York,90291.98,EUR
ACC08607,CUST8108,Current,San Antonio,38995.52,JPY
ACC08608,CUST8109,Savings,Houston,55614.88,INR
ACC08609,CUST8110,Savings,Los Angeles,1342.67,JPY
ACC08610,CUST8111,Recurring Deposit,Phoenix,69990.94,USD
ACC08611,CUST4418,Savings,Houston,18224.88,USD
ACC08612,CUST8112,Savings,Phoenix,91525.84,JPY
ACC08613,CUST8113,Current,Los Angeles,31779.85,JPY
ACC08614,CUST8114,Fixed Deposit,Phoenix,73783.17,INR
ACC08615,CUST8115,Savings,San Diego,280.23,INR
ACC08616,CUST8116,Recurring Deposit,Houston,72766.26,USD
ACC08617,CUST8117,Fixed Deposit,Houston,12950.91,JPY
ACC08618,CUST8118,Current,Chicago,50697.96,INR
ACC08619,CUST8119,Savings,San Antonio,85469.02,GBP
ACC08620,CUST8120,Recurring Deposit,San Antonio,66141.9,INR
ACC08621,CUST8121,Savings,Houston,19570.42,EUR
ACC08622,CUST8122,Current,San Antonio,83448.5,JPY
ACC08623,CUST8123,Current,New York,59257.0,EUR
ACC08624,CUST8124,Current,Phoenix,89899.05,INR
ACC08625,CUST2549,Current,San Diego,93979.13,GBP
ACC08626,CUST8125,Savings,New York,5445.92,INR
ACC08627,CUST8126,Current,Los Angeles,73912.51,INR
ACC08628,CUST8127,Recurring Deposit,Houston,69322.12,USD
ACC08629,CUST8128,Fixed Deposit,San Diego,50187.96,INR
ACC08630,CUST8129,Savings,Philadelphia,3285.05,JPY
ACC08631,CUST8130,Recurring Deposit,San Diego,67664.54,USD
ACC08632,CUST8131,Fixed Deposit,San Diego,31376.13,JPY
ACC08633,CUST8132,Fixed Deposit,Phoenix,78492.43,USD
ACC08634,CUST1364,Savings,Houston,96206.32,EUR
ACC08635,CUST8133,Savings,Los Angeles,81684.7,EUR
ACC08636,CUST8134,Fixed Deposit,Philadelphia,5154.71,USD
ACC08637,CUST8135,Current,Houston,51337.93,EUR
ACC08638,CUST4969,Fixed Deposit,San Antonio,78407.43,INR
ACC08639,CUST8136,Savings,Phoenix,14560.91,GBP
ACC08640,CUST8137,Recurring Deposit,San Antonio,74975.5,INR
ACC08641,CUST8138,Current,Los Angeles,27408.41,USD
ACC08642,CUST8139,Savings,Philadelphia,83767.5,EUR
ACC08643,CUST8140,Savings,San Antonio,67105.18,JPY
ACC08644,CUST2234,Current,Philadelphia,15142.08,EUR
ACC08645,CUST4222,Savings,San Diego,14658.73,INR
ACC08646,CUST8141,Fixed Deposit,Chicago,47132.7,GBP
ACC08647,CUST8142,Current,Chicago,6449.0,USD
ACC08648,CUST8143,Recurring Deposit,New York,97207.44,EUR
ACC08649,CUST8144,Current,Philadelphia,64576.92,GBP
ACC08650,CUST8145,Recurring Deposit,Philadelphia,50802.92,INR
ACC08651,CUST8146,Current,Chicago,46073.56,GBP
ACC08652,CUST8147,Savings,Philadelphia,4508.11,INR
ACC08653,CUST8148,Savings,Philadelphia,15387.4,JPY
ACC08654,CUST8149,Savings,Chicago,67067.08,EUR
ACC08655,CUST1524,Fixed Deposit,Chicago,68583.6,USD
ACC08656,CUST8150,Recurring Deposit,San Antonio,30776.1,INR
ACC08657,CUST8151,Recurring Deposit,New York,76076.89,GBP
ACC08658,CUST1162,Savings,Los Angeles,44177.33,EUR
ACC08659,CUST0383,Current,San Diego,1293.96,INR
ACC08660,CUST8152,Current,Phoenix,39065.6,GBP
ACC08661,CUST8153,Current,Chicago,35821.85,JPY
ACC08662,CUST8154,Recurring Deposit,Chicago,27771.69,INR
ACC08663,CUST8155,Fixed Deposit,Chicago,9679.94,GBP
ACC08664,CUST8156,Recurring Deposit,Los Angeles,65786.18,EUR
ACC08665,CUST8157,Fixed Deposit,Houston,86029.72,EUR
ACC08666,CUST3655,Recurring Deposit,New York,68343.25,JPY
ACC08667,CUST8158,Savings,Los Angeles,15284.7,INR
ACC08668,CUST8159,Savings,New York,63658.9,GBP
ACC08669,CUST8160,Savings,Los Angeles,612.21,INR
ACC08670,CUST8161,Fixed Deposit,Chicago,80787.56,INR
ACC08671,CUST8162,Fixed Deposit,Houston,86777.88,JPY
ACC08672,CUST8163,Savings,New York,12139.02,EUR
ACC08673,CUST8164,Current,Philadelphia,32524.22,INR
ACC08674,CUST8165,Recurring Deposit,Chicago,42274.41,JPY
ACC08675,CUST8166,Current,Phoenix,26614.15,INR
ACC08676,CUST8167,Savings,Houston,89448.85,EUR
ACC08677,CUST8168,Fixed Deposit,Houston,77024.72,JPY
ACC08678,CUST8169,Recurring Deposit,Chicago,29776.65,INR
ACC08679,CUST8170,Recurring Deposit,Philadelphia,2546.32,JPY
ACC08680,CUST8171,Fixed Deposit,Chicago,7667.17,JPY
ACC08681,CUST8172,Savings,San Diego,40760.93,GBP
ACC08682,CUST8173,Current,New York,65110.87,JPY
ACC08683,CUST8174,Savings,Philadelphia,85997.2,JPY
ACC08684,CUST8175,Recurring Deposit,New York,64309.89,EUR
ACC08685,CUST8176,Current,Houston,23109.09,JPY
ACC08686,CUST8177,Current,Phoenix,51404.19,EUR
ACC08687,CUST8178,Savings,San Diego,71602.85,EUR
ACC08688,CUST8179,Fixed Deposit,San Antonio,36102.44,INR
ACC08689,CUST8180,Current,Chicago,82949.27,USD
ACC08690,CUST8181,Fixed Deposit,Los Angeles,35648.73,GBP
ACC08691,CUST8182,Current,Houston,61744.96,USD
ACC08692,CUST8183,Current,New York,12930.2,USD
ACC08693,CUST4867,Current,Los Angeles,74341.1,USD
ACC08694,CUST8184,Fixed Deposit,Philadelphia,93299.22,GBP
ACC08695,CUST8185,Savings,San Diego,81928.91,INR
ACC08696,CUST8186,Recurring Deposit,Chicago,84159.5,EUR
ACC08697,CUST8187,Current,San Diego,34594.77,GBP
ACC08698,CUST4754,Fixed Deposit,Houston,96832.32,USD
ACC08699,CUST8188,Fixed Deposit,Chicago,62631.03,EUR
ACC08700,CUST8189,Fixed Deposit,Houston,61002.32,GBP
ACC08701,CUST8190,Fixed Deposit,New York,95762.67,USD
ACC08702,CUST8191,Savings,New York,22996.88,JPY
ACC08703,CUST8192,Current,New York,79817.68,JPY
ACC08704,CUST8193,Fixed Deposit,Chicago,7173.24,JPY
ACC08705,CUST8194,Recurring Deposit,Phoenix,2833.87,JPY
ACC08706,CUST8195,Savings,Houston,48579.62,USD
ACC08707,CUST8196,Recurring Deposit,Houston,52523.48,USD
ACC08708,CUST8197,Savings,Houston,37143.06,INR
ACC08709,CUST8198,Current,Houston,33455.43,INR
ACC08710,CUST8199,Recurring Deposit,Los Angeles,5030.97,JPY
ACC08711,CUST8200,Current,Phoenix,49412.65,GBP
ACC08712,CUST1170,Fixed Deposit,Houston,20227.06,INR
ACC08713,CUST8201,Recurring Deposit,Houston,64833.9,USD
ACC08714,CUST8202,Current,Phoenix,84520.28,EUR
ACC08715,CUST8203,Fixed Deposit,Los Angeles,48939.33,JPY
ACC08716,CUST8204,Savings,Philadelphia,42528.78,USD
ACC08717,CUST8205,Savings,Los Angeles,86257.78,JPY
ACC08718,CUST8206,Fixed Deposit,Phoenix,47558.66,EUR
ACC08719,CUST8207,Current,Philadelphia,22638.38,INR
ACC08720,CUST8208,Fixed Deposit,Phoenix,52379.08,USD
ACC08721,CUST8209,Savings,Phoenix,90295.61,INR
ACC08722,CUST8210,Recurring Deposit,Philadelphia,25348.54,JPY
ACC08723,CUST3733,Fixed Deposit,San Diego,97266.51,GBP
ACC08724,CUST8211,Fixed Deposit,Houston,47320.3,EUR
ACC08725,CUST8212,Current,Philadelphia,33432.82,JPY
ACC08726,CUST8213,Fixed Deposit,Phoenix,61521.86,INR
ACC08727,CUST8214,Fixed Deposit,Philadelphia,17023.68,INR
ACC08728,CUST8215,Savings,New York,80504.65,USD
ACC08729,CUST8216,Current,San Antonio,32415.55,USD
ACC08730,CUST8217,Fixed Deposit,Houston,3288.18,JPY
ACC08731,CUST8218,Current,San Antonio,56919.31,INR
ACC08732,CUST8219,Savings,Chicago,66800.06,USD
ACC08733,CUST2532,Current,Phoenix,80409.93,INR
ACC08734,CUST8220,Current,Chicago,33359.31,USD
ACC08735,CUST8221,Fixed Deposit,Houston,81319.95,EUR
ACC08736,CUST8222,Fixed Deposit,San Diego,21063.45,JPY
ACC08737,CUST8223,Savings,Houston,75740.36,INR
ACC08738,CUST8224,Recurring Deposit,Philadelphia,84610.83,GBP
ACC08739,CUST8225,Fixed Deposit,San Diego,92038.04,USD
ACC08740,CUST2413,Savings,Phoenix,76596.63,INR
ACC08741,CUST8226,Current,Chicago,56128.96,EUR
ACC08742,CUST8227,Current,Philadelphia,78671.59,JPY
ACC08743,CUST8228,Fixed Deposit,Chicago,86672.82,EUR
ACC08744,CUST2023,Savings,Chicago,5310.56,USD
ACC08745,CUST8229,Savings,New York,88784.0,INR
ACC08746,CUST8230,Fixed Deposit,San Antonio,1682.72,EUR
ACC08747,CUST8231,Fixed Deposit,Philadelphia,30447.25,INR
ACC08748,CUST8232,Current,Phoenix,78544.59,GBP
ACC08749,CUST8233,Fixed Deposit,San Antonio,17368.37,EUR
ACC08750,CUST8234,Current,Chicago,49316.78,GBP
ACC08751,CUST8235,Recurring Deposit,New York,60836.79,USD
ACC08752,CUST8236,Fixed Deposit,San Diego,28698.83,GBP
ACC08753,CUST8237,Fixed Deposit,Phoenix,14685.76,GBP
ACC08754,CUST8238,Recurring Deposit,Chicago,98204.47,USD
ACC08755,CUST8239,Current,Los Angeles,1284.1,EUR
ACC08756,CUST8240,Recurring Deposit,Houston,98596.36,INR
ACC08757,CUST8241,Fixed Deposit,Philadelphia,55938.05,INR
ACC08758,CUST4341,Current,Los Angeles,8360.27,GBP
ACC08759,CUST8242,Savings,San Antonio,31763.36,JPY
ACC08760,CUST8243,Savings,Phoenix,76744.53,EUR
ACC08761,CUST8244,Current,San Antonio,59349.58,GBP
ACC08762,CUST8245,Current,Chicago,71961.08,EUR
ACC08763,CUST8246,Savings,San Antonio,14620.81,USD
ACC08764,CUST8247,Recurring Deposit,Phoenix,30975.76,INR
ACC08765,CUST8248,Fixed Deposit,San Diego,68640.4,INR
ACC08766,CUST8249,Savings,Houston,41634.4,EUR
ACC08767,CUST8250,Savings,New York,52141.57,USD
ACC08768,CUST8251,Fixed Deposit,Philadelphia,31969.91,INR
ACC08769,CUST8252,Current,Philadelphia,5745.05,GBP
ACC08770,CUST8253,Fixed Deposit,Philadelphia,45452.08,INR
ACC08771,CUST8254,Current,Chicago,75662.95,INR
ACC08772,CUST8255,Current,San Diego,4799.26,JPY
ACC08773,CUST5736,Fixed Deposit,Los Angeles,85608.94,INR
ACC08774,CUST8256,Current,Philadelphia,37237.88,GBP
ACC08775,CUST8257,Savings,Chicago,79513.47,EUR
ACC08776,CUST8258,Savings,San Antonio,1931.29,EUR
ACC08777,CUST8259,Fixed Deposit,Houston,15764.54,EUR
ACC08778,CUST8260,Fixed Deposit,San Antonio,1824.86,USD
ACC08779,CUST8261,Savings,Philadelphia,84081.69,INR
ACC08780,CUST8262,Current,Phoenix,59070.65,EUR
ACC08781,CUST8263,Fixed Deposit,New York,66950.82,JPY
ACC08782,CUST8264,Current,New York,48424.87,GBP
ACC08783,CUST8265,Fixed Deposit,Chicago,75736.55,USD
ACC08784,CUST8266,Fixed Deposit,Chicago,59920.54,INR
ACC08785,CUST8267,Current,Phoenix,57480.29,GBP
ACC08786,CUST8268,Savings,San Diego,84268.47,EUR
ACC08787,CUST1250,Recurring Deposit,San Antonio,8898.89,JPY
ACC08788,CUST8269,Savings,San Diego,65970.7,USD
ACC08789,CUST8270,Recurring Deposit,San Diego,11388.4,EUR
ACC08790,CUST8271,Fixed Deposit,Chicago,65777.67,JPY
ACC08791,CUST8272,Recurring Deposit,Phoenix,67918.79,USD
ACC08792,CUST6611,Fixed Deposit,Los Angeles,82132.39,INR
ACC08793,CUST8273,Current,San Diego,85163.97,GBP
ACC08794,CUST8274,Fixed Deposit,Houston,52395.49,EUR
ACC08795,CUST8275,Recurring Deposit,Philadelphia,62158.51,INR
ACC08796,CUST8276,Recurring Deposit,Los Angeles,8615.86,EUR
ACC08797,CUST8277,Recurring Deposit,Phoenix,97412.32,GBP
ACC08798,CUST8278,Savings,New York,52588.38,EUR
ACC08799,CUST8279,Current,Phoenix,52183.97,EUR
ACC08800,CUST8280,Recurring Deposit,Houston,59581.19,EUR
ACC08801,CUST8281,Recurring Deposit,Los Angeles,35103.96,JPY
ACC08802,CUST8282,Savings,Philadelphia,49238.55,INR
ACC08803,CUST7836,Recurring Deposit,San Antonio,85141.16,USD
ACC08804,CUST7998,Fixed Deposit,San Antonio,93424.93,JPY
ACC08805,CUST8283,Fixed Deposit,Philadelphia,68028.47,JPY
ACC08806,CUST8284,Recurring Deposit,Phoenix,63656.24,USD
ACC08807,CUST8285,Current,Phoenix,21749.94,EUR
ACC08808,CUST8286,Savings,Los Angeles,5049.71,JPY
ACC08809,CUST8287,Savings,Houston,65481.19,GBP
ACC08810,CUST8288,Recurring Deposit,Houston,47344.2,GBP
ACC08811,CUST8289,Recurring Deposit,Phoenix,232.48,JPY
ACC08812,CUST0340,Current,Phoenix,54991.97,EUR
ACC08813,CUST8290,Savings,Los Angeles,51239.86,INR
ACC08814,CUST1823,Recurring Deposit,Chicago,10521.09,GBP
ACC08815,CUST8291,Recurring Deposit,New York,99534.16,USD
ACC08816,CUST8292,Recurring Deposit,San Antonio,48151.1,EUR
ACC08817,CUST8293,Savings,Phoenix,25623.78,JPY
ACC08818,CUST8294,Fixed Deposit,Chicago,40614.14,INR
ACC08819,CUST8295,Current,New York,49699.48,USD
ACC08820,CUST7593,Savings,San Antonio,55199.97,EUR
ACC08821,CUST8296,Current,Houston,12512.29,GBP
ACC08822,CUST8297,Recurring Deposit,San Diego,24898.58,INR
ACC08823,CUST8298,Savings,Los Angeles,94742.2,USD
ACC08824,CUST8299,Current,San Diego,78009.84,USD
ACC08825,CUST8300,Fixed Deposit,San Antonio,9234.39,GBP
ACC08826,CUST8301,Current,San Antonio,79914.35,JPY
ACC08827,CUST8302,Savings,Chicago,67041.35,USD
ACC08828,CUST8303,Current,San Diego,15322.47,GBP
ACC08829,CUST8304,Savings,Philadelphia,86566.43,USD
ACC08830,CUST8305,Recurring Deposit,Los Angeles,86065.27,INR
ACC08831,CUST8306,Fixed Deposit,New York,18112.7,GBP
ACC08832,CUST8307,Savings,San Antonio,68977.9,USD
ACC08833,CUST8308,Recurring Deposit,Los Angeles,54289.39,EUR
ACC08834,CUST8309,Fixed Deposit,San Antonio,23962.48,EUR
ACC08835,CUST8310,Current,New York,84666.52,EUR
ACC08836,CUST8311,Fixed Deposit,San Diego,80385.94,GBP
ACC08837,CUST8312,Fixed Deposit,Phoenix,24602.07,EUR
ACC08838,CUST8313,Fixed Deposit,Phoenix,26836.95,INR
ACC08839,CUST8314,Current,San Antonio,30459.7,JPY
ACC08840,CUST8315,Recurring Deposit,San Antonio,33145.08,INR
ACC08841,CUST8316,Current,Chicago,61878.23,USD
ACC08842,CUST8317,Fixed Deposit,Los Angeles,3773.31,EUR
ACC08843,CUST8318,Savings,Chicago,21279.78,GBP
ACC08844,CUST8319,Current,Phoenix,87375.94,EUR
ACC08845,CUST8320,Recurring Deposit,Los Angeles,20385.18,EUR
ACC08846,CUST8321,Savings,San Antonio,5659.94,EUR
ACC08847,CUST1216,Recurring Deposit,Chicago,16251.85,USD
ACC08848,CUST1544,Current,New York,84298.24,INR
ACC08849,CUST8322,Recurring Deposit,Phoenix,84335.51,EUR
ACC08850,CUST8323,Recurring Deposit,San Diego,57366.59,INR
ACC08851,CUST8324,Recurring Deposit,Los Angeles,27013.01,EUR
ACC08852,CUST4342,Fixed Deposit,New York,44369.85,EUR
ACC08853,CUST8325,Savings,Philadelphia,95406.73,USD
ACC08854,CUST8326,Recurring Deposit,Houston,23556.15,INR
ACC08855,CUST8327,Fixed Deposit,San Antonio,58989.57,EUR
ACC08856,CUST0071,Fixed Deposit,New York,70460.24,INR
ACC08857,CUST8328,Recurring Deposit,Chicago,80247.97,USD
ACC08858,CUST8329,Recurring Deposit,San Antonio,95070.78,GBP
ACC08859,CUST8330,Recurring Deposit,Philadelphia,80544.93,JPY
ACC08860,CUST8331,Fixed Deposit,Chicago,28398.51,JPY
ACC08861,CUST8332,Fixed Deposit,Houston,23927.58,JPY
ACC08862,CUST8333,Fixed Deposit,San Diego,79716.27,INR
ACC08863,CUST8334,Fixed Deposit,Philadelphia,69422.63,GBP
ACC08864,CUST8335,Fixed Deposit,Los Angeles,15318.26,GBP
ACC08865,CUST8336,Fixed Deposit,San Antonio,40728.54,INR
ACC08866,CUST8337,Fixed Deposit,Philadelphia,55582.02,INR
ACC08867,CUST4944,Recurring Deposit,Phoenix,54579.96,GBP
ACC08868,CUST8338,Savings,San Antonio,21278.22,GBP
ACC08869,CUST8339,Savings,Chicago,89529.25,INR
ACC08870,CUST8340,Fixed Deposit,San Diego,76724.58,JPY
ACC08871,CUST8341,Recurring Deposit,San Diego,73485.66,EUR
ACC08872,CUST8342,Fixed Deposit,San Diego,34950.26,JPY
ACC08873,CUST8343,Savings,San Diego,87617.87,EUR
ACC08874,CUST8344,Recurring Deposit,Los Angeles,14790.3,EUR
ACC08875,CUST8345,Savings,San Diego,87271.76,INR
ACC08876,CUST8346,Fixed Deposit,Chicago,19777.57,GBP
ACC08877,CUST8347,Fixed Deposit,San Antonio,79256.16,USD
ACC08878,CUST8348,Recurring Deposit,Los Angeles,13320.54,INR
ACC08879,CUST2532,Savings,San Antonio,76638.18,JPY
ACC08880,CUST3831,Current,San Diego,44689.68,EUR
ACC08881,CUST0315,Current,Houston,66593.1,USD
ACC08882,CUST8180,Current,San Antonio,81818.1,USD
ACC08883,CUST8349,Savings,San Antonio,1009.73,EUR
ACC08884,CUST8350,Savings,Houston,98262.15,INR
ACC08885,CUST8351,Fixed Deposit,Phoenix,41424.35,USD
ACC08886,CUST4289,Fixed Deposit,Los Angeles,10196.28,EUR
ACC08887,CUST8352,Savings,New York,34849.12,EUR
ACC08888,CUST8353,Savings,New York,21730.12,GBP
ACC08889,CUST8354,Fixed Deposit,New York,71953.8,USD
ACC08890,CUST8355,Recurring Deposit,Philadelphia,28679.38,INR
ACC08891,CUST8356,Recurring Deposit,Los Angeles,53032.35,GBP
ACC08892,CUST8357,Savings,San Diego,70499.29,USD
ACC08893,CUST8358,Current,Chicago,69431.2,INR
ACC08894,CUST8359,Fixed Deposit,Phoenix,24147.92,EUR
ACC08895,CUST5998,Fixed Deposit,New York,11301.95,USD
ACC08896,CUST8360,Current,Phoenix,34657.84,USD
ACC08897,CUST8361,Fixed Deposit,San Diego,5010.77,JPY
ACC08898,CUST8362,Savings,Los Angeles,18908.87,EUR
ACC08899,CUST8363,Current,Phoenix,9433.26,EUR
ACC08900,CUST8364,Savings,San Antonio,93925.24,INR
ACC08901,CUST8365,Recurring Deposit,New York,30430.61,USD
ACC08902,CUST8366,Savings,Philadelphia,77715.43,JPY
ACC08903,CUST8367,Current,Houston,8110.44,GBP
ACC08904,CUST8368,Savings,Los Angeles,96791.66,INR
ACC08905,CUST8369,Savings,Chicago,67376.28,EUR
ACC08906,CUST8370,Savings,San Diego,95454.36,JPY
ACC08907,CUST8371,Savings,San Antonio,64833.98,INR
ACC08908,CUST8372,Current,Los Angeles,71891.19,USD
ACC08909,CUST8373,Fixed Deposit,San Diego,28725.01,USD
ACC08910,CUST8374,Current,New York,3985.93,USD
ACC08911,CUST8375,Recurring Deposit,New York,62330.91,JPY
ACC08912,CUST8376,Current,San Diego,72325.3,JPY
ACC08913,CUST8377,Fixed Deposit,San Antonio,599.81,EUR
ACC08914,CUST8378,Current,Los Angeles,17337.08,INR
ACC08915,CUST8379,Current,San Diego,20603.78,USD
ACC08916,CUST0050,Current,New York,86050.61,EUR
ACC08917,CUST8380,Current,Los Angeles,40898.73,INR
ACC08918,CUST8381,Savings,Chicago,25817.39,JPY
ACC08919,CUST8382,Fixed Deposit,Philadelphia,1420.2,INR
ACC08920,CUST8383,Recurring Deposit,Los Angeles,83870.7,USD
ACC08921,CUST8384,Fixed Deposit,Philadelphia,90481.43,EUR
ACC08922,CUST8385,Fixed Deposit,Houston,95524.27,INR
ACC08923,CUST8386,Savings,Phoenix,10918.55,EUR
ACC08924,CUST4472,Recurring Deposit,Chicago,90283.46,GBP
ACC08925,CUST8387,Savings,San Antonio,73502.3,INR
ACC08926,CUST8388,Recurring Deposit,New York,42346.8,JPY
ACC08927,CUST8389,Fixed Deposit,New York,45702.53,JPY
ACC08928,CUST8390,Recurring Deposit,Los Angeles,44322.7,EUR
ACC08929,CUST8391,Savings,Phoenix,68120.81,EUR
ACC08930,CUST8392,Fixed Deposit,Los Angeles,93311.38,JPY
ACC08931,CUST8393,Savings,New York,28102.4,EUR
ACC08932,CUST8394,Savings,San Diego,91028.32,GBP
ACC08933,CUST8395,Savings,San Diego,71286.1,INR
ACC08934,CUST8396,Savings,Phoenix,65786.37,EUR
ACC08935,CUST8397,Recurring Deposit,San Antonio,3446.13,EUR
ACC08936,CUST8398,Fixed Deposit,Phoenix,80765.42,USD
ACC08937,CUST8399,Recurring Deposit,Philadelphia,65390.34,GBP
ACC08938,CUST8400,Recurring Deposit,Houston,61707.12,USD
ACC08939,CUST4339,Savings,Philadelphia,27106.65,GBP
ACC08940,CUST8401,Fixed Deposit,Los Angeles,37774.01,JPY
ACC08941,CUST8402,Recurring Deposit,San Antonio,32700.82,INR
ACC08942,CUST8403,Recurring Deposit,Phoenix,50991.42,EUR
ACC08943,CUST8404,Savings,Los Angeles,11662.56,EUR
ACC08944,CUST8405,Recurring Deposit,Phoenix,18838.9,GBP
ACC08945,CUST8406,Recurring Deposit,San Diego,5758.34,JPY
ACC08946,CUST8407,Current,Chicago,73003.11,USD
ACC08947,CUST8408,Fixed Deposit,Chicago,94947.92,GBP
ACC08948,CUST8409,Savings,Chicago,90678.48,EUR
ACC08949,CUST8410,Recurring Deposit,Phoenix,15344.55,GBP
ACC08950,CUST8411,Recurring Deposit,Houston,66225.86,USD
ACC08951,CUST8412,Current,Houston,61916.12,JPY
ACC08952,CUST8413,Current,Chicago,73434.4,USD
ACC08953,CUST8414,Recurring Deposit,Chicago,66156.82,EUR
ACC08954,CUST8415,Fixed Deposit,Chicago,91796.38,INR
ACC08955,CUST8416,Recurring Deposit,New York,63681.7,JPY
ACC08956,CUST8417,Fixed Deposit,San Antonio,95481.42,USD
ACC08957,CUST8418,Current,Los Angeles,20202.8,INR
ACC08958,CUST8419,Savings,New York,42537.64,INR
ACC08959,CUST8420,Savings,Phoenix,68437.06,USD
ACC08960,CUST8390,Recurring Deposit,Chicago,45663.11,EUR
ACC08961,CUST8421,Recurring Deposit,New York,72116.74,USD
ACC08962,CUST8422,Savings,Los Angeles,16560.12,GBP
ACC08963,CUST8423,Recurring Deposit,Philadelphia,27814.28,INR
ACC08964,CUST8424,Current,Houston,88944.33,INR
ACC08965,CUST8425,Savings,Phoenix,75002.2,JPY
ACC08966,CUST8426,Recurring Deposit,Phoenix,84438.72,EUR
ACC08967,CUST8427,Recurring Deposit,Houston,12622.18,USD
ACC08968,CUST5050,Fixed Deposit,Phoenix,40371.38,EUR
ACC08969,CUST8428,Savings,Philadelphia,40371.09,USD
ACC08970,CUST0237,Savings,Philadelphia,55290.33,INR
ACC08971,CUST8429,Recurring Deposit,San Diego,3984.14,EUR
ACC08972,CUST2200,Recurring Deposit,Chicago,42227.1,INR
ACC08973,CUST8430,Recurring Deposit,Phoenix,79464.36,JPY
ACC08974,CUST8431,Recurring Deposit,Chicago,43391.84,USD
ACC08975,CUST8432,Fixed Deposit,Los Angeles,25862.6,GBP
ACC08976,CUST8433,Current,Chicago,5173.84,EUR
ACC08977,CUST8434,Savings,Los Angeles,18020.27,INR
ACC08978,CUST8435,Fixed Deposit,Los Angeles,50125.49,INR
ACC08979,CUST8436,Recurring Deposit,Phoenix,38082.76,USD
ACC08980,CUST8437,Savings,San Antonio,4674.69,USD
ACC08981,CUST6858,Savings,Philadelphia,57829.43,EUR
ACC08982,CUST6636,Current,Los Angeles,93996.6,EUR
ACC08983,CUST8438,Fixed Deposit,Phoenix,21877.42,EUR
ACC08984,CUST7178,Fixed Deposit,Phoenix,95497.99,JPY
ACC08985,CUST8439,Current,San Diego,18259.59,EUR
ACC08986,CUST8440,Fixed Deposit,Los Angeles,53891.22,EUR
ACC08987,CUST8441,Recurring Deposit,San Diego,35212.95,GBP
ACC08988,CUST8442,Savings,Chicago,44962.68,EUR
ACC08989,CUST8443,Savings,Chicago,74179.75,EUR
ACC08990,CUST6118,Savings,Houston,63582.0,USD
ACC08991,CUST5432,Recurring Deposit,New York,58450.92,USD
ACC08992,CUST8444,Current,Chicago,14634.95,EUR
ACC08993,CUST8445,Savings,Chicago,53635.91,JPY
ACC08994,CUST8446,Current,New York,48258.28,USD
ACC08995,CUST8447,Savings,Houston,71958.01,JPY
ACC08996,CUST8448,Savings,Los Angeles,74434.48,EUR
ACC08997,CUST8449,Current,Houston,56577.62,INR
ACC08998,CUST8450,Current,New York,67833.81,EUR
ACC08999,CUST8451,Recurring Deposit,Los Angeles,47964.87,GBP
ACC09000,CUST8452,Recurring Deposit,Chicago,66994.14,JPY
ACC09001,CUST8453,Current,Chicago,97341.96,USD
ACC09002,CUST8454,Recurring Deposit,Los Angeles,81059.91,GBP
ACC09003,CUST8455,Savings,Los Angeles,88446.01,JPY
ACC09004,CUST8456,Savings,San Antonio,35547.33,USD
ACC09005,CUST8457,Current,Philadelphia,20575.42,JPY
ACC09006,CUST8458,Current,Chicago,15385.3,GBP
ACC09007,CUST7197,Savings,San Diego,42564.06,USD
ACC09008,CUST8459,Savings,New York,64940.21,GBP
ACC09009,CUST8460,Savings,Philadelphia,21445.93,USD
ACC09010,CUST8461,Fixed Deposit,Houston,63487.89,EUR
ACC09011,CUST3480,Recurring Deposit,Philadelphia,35310.78,USD
ACC09012,CUST8462,Current,San Diego,83648.1,EUR
ACC09013,CUST8463,Fixed Deposit,Phoenix,50405.63,JPY
ACC09014,CUST6046,Savings,San Antonio,88644.09,JPY
ACC09015,CUST8464,Recurring Deposit,Houston,92204.06,INR
ACC09016,CUST8465,Recurring Deposit,San Antonio,21930.65,USD
ACC09017,CUST8466,Fixed Deposit,Houston,72222.1,USD
ACC09018,CUST8467,Fixed Deposit,Los Angeles,87680.55,EUR
ACC09019,CUST8468,Current,New York,18517.78,INR
ACC09020,CUST8469,Savings,Houston,74231.67,INR
ACC09021,CUST8470,Savings,Philadelphia,58240.01,EUR
ACC09022,CUST8471,Savings,Los Angeles,5372.7,GBP
ACC09023,CUST8472,Savings,Philadelphia,57995.77,USD
ACC09024,CUST8473,Savings,Chicago,895.58,EUR
ACC09025,CUST8474,Savings,Chicago,50443.77,EUR
ACC09026,CUST8475,Current,Phoenix,71887.85,JPY
ACC09027,CUST8476,Fixed Deposit,Chicago,41311.12,EUR
ACC09028,CUST7412,Fixed Deposit,Los Angeles,93605.54,JPY
ACC09029,CUST8477,Fixed Deposit,Chicago,78128.86,EUR
ACC09030,CUST8478,Fixed Deposit,San Diego,34102.56,INR
ACC09031,CUST8479,Recurring Deposit,Philadelphia,21206.54,EUR
ACC09032,CUST8480,Savings,San Diego,59169.83,USD
ACC09033,CUST8481,Savings,Los Angeles,56271.29,INR
ACC09034,CUST8482,Savings,Los Angeles,90799.85,USD
ACC09035,CUST8483,Savings,Chicago,63706.3,INR
ACC09036,CUST8484,Fixed Deposit,Philadelphia,71966.75,GBP
ACC09037,CUST8485,Current,Philadelphia,10705.79,EUR
ACC09038,CUST8486,Savings,San Diego,83958.1,EUR
ACC09039,CUST8487,Fixed Deposit,New York,91301.66,GBP
ACC09040,CUST0017,Fixed Deposit,Los Angeles,22471.39,GBP
ACC09041,CUST8488,Recurring Deposit,Phoenix,75680.82,JPY
ACC09042,CUST8489,Current,Los Angeles,83879.92,INR
ACC09043,CUST8490,Savings,San Diego,77034.42,JPY
ACC09044,CUST8491,Fixed Deposit,Los Angeles,25498.73,EUR
ACC09045,CUST8492,Savings,Chicago,23100.14,JPY
ACC09046,CUST8493,Savings,Phoenix,45939.57,GBP
ACC09047,CUST8494,Current,New York,59763.82,GBP
ACC09048,CUST8495,Fixed Deposit,San Antonio,47002.17,JPY
ACC09049,CUST8496,Current,San Diego,77438.14,EUR
ACC09050,CUST6676,Current,San Diego,24448.69,GBP
ACC09051,CUST8497,Fixed Deposit,San Antonio,14127.81,JPY
ACC09052,CUST8498,Fixed Deposit,Philadelphia,14007.54,USD
ACC09053,CUST8499,Savings,Los Angeles,30993.73,EUR
ACC09054,CUST8500,Savings,San Antonio,605.44,EUR
ACC09055,CUST8501,Savings,San Antonio,89408.56,INR
ACC09056,CUST8502,Current,Los Angeles,12575.38,USD
ACC09057,CUST8503,Savings,San Antonio,80758.19,GBP
ACC09058,CUST8504,Savings,Houston,13316.15,EUR
ACC09059,CUST8505,Recurring Deposit,Philadelphia,11911.8,EUR
ACC09060,CUST8506,Current,Los Angeles,63524.48,INR
ACC09061,CUST8507,Current,San Antonio,47780.61,EUR
ACC09062,CUST0382,Savings,San Antonio,71634.83,JPY
ACC09063,CUST8508,Savings,Houston,26776.76,USD
ACC09064,CUST8509,Recurring Deposit,New York,96926.25,JPY
ACC09065,CUST8510,Fixed Deposit,New York,60287.43,EUR
ACC09066,CUST8511,Fixed Deposit,Houston,39991.12,INR
ACC09067,CUST8512,Current,San Diego,67092.96,USD
ACC09068,CUST8513,Current,Chicago,1482.27,JPY
ACC09069,CUST8514,Savings,Houston,4874.89,USD
ACC09070,CUST8515,Fixed Deposit,San Diego,1562.81,EUR
ACC09071,CUST8516,Current,Houston,46282.14,GBP
ACC09072,CUST8517,Savings,San Antonio,607.65,JPY
ACC09073,CUST8518,Recurring Deposit,Phoenix,7756.3,USD
ACC09074,CUST8519,Current,San Diego,75901.48,USD
ACC09075,CUST8520,Current,Phoenix,15203.58,GBP
ACC09076,CUST8521,Recurring Deposit,San Antonio,12922.06,JPY
ACC09077,CUST8522,Savings,Phoenix,87248.07,GBP
ACC09078,CUST8523,Fixed Deposit,Philadelphia,83211.23,USD
ACC09079,CUST8524,Current,New York,54085.39,GBP
ACC09080,CUST8525,Savings,San Diego,64328.71,GBP
ACC09081,CUST8526,Fixed Deposit,Houston,6837.32,JPY
ACC09082,CUST8527,Savings,Philadelphia,30104.89,JPY
ACC09083,CUST5116,Savings,Phoenix,78622.41,GBP
ACC09084,CUST8528,Fixed Deposit,San Diego,90054.45,USD
ACC09085,CUST8529,Fixed Deposit,Los Angeles,33161.26,USD
ACC09086,CUST8530,Recurring Deposit,Houston,49179.22,GBP
ACC09087,CUST8531,Savings,New York,55010.77,EUR
ACC09088,CUST8532,Current,San Antonio,8002.65,INR
ACC09089,CUST8533,Recurring Deposit,Chicago,4973.01,INR
ACC09090,CUST7700,Fixed Deposit,Philadelphia,33950.0,EUR
ACC09091,CUST8534,Savings,Philadelphia,34840.7,JPY
ACC09092,CUST8535,Fixed Deposit,New York,97079.63,USD
ACC09093,CUST8536,Fixed Deposit,Philadelphia,18475.85,GBP
ACC09094,CUST8519,Recurring Deposit,Chicago,87143.66,JPY
ACC09095,CUST2100,Savings,Phoenix,26142.59,USD
ACC09096,CUST8537,Recurring Deposit,Los Angeles,35492.08,EUR
ACC09097,CUST8538,Savings,San Antonio,3956.33,GBP
ACC09098,CUST8539,Recurring Deposit,New York,58751.8,JPY
ACC09099,CUST8540,Recurring Deposit,Chicago,72412.61,USD
ACC09100,CUST8541,Recurring Deposit,San Diego,69778.72,GBP
ACC09101,CUST8542,Fixed Deposit,San Antonio,15433.52,EUR
ACC09102,CUST8543,Savings,Philadelphia,98623.02,GBP
ACC09103,CUST8544,Fixed Deposit,New York,53017.11,USD
ACC09104,CUST8545,Current,San Diego,21030.89,EUR
ACC09105,CUST8546,Fixed Deposit,Houston,25059.25,USD
ACC09106,CUST8547,Current,Los Angeles,96173.26,INR
ACC09107,CUST8548,Current,San Antonio,62185.4,INR
ACC09108,CUST0075,Fixed Deposit,Phoenix,37174.11,EUR
ACC09109,CUST8549,Current,New York,15297.02,JPY
ACC09110,CUST8550,Recurring Deposit,Philadelphia,62687.33,EUR
ACC09111,CUST8551,Fixed Deposit,Phoenix,89699.1,JPY
ACC09112,CUST8552,Recurring Deposit,New York,54901.47,GBP
ACC09113,CUST8553,Current,New York,47460.33,GBP
ACC09114,CUST8554,Fixed Deposit,San Antonio,29332.71,USD
ACC09115,CUST8555,Savings,Phoenix,92719.26,EUR
ACC09116,CUST8556,Recurring Deposit,Chicago,95890.6,INR
ACC09117,CUST8557,Current,Los Angeles,5406.91,JPY
ACC09118,CUST8558,Savings,Philadelphia,51461.41,USD
ACC09119,CUST7327,Savings,San Diego,55846.62,USD
ACC09120,CUST8559,Recurring Deposit,Los Angeles,49602.02,INR
ACC09121,CUST8560,Current,Houston,71229.89,JPY
ACC09122,CUST8561,Recurring Deposit,Houston,85396.76,INR
ACC09123,CUST8562,Savings,Houston,67412.77,INR
ACC09124,CUST8563,Current,Phoenix,21908.77,JPY
ACC09125,CUST8564,Fixed Deposit,San Diego,40261.15,INR
ACC09126,CUST1740,Fixed Deposit,Chicago,32141.41,USD
ACC09127,CUST8565,Fixed Deposit,Phoenix,94022.13,INR
ACC09128,CUST0594,Savings,Houston,90765.76,JPY
ACC09129,CUST8566,Current,San Diego,29638.14,INR
ACC09130,CUST8567,Recurring Deposit,New York,58131.38,JPY
ACC09131,CUST8568,Fixed Deposit,New York,9625.24,GBP
ACC09132,CUST8569,Savings,San Diego,10214.48,JPY
ACC09133,CUST8570,Recurring Deposit,New York,26191.82,JPY
ACC09134,CUST8571,Recurring Deposit,San Diego,54930.26,JPY
ACC09135,CUST8572,Recurring Deposit,San Diego,33895.93,INR
ACC09136,CUST5678,Current,Los Angeles,5083.12,INR
ACC09137,CUST8573,Savings,Houston,10222.85,USD
ACC09138,CUST2683,Recurring Deposit,Houston,96748.84,INR
ACC09139,CUST8574,Fixed Deposit,Chicago,8998.74,INR
ACC09140,CUST4645,Current,New York,44930.53,JPY
ACC09141,CUST1533,Fixed Deposit,Houston,77001.0,GBP
ACC09142,CUST8575,Current,Phoenix,3858.8,EUR
ACC09143,CUST8576,Savings,Chicago,14633.45,INR
ACC09144,CUST8577,Recurring Deposit,Philadelphia,7480.49,USD
ACC09145,CUST8578,Current,New York,59175.29,USD
ACC09146,CUST8579,Current,Chicago,74846.4,USD
ACC09147,CUST8580,Savings,Houston,45828.91,GBP
ACC09148,CUST8581,Current,Phoenix,97467.04,INR
ACC09149,CUST8582,Recurring Deposit,Philadelphia,73203.72,JPY
ACC09150,CUST8583,Savings,San Antonio,5719.87,INR
ACC09151,CUST8584,Current,Los Angeles,47035.26,GBP
ACC09152,CUST8585,Fixed Deposit,Chicago,29612.41,GBP
ACC09153,CUST8586,Savings,Phoenix,95799.6,INR
ACC09154,CUST8587,Fixed Deposit,Philadelphia,97303.6,EUR
ACC09155,CUST8588,Current,San Antonio,37144.3,USD
ACC09156,CUST7971,Fixed Deposit,Phoenix,76449.36,INR
ACC09157,CUST8589,Current,San Diego,95713.29,GBP
ACC09158,CUST6721,Recurring Deposit,Phoenix,15381.86,GBP
ACC09159,CUST2000,Fixed Deposit,Chicago,62819.04,JPY
ACC09160,CUST8590,Savings,Philadelphia,55370.53,JPY
ACC09161,CUST8591,Recurring Deposit,Houston,1272.11,INR
ACC09162,CUST8592,Current,San Antonio,54024.37,INR
ACC09163,CUST8593,Recurring Deposit,New York,88305.29,GBP
ACC09164,CUST8594,Fixed Deposit,Houston,86778.35,INR
ACC09165,CUST2497,Recurring Deposit,Chicago,61268.7,INR
ACC09166,CUST1204,Savings,San Antonio,11543.41,EUR
ACC09167,CUST1747,Savings,San Antonio,57962.81,EUR
ACC09168,CUST8595,Recurring Deposit,Los Angeles,49656.94,GBP
ACC09169,CUST8596,Current,San Diego,36143.09,EUR
ACC09170,CUST8597,Recurring Deposit,San Diego,44121.53,GBP
ACC09171,CUST8598,Recurring Deposit,Houston,11236.45,EUR
ACC09172,CUST8599,Savings,Los Angeles,26441.98,INR
ACC09173,CUST8600,Recurring Deposit,Chicago,85308.75,GBP
ACC09174,CUST8080,Current,Philadelphia,69001.56,USD
ACC09175,CUST8601,Current,Houston,69873.35,GBP
ACC09176,CUST8602,Recurring Deposit,Phoenix,80490.45,GBP
ACC09177,CUST8603,Fixed Deposit,Los Angeles,24458.27,USD
ACC09178,CUST8604,Recurring Deposit,San Antonio,14266.0,GBP
ACC09179,CUST8605,Savings,New York,63219.45,JPY
ACC09180,CUST8606,Fixed Deposit,Los Angeles,34779.92,JPY
ACC09181,CUST8607,Current,Houston,9057.32,GBP
ACC09182,CUST8608,Recurring Deposit,Philadelphia,7771.28,INR
ACC09183,CUST8609,Recurring Deposit,Philadelphia,43327.75,GBP
ACC09184,CUST8610,Recurring Deposit,Houston,69253.66,GBP
ACC09185,CUST8611,Fixed Deposit,Philadelphia,62447.59,USD
ACC09186,CUST8612,Savings,San Diego,56686.49,EUR
ACC09187,CUST8613,Recurring Deposit,New York,68820.03,JPY
ACC09188,CUST8614,Current,New York,10593.52,GBP
ACC09189,CUST8615,Fixed Deposit,Los Angeles,26153.37,EUR
ACC09190,CUST8616,Fixed Deposit,San Antonio,97697.0,EUR
ACC09191,CUST8617,Fixed Deposit,Los Angeles,83485.56,USD
ACC09192,CUST8618,Savings,Philadelphia,78926.57,GBP
ACC09193,CUST8619,Current,Phoenix,64395.27,GBP
ACC09194,CUST1525,Current,New York,6504.91,USD
ACC09195,CUST8620,Current,Chicago,67590.17,JPY
ACC09196,CUST8621,Fixed Deposit,Chicago,26500.15,EUR
ACC09197,CUST8622,Recurring Deposit,San Antonio,6414.38,INR
ACC09198,CUST8623,Fixed Deposit,Houston,82629.13,INR
ACC09199,CUST8624,Savings,Phoenix,14878.17,GBP
ACC09200,CUST2409,Fixed Deposit,San Diego,40355.82,EUR
ACC09201,CUST8625,Recurring Deposit,San Diego,73386.14,INR
ACC09202,CUST8626,Fixed Deposit,Phoenix,12906.09,USD
ACC09203,CUST8627,Fixed Deposit,San Diego,68585.55,INR
ACC09204,CUST8628,Recurring Deposit,San Diego,78950.29,GBP
ACC09205,CUST8629,Savings,Philadelphia,36854.94,JPY
ACC09206,CUST8630,Current,Los Angeles,71580.56,EUR
ACC09207,CUST0464,Recurring Deposit,San Antonio,40053.56,USD
ACC09208,CUST8631,Savings,Phoenix,96595.23,INR
ACC09209,CUST2689,Current,San Antonio,16959.2,JPY
ACC09210,CUST8632,Fixed Deposit,San Diego,38598.6,JPY
ACC09211,CUST8633,Fixed Deposit,New York,28475.61,GBP
ACC09212,CUST8634,Fixed Deposit,San Antonio,38333.48,GBP
ACC09213,CUST8635,Recurring Deposit,Philadelphia,63165.75,JPY
ACC09214,CUST2345,Current,Houston,82957.3,GBP
ACC09215,CUST8636,Fixed Deposit,Phoenix,81659.62,USD
ACC09216,CUST8637,Fixed Deposit,San Antonio,76817.61,INR
ACC09217,CUST8638,Fixed Deposit,Philadelphia,97360.43,GBP
ACC09218,CUST8639,Recurring Deposit,Phoenix,71526.6,USD
ACC09219,CUST8640,Current,Los Angeles,73026.86,USD
ACC09220,CUST8641,Fixed Deposit,Chicago,49406.31,JPY
ACC09221,CUST8642,Current,San Diego,76528.51,INR
ACC09222,CUST8643,Recurring Deposit,Chicago,78103.65,JPY
ACC09223,CUST8644,Current,Phoenix,31703.88,GBP
ACC09224,CUST8645,Savings,San Antonio,29275.39,GBP
ACC09225,CUST8646,Current,Houston,53501.18,EUR
ACC09226,CUST8647,Current,New York,52814.9,JPY
ACC09227,CUST8648,Recurring Deposit,Houston,43620.63,USD
ACC09228,CUST8649,Current,San Diego,98915.09,INR
ACC09229,CUST8650,Fixed Deposit,San Antonio,81787.41,GBP
ACC09230,CUST8651,Current,New York,79309.07,USD
ACC09231,CUST8652,Fixed Deposit,Los Angeles,88219.42,EUR
ACC09232,CUST6111,Recurring Deposit,Houston,11821.21,USD
ACC09233,CUST8653,Fixed Deposit,Philadelphia,71798.78,JPY
ACC09234,CUST8237,Savings,San Antonio,63017.49,GBP
ACC09235,CUST8654,Recurring Deposit,New York,93976.85,GBP
ACC09236,CUST8655,Fixed Deposit,Philadelphia,23717.97,JPY
ACC09237,CUST8656,Savings,Phoenix,36494.64,USD
ACC09238,CUST8657,Current,San Antonio,39998.43,JPY
ACC09239,CUST8658,Current,New York,84109.1,INR
ACC09240,CUST8659,Savings,Chicago,18413.62,GBP
ACC09241,CUST8660,Current,New York,83830.96,GBP
ACC09242,CUST5147,Fixed Deposit,Chicago,69774.26,JPY
ACC09243,CUST8661,Current,Los Angeles,395.64,EUR
ACC09244,CUST8662,Fixed Deposit,San Antonio,4632.16,INR
ACC09245,CUST8663,Savings,Phoenix,41010.49,GBP
ACC09246,CUST8664,Savings,Philadelphia,5590.03,JPY
ACC09247,CUST8665,Savings,Los Angeles,73773.13,INR
ACC09248,CUST8666,Current,San Diego,85108.66,USD
ACC09249,CUST8667,Savings,Los Angeles,87330.49,USD
ACC09250,CUST8668,Savings,New York,28785.39,USD
ACC09251,CUST8669,Current,Chicago,55180.13,USD
ACC09252,CUST8670,Recurring Deposit,Phoenix,6147.5,GBP
ACC09253,CUST5500,Current,Houston,33446.38,JPY
ACC09254,CUST8671,Fixed Deposit,Houston,55946.53,GBP
ACC09255,CUST8672,Recurring Deposit,Philadelphia,86085.87,EUR
ACC09256,CUST8673,Current,San Diego,47519.97,JPY
ACC09257,CUST8674,Current,San Antonio,27346.04,GBP
ACC09258,CUST8675,Recurring Deposit,Philadelphia,33641.7,USD
ACC09259,CUST8676,Current,New York,39540.63,INR
ACC09260,CUST8677,Fixed Deposit,Houston,6968.1,JPY
ACC09261,CUST8678,Fixed Deposit,Houston,89041.69,JPY
ACC09262,CUST8679,Savings,San Antonio,54399.33,GBP
ACC09263,CUST8680,Fixed Deposit,San Diego,37142.02,GBP
ACC09264,CUST8681,Current,Phoenix,42118.47,JPY
ACC09265,CUST8682,Recurring Deposit,San Antonio,1696.01,EUR
ACC09266,CUST2640,Recurring Deposit,Chicago,35992.95,GBP
ACC09267,CUST8683,Savings,Houston,14774.84,GBP
ACC09268,CUST8684,Fixed Deposit,Los Angeles,51571.69,GBP
ACC09269,CUST8685,Fixed Deposit,Phoenix,4196.43,GBP
ACC09270,CUST2922,Current,Chicago,49589.5,EUR
ACC09271,CUST8686,Recurring Deposit,Houston,75572.88,INR
ACC09272,CUST8083,Savings,Chicago,94012.6,EUR
ACC09273,CUST8687,Savings,Phoenix,52988.18,USD
ACC09274,CUST0083,Recurring Deposit,Los Angeles,3806.78,INR
ACC09275,CUST8688,Fixed Deposit,Phoenix,6633.53,USD
ACC09276,CUST8689,Savings,San Diego,21972.14,GBP
ACC09277,CUST8690,Savings,Phoenix,25435.52,GBP
ACC09278,CUST8691,Fixed Deposit,San Antonio,12048.22,INR
ACC09279,CUST8692,Recurring Deposit,Chicago,95349.64,USD
ACC09280,CUST8693,Current,San Antonio,44981.15,JPY
ACC09281,CUST8694,Savings,San Antonio,99899.03,JPY
ACC09282,CUST8695,Fixed Deposit,Los Angeles,92615.58,USD
ACC09283,CUST8696,Recurring Deposit,Chicago,45379.24,INR
ACC09284,CUST8697,Recurring Deposit,New York,57769.59,GBP
ACC09285,CUST8698,Savings,New York,8240.65,EUR
ACC09286,CUST8699,Current,Philadelphia,43683.06,JPY
ACC09287,CUST8700,Savings,San Diego,58454.29,INR
ACC09288,CUST8701,Savings,Chicago,81597.3,USD
ACC09289,CUST8702,Recurring Deposit,Philadelphia,68164.05,USD
ACC09290,CUST8703,Recurring Deposit,New York,56891.25,EUR
ACC09291,CUST8704,Current,San Diego,93050.0,GBP
ACC09292,CUST8705,Fixed Deposit,San Diego,52213.96,JPY
ACC09293,CUST8706,Fixed Deposit,San Diego,25140.35,JPY
ACC09294,CUST7206,Current,Houston,45777.14,INR
ACC09295,CUST8707,Recurring Deposit,New York,74294.71,GBP
ACC09296,CUST8708,Current,San Antonio,23261.0,EUR
ACC09297,CUST8709,Fixed Deposit,Houston,2412.31,JPY
ACC09298,CUST8710,Recurring Deposit,San Antonio,61878.54,JPY
ACC09299,CUST8711,Fixed Deposit,Los Angeles,32801.65,EUR
ACC09300,CUST8712,Current,Chicago,96893.69,GBP
ACC09301,CUST8713,Current,New York,94429.74,EUR
ACC09302,CUST8714,Fixed Deposit,San Antonio,1119.84,INR
ACC09303,CUST4289,Recurring Deposit,Houston,25832.59,INR
ACC09304,CUST2098,Savings,Phoenix,93925.85,INR
ACC09305,CUST8715,Current,New York,1733.63,USD
ACC09306,CUST8716,Current,San Antonio,80264.62,EUR
ACC09307,CUST8717,Savings,Los Angeles,85065.25,EUR
ACC09308,CUST3650,Current,San Diego,97314.2,INR
ACC09309,CUST8718,Recurring Deposit,New York,66136.94,GBP
ACC09310,CUST8719,Recurring Deposit,San Diego,76101.46,GBP
ACC09311,CUST8720,Current,Houston,93803.63,GBP
ACC09312,CUST8721,Fixed Deposit,Houston,49950.3,GBP
ACC09313,CUST8722,Recurring Deposit,Chicago,59525.2,GBP
ACC09314,CUST8723,Fixed Deposit,Los Angeles,7200.38,EUR
ACC09315,CUST8724,Fixed Deposit,Phoenix,61066.78,JPY
ACC09316,CUST8725,Fixed Deposit,San Diego,20916.84,USD
ACC09317,CUST8726,Fixed Deposit,San Diego,66779.19,JPY
ACC09318,CUST8727,Fixed Deposit,Philadelphia,43195.21,GBP
ACC09319,CUST8728,Fixed Deposit,San Diego,30483.0,EUR
ACC09320,CUST8729,Fixed Deposit,Los Angeles,55599.68,USD
ACC09321,CUST5950,Fixed Deposit,Los Angeles,81072.82,USD
ACC09322,CUST8730,Recurring Deposit,San Antonio,75832.61,JPY
ACC09323,CUST8731,Recurring Deposit,Houston,8874.33,USD
ACC09324,CUST8732,Recurring Deposit,San Antonio,62301.98,USD
ACC09325,CUST8733,Fixed Deposit,Houston,58341.73,EUR
ACC09326,CUST8734,Fixed Deposit,New York,8975.66,JPY
ACC09327,CUST8735,Fixed Deposit,New York,60536.4,JPY
ACC09328,CUST8736,Current,Los Angeles,4997.85,EUR
ACC09329,CUST8737,Savings,San Antonio,87653.24,EUR
ACC09330,CUST8738,Current,San Antonio,32283.59,GBP
ACC09331,CUST8739,Fixed Deposit,Philadelphia,97967.39,USD
ACC09332,CUST8740,Savings,New York,80982.31,INR
ACC09333,CUST8741,Fixed Deposit,Phoenix,31909.53,EUR
ACC09334,CUST8742,Savings,New York,2484.04,GBP
ACC09335,CUST8743,Fixed Deposit,San Diego,57224.06,EUR
ACC09336,CUST8744,Savings,San Diego,77836.18,GBP
ACC09337,CUST8745,Fixed Deposit,Chicago,11982.49,EUR
ACC09338,CUST8746,Fixed Deposit,San Diego,96111.37,JPY
ACC09339,CUST8747,Savings,San Antonio,89690.89,EUR
ACC09340,CUST8748,Recurring Deposit,Phoenix,15553.23,EUR
ACC09341,CUST8749,Savings,San Antonio,99778.86,USD
ACC09342,CUST8750,Fixed Deposit,Houston,96072.0,EUR
ACC09343,CUST8751,Fixed Deposit,San Diego,68456.86,EUR
ACC09344,CUST8752,Current,Philadelphia,48900.02,INR
ACC09345,CUST8753,Current,Philadelphia,9618.93,INR
ACC09346,CUST8754,Fixed Deposit,New York,26575.93,INR
ACC09347,CUST8755,Savings,New York,56726.71,USD
ACC09348,CUST8756,Recurring Deposit,San Diego,17895.59,INR
ACC09349,CUST8757,Savings,New York,54343.16,EUR
ACC09350,CUST8758,Fixed Deposit,Los Angeles,59109.33,GBP
ACC09351,CUST8759,Recurring Deposit,Houston,25128.17,USD
ACC09352,CUST8760,Fixed Deposit,San Diego,36257.36,EUR
ACC09353,CUST8761,Recurring Deposit,Los Angeles,86871.03,JPY
ACC09354,CUST8762,Current,Los Angeles,48067.75,USD
ACC09355,CUST8763,Recurring Deposit,Chicago,90038.94,EUR
ACC09356,CUST8764,Fixed Deposit,Houston,87444.35,USD
ACC09357,CUST8765,Recurring Deposit,Los Angeles,85115.59,JPY
ACC09358,CUST8766,Current,New York,88783.59,INR
ACC09359,CUST8767,Recurring Deposit,Houston,17301.07,EUR
ACC09360,CUST8768,Current,Los Angeles,4088.94,GBP
ACC09361,CUST4890,Savings,Phoenix,69448.81,EUR
ACC09362,CUST8769,Recurring Deposit,Houston,29104.1,INR
ACC09363,CUST8770,Current,Phoenix,45750.38,USD
ACC09364,CUST8771,Recurring Deposit,San Antonio,65316.73,USD
ACC09365,CUST8772,Recurring Deposit,Phoenix,79307.92,GBP
ACC09366,CUST8773,Savings,Houston,18653.4,EUR
ACC09367,CUST6333,Fixed Deposit,Houston,9801.69,JPY
ACC09368,CUST8774,Savings,San Diego,5404.66,USD
ACC09369,CUST7598,Fixed Deposit,Houston,56317.13,JPY
ACC09370,CUST6191,Current,San Diego,32035.03,EUR
ACC09371,CUST3229,Savings,Phoenix,53327.92,INR
ACC09372,CUST0123,Fixed Deposit,New York,95252.23,JPY
ACC09373,CUST1651,Savings,Houston,83355.07,USD
ACC09374,CUST8775,Current,San Diego,98545.75,GBP
ACC09375,CUST8776,Current,Houston,34495.97,INR
ACC09376,CUST8777,Recurring Deposit,Los Angeles,18337.09,USD
ACC09377,CUST8778,Savings,Chicago,16956.04,INR
ACC09378,CUST8779,Current,San Antonio,7263.93,INR
ACC09379,CUST8780,Recurring Deposit,Houston,75221.66,EUR
ACC09380,CUST8781,Current,San Diego,86136.59,GBP
ACC09381,CUST8782,Recurring Deposit,Los Angeles,27944.49,GBP
ACC09382,CUST8783,Savings,Los Angeles,96185.4,USD
ACC09383,CUST8784,Recurring Deposit,Los Angeles,62368.33,GBP
ACC09384,CUST8785,Recurring Deposit,Chicago,74680.45,USD
ACC09385,CUST8786,Fixed Deposit,Philadelphia,65856.72,EUR
ACC09386,CUST8330,Current,Phoenix,16802.52,INR
ACC09387,CUST8787,Fixed Deposit,Houston,66840.46,USD
ACC09388,CUST0260,Savings,Los Angeles,7094.25,GBP
ACC09389,CUST8788,Fixed Deposit,Chicago,3233.05,JPY
ACC09390,CUST8789,Fixed Deposit,Houston,85480.58,INR
ACC09391,CUST8790,Savings,Chicago,38411.26,GBP
ACC09392,CUST8791,Current,Philadelphia,2320.08,INR
ACC09393,CUST8792,Savings,Phoenix,42565.75,USD
ACC09394,CUST8793,Recurring Deposit,Chicago,76668.72,INR
ACC09395,CUST8794,Recurring Deposit,Chicago,56032.54,GBP
ACC09396,CUST8795,Savings,Houston,87222.69,EUR
ACC09397,CUST8796,Fixed Deposit,Los Angeles,81317.13,GBP
ACC09398,CUST8797,Recurring Deposit,New York,54569.1,EUR
ACC09399,CUST0383,Current,Philadelphia,42287.87,JPY
ACC09400,CUST8798,Savings,San Antonio,60795.49,JPY
ACC09401,CUST3904,Recurring Deposit,San Diego,74122.55,USD
ACC09402,CUST8799,Fixed Deposit,Philadelphia,89348.12,GBP
ACC09403,CUST1895,Current,Philadelphia,45391.94,GBP
ACC09404,CUST8800,Recurring Deposit,Los Angeles,54697.16,GBP
ACC09405,CUST8801,Current,New York,35837.08,USD
ACC09406,CUST8802,Current,Houston,41145.17,USD
ACC09407,CUST8803,Fixed Deposit,San Antonio,59740.76,JPY
ACC09408,CUST8804,Fixed Deposit,Phoenix,73837.49,USD
ACC09409,CUST8805,Fixed Deposit,San Diego,91385.92,EUR
ACC09410,CUST8806,Fixed Deposit,Houston,57593.65,INR
ACC09411,CUST2753,Savings,San Antonio,15679.55,JPY
ACC09412,CUST2393,Savings,San Antonio,21408.2,JPY
ACC09413,CUST8807,Savings,New York,42896.83,GBP
ACC09414,CUST8808,Fixed Deposit,Los Angeles,3075.0,USD
ACC09415,CUST8809,Current,San Diego,40101.78,JPY
ACC09416,CUST8810,Fixed Deposit,Los Angeles,1467.42,GBP
ACC09417,CUST8811,Current,New York,8887.31,JPY
ACC09418,CUST8812,Recurring Deposit,San Antonio,28396.73,JPY
ACC09419,CUST8813,Recurring Deposit,San Antonio,86613.15,INR
ACC09420,CUST8814,Current,Los Angeles,27609.94,INR
ACC09421,CUST8815,Current,New York,52694.61,USD
ACC09422,CUST0181,Current,Houston,19447.91,JPY
ACC09423,CUST8816,Current,San Diego,60640.11,EUR
ACC09424,CUST8817,Current,San Diego,95090.34,INR
ACC09425,CUST8818,Savings,Phoenix,63565.95,JPY
ACC09426,CUST8819,Fixed Deposit,Phoenix,64544.88,INR
ACC09427,CUST8820,Savings,New York,71241.27,INR
ACC09428,CUST8821,Current,San Diego,71110.14,EUR
ACC09429,CUST8822,Savings,Houston,39007.55,EUR
ACC09430,CUST8823,Recurring Deposit,Phoenix,74659.31,GBP
ACC09431,CUST8824,Savings,San Diego,90703.24,JPY
ACC09432,CUST8825,Recurring Deposit,Houston,58389.31,USD
ACC09433,CUST8826,Savings,Phoenix,53968.24,EUR
ACC09434,CUST8827,Fixed Deposit,Los Angeles,32791.71,GBP
ACC09435,CUST8828,Recurring Deposit,San Diego,30596.08,USD
ACC09436,CUST8829,Fixed Deposit,Houston,95237.5,INR
ACC09437,CUST8830,Current,San Diego,16772.01,JPY
ACC09438,CUST8831,Recurring Deposit,San Diego,85912.37,INR
ACC09439,CUST8832,Current,New York,90536.45,JPY
ACC09440,CUST8833,Savings,New York,70421.83,USD
ACC09441,CUST8834,Current,Phoenix,89020.34,GBP
ACC09442,CUST8835,Fixed Deposit,Houston,48140.92,USD
ACC09443,CUST8836,Savings,New York,75971.91,INR
ACC09444,CUST8837,Current,Phoenix,32123.24,JPY
ACC09445,CUST1401,Fixed Deposit,Houston,87937.22,GBP
ACC09446,CUST8838,Savings,Chicago,85275.54,USD
ACC09447,CUST8839,Fixed Deposit,San Antonio,3153.92,JPY
ACC09448,CUST8840,Fixed Deposit,Philadelphia,48032.64,USD
ACC09449,CUST8841,Recurring Deposit,Chicago,95321.01,USD
ACC09450,CUST8842,Fixed Deposit,Phoenix,32961.84,GBP
ACC09451,CUST8843,Current,Houston,59355.17,INR
ACC09452,CUST8844,Recurring Deposit,Philadelphia,57367.71,JPY
ACC09453,CUST8845,Fixed Deposit,Chicago,72458.04,EUR
ACC09454,CUST8846,Fixed Deposit,Philadelphia,47759.95,EUR
ACC09455,CUST8847,Current,San Antonio,16047.59,INR
ACC09456,CUST8848,Recurring Deposit,Phoenix,82692.85,GBP
ACC09457,CUST8849,Savings,New York,58408.36,USD
ACC09458,CUST8850,Savings,San Antonio,66846.3,EUR
ACC09459,CUST3165,Savings,Houston,3258.92,USD
ACC09460,CUST8851,Current,New York,70286.59,EUR
ACC09461,CUST8852,Savings,San Antonio,54711.79,GBP
ACC09462,CUST8853,Current,San Diego,30216.7,GBP
ACC09463,CUST8854,Fixed Deposit,Houston,74325.96,EUR
ACC09464,CUST8855,Fixed Deposit,San Antonio,67676.73,USD
ACC09465,CUST8856,Fixed Deposit,San Antonio,88409.77,INR
ACC09466,CUST8857,Recurring Deposit,San Diego,957.98,JPY
ACC09467,CUST0008,Current,New York,75325.3,JPY
ACC09468,CUST8858,Current,Houston,38328.38,INR
ACC09469,CUST8859,Current,Los Angeles,87443.39,EUR
ACC09470,CUST1090,Current,Phoenix,82007.07,JPY
ACC09471,CUST8860,Current,San Diego,45918.97,GBP
ACC09472,CUST4483,Current,San Antonio,92721.49,INR
ACC09473,CUST8861,Recurring Deposit,Los Angeles,73972.65,USD
ACC09474,CUST8862,Current,Philadelphia,1041.4,USD
ACC09475,CUST8863,Recurring Deposit,San Antonio,53630.61,EUR
ACC09476,CUST8864,Fixed Deposit,New York,34521.5,GBP
ACC09477,CUST8865,Fixed Deposit,Phoenix,69385.13,USD
ACC09478,CUST8866,Savings,Houston,8738.87,USD
ACC09479,CUST8867,Current,San Diego,5381.47,INR
ACC09480,CUST8868,Savings,Philadelphia,42618.53,JPY
ACC09481,CUST8869,Savings,Houston,86259.82,EUR
ACC09482,CUST8870,Current,Los Angeles,14475.58,GBP
ACC09483,CUST8871,Fixed Deposit,Phoenix,57861.22,USD
ACC09484,CUST8872,Savings,San Diego,70024.84,USD
ACC09485,CUST8873,Current,Phoenix,78219.75,GBP
ACC09486,CUST4656,Recurring Deposit,Philadelphia,33293.26,GBP
ACC09487,CUST8874,Current,Philadelphia,67869.84,GBP
ACC09488,CUST8875,Current,Philadelphia,62992.61,EUR
ACC09489,CUST8876,Fixed Deposit,New York,61187.43,EUR
ACC09490,CUST8877,Current,New York,31361.09,EUR
ACC09491,CUST8878,Current,Phoenix,38913.39,USD
ACC09492,CUST8879,Current,Chicago,27503.67,EUR
ACC09493,CUST8880,Current,San Diego,71917.84,GBP
ACC09494,CUST8881,Current,Los Angeles,38107.59,INR
ACC09495,CUST8808,Savings,Philadelphia,59293.09,USD
ACC09496,CUST8882,Recurring Deposit,Houston,67656.01,JPY
ACC09497,CUST8883,Recurring Deposit,San Antonio,43704.91,EUR
ACC09498,CUST8884,Fixed Deposit,New York,79144.39,JPY
ACC09499,CUST8885,Recurring Deposit,New York,21120.8,EUR
ACC09500,CUST8886,Savings,Houston,99373.06,INR
ACC09501,CUST8887,Recurring Deposit,Philadelphia,66933.13,INR
ACC09502,CUST8888,Recurring Deposit,Houston,79659.43,JPY
ACC09503,CUST8889,Recurring Deposit,San Antonio,39975.57,GBP
ACC09504,CUST8890,Current,San Diego,41379.54,EUR
ACC09505,CUST8891,Current,Los Angeles,30997.72,INR
ACC09506,CUST8892,Current,Houston,19069.99,GBP
ACC09507,CUST8893,Recurring Deposit,New York,47105.03,USD
ACC09508,CUST8894,Recurring Deposit,Philadelphia,72647.08,USD
ACC09509,CUST1081,Fixed Deposit,Phoenix,49876.41,JPY
ACC09510,CUST8895,Fixed Deposit,New York,69311.93,USD
ACC09511,CUST8896,Savings,New York,53409.95,GBP
ACC09512,CUST8897,Savings,Philadelphia,55398.53,JPY
ACC09513,CUST8898,Fixed Deposit,San Antonio,66937.9,EUR
ACC09514,CUST8899,Current,Chicago,88039.96,JPY
ACC09515,CUST8900,Recurring Deposit,Chicago,28896.14,USD
ACC09516,CUST8901,Savings,San Antonio,5641.2,GBP
ACC09517,CUST8902,Fixed Deposit,Chicago,83713.48,EUR
ACC09518,CUST8903,Fixed Deposit,Chicago,14596.32,GBP
ACC09519,CUST8904,Fixed Deposit,Houston,25648.21,JPY
ACC09520,CUST8905,Current,Phoenix,70986.32,JPY
ACC09521,CUST8906,Fixed Deposit,Chicago,46982.97,USD
ACC09522,CUST8907,Savings,San Diego,50034.75,JPY
ACC09523,CUST8908,Savings,Phoenix,68172.72,JPY
ACC09524,CUST8909,Current,Los Angeles,89019.0,USD
ACC09525,CUST3326,Fixed Deposit,Houston,94499.31,EUR
ACC09526,CUST8910,Current,Chicago,44284.72,USD
ACC09527,CUST8911,Fixed Deposit,Chicago,78730.5,JPY
ACC09528,CUST6859,Current,San Diego,48263.43,USD
ACC09529,CUST6875,Fixed Deposit,New York,59351.1,GBP
ACC09530,CUST8912,Current,New York,21073.76,USD
ACC09531,CUST8913,Current,San Antonio,57699.0,EUR
ACC09532,CUST8914,Savings,Phoenix,44330.04,EUR
ACC09533,CUST8915,Current,New York,23868.96,EUR
ACC09534,CUST8916,Fixed Deposit,San Diego,54433.31,USD
ACC09535,CUST8917,Savings,Phoenix,41974.79,EUR
ACC09536,CUST1310,Current,Chicago,73229.44,JPY
ACC09537,CUST8918,Savings,Los Angeles,72775.25,JPY
ACC09538,CUST8919,Fixed Deposit,Phoenix,91482.73,GBP
ACC09539,CUST8920,Savings,New York,49143.57,EUR
ACC09540,CUST8921,Fixed Deposit,Philadelphia,68705.55,EUR
ACC09541,CUST8922,Fixed Deposit,Phoenix,82361.82,JPY
ACC09542,CUST6951,Fixed Deposit,San Antonio,99539.04,USD
ACC09543,CUST8923,Recurring Deposit,New York,23600.37,GBP
ACC09544,CUST8924,Savings,Houston,31352.48,USD
ACC09545,CUST5678,Fixed Deposit,Houston,99751.06,USD
ACC09546,CUST8925,Savings,Philadelphia,76829.23,USD
ACC09547,CUST8926,Recurring Deposit,Phoenix,61914.32,GBP
ACC09548,CUST8927,Current,New York,65365.68,JPY
ACC09549,CUST8928,Fixed Deposit,Chicago,79189.18,INR
ACC09550,CUST8929,Recurring Deposit,San Diego,22134.19,EUR
ACC09551,CUST5310,Savings,New York,50030.49,GBP
ACC09552,CUST6089,Recurring Deposit,Houston,41655.4,JPY
ACC09553,CUST8930,Recurring Deposit,San Diego,38878.26,INR
ACC09554,CUST0247,Savings,San Diego,45246.69,GBP
ACC09555,CUST8931,Current,Phoenix,54990.62,USD
ACC09556,CUST8932,Recurring Deposit,Philadelphia,24147.31,GBP
ACC09557,CUST8933,Fixed Deposit,Philadelphia,39849.27,GBP
ACC09558,CUST1206,Fixed Deposit,Phoenix,29329.64,JPY
ACC09559,CUST8934,Savings,San Antonio,95019.52,USD
ACC09560,CUST8935,Recurring Deposit,Phoenix,14311.43,JPY
ACC09561,CUST8936,Current,Los Angeles,42908.21,JPY
ACC09562,CUST8937,Fixed Deposit,Philadelphia,65987.68,INR
ACC09563,CUST8938,Current,New York,89375.28,JPY
ACC09564,CUST8939,Current,San Diego,46367.71,EUR
ACC09565,CUST8940,Current,Phoenix,95330.86,INR
ACC09566,CUST3705,Recurring Deposit,New York,81641.13,EUR
ACC09567,CUST8941,Fixed Deposit,New York,59544.32,JPY
ACC09568,CUST8942,Recurring Deposit,Phoenix,78553.77,GBP
ACC09569,CUST8943,Recurring Deposit,Philadelphia,97898.0,USD
ACC09570,CUST8944,Savings,Phoenix,67572.12,EUR
ACC09571,CUST8945,Current,Phoenix,16031.1,JPY
ACC09572,CUST6971,Recurring Deposit,Phoenix,91140.25,INR
ACC09573,CUST8946,Recurring Deposit,Phoenix,41563.56,JPY
ACC09574,CUST8947,Savings,Houston,55500.12,JPY
ACC09575,CUST8948,Fixed Deposit,Chicago,27981.7,EUR
ACC09576,CUST8949,Fixed Deposit,Philadelphia,77493.03,USD
ACC09577,CUST8950,Savings,San Diego,3745.3,INR
ACC09578,CUST8951,Savings,Phoenix,19301.16,JPY
ACC09579,CUST8952,Fixed Deposit,Chicago,3212.32,USD
ACC09580,CUST8953,Savings,Chicago,15866.65,INR
ACC09581,CUST8954,Recurring Deposit,Chicago,27904.94,JPY
ACC09582,CUST0363,Fixed Deposit,Los Angeles,26921.93,EUR
ACC09583,CUST8955,Savings,Philadelphia,22522.52,GBP
ACC09584,CUST8956,Savings,Philadelphia,5944.85,EUR
ACC09585,CUST6473,Current,Chicago,14097.94,GBP
ACC09586,CUST8957,Recurring Deposit,Los Angeles,90663.54,USD
ACC09587,CUST8958,Savings,Phoenix,80068.56,INR
ACC09588,CUST2366,Current,Chicago,25393.06,GBP
ACC09589,CUST8959,Current,Houston,55553.94,EUR
ACC09590,CUST8960,Savings,Chicago,11715.3,GBP
ACC09591,CUST8961,Fixed Deposit,San Antonio,98967.85,GBP
ACC09592,CUST2098,Current,New York,98925.25,GBP
ACC09593,CUST8962,Recurring Deposit,Chicago,87219.08,JPY
ACC09594,CUST8963,Fixed Deposit,San Antonio,35325.73,USD
ACC09595,CUST8964,Recurring Deposit,Houston,63220.93,INR
ACC09596,CUST8965,Recurring Deposit,Houston,87085.12,JPY
ACC09597,CUST6191,Fixed Deposit,New York,37456.65,USD
ACC09598,CUST8966,Fixed Deposit,San Antonio,22224.98,GBP
ACC09599,CUST8967,Current,Chicago,79894.4,JPY
ACC09600,CUST8968,Savings,Houston,92748.0,USD
ACC09601,CUST8969,Current,San Antonio,85262.19,USD
ACC09602,CUST8970,Savings,New York,74690.45,USD
ACC09603,CUST8971,Fixed Deposit,New York,1944.6,INR
ACC09604,CUST8972,Recurring Deposit,Los Angeles,48017.15,GBP
ACC09605,CUST2100,Current,San Antonio,62833.75,USD
ACC09606,CUST8973,Savings,Houston,44003.38,EUR
ACC09607,CUST8974,Fixed Deposit,San Diego,39954.31,INR
ACC09608,CUST8975,Fixed Deposit,Phoenix,98236.98,INR
ACC09609,CUST8976,Current,Philadelphia,54822.8,INR
ACC09610,CUST3957,Recurring Deposit,Los Angeles,26707.94,GBP
ACC09611,CUST8977,Recurring Deposit,Phoenix,65925.09,JPY
ACC09612,CUST8978,Current,Chicago,94695.22,USD
ACC09613,CUST8979,Fixed Deposit,Chicago,36897.71,GBP
ACC09614,CUST8980,Savings,San Antonio,62863.39,EUR
ACC09615,CUST8981,Savings,Phoenix,98880.0,USD
ACC09616,CUST1870,Current,New York,55149.68,EUR
ACC09617,CUST8982,Recurring Deposit,Chicago,40589.59,INR
ACC09618,CUST5795,Savings,San Antonio,33258.35,GBP
ACC09619,CUST8983,Savings,Houston,41064.76,EUR
ACC09620,CUST8984,Savings,Houston,36095.98,GBP
ACC09621,CUST4840,Recurring Deposit,Houston,11935.93,USD
ACC09622,CUST8985,Current,Houston,87083.92,GBP
ACC09623,CUST8986,Fixed Deposit,Houston,29256.23,EUR
ACC09624,CUST8987,Recurring Deposit,Philadelphia,73403.24,JPY
ACC09625,CUST8988,Current,San Antonio,68751.4,INR
ACC09626,CUST8989,Savings,Phoenix,21291.54,JPY
ACC09627,CUST4855,Savings,Chicago,77616.02,INR
ACC09628,CUST8990,Fixed Deposit,Houston,33112.97,USD
ACC09629,CUST8991,Recurring Deposit,Chicago,2017.65,EUR
ACC09630,CUST8992,Fixed Deposit,Phoenix,29109.48,USD
ACC09631,CUST8993,Current,Los Angeles,40293.57,JPY
ACC09632,CUST8994,Current,Houston,28303.5,EUR
ACC09633,CUST8995,Savings,Philadelphia,2169.6,EUR
ACC09634,CUST8996,Savings,San Antonio,54048.21,USD
ACC09635,CUST8997,Current,Houston,27933.54,JPY
ACC09636,CUST8450,Current,Houston,13324.94,INR
ACC09637,CUST8998,Current,Phoenix,76201.39,EUR
ACC09638,CUST8999,Recurring Deposit,Chicago,71168.24,JPY
ACC09639,CUST9000,Fixed Deposit,Chicago,45228.92,JPY
ACC09640,CUST9001,Savings,New York,14340.52,JPY
ACC09641,CUST9002,Recurring Deposit,Chicago,27208.8,EUR
ACC09642,CUST9003,Recurring Deposit,Phoenix,3214.67,USD
ACC09643,CUST9004,Current,Phoenix,94057.26,GBP
ACC09644,CUST9005,Savings,San Diego,87157.38,EUR
ACC09645,CUST9006,Current,Philadelphia,29233.21,JPY
ACC09646,CUST9007,Fixed Deposit,Houston,5164.13,JPY
ACC09647,CUST9008,Recurring Deposit,New York,20998.08,GBP
ACC09648,CUST9009,Savings,Houston,56128.11,EUR
ACC09649,CUST9010,Recurring Deposit,San Antonio,75935.16,EUR
ACC09650,CUST2689,Recurring Deposit,Chicago,82585.16,USD
ACC09651,CUST9011,Current,San Antonio,76946.09,GBP
ACC09652,CUST9012,Recurring Deposit,Houston,10647.02,USD
ACC09653,CUST9013,Current,New York,69975.82,INR
ACC09654,CUST9014,Savings,Phoenix,20668.17,GBP
ACC09655,CUST9015,Recurring Deposit,Houston,8380.81,INR
ACC09656,CUST3021,Current,Philadelphia,24256.65,JPY
ACC09657,CUST9016,Recurring Deposit,Chicago,18130.92,USD
ACC09658,CUST9017,Savings,Los Angeles,37946.64,EUR
ACC09659,CUST9018,Savings,Phoenix,77080.62,GBP
ACC09660,CUST9019,Fixed Deposit,Los Angeles,89225.53,INR
ACC09661,CUST9020,Fixed Deposit,San Diego,82062.54,USD
ACC09662,CUST9021,Fixed Deposit,New York,65560.32,USD
ACC09663,CUST9022,Savings,Philadelphia,58176.68,EUR
ACC09664,CUST9023,Fixed Deposit,San Antonio,64554.22,USD
ACC09665,CUST9024,Fixed Deposit,Los Angeles,27812.14,USD
ACC09666,CUST9025,Savings,San Antonio,60337.46,JPY
ACC09667,CUST9026,Recurring Deposit,Philadelphia,43885.02,JPY
ACC09668,CUST9027,Savings,Philadelphia,17736.57,JPY
ACC09669,CUST9028,Recurring Deposit,Philadelphia,95842.06,USD
ACC09670,CUST9029,Current,Philadelphia,60074.55,JPY
ACC09671,CUST9030,Current,Houston,94268.76,EUR
ACC09672,CUST9031,Savings,San Diego,97687.83,USD
ACC09673,CUST6392,Savings,Houston,13684.41,USD
ACC09674,CUST9032,Fixed Deposit,Phoenix,15697.86,INR
ACC09675,CUST9033,Fixed Deposit,Los Angeles,59479.42,USD
ACC09676,CUST9034,Fixed Deposit,Philadelphia,31961.18,EUR
ACC09677,CUST9035,Current,New York,75299.7,EUR
ACC09678,CUST9036,Recurring Deposit,Phoenix,76880.43,EUR
ACC09679,CUST9037,Savings,San Antonio,14048.26,GBP
ACC09680,CUST9038,Fixed Deposit,New York,73616.32,EUR
ACC09681,CUST9039,Current,New York,29218.4,USD
ACC09682,CUST9040,Savings,Philadelphia,49109.5,USD
ACC09683,CUST9041,Current,San Antonio,82984.77,EUR
ACC09684,CUST9042,Recurring Deposit,Chicago,76771.58,USD
ACC09685,CUST9043,Savings,New York,95450.24,EUR
ACC09686,CUST9044,Savings,Phoenix,88682.6,GBP
ACC09687,CUST9045,Savings,Los Angeles,16741.77,GBP
ACC09688,CUST9046,Recurring Deposit,Los Angeles,13884.09,EUR
ACC09689,CUST9047,Recurring Deposit,New York,92343.85,GBP
ACC09690,CUST9048,Savings,Chicago,30962.88,GBP
ACC09691,CUST9049,Recurring Deposit,Chicago,22388.43,EUR
ACC09692,CUST9050,Fixed Deposit,Houston,20622.91,EUR
ACC09693,CUST9051,Savings,Phoenix,66752.41,EUR
ACC09694,CUST9052,Savings,Philadelphia,81716.82,USD
ACC09695,CUST9053,Savings,San Antonio,89156.2,EUR
ACC09696,CUST3234,Current,Phoenix,91098.27,USD
ACC09697,CUST9054,Savings,San Antonio,85404.04,GBP
ACC09698,CUST9055,Recurring Deposit,Los Angeles,39637.86,EUR
ACC09699,CUST9056,Current,New York,90771.98,EUR
ACC09700,CUST8825,Recurring Deposit,San Diego,53944.18,GBP
ACC09701,CUST7766,Recurring Deposit,Phoenix,88116.32,USD
ACC09702,CUST9057,Fixed Deposit,Philadelphia,21998.28,USD
ACC09703,CUST9058,Savings,San Antonio,64170.07,USD
ACC09704,CUST9059,Savings,Chicago,49420.71,JPY
ACC09705,CUST9060,Recurring Deposit,San Antonio,88931.7,EUR
ACC09706,CUST9061,Recurring Deposit,New York,43981.48,INR
ACC09707,CUST9062,Fixed Deposit,Houston,99900.43,GBP
ACC09708,CUST9063,Fixed Deposit,San Antonio,29170.97,GBP
ACC09709,CUST9064,Current,San Diego,72634.3,JPY
ACC09710,CUST9065,Recurring Deposit,New York,49508.45,GBP
ACC09711,CUST9066,Current,San Antonio,49651.62,USD
ACC09712,CUST9067,Current,San Diego,58883.83,GBP
ACC09713,CUST9068,Recurring Deposit,San Diego,29035.38,INR
ACC09714,CUST9069,Savings,Phoenix,47303.11,JPY
ACC09715,CUST8213,Current,Philadelphia,92026.28,GBP
ACC09716,CUST9070,Savings,Chicago,25143.87,JPY
ACC09717,CUST9071,Recurring Deposit,Philadelphia,88194.12,JPY
ACC09718,CUST9072,Savings,Houston,68019.52,EUR
ACC09719,CUST3916,Recurring Deposit,New York,39928.83,JPY
ACC09720,CUST9073,Current,San Antonio,86475.73,GBP
ACC09721,CUST9074,Fixed Deposit,San Diego,2424.68,EUR
ACC09722,CUST9075,Current,Los Angeles,4912.49,GBP
ACC09723,CUST9076,Fixed Deposit,Houston,7253.4,JPY
ACC09724,CUST9077,Recurring Deposit,Philadelphia,93019.67,JPY
ACC09725,CUST9078,Savings,San Diego,35408.14,USD
ACC09726,CUST9079,Recurring Deposit,San Antonio,6481.57,JPY
ACC09727,CUST9080,Current,San Diego,86832.54,JPY
ACC09728,CUST9081,Fixed Deposit,San Antonio,70670.11,INR
ACC09729,CUST9082,Current,Philadelphia,29693.01,JPY
ACC09730,CUST9083,Recurring Deposit,Houston,9328.12,USD
ACC09731,CUST2428,Fixed Deposit,Chicago,23867.48,GBP
ACC09732,CUST9084,Fixed Deposit,Philadelphia,70378.11,INR
ACC09733,CUST9085,Savings,Chicago,66943.96,EUR
ACC09734,CUST9086,Current,Phoenix,29628.79,INR
ACC09735,CUST9087,Fixed Deposit,San Diego,40774.22,GBP
ACC09736,CUST9088,Savings,Philadelphia,18002.85,INR
ACC09737,CUST9089,Fixed Deposit,Phoenix,26684.37,JPY
ACC09738,CUST9090,Recurring Deposit,Philadelphia,91150.61,EUR
ACC09739,CUST9091,Fixed Deposit,Philadelphia,73144.62,JPY
ACC09740,CUST9092,Savings,San Antonio,39047.77,GBP
ACC09741,CUST1913,Current,New York,3214.44,GBP
ACC09742,CUST9093,Current,Phoenix,50172.94,GBP
ACC09743,CUST9094,Recurring Deposit,New York,71029.87,USD
ACC09744,CUST9095,Savings,San Diego,72368.72,USD
ACC09745,CUST5710,Savings,Phoenix,93178.52,EUR
ACC09746,CUST5415,Current,Chicago,67444.23,EUR
ACC09747,CUST9096,Recurring Deposit,Philadelphia,52432.05,JPY
ACC09748,CUST9097,Recurring Deposit,Los Angeles,96795.99,INR
ACC09749,CUST9098,Savings,San Antonio,90060.65,GBP
ACC09750,CUST9099,Recurring Deposit,Chicago,27179.03,EUR
ACC09751,CUST9100,Recurring Deposit,Philadelphia,68254.44,JPY
ACC09752,CUST0895,Current,Philadelphia,28875.2,EUR
ACC09753,CUST9101,Savings,Los Angeles,67660.81,JPY
ACC09754,CUST9102,Current,San Diego,53648.24,GBP
ACC09755,CUST9103,Savings,New York,91485.29,USD
ACC09756,CUST7502,Recurring Deposit,Chicago,35244.48,EUR
ACC09757,CUST9104,Current,San Antonio,57460.2,GBP
ACC09758,CUST9105,Recurring Deposit,San Antonio,28170.2,INR
ACC09759,CUST9106,Fixed Deposit,Philadelphia,68470.57,USD
ACC09760,CUST9107,Savings,Houston,68788.36,GBP
ACC09761,CUST9108,Fixed Deposit,Los Angeles,33564.26,USD
ACC09762,CUST9109,Current,San Diego,21620.37,GBP
ACC09763,CUST9110,Fixed Deposit,Los Angeles,83840.46,USD
ACC09764,CUST9111,Recurring Deposit,Los Angeles,7060.31,INR
ACC09765,CUST5616,Current,Phoenix,19677.46,INR
ACC09766,CUST9112,Recurring Deposit,Los Angeles,43100.61,INR
ACC09767,CUST9113,Current,San Antonio,14686.75,INR
ACC09768,CUST9114,Fixed Deposit,Phoenix,25390.15,GBP
ACC09769,CUST9115,Savings,Los Angeles,4312.24,JPY
ACC09770,CUST9116,Current,San Diego,92264.92,EUR
ACC09771,CUST9117,Recurring Deposit,Los Angeles,62189.97,USD
ACC09772,CUST5475,Fixed Deposit,Philadelphia,83033.17,EUR
ACC09773,CUST9118,Recurring Deposit,San Antonio,77634.35,USD
ACC09774,CUST9119,Recurring Deposit,San Diego,35892.47,GBP
ACC09775,CUST9120,Recurring Deposit,San Antonio,4645.58,USD
ACC09776,CUST9121,Recurring Deposit,Houston,25186.84,GBP
ACC09777,CUST9122,Savings,Los Angeles,35082.1,JPY
ACC09778,CUST9123,Fixed Deposit,San Antonio,50576.67,JPY
ACC09779,CUST9124,Fixed Deposit,New York,65421.34,JPY
ACC09780,CUST9125,Savings,Chicago,11471.54,USD
ACC09781,CUST9126,Savings,Los Angeles,32610.95,GBP
ACC09782,CUST9127,Current,Los Angeles,71111.4,USD
ACC09783,CUST8853,Recurring Deposit,San Antonio,30459.38,GBP
ACC09784,CUST9128,Current,Chicago,17709.1,JPY
ACC09785,CUST9129,Recurring Deposit,San Diego,56254.56,USD
ACC09786,CUST9130,Current,Phoenix,78896.72,INR
ACC09787,CUST9131,Savings,Phoenix,92115.22,EUR
ACC09788,CUST9132,Fixed Deposit,Chicago,72600.04,JPY
ACC09789,CUST9133,Current,Houston,49974.93,GBP
ACC09790,CUST2218,Savings,Los Angeles,1145.25,USD
ACC09791,CUST9134,Recurring Deposit,Phoenix,88868.84,EUR
ACC09792,CUST9135,Recurring Deposit,New York,35800.32,GBP
ACC09793,CUST9136,Fixed Deposit,San Antonio,70533.68,INR
ACC09794,CUST9137,Fixed Deposit,Philadelphia,85248.09,USD
ACC09795,CUST9138,Savings,Los Angeles,66537.9,INR
ACC09796,CUST2931,Current,San Antonio,34794.2,EUR
ACC09797,CUST9139,Fixed Deposit,San Antonio,93264.2,GBP
ACC09798,CUST9140,Recurring Deposit,Phoenix,58234.07,EUR
ACC09799,CUST9141,Fixed Deposit,Philadelphia,15994.16,GBP
ACC09800,CUST9142,Savings,Phoenix,82475.91,INR
ACC09801,CUST9143,Recurring Deposit,San Antonio,24834.48,GBP
ACC09802,CUST2086,Savings,Houston,1416.82,JPY
ACC09803,CUST9144,Fixed Deposit,Los Angeles,99158.54,GBP
ACC09804,CUST9145,Fixed Deposit,Phoenix,78162.36,JPY
ACC09805,CUST9146,Recurring Deposit,Los Angeles,77573.11,JPY
ACC09806,CUST9147,Recurring Deposit,Chicago,45278.38,GBP
ACC09807,CUST9148,Current,Los Angeles,38874.33,INR
ACC09808,CUST9149,Fixed Deposit,Los Angeles,46892.41,INR
ACC09809,CUST9150,Current,Phoenix,70047.15,JPY
ACC09810,CUST6410,Savings,Philadelphia,24409.07,EUR
ACC09811,CUST9151,Current,New York,52112.49,INR
ACC09812,CUST9152,Fixed Deposit,Chicago,50395.08,GBP
ACC09813,CUST9153,Recurring Deposit,Philadelphia,66712.77,GBP
ACC09814,CUST9154,Fixed Deposit,Phoenix,31184.24,USD
ACC09815,CUST9155,Current,San Diego,71251.57,JPY
ACC09816,CUST9156,Recurring Deposit,San Diego,87624.13,INR
ACC09817,CUST9157,Recurring Deposit,San Antonio,44803.01,JPY
ACC09818,CUST7992,Fixed Deposit,Chicago,98532.5,GBP
ACC09819,CUST9158,Recurring Deposit,Los Angeles,53362.18,INR
ACC09820,CUST9159,Recurring Deposit,Chicago,95513.13,EUR
ACC09821,CUST9160,Fixed Deposit,San Diego,147.74,INR
ACC09822,CUST9161,Recurring Deposit,Phoenix,41010.53,USD
ACC09823,CUST2140,Fixed Deposit,Phoenix,31584.57,USD
ACC09824,CUST9162,Savings,San Diego,76817.47,EUR
ACC09825,CUST9163,Fixed Deposit,Philadelphia,76969.58,USD
ACC09826,CUST9164,Current,Philadelphia,99775.64,JPY
ACC09827,CUST9165,Recurring Deposit,Houston,19060.56,GBP
ACC09828,CUST9166,Current,Philadelphia,89786.28,USD
ACC09829,CUST9167,Current,Chicago,41611.13,GBP
ACC09830,CUST9168,Current,Philadelphia,6819.76,INR
ACC09831,CUST9169,Current,San Diego,51667.96,INR
ACC09832,CUST9170,Fixed Deposit,Philadelphia,65009.34,EUR
ACC09833,CUST9171,Current,San Diego,63982.14,EUR
ACC09834,CUST9172,Recurring Deposit,San Antonio,87348.69,GBP
ACC09835,CUST9173,Savings,Philadelphia,18344.97,INR
ACC09836,CUST9174,Fixed Deposit,New York,29650.83,INR
ACC09837,CUST9175,Recurring Deposit,San Antonio,81877.09,GBP
ACC09838,CUST9176,Fixed Deposit,Los Angeles,71508.6,INR
ACC09839,CUST9177,Savings,New York,20539.65,JPY
ACC09840,CUST9178,Savings,New York,97725.33,USD
ACC09841,CUST9179,Current,Houston,99340.61,EUR
ACC09842,CUST9180,Current,Los Angeles,31644.42,USD
ACC09843,CUST9181,Fixed Deposit,San Antonio,78777.2,USD
ACC09844,CUST9182,Current,Phoenix,69732.03,INR
ACC09845,CUST9183,Recurring Deposit,San Antonio,3779.93,INR
ACC09846,CUST9184,Savings,Los Angeles,98377.09,EUR
ACC09847,CUST9185,Savings,Los Angeles,72658.1,INR
ACC09848,CUST9186,Fixed Deposit,Los Angeles,66986.09,JPY
ACC09849,CUST3091,Recurring Deposit,Phoenix,33765.23,EUR
ACC09850,CUST9187,Recurring Deposit,Los Angeles,28228.26,EUR
ACC09851,CUST9188,Savings,Houston,45125.73,USD
ACC09852,CUST9189,Savings,San Diego,12982.24,JPY
ACC09853,CUST9190,Current,Houston,92053.09,INR
ACC09854,CUST9191,Fixed Deposit,San Antonio,3774.74,JPY
ACC09855,CUST9192,Recurring Deposit,Philadelphia,73088.48,EUR
ACC09856,CUST9193,Current,Chicago,26533.44,JPY
ACC09857,CUST9194,Current,Philadelphia,95479.09,EUR
ACC09858,CUST9195,Current,Philadelphia,26366.8,USD
ACC09859,CUST9196,Fixed Deposit,San Diego,44744.59,JPY
ACC09860,CUST9197,Savings,San Diego,18415.34,USD
ACC09861,CUST9198,Fixed Deposit,Chicago,17017.31,JPY
ACC09862,CUST9199,Current,San Antonio,8378.11,USD
ACC09863,CUST9200,Savings,San Diego,14339.08,USD
ACC09864,CUST4114,Recurring Deposit,Chicago,37245.96,JPY
ACC09865,CUST9201,Recurring Deposit,San Antonio,43995.86,EUR
ACC09866,CUST9202,Fixed Deposit,New York,13190.3,INR
ACC09867,CUST9203,Current,Chicago,45384.17,JPY
ACC09868,CUST9204,Recurring Deposit,San Antonio,37870.67,USD
ACC09869,CUST9205,Recurring Deposit,Chicago,46883.58,JPY
ACC09870,CUST9206,Current,Chicago,4564.04,INR
ACC09871,CUST9207,Current,Phoenix,73306.6,EUR
ACC09872,CUST9208,Current,Los Angeles,55190.11,INR
ACC09873,CUST9209,Current,San Diego,98224.42,EUR
ACC09874,CUST9210,Savings,New York,22197.59,EUR
ACC09875,CUST9211,Fixed Deposit,Phoenix,94477.6,USD
ACC09876,CUST9212,Savings,Philadelphia,70408.24,JPY
ACC09877,CUST9213,Fixed Deposit,San Diego,32582.05,INR
ACC09878,CUST9214,Recurring Deposit,Phoenix,42115.92,USD
ACC09879,CUST9215,Recurring Deposit,Philadelphia,73929.71,USD
ACC09880,CUST9216,Current,Philadelphia,15452.83,JPY
ACC09881,CUST9217,Savings,Phoenix,1583.85,JPY
ACC09882,CUST9218,Current,Houston,61161.48,GBP
ACC09883,CUST9219,Savings,New York,17552.14,USD
ACC09884,CUST9220,Recurring Deposit,Los Angeles,74925.72,EUR
ACC09885,CUST9221,Recurring Deposit,Phoenix,26636.62,JPY
ACC09886,CUST9222,Savings,New York,82858.15,JPY
ACC09887,CUST9223,Savings,Los Angeles,1558.01,JPY
ACC09888,CUST9224,Recurring Deposit,Philadelphia,10330.83,JPY
ACC09889,CUST9225,Savings,Houston,36409.36,JPY
ACC09890,CUST9226,Fixed Deposit,New York,17434.02,USD
ACC09891,CUST9227,Recurring Deposit,Phoenix,90152.48,EUR
ACC09892,CUST9228,Fixed Deposit,Houston,25509.08,USD
ACC09893,CUST9229,Recurring Deposit,Los Angeles,35555.18,USD
ACC09894,CUST9230,Fixed Deposit,Los Angeles,25030.15,USD
ACC09895,CUST9231,Savings,New York,82485.71,EUR
ACC09896,CUST9232,Current,Chicago,1472.33,GBP
ACC09897,CUST9233,Fixed Deposit,Los Angeles,16028.05,INR
ACC09898,CUST9234,Fixed Deposit,Chicago,80825.48,GBP
ACC09899,CUST9235,Recurring Deposit,Houston,2086.77,EUR
ACC09900,CUST3650,Recurring Deposit,Philadelphia,23334.98,INR
ACC09901,CUST9236,Current,Philadelphia,57410.79,EUR
ACC09902,CUST9237,Fixed Deposit,Philadelphia,50868.24,GBP
ACC09903,CUST5795,Savings,San Antonio,59726.44,GBP
ACC09904,CUST9238,Recurring Deposit,New York,91612.37,GBP
ACC09905,CUST9239,Recurring Deposit,San Diego,26172.18,JPY
ACC09906,CUST9240,Savings,San Diego,93433.69,INR
ACC09907,CUST2507,Current,Los Angeles,58603.46,EUR
ACC09908,CUST9241,Recurring Deposit,Chicago,31945.27,GBP
ACC09909,CUST9242,Current,New York,24114.29,EUR
ACC09910,CUST9243,Recurring Deposit,Chicago,93752.6,GBP
ACC09911,CUST9244,Recurring Deposit,New York,87426.44,EUR
ACC09912,CUST9245,Current,New York,94276.97,USD
ACC09913,CUST9246,Recurring Deposit,San Antonio,65471.09,INR
ACC09914,CUST9247,Savings,New York,80613.14,GBP
ACC09915,CUST9248,Recurring Deposit,Philadelphia,42069.74,GBP
ACC09916,CUST1881,Recurring Deposit,San Diego,29018.92,EUR
ACC09917,CUST9249,Current,San Diego,10149.9,EUR
ACC09918,CUST9250,Fixed Deposit,San Antonio,86549.59,USD
ACC09919,CUST9251,Fixed Deposit,Chicago,96031.23,EUR
ACC09920,CUST9252,Fixed Deposit,San Antonio,36182.57,USD
ACC09921,CUST9253,Fixed Deposit,Philadelphia,63780.56,EUR
ACC09922,CUST9254,Savings,San Antonio,45113.41,GBP
ACC09923,CUST9255,Fixed Deposit,San Antonio,93114.65,INR
ACC09924,CUST9256,Recurring Deposit,San Antonio,958.39,USD
ACC09925,CUST9257,Savings,Los Angeles,82923.1,GBP
ACC09926,CUST9258,Current,San Antonio,57011.05,EUR
ACC09927,CUST7123,Fixed Deposit,San Antonio,28745.53,JPY
ACC09928,CUST9259,Fixed Deposit,Philadelphia,18300.55,GBP
ACC09929,CUST9260,Recurring Deposit,Chicago,71640.84,INR
ACC09930,CUST9261,Current,New York,2048.05,EUR
ACC09931,CUST5747,Recurring Deposit,Phoenix,89473.99,USD
ACC09932,CUST9262,Savings,Philadelphia,20303.89,INR
ACC09933,CUST9263,Fixed Deposit,Chicago,66729.33,JPY
ACC09934,CUST9264,Savings,New York,84920.1,INR
ACC09935,CUST9265,Recurring Deposit,San Antonio,54932.49,INR
ACC09936,CUST9266,Savings,San Diego,16109.51,EUR
ACC09937,CUST9267,Savings,Los Angeles,35931.3,EUR
ACC09938,CUST9268,Fixed Deposit,Los Angeles,53078.97,USD
ACC09939,CUST9269,Recurring Deposit,San Antonio,70364.23,EUR
ACC09940,CUST9270,Current,Los Angeles,99691.52,INR
ACC09941,CUST9271,Current,Phoenix,94204.48,EUR
ACC09942,CUST9272,Savings,San Diego,45114.77,USD
ACC09943,CUST0916,Recurring Deposit,Chicago,10591.86,GBP
ACC09944,CUST9273,Current,San Diego,28868.95,GBP
ACC09945,CUST2905,Savings,San Diego,42749.89,GBP
ACC09946,CUST9274,Recurring Deposit,Phoenix,61760.76,INR
ACC09947,CUST9275,Savings,Philadelphia,11670.99,INR
ACC09948,CUST9276,Recurring Deposit,Chicago,78443.25,INR
ACC09949,CUST9277,Fixed Deposit,San Antonio,25805.74,INR
ACC09950,CUST9278,Recurring Deposit,Philadelphia,44505.54,USD
ACC09951,CUST9279,Savings,New York,12474.58,GBP
ACC09952,CUST9280,Savings,Los Angeles,73861.97,EUR
ACC09953,CUST9281,Recurring Deposit,New York,5153.63,EUR
ACC09954,CUST9282,Current,Houston,70028.19,JPY
ACC09955,CUST9283,Savings,Los Angeles,38987.53,GBP
ACC09956,CUST9284,Savings,New York,67338.21,USD
ACC09957,CUST9285,Fixed Deposit,Phoenix,98094.47,JPY
ACC09958,CUST9286,Savings,New York,19746.9,INR
ACC09959,CUST9287,Current,Philadelphia,2317.59,INR
ACC09960,CUST1159,Recurring Deposit,Chicago,49707.65,JPY
ACC09961,CUST9288,Current,Houston,26772.99,GBP
ACC09962,CUST8966,Fixed Deposit,San Diego,99152.25,USD
ACC09963,CUST9289,Fixed Deposit,New York,9625.54,USD
ACC09964,CUST9290,Current,San Antonio,69821.22,USD
ACC09965,CUST9291,Current,San Diego,79095.16,INR
ACC09966,CUST9292,Savings,San Diego,28466.2,EUR
ACC09967,CUST9293,Recurring Deposit,Philadelphia,17945.76,GBP
ACC09968,CUST9294,Fixed Deposit,San Diego,43328.39,GBP
ACC09969,CUST9295,Fixed Deposit,Houston,80501.26,GBP
ACC09970,CUST9296,Recurring Deposit,New York,64478.6,INR
ACC09971,CUST9297,Fixed Deposit,Los Angeles,9517.92,JPY
ACC09972,CUST9298,Current,New York,63879.68,INR
ACC09973,CUST9299,Fixed Deposit,Houston,31773.0,GBP
ACC09974,CUST9300,Savings,Los Angeles,54950.22,USD
ACC09975,CUST4413,Recurring Deposit,Phoenix,58623.04,USD
ACC09976,CUST9301,Recurring Deposit,San Diego,48921.73,INR
ACC09977,CUST9302,Savings,Phoenix,30807.24,EUR
ACC09978,CUST9303,Fixed Deposit,Phoenix,67743.6,EUR
ACC09979,CUST9304,Recurring Deposit,Houston,12174.85,USD
ACC09980,CUST9305,Fixed Deposit,San Antonio,73696.55,EUR
ACC09981,CUST9306,Current,Chicago,29247.75,USD
ACC09982,CUST9307,Current,Houston,3954.13,GBP
ACC09983,CUST9308,Fixed Deposit,Chicago,36855.0,INR
ACC09984,CUST5063,Fixed Deposit,Chicago,19709.61,USD
ACC09985,CUST9309,Current,San Antonio,4531.57,GBP
ACC09986,CUST9310,Fixed Deposit,Chicago,99848.98,INR
ACC09987,CUST9311,Recurring Deposit,San Antonio,29794.79,INR
ACC09988,CUST9312,Savings,Houston,31503.48,EUR
ACC09989,CUST9313,Recurring Deposit,Houston,59820.85,EUR
ACC09990,CUST5005,Savings,Houston,96629.68,JPY
ACC09991,CUST9314,Current,New York,99961.41,EUR
ACC09992,CUST9315,Recurring Deposit,San Diego,54484.36,EUR
ACC09993,CUST9316,Savings,Philadelphia,99925.01,JPY
ACC09994,CUST9317,Current,San Diego,94909.84,INR
ACC09995,CUST9318,Recurring Deposit,Phoenix,87196.6,INR
ACC09996,CUST9319,Fixed Deposit,New York,38035.17,USD
ACC09997,CUST9320,Savings,Chicago,60682.41,EUR
ACC09998,CUST9321,Fixed Deposit,Houston,36136.11,USD
ACC09999,CUST9322,Fixed Deposit,Philadelphia,35644.82,GBP
ACC10000,CUST9323,Fixed Deposit,Philadelphia,32357.51,GBP
